documentId,fileName,relativePath,jurisdiction,region,year,years,documentType,primaryTopic,secondaryTopics,extension,size,modifiedAt,classificationStatus,confidence
"c43826f3d908773c","1.患者安全专项行动监测指标.pdf","1.患者安全专项行动监测指标.pdf","UNKNOWN","地區待確認","年份待確認","","待確認或非規範文件","醫院評鑑與醫療品質","","pdf","102343","2025-10-13T02:09:48.000Z","classified_candidate","0.35"
"5ee08680f20afb31","1733125810893_50492.pdf","1733125810893_50492.pdf","UNKNOWN","地區待確認","年份待確認","","待確認或非規範文件","其他／待確認","","pdf","2179754","2026-03-28T03:22:24.000Z","needs_review","0.35"
"a6476a3ab0aaf29c","1743499725091.pdf","1743499725091.pdf","UNKNOWN","地區待確認","年份待確認","","待確認或非規範文件","其他／待確認","","pdf","13256628","2026-05-20T01:59:22.000Z","needs_review","0.35"
"4acac233c386cc83","3.患者安全专项行动年度工作汇总表 (1).pdf","3.患者安全专项行动年度工作汇总表 (1).pdf","UNKNOWN","地區待確認","年份待確認","","待確認或非規範文件","醫院評鑑與醫療品質","","pdf","125611","2025-10-13T02:10:24.000Z","classified_candidate","0.35"
"41c99c108114e237","3.患者安全专项行动年度工作汇总表.pdf","3.患者安全专项行动年度工作汇总表.pdf","UNKNOWN","地區待確認","年份待確認","","待確認或非規範文件","醫院評鑑與醫療品質","","pdf","125611","2025-10-13T00:15:58.000Z","classified_candidate","0.35"
"489d139c1f8ad904","C172S-010001-02飞行检查单.pdf","C172S-010001-02飞行检查单.pdf","UNKNOWN","地區待確認","年份待確認","","查檢表／稽核表","其他／待確認","","pdf","150332","2025-08-07T12:34:46.000Z","classified_candidate","0.35"
"ab2d241d40a3196a","DB31_T 1660-2025 数据中心基础设施建设指南.pdf","DB31_T 1660-2025 数据中心基础设施建设指南.pdf","UNKNOWN","地區待確認","2025","2025","技術規範／診療指南","資訊安全與個人資料","","pdf","1041281","2026-02-02T01:20:50.000Z","classified_candidate","0.35"
"7dd2d578ca92ed10","DB3205_T 1167-2024 医疗机构数据分类分级规范.pdf","DB3205_T 1167-2024 医疗机构数据分类分级规范.pdf","UNKNOWN","地區待確認","2024","2024","國家或地方標準","資訊安全與個人資料","醫療治理與依法執業","pdf","341967","2026-06-17T14:54:34.000Z","classified_candidate","0.35"
"734f1842abc12c00","DB3212_T 1157-2024 病案库房建设规范.pdf","DB3212_T 1157-2024 病案库房建设规范.pdf","UNKNOWN","地區待確認","2024","2024","國家或地方標準","病歷、電子病歷與醫療資料","","pdf","236686","2025-08-16T05:09:52.000Z","classified_candidate","0.35"
"d210de54e6249839","DB4403T 2022深圳医疗卫生机构职业安全与健康管理规范.pdf","DB4403T 2022深圳医疗卫生机构职业安全与健康管理规范.pdf","UNKNOWN","廣東","2022","2022","國家或地方標準","職業安全與員工健康","","pdf","688375","2025-09-09T01:54:20.000Z","classified_candidate","0.35"
"a18c9c2d047acb3b","GBT+31458-2026医院安全防范要求 (2).pdf","GBT+31458-2026医院安全防范要求 (2).pdf","UNKNOWN","地區待確認","2026","2026","國家或地方標準","消防、治安與應急管理","","pdf","463111","2026-06-08T02:51:44.000Z","classified_candidate","0.35"
"08b97c47f7d1a97d","GBZT 230—2025-20250923160226366工作场所毒物危害程度分级标准.pdf","GBZT 230—2025-20250923160226366工作场所毒物危害程度分级标准.pdf","UNKNOWN","地區待確認","2025","2025","國家或地方標準","職業安全與員工健康","","pdf","415249","2025-10-08T02:28:00.000Z","classified_candidate","0.35"
"a39686654d246905","GB_T 20154-2014 低温保存箱.pdf","GB_T 20154-2014 低温保存箱.pdf","UNKNOWN","地區待確認","2015","2015；2014","國家或地方標準","其他／待確認","","pdf","4942495","2025-08-19T09:45:50.000Z","classified_candidate","0.35"
"87edfa26c98d04f6","GB_T 9704-2012 党政机关公文格式.pdf","GB_T 9704-2012 党政机关公文格式.pdf","UNKNOWN","地區待確認","2012","2012","國家或地方標準","圖書、教育與文件管理","","pdf","6079620","2025-02-21T02:35:02.000Z","classified_candidate","0.35"
"91a5ec672620867c","P020230802350502108263.docx","P020230802350502108263.docx","CN","地區待確認","2023","2023","醫院評鑑／認證標準","醫院評鑑與醫療品質","資訊安全與個人資料；藥事與藥品管理；感染預防與控制；護理管理；醫技、檢驗與病理；手術、麻醉與疼痛管理；急診與緊急醫療；生殖、婦幼與月子服務；醫療保險與支付；醫療器材與設備；消防、治安與應急管理；環境、能源與醫療廢棄物；財務、採購與內部稽核；醫院評鑑與醫療品質；後勤、建築與設施安全；醫療治理與依法執業","docx","1220854","2025-09-12T12:22:26.000Z","classified_candidate","0.75"
"4b0ee249aa1f3f93","The inclusion of biodiversity into Environmental, Social, and Governance (ESG) framework A strategic integration of ecocentric extinction accounting..pdf","The inclusion of biodiversity into Environmental, Social, and Governance (ESG) framework A strategic integration of ecocentric extinction accounting..pdf","UNKNOWN","地區待確認","年份待確認","","待確認或非規範文件","環境、能源與醫療廢棄物","","pdf","2329188","2026-03-28T02:39:20.000Z","classified_candidate","0.35"
"6837cc313362bd84","T_CHAS 20-3-7-3-2024 医疗机构药事管理与药学服务 第.pdf","T_CHAS 20-3-7-3-2024 医疗机构药事管理与药学服务 第.pdf","UNKNOWN","地區待確認","2024","2024","待確認或非規範文件","藥事與藥品管理","醫療治理與依法執業","pdf","296567","2026-03-16T05:29:12.000Z","classified_candidate","0.35"
"3e92c59b30ddcba9","T_GDPMAA 0018-2025 医院多学科联合诊疗肥胖症中心建设指.pdf","T_GDPMAA 0018-2025 医院多学科联合诊疗肥胖症中心建设指.pdf","UNKNOWN","地區待確認","2025","2025","待確認或非規範文件","臨床診療與醫療技術","","pdf","562394","2025-07-16T02:27:28.000Z","classified_candidate","0.35"
"10d96403103a52c3","T_SHPPA 022-2023 医药企业ESG信息披露指南.pdf","T_SHPPA 022-2023 医药企业ESG信息披露指南.pdf","UNKNOWN","地區待確認","2023","2023","技術規範／診療指南","環境、能源與醫療廢棄物","","pdf","1173978","2025-03-08T07:25:10.000Z","classified_candidate","0.35"
"ab718ab2c53fbb6c","T_SZSA 030.1-2025 医院及医疗机构建筑空间照明技术规范 .pdf","T_SZSA 030.1-2025 医院及医疗机构建筑空间照明技术规范 .pdf","UNKNOWN","地區待確認","2025","2025","技術規範／診療指南","後勤、建築與設施安全","醫療治理與依法執業","pdf","4143894","2026-02-05T04:35:52.000Z","classified_candidate","0.35"
"259dff8cec5d7ec9","T_ZJHIA 18-2025 医院智慧安防基本要求.pdf","T_ZJHIA 18-2025 医院智慧安防基本要求.pdf","UNKNOWN","地區待確認","2025","2025","待確認或非規範文件","後勤、建築與設施安全","","pdf","443449","2025-11-11T07:01:46.000Z","classified_candidate","0.35"
"2d75da184df27224","WS 589—2018.pdf","WS 589—2018.pdf","UNKNOWN","地區待確認","2018","2018","國家或地方標準","其他／待確認","","pdf","1781917","2026-03-28T02:56:24.000Z","classified_candidate","0.35"
"0ef8a7b6860e9f02","WS T 868-2025体重管理标准.pdf","WS T 868-2025体重管理标准.pdf","UNKNOWN","地區待確認","2025","2025","國家或地方標準","其他／待確認","","pdf","259511","2025-07-20T12:37:46.000Z","classified_candidate","0.35"
"0b6ebcd73d9f5835","WS T 872—2025-基层医疗卫生机构高血压防治管理标准.pdf","WS T 872—2025-基层医疗卫生机构高血压防治管理标准.pdf","UNKNOWN","地區待確認","2025","2025","國家或地方標準","其他／待確認","","pdf","364853","2025-10-08T02:25:20.000Z","classified_candidate","0.35"
"d244a18048409792","WST 590—2018.基孔肯雅热诊断 (1).pdf","WST 590—2018.基孔肯雅热诊断 (1).pdf","UNKNOWN","地區待確認","2018","2018","國家或地方標準","其他／待確認","","pdf","534965","2025-07-21T06:00:36.000Z","classified_candidate","0.35"
"e5d56dfd6456140b","WST 590—2018.基孔肯雅热诊断 (2).pdf","WST 590—2018.基孔肯雅热诊断 (2).pdf","UNKNOWN","地區待確認","2018","2018","國家或地方標準","其他／待確認","","pdf","534965","2025-07-21T06:00:36.000Z","classified_candidate","0.35"
"24fe3bdc2d7937b7","WST 590—2018.基孔肯雅热诊断 (3).pdf","WST 590—2018.基孔肯雅热诊断 (3).pdf","UNKNOWN","地區待確認","2018","2018","國家或地方標準","其他／待確認","","pdf","534965","2025-07-21T06:00:36.000Z","classified_candidate","0.35"
"c95bd3bc7e7b3690","WST 641—2026-20260612145316250.pdf","WST 641—2026-20260612145316250.pdf","UNKNOWN","地區待確認","2026","2026","國家或地方標準","其他／待確認","","pdf","1627137","2026-06-22T03:46:06.000Z","classified_candidate","0.35"
"583840ac37a5369c","WST 840-2025患者身份识别管理标准.pdf","WST 840-2025患者身份识别管理标准.pdf","UNKNOWN","地區待確認","2025","2025","國家或地方標準","其他／待確認","","pdf","362790","2025-08-26T04:49:44.000Z","classified_candidate","0.35"
"ba6a575ce5996660","WST 853-2025器官移植病区医院感染预防与控制标准.pdf","WST 853-2025器官移植病区医院感染预防与控制标准.pdf","UNKNOWN","地區待確認","2025","2025","國家或地方標準","感染預防與控制","輸血與器官移植","pdf","293963","2025-08-26T04:50:00.000Z","classified_candidate","0.35"
"3ffae85f72ee3d67","WST 875—2026-20260318094756296老年人认知障碍预防干预技术标准.pdf","WST 875—2026-20260318094756296老年人认知障碍预防干预技术标准.pdf","UNKNOWN","地區待確認","2026","2026","國家或地方標準","其他／待確認","","pdf","253352","2026-05-25T04:21:14.000Z","classified_candidate","0.35"
"6afb311286e432b0","WST 876—2026医养结合健康管理服务标准.pdf","WST 876—2026医养结合健康管理服务标准.pdf","UNKNOWN","地區待確認","2026","2026","國家或地方標準","其他／待確認","","pdf","302977","2026-05-25T04:21:00.000Z","classified_candidate","0.35"
"e8c244bfe53b8662","WST 877—2026-20260318094835107医养结合健康教育服务标准.pdf","WST 877—2026-20260318094835107医养结合健康教育服务标准.pdf","UNKNOWN","地區待確認","2026","2026","國家或地方標準","其他／待確認","","pdf","331517","2026-05-25T04:20:42.000Z","classified_candidate","0.35"
"1b22dfb31302fb46","WST 878—2026老年人失能预防服务标准.pdf","WST 878—2026老年人失能预防服务标准.pdf","UNKNOWN","地區待確認","2026","2026","國家或地方標準","其他／待確認","","pdf","325108","2026-05-25T04:20:26.000Z","classified_candidate","0.35"
"aacafe4f98ac3fcf","WST 885—2026临床检验结果互认的基本技术条件及质量.pdf","WST 885—2026临床检验结果互认的基本技术条件及质量.pdf","UNKNOWN","地區待確認","2026","2026","國家或地方標準","醫技、檢驗與病理","","pdf","201568","2026-06-22T03:45:42.000Z","classified_candidate","0.35"
"0a2d8ee2b6e9742b","WST 886—2026.pdf","WST 886—2026.pdf","UNKNOWN","地區待確認","2026","2026","國家或地方標準","其他／待確認","","pdf","316390","2026-06-22T03:45:48.000Z","classified_candidate","0.35"
"9bdd852b2d92f559","WST 887—2026社区老年人跌倒预防控制技术标准.pdf","WST 887—2026社区老年人跌倒预防控制技术标准.pdf","UNKNOWN","地區待確認","2026","2026","國家或地方標準","其他／待確認","","pdf","577472","2026-05-25T04:20:14.000Z","classified_candidate","0.35"
"9b053c62efccaf2c","WST 888—2026-20260318094913315医疗机构老年综合评估技术操作标准.pdf","WST 888—2026-20260318094913315医疗机构老年综合评估技术操作标准.pdf","UNKNOWN","地區待確認","2026","2026","國家或地方標準","醫療治理與依法執業","","pdf","556811","2026-05-25T04:19:58.000Z","classified_candidate","0.35"
"25df127441b85c39","WST 889—2026老年医学特色综合医院基本标准.pdf","WST 889—2026老年医学特色综合医院基本标准.pdf","UNKNOWN","地區待確認","2026","2026","國家或地方標準","其他／待確認","","pdf","280328","2026-05-25T04:19:38.000Z","classified_candidate","0.35"
"3291ce104d4ff629","WST 894—2026.pdf","WST 894—2026.pdf","UNKNOWN","地區待確認","2026","2026","國家或地方標準","其他／待確認","","pdf","1451778","2026-05-07T00:09:16.000Z","classified_candidate","0.35"
"d1d117e3b59ad309","WST 895—2026.pdf","WST 895—2026.pdf","UNKNOWN","地區待確認","2026","2026","國家或地方標準","其他／待確認","","pdf","251795","2026-05-07T00:09:26.000Z","classified_candidate","0.35"
"086eb85a8d39565d","WS_T 867-2025 医疗机构临床用血信息系统基本功能标准.pdf","WS_T 867-2025 医疗机构临床用血信息系统基本功能标准.pdf","UNKNOWN","地區待確認","2025","2025","國家或地方標準","醫療治理與依法執業","","pdf","244204","2025-07-23T12:49:30.000Z","classified_candidate","0.35"
"c128e3a4c0a1f8e8","中国儿童呼吸道合胞病毒感染诊疗及预防指南(2024医生版).docx","中国儿童呼吸道合胞病毒感染诊疗及预防指南(2024医生版).docx","CN","地區待確認","2024","2024","醫院評鑑／認證標準","資訊安全與個人資料","藥事與藥品管理；感染預防與控制；護理管理；醫技、檢驗與病理；急診與緊急醫療；生殖、婦幼與月子服務；臨床研究與人體試驗；環境、能源與醫療廢棄物；臨床診療與醫療技術；醫院評鑑與醫療品質；醫療治理與依法執業","docx","1312721","2025-07-03T07:41:32.000Z","classified_candidate","0.75"
"c765328c1be1a38b","临床用血技术规范（2025年版）.pdf","临床用血技术规范（2025年版）.pdf","UNKNOWN","地區待確認","2025","2025","技術規範／診療指南","其他／待確認","","pdf","260262","2026-02-01T12:01:02.000Z","classified_candidate","0.35"
"611796a5248fe798","人工智能医疗概述.pptx","人工智能医疗概述.pptx","UNKNOWN","地區待確認","年份待確認","","研究論文／文獻","資訊安全與個人資料","藥事與藥品管理；手術、麻醉與疼痛管理；醫療器材與設備；醫療治理與依法執業","pptx","40888913","2025-08-20T08:29:56.000Z","classified_candidate","0.35"
"8fdf27f65d20f2b9","传染病监测管理办法2025.pdf","传染病监测管理办法2025.pdf","UNKNOWN","地區待確認","2025","2025","院內制度／SOP","感染預防與控制","","pdf","1076048","2026-04-01T00:53:38.000Z","classified_candidate","0.35"
"e9338cd2b23e777e","全球健康照護體系減碳行動藍圖.pdf","全球健康照護體系減碳行動藍圖.pdf","UNKNOWN","地區待確認","年份待確認","","待確認或非規範文件","環境、能源與醫療廢棄物","","pdf","7668275","2025-05-12T02:37:26.000Z","classified_candidate","0.35"
"baefdc98cf775a6d","全面触发工具中药物不良事件触发器的优化与应用研究.pdf","全面触发工具中药物不良事件触发器的优化与应用研究.pdf","UNKNOWN","地區待確認","年份待確認","","研究論文／文獻","臨床研究與人體試驗","","pdf","580939","2026-03-17T11:27:50.000Z","classified_candidate","0.35"
"0588dd4bf4462336","公共安全视频图像信息系统管理条例.pdf","公共安全视频图像信息系统管理条例.pdf","UNKNOWN","地區待確認","年份待確認","","行政法規／條例","其他／待確認","","pdf","2390974","2025-06-27T07:48:50.000Z","classified_candidate","0.35"
"d9009ccb649325ca","关于全面推进分娩镇痛工作的通知.pdf","关于全面推进分娩镇痛工作的通知.pdf","UNKNOWN","地區待確認","年份待確認","","公告／通知／函釋","其他／待確認","","pdf","1604143","2025-07-16T02:38:12.000Z","classified_candidate","0.35"
"39b4723affaa11c3","关于印发医疗卫生机构亡故患者全流程服务管理规定的通知.pdf","关于印发医疗卫生机构亡故患者全流程服务管理规定的通知.pdf","UNKNOWN","地區待確認","年份待確認","","公告／通知／函釋","其他／待確認","","pdf","1548986","2026-05-07T00:11:08.000Z","classified_candidate","0.35"
"54f48ad0f6c41fe8","关于印发医疗卫生机构网络安全管理办法的通知.pdf","关于印发医疗卫生机构网络安全管理办法的通知.pdf","UNKNOWN","地區待確認","年份待確認","","公告／通知／函釋","資訊安全與個人資料","","pdf","2692844","2026-02-02T03:16:04.000Z","classified_candidate","0.35"
"3ce373021aec97e6","关于印发医疗监督执法工作规范（试行）的通知.docx","关于印发医疗监督执法工作规范（试行）的通知.docx","CN","地區待確認","年份待確認","","查檢表／稽核表","醫院評鑑與醫療品質","病歷、電子病歷與醫療資料；資訊安全與個人資料；藥事與藥品管理；感染預防與控制；護理管理；醫技、檢驗與病理；手術、麻醉與疼痛管理；急診與緊急醫療；輸血與器官移植；生殖、婦幼與月子服務；臨床研究與人體試驗；醫療保險與支付；醫療器材與設備；消防、治安與應急管理；財務、採購與內部稽核；醫院評鑑與醫療品質；醫療治理與依法執業","docx","41638","2025-12-03T11:54:34.000Z","classified_candidate","0.75"
"590b3641a0cd4580","关于印发医疗监督执法工作规范（试行）的通知.pdf","关于印发医疗监督执法工作规范（试行）的通知.pdf","UNKNOWN","地區待確認","年份待確認","","公告／通知／函釋","其他／待確認","","pdf","2770731","2025-05-20T12:15:04.000Z","classified_candidate","0.35"
"95814e79aba51ef8","关于进一步加强医疗机构电子病历信息使用管理的通知》.pdf","关于进一步加强医疗机构电子病历信息使用管理的通知》.pdf","UNKNOWN","地區待確認","年份待確認","","公告／通知／函釋","病歷、電子病歷與醫療資料","醫療治理與依法執業","pdf","974241","2025-07-26T14:03:10.000Z","classified_candidate","0.35"
"9baf329ce9da04f9","关于进一步推进医疗机构检查检验结果互认的指导意见.pdf","关于进一步推进医疗机构检查检验结果互认的指导意见.pdf","UNKNOWN","地區待確認","年份待確認","","待確認或非規範文件","醫技、檢驗與病理","醫療治理與依法執業","pdf","1591395","2025-03-03T01:46:04.000Z","classified_candidate","0.35"
"fabc016e1f49f278","分娩镇痛产妇舒适状况量表的研制及信效度检验.pdf","分娩镇痛产妇舒适状况量表的研制及信效度检验.pdf","UNKNOWN","地區待確認","年份待確認","","待確認或非規範文件","醫技、檢驗與病理","","pdf","1546849","2025-07-16T03:43:00.000Z","classified_candidate","0.35"
"d8aed24358b91455","加强对羊水栓塞的认识与提高诊断及治疗质量.doc","加强对羊水栓塞的认识与提高诊断及治疗质量.doc","UNKNOWN","地區待確認","年份待確認","","待確認或非規範文件","生殖、婦幼與月子服務","","doc","26112","2025-08-11T09:50:22.000Z","classified_candidate","0.35"
"94c76e5fdc9b4040","医学院校化工实验室危化品全生命周期安全管理模式的构建与实践.pdf","医学院校化工实验室危化品全生命周期安全管理模式的构建与实践.pdf","UNKNOWN","地區待確認","年份待確認","","待確認或非規範文件","醫技、檢驗與病理","","pdf","797893","2026-04-06T11:06:34.000Z","classified_candidate","0.35"
"4c0be67d596f81de","医疗卫生机构亡故患者全流程服务管理规定.pdf","医疗卫生机构亡故患者全流程服务管理规定.pdf","UNKNOWN","地區待確認","年份待確認","","院內制度／SOP","其他／待確認","","pdf","1548986","2026-02-01T11:59:22.000Z","classified_candidate","0.35"
"3fb37ae136163db5","医疗数据全生命周期安全防护建设与探讨.pdf","医疗数据全生命周期安全防护建设与探讨.pdf","UNKNOWN","地區待確認","年份待確認","","研究論文／文獻","資訊安全與個人資料","","pdf","1590664","2025-07-27T12:24:12.000Z","classified_candidate","0.35"
"5956d92bc849d867","医疗机构临床用血管理办法.pdf","医疗机构临床用血管理办法.pdf","UNKNOWN","地區待確認","年份待確認","","院內制度／SOP","醫療治理與依法執業","","pdf","215037","2026-02-05T05:07:04.000Z","classified_candidate","0.35"
"45eee9c517d517db","医疗机构制度管理制度.pdf","医疗机构制度管理制度.pdf","UNKNOWN","地區待確認","年份待確認","","院內制度／SOP","醫療治理與依法執業","","pdf","840433","2025-03-03T06:16:28.000Z","classified_candidate","0.35"
"a6f429b12e3126bd","医疗机构死亡病例质控与管理指南（2023）.pdf","医疗机构死亡病例质控与管理指南（2023）.pdf","UNKNOWN","地區待確認","2023","2023","技術規範／診療指南","醫院評鑑與醫療品質","醫院評鑑與醫療品質；醫療治理與依法執業","pdf","2063434","2026-04-05T14:33:12.000Z","classified_candidate","0.35"
"752696ca562cd2fa","医疗机构输血科（血库）基本要求.pdf","医疗机构输血科（血库）基本要求.pdf","UNKNOWN","地區待確認","年份待確認","","待確認或非規範文件","輸血與器官移植","醫療治理與依法執業","pdf","290827","2026-02-05T05:05:18.000Z","classified_candidate","0.35"
"61ab56a83fd9d732","医院危险化学品安全监管创新实践.pdf","医院危险化学品安全监管创新实践.pdf","UNKNOWN","地區待確認","年份待確認","","待確認或非規範文件","環境、能源與醫療廢棄物","","pdf","2012100","2026-04-06T11:06:38.000Z","classified_candidate","0.35"
"e26fc212dda7202f","医院危险化学品管理制度.doc","医院危险化学品管理制度.doc","UNKNOWN","地區待確認","年份待確認","","院內制度／SOP","環境、能源與醫療廢棄物","","doc","40488","2026-04-06T08:22:02.000Z","classified_candidate","0.35"
"60429fbffb5f7123","医院后勤危险化学品安全管理问题与对策——评《化学药品对照品图谱集——总谱》.pdf","医院后勤危险化学品安全管理问题与对策——评《化学药品对照品图谱集——总谱》.pdf","UNKNOWN","地區待確認","年份待確認","","待確認或非規範文件","藥事與藥品管理","環境、能源與醫療廢棄物；後勤、建築與設施安全","pdf","676670","2026-04-06T11:06:34.000Z","classified_candidate","0.35"
"80c53edee81e7a44","医院感染管理医疗质量控制指标（2024年版）.pdf","医院感染管理医疗质量控制指标（2024年版）.pdf","UNKNOWN","地區待確認","2024","2024","待確認或非規範文件","醫院評鑑與醫療品質","感染預防與控制；醫院評鑑與醫療品質","pdf","1227755","2025-06-27T02:43:44.000Z","classified_candidate","0.35"
"8651bf96b57d44a9","医院监控安全管理制度.docx","医院监控安全管理制度.docx","UNKNOWN","地區待確認","年份待確認","","研究論文／文獻","資訊安全與個人資料","手術、麻醉與疼痛管理；醫療器材與設備","docx","38103","2026-04-12T13:51:34.000Z","classified_candidate","0.35"
"9bc37ee6a6eb2bd6","围术期患者低体温防治专家共识(2023版).pdf","围术期患者低体温防治专家共识(2023版).pdf","UNKNOWN","地區待確認","2023","2023","專家共識","手術、麻醉與疼痛管理","","pdf","2475092","2025-12-21T09:40:28.000Z","classified_candidate","0.35"
"cdf39de7b797f1b8","国家三级公立医院绩效考核操作手册2024.pdf","国家三级公立医院绩效考核操作手册2024.pdf","UNKNOWN","地區待確認","2024","2024","待確認或非規範文件","醫院評鑑與醫療品質","","pdf","2085435","2025-03-19T00:17:36.000Z","classified_candidate","0.35"
"a37edecec0bb19ef","国家卫生健康委办公厅关于印发婴幼儿早期发展服务指南（试行）的通知.pdf","国家卫生健康委办公厅关于印发婴幼儿早期发展服务指南（试行）的通知.pdf","UNKNOWN","地區待確認","年份待確認","","技術規範／診療指南","其他／待確認","","pdf","5551982","2025-04-14T00:35:52.000Z","classified_candidate","0.35"
"3b8dd761b4cce695","图片1_20241006172717.xlsx","图片1_20241006172717.xlsx","UNKNOWN","地區待確認","2024","2024","院內制度／SOP","醫療器材與設備","醫療治理與依法執業","xlsx","6570","2024-10-06T09:29:40.000Z","classified_candidate","0.35"
"f3f93d60fe0aea3a","基于临床实践能力提升的可视化远程查房与质控管理专家共识.pdf","基于临床实践能力提升的可视化远程查房与质控管理专家共识.pdf","UNKNOWN","地區待確認","年份待確認","","專家共識","醫院評鑑與醫療品質","醫院評鑑與醫療品質","pdf","1703030","2026-04-05T14:25:02.000Z","classified_candidate","0.35"
"09dbefb56ba48f6a","基层血液透析室（中心）建设与服务指南（试行）-20260520173355165.pdf","基层血液透析室（中心）建设与服务指南（试行）-20260520173355165.pdf","UNKNOWN","地區待確認","2026","2026；2017","技術規範／診療指南","其他／待確認","","pdf","7401934","2026-05-25T04:23:40.000Z","classified_candidate","0.35"
"92ecd40b29ffb9b0","复杂剖宫产手术规范化培训.pptx","复杂剖宫产手术规范化培训.pptx","UNKNOWN","地區待確認","年份待確認","","教材／簡報／參考資料","感染預防與控制","手術、麻醉與疼痛管理；急診與緊急醫療；輸血與器官移植；生殖、婦幼與月子服務；醫療器材與設備；消防、治安與應急管理；臨床診療與醫療技術","pptx","33096316","2025-06-30T02:18:14.000Z","classified_candidate","0.35"
"c2eece9b4585a560","复杂剖宫产手术规范化诊疗培训.pptx","复杂剖宫产手术规范化诊疗培训.pptx","UNKNOWN","地區待確認","年份待確認","","研究論文／文獻","資訊安全與個人資料","感染預防與控制；手術、麻醉與疼痛管理；輸血與器官移植；生殖、婦幼與月子服務；生殖、婦幼與月子服務；臨床研究與人體試驗；臨床診療與醫療技術","pptx","21518949","2025-06-30T12:45:06.000Z","classified_candidate","0.35"
"bf74868689d20236","家庭病床服务指南（试行）.pdf","家庭病床服务指南（试行）.pdf","UNKNOWN","地區待確認","年份待確認","","技術規範／診療指南","其他／待確認","","pdf","2130850","2026-05-25T04:25:00.000Z","classified_candidate","0.35"
"daab992dd9ea0a9d","山东省突发公共卫生事件应急办法.pdf","山东省突发公共卫生事件应急办法.pdf","CN","山東","年份待確認","","行政法規／條例","急診與緊急醫療","消防、治安與應急管理","pdf","2297882","2025-07-17T23:59:06.000Z","classified_candidate","0.75"
"ac7c9784d5512a80","市场监管总局国家卫生健康委《医疗广告认定指南》.pdf","市场监管总局国家卫生健康委《医疗广告认定指南》.pdf","UNKNOWN","地區待確認","年份待確認","","技術規範／診療指南","其他／待確認","","pdf","868288","2025-11-02T12:01:04.000Z","classified_candidate","0.35"
"06cb8f7d332c011a","急诊医学专业医疗质量控制指标（2024年版）.pdf","急诊医学专业医疗质量控制指标（2024年版）.pdf","UNKNOWN","地區待確認","2024","2024","待確認或非規範文件","醫院評鑑與醫療品質","急診與緊急醫療；醫院評鑑與醫療品質","pdf","1249904","2025-06-27T02:43:48.000Z","classified_candidate","0.35"
"85a92cd663dbf418","感染性物质运输标准.pdf","感染性物质运输标准.pdf","UNKNOWN","地區待確認","年份待確認","","待確認或非規範文件","感染預防與控制","","pdf","20830439","2025-08-19T10:06:12.000Z","classified_candidate","0.35"
"9fc646393e88e598","手术室护理人员对手术病人隐私保护认知的 现状调查.docx","手术室护理人员对手术病人隐私保护认知的 现状调查.docx","CN","地區待確認","年份待確認","","研究論文／文獻","醫院評鑑與醫療品質","資訊安全與個人資料；護理管理；醫技、檢驗與病理；手術、麻醉與疼痛管理；急診與緊急醫療；生殖、婦幼與月子服務；生殖、婦幼與月子服務；臨床研究與人體試驗；環境、能源與醫療廢棄物","docx","62604","2025-07-03T03:08:56.000Z","classified_candidate","0.75"
"cd4b7170138de871","手术室期间涉及的隐私、.pdf","手术室期间涉及的隐私、.pdf","UNKNOWN","地區待確認","年份待確認","","待確認或非規範文件","資訊安全與個人資料","手術、麻醉與疼痛管理","pdf","2909850","2025-06-27T08:37:02.000Z","classified_candidate","0.35"
"1e5985103ce38a61","提升质量管理体系内部审核效果的探讨.pdf","提升质量管理体系内部审核效果的探讨.pdf","UNKNOWN","地區待確認","年份待確認","","研究論文／文獻","醫院評鑑與醫療品質","","pdf","1189285","2025-07-09T03:26:40.000Z","classified_candidate","0.35"
"6273aa2e57228c49","某三甲医院高值医用耗材临床使用点评规.pdf","某三甲医院高值医用耗材临床使用点评规.pdf","UNKNOWN","地區待確認","年份待確認","","待確認或非規範文件","醫療器材與設備","","pdf","2031354","2026-04-14T05:49:16.000Z","classified_candidate","0.35"
"93da44949495a308","江苏省三级综合医院评审标准实施细则.pdf","江苏省三级综合医院评审标准实施细则.pdf","CN","江蘇","年份待確認","","醫院評鑑／認證標準","醫院評鑑與醫療品質","","pdf","12842182","2025-05-06T03:11:24.000Z","classified_candidate","0.75"
"7e63ca5578a5bab2","江苏省医疗机构输血科（血库）建设管理规范（暂行）.pdf","江苏省医疗机构输血科（血库）建设管理规范（暂行）.pdf","CN","江蘇","年份待確認","","待確認或非規範文件","輸血與器官移植","醫療治理與依法執業","pdf","1512114","2026-02-05T05:14:44.000Z","classified_candidate","0.75"
"08aa4503b947d474","流行性感冒诊疗方案2025年版.pdf","流行性感冒诊疗方案2025年版.pdf","UNKNOWN","地區待確認","2025","2025","技術規範／診療指南","其他／待確認","","pdf","362851","2025-04-14T00:36:24.000Z","classified_candidate","0.35"
"54c793c18c2ec430","浙江省二级及以下医院病理科质量控制现状的调研及对中小医院病理科发展的思考.pdf","浙江省二级及以下医院病理科质量控制现状的调研及对中小医院病理科发展的思考.pdf","CN","浙江","年份待確認","","研究論文／文獻","醫院評鑑與醫療品質","醫技、檢驗與病理","pdf","216882","2025-08-14T05:31:28.000Z","classified_candidate","0.75"
"ce73be89b4be907b","湖北省三级医院评审标准实施细则.pdf","湖北省三级医院评审标准实施细则.pdf","CN","湖北","年份待確認","","醫院評鑑／認證標準","醫院評鑑與醫療品質","","pdf","2250164","2025-03-03T02:40:40.000Z","classified_candidate","0.75"
"99f6b5511b653037","湖北省妇幼保健机构评审实施办法.pdf","湖北省妇幼保健机构评审实施办法.pdf","CN","湖北","年份待確認","","醫院評鑑／認證標準","生殖、婦幼與月子服務","醫院評鑑與醫療品質","pdf","1270607","2025-03-03T02:40:02.000Z","classified_candidate","0.75"
"ead3fda16790140f","病原微生物实验室生物安全信息系统的构建与应用研究.pdf","病原微生物实验室生物安全信息系统的构建与应用研究.pdf","UNKNOWN","地區待確認","年份待確認","","研究論文／文獻","醫技、檢驗與病理","臨床研究與人體試驗","pdf","1701533","2026-03-28T08:18:02.000Z","classified_candidate","0.35"
"88e39a10b00f2f05","病原微生物实验室生物安全标识.pdf","病原微生物实验室生物安全标识.pdf","UNKNOWN","地區待確認","年份待確認","","待確認或非規範文件","醫技、檢驗與病理","","pdf","2179754","2026-03-28T02:55:50.000Z","classified_candidate","0.35"
"f926e20426364fdb","肿瘤患者中心静脉血管通路装置相关皮肤损伤临床护理实践指南（2024）.pdf","肿瘤患者中心静脉血管通路装置相关皮肤损伤临床护理实践指南（2024）.pdf","UNKNOWN","地區待確認","2024","2024","技術規範／診療指南","護理管理","臨床診療與醫療技術","pdf","2101471","2026-03-15T03:04:12.000Z","classified_candidate","0.35"
"fcd5f1ca03718749","脑损伤评价医疗质量控制指标（2024年版）.pdf","脑损伤评价医疗质量控制指标（2024年版）.pdf","UNKNOWN","地區待確認","2024","2024","待確認或非規範文件","醫院評鑑與醫療品質","醫院評鑑與醫療品質","pdf","1221794","2025-06-27T02:43:48.000Z","classified_candidate","0.35"
"f021a94a99e2a86b","醫院能源方面的可行措施.pdf","醫院能源方面的可行措施.pdf","UNKNOWN","地區待確認","年份待確認","","待確認或非規範文件","環境、能源與醫療廢棄物","","pdf","183709","2025-05-12T02:36:36.000Z","classified_candidate","0.35"
"0c03f3c12d318bb0","重庆市医疗机构工作人员行为规范.docx","重庆市医疗机构工作人员行为规范.docx","CN","重慶","年份待確認","","醫院評鑑／認證標準","醫院評鑑與醫療品質","病歷、電子病歷與醫療資料；資訊安全與個人資料；藥事與藥品管理；感染預防與控制；護理管理；醫技、檢驗與病理；手術、麻醉與疼痛管理；急診與緊急醫療；臨床研究與人體試驗；醫療保險與支付；醫療器材與設備；消防、治安與應急管理；環境、能源與醫療廢棄物；財務、採購與內部稽核；醫院評鑑與醫療品質；後勤、建築與設施安全；醫療治理與依法執業","docx","55485","2025-03-08T12:23:42.000Z","classified_candidate","0.75"
"38a6b7b9d64d6af6","重症医学专业医疗质量控制指标（2024年版）.pdf","重症医学专业医疗质量控制指标（2024年版）.pdf","UNKNOWN","地區待確認","2024","2024","待確認或非規範文件","醫院評鑑與醫療品質","醫院評鑑與醫療品質","pdf","1150636","2025-06-27T03:12:42.000Z","classified_candidate","0.35"
"c90f97a3f6823209","重症患者标准化查房：思考与探索.pdf","重症患者标准化查房：思考与探索.pdf","UNKNOWN","地區待確認","年份待確認","","研究論文／文獻","醫院評鑑與醫療品質","","pdf","1117740","2026-04-05T14:27:08.000Z","classified_candidate","0.35"
"28b1d29f10ef4aa8","铜卫〔2022〕18号：关于印发铜陵市卫生健康系统危险化学品安全风险集中治理实施方案的通知.pdf","铜卫〔2022〕18号：关于印发铜陵市卫生健康系统危险化学品安全风险集中治理实施方案的通知.pdf","UNKNOWN","地區待確認","2022","2022","公告／通知／函釋","環境、能源與醫療廢棄物","","pdf","405782","2025-09-09T01:51:42.000Z","classified_candidate","0.35"
"c243af1f7f858d72","门诊管理医疗质量控制指标（2024年版）.pdf","门诊管理医疗质量控制指标（2024年版）.pdf","UNKNOWN","地區待確認","2024","2024","待確認或非規範文件","醫院評鑑與醫療品質","醫院評鑑與醫療品質","pdf","1218625","2025-06-27T02:43:46.000Z","classified_candidate","0.35"
"6b997768b125509d","附件1.突发事件创伤伤员医疗救治规范（2025年版）-20260114145843562 (1).pdf","附件1.突发事件创伤伤员医疗救治规范（2025年版）-20260114145843562 (1).pdf","UNKNOWN","地區待確認","2026","2026；2025","待確認或非規範文件","急診與緊急醫療","","pdf","4726777","2026-05-07T00:12:40.000Z","classified_candidate","0.35"
"3217bdcb1215e07c","附件1.突发事件创伤伤员医疗救治规范（2025年版）-20260114145843562.pdf","附件1.突发事件创伤伤员医疗救治规范（2025年版）-20260114145843562.pdf","UNKNOWN","地區待確認","2026","2026；2025","待確認或非規範文件","急診與緊急醫療","","pdf","4726777","2026-02-01T11:59:34.000Z","classified_candidate","0.35"
"47ef5deaab1fe657","附件2.突发事件烧伤伤员医疗救治规范（2025年版） (1).pdf","附件2.突发事件烧伤伤员医疗救治规范（2025年版） (1).pdf","UNKNOWN","地區待確認","2025","2025","待確認或非規範文件","急診與緊急醫療","","pdf","6858995","2026-05-07T00:12:52.000Z","classified_candidate","0.35"
"59bc1525d0f0dd81","附件2.突发事件烧伤伤员医疗救治规范（2025年版）.pdf","附件2.突发事件烧伤伤员医疗救治规范（2025年版）.pdf","UNKNOWN","地區待確認","2025","2025","待確認或非規範文件","急診與緊急醫療","","pdf","6858995","2026-02-01T11:59:42.000Z","classified_candidate","0.35"
"929ea871e120697c","附件：2026年度江苏省二星级绿色建筑标识项目（第二批）.doc","附件：2026年度江苏省二星级绿色建筑标识项目（第二批）.doc","CN","江蘇","2026","2026","待確認或非規範文件","後勤、建築與設施安全","","doc","35328","2026-03-26T08:35:16.000Z","classified_candidate","0.75"
"9349ec4247732c6f","静疗小组干预策略结合无缝隙个案管理在肿瘤化疗患者PICC置管中的应用.pdf","静疗小组干预策略结合无缝隙个案管理在肿瘤化疗患者PICC置管中的应用.pdf","UNKNOWN","地區待確認","年份待確認","","研究論文／文獻","臨床診療與醫療技術","","pdf","1520674","2025-06-03T04:42:16.000Z","classified_candidate","0.35"
"b8f3ffc764baa5e7","预防接种工作规范.pdf","预防接种工作规范.pdf","UNKNOWN","地區待確認","年份待確認","","待確認或非規範文件","生殖、婦幼與月子服務","","pdf","1929171","2026-02-04T09:01:08.000Z","classified_candidate","0.35"
"6b97fb9805f2ae1b","飞行检查单.pdf","飞行检查单.pdf","UNKNOWN","地區待確認","年份待確認","","查檢表／稽核表","其他／待確認","","pdf","176102","2025-08-07T12:28:44.000Z","classified_candidate","0.35"
"4490b0fcbd35824b","高值医用耗材使用监测体系的构建及应用.pdf","高值医用耗材使用监测体系的构建及应用.pdf","UNKNOWN","地區待確認","年份待確認","","研究論文／文獻","醫療器材與設備","","pdf","1485138","2026-04-14T05:49:08.000Z","classified_candidate","0.35"
"9160069d6c90e1d7","高值医用耗材改革方案的通知.pdf","高值医用耗材改革方案的通知.pdf","UNKNOWN","地區待確認","年份待確認","","公告／通知／函釋","醫療器材與設備","","pdf","2521243","2026-04-14T04:56:18.000Z","classified_candidate","0.35"
"02dd44dea1b4302a","高级别生物安全实验室实验活动评审中_高致病性病原微生物菌(毒)种和样本管理_专家共识 (1).pdf","高级别生物安全实验室实验活动评审中_高致病性病原微生物菌(毒)种和样本管理_专家共识 (1).pdf","UNKNOWN","地區待確認","年份待確認","","醫院評鑑／認證標準","醫技、檢驗與病理","醫院評鑑與醫療品質","pdf","762379","2026-03-28T08:18:08.000Z","classified_candidate","0.35"
"b3c27baf159e0a68","高级别生物安全实验室实验活动评审中_高致病性病原微生物菌(毒)种和样本管理_专家共识.pdf","高级别生物安全实验室实验活动评审中_高致病性病原微生物菌(毒)种和样本管理_专家共识.pdf","UNKNOWN","地區待確認","年份待確認","","醫院評鑑／認證標準","醫技、檢驗與病理","醫院評鑑與醫療品質","pdf","762379","2026-03-28T03:44:26.000Z","classified_candidate","0.35"
"7fdb683e42b4f39e","1.紧密型县域医共体医学影像中心建设与服务指南（试行）.pdf","1.醫療管理\1.紧密型县域医共体医学影像中心建设与服务指南（试行）.pdf","UNKNOWN","地區待確認","年份待確認","","技術規範／診療指南","醫療治理與依法執業","","pdf","805267","2026-06-01T01:12:38.000Z","classified_candidate","0.35"
"600af524b67cffca","1739782202307_50634医疗机构标志标准.pdf","1.醫療管理\1739782202307_50634医疗机构标志标准.pdf","UNKNOWN","地區待確認","2023","2023","待確認或非規範文件","醫療治理與依法執業","","pdf","253809","2026-01-29T02:31:38.000Z","classified_candidate","0.35"
"d171d0e679e99220","1746698269133_48240妇幼保健机构医用设备配备标准.pdf","1.醫療管理\1746698269133_48240妇幼保健机构医用设备配备标准.pdf","UNKNOWN","地區待確認","年份待確認","","待確認或非規範文件","生殖、婦幼與月子服務","醫療器材與設備；醫療治理與依法執業","pdf","292701","2026-01-29T02:49:26.000Z","classified_candidate","0.35"
"1139ae3afee54a6a","2.紧密型县域医共体医学检验中心建设与服务指南（试行）.pdf","1.醫療管理\2.紧密型县域医共体医学检验中心建设与服务指南（试行）.pdf","UNKNOWN","地區待確認","年份待確認","","技術規範／診療指南","醫技、檢驗與病理","醫療治理與依法執業","pdf","804679","2026-06-01T01:12:48.000Z","classified_candidate","0.35"
"b3e92a64af6cbeea","2018—2020年江苏省三级综合医院评审结果分析及发展策略探讨.pdf","1.醫療管理\2018—2020年江苏省三级综合医院评审结果分析及发展策略探讨.pdf","CN","江蘇","2020","2020；2018","醫院評鑑／認證標準","醫院評鑑與醫療品質","醫療治理與依法執業","pdf","1332531","2024-08-24T08:41:26.000Z","classified_candidate","0.75"
"23a3c47880ea6b4f","2021关于印发《上海市医疗机构依法执业自查管理办法》的通知__上海市卫生健康委员会.pdf","1.醫療管理\2021关于印发《上海市医疗机构依法执业自查管理办法》的通知__上海市卫生健康委员会.pdf","UNKNOWN","上海","2021","2021","公告／通知／函釋","醫療治理與依法執業","","pdf","608168","2022-09-25T03:26:00.000Z","classified_candidate","0.35"
"cb9b9154b900da4d","2023年度健康管理领域十大进展.pdf","1.醫療管理\2023年度健康管理领域十大进展.pdf","UNKNOWN","地區待確認","2023","2023","待確認或非規範文件","醫療治理與依法執業","","pdf","3499600","2024-08-24T06:28:06.000Z","classified_candidate","0.35"
"9e48598d97ca6703","2024 年国家医疗质量安全改进目标.pdf","1.醫療管理\2024 年国家医疗质量安全改进目标.pdf","UNKNOWN","地區待確認","2024","2024","待確認或非規範文件","醫院評鑑與醫療品質","醫院評鑑與醫療品質；醫療治理與依法執業","pdf","201562","2024-09-01T11:48:44.000Z","classified_candidate","0.35"
"c3c14854b2c68299","3.紧密型县域医共体心电诊断中心建设与服务指南（试行）.pdf","1.醫療管理\3.紧密型县域医共体心电诊断中心建设与服务指南（试行）.pdf","UNKNOWN","地區待確認","年份待確認","","技術規範／診療指南","醫療治理與依法執業","","pdf","1068944","2026-06-01T01:12:54.000Z","classified_candidate","0.35"
"1240d80d23a21e75","4.紧密型县域医共体消毒供应中心建设与服务指南（试行）.pdf","1.醫療管理\4.紧密型县域医共体消毒供应中心建设与服务指南（试行）.pdf","UNKNOWN","地區待確認","年份待確認","","技術規範／診療指南","感染預防與控制","醫療治理與依法執業","pdf","847746","2026-06-01T01:13:00.000Z","classified_candidate","0.35"
"f881e1bac02f6d57","CNAS-GL012：2025 《实验室和检验机构管理评审指南》.pdf","1.醫療管理\CNAS-GL012：2025 《实验室和检验机构管理评审指南》.pdf","UNKNOWN","地區待確認","2025","2025","醫院評鑑／認證標準","醫技、檢驗與病理","醫院評鑑與醫療品質；醫療治理與依法執業","pdf","640501","2026-03-25T09:34:02.000Z","classified_candidate","0.35"
"ecaf45aecf2c2240","DB1306_T 261-2024 儿童友好医院环境建设标准.pdf","1.醫療管理\DB1306_T 261-2024 儿童友好医院环境建设标准.pdf","UNKNOWN","地區待確認","2024","2024","國家或地方標準","環境、能源與醫療廢棄物","醫療治理與依法執業","pdf","511246","2024-10-15T06:40:30.000Z","classified_candidate","0.35"
"ed816229fb8a8d1e","DB14_T 3064-2024 医院入出院服务中心管理规范.pdf","1.醫療管理\DB14_T 3064-2024 医院入出院服务中心管理规范.pdf","UNKNOWN","地區待確認","2024","2024","國家或地方標準","醫療治理與依法執業","","pdf","472861","2024-09-27T03:24:48.000Z","classified_candidate","0.35"
"b013dfd3ebcca99a","DB31_T 1473-2024 医疗卫生机构知识产权管理规范.pdf","1.醫療管理\DB31_T 1473-2024 医疗卫生机构知识产权管理规范.pdf","UNKNOWN","地區待確認","2024","2024","國家或地方標準","醫療治理與依法執業","","pdf","1085255","2024-10-15T06:46:30.000Z","classified_candidate","0.35"
"05d0b42830e9e82b","DB31_T 1487-2024 国际医疗服务规范.pdf","1.醫療管理\DB31_T 1487-2024 国际医疗服务规范.pdf","UNKNOWN","地區待確認","2024","2024","國家或地方標準","醫療治理與依法執業","","pdf","1037803","2024-07-19T08:41:02.000Z","classified_candidate","0.35"
"9fe0a82eb0ed38b7","DB31_T 1660-2025 数据中心基础设施建设指南.pdf","1.醫療管理\DB31_T 1660-2025 数据中心基础设施建设指南.pdf","UNKNOWN","地區待確認","2025","2025","技術規範／診療指南","資訊安全與個人資料","醫療治理與依法執業","pdf","1041281","2026-02-02T01:20:50.000Z","classified_candidate","0.35"
"e5a5a771902a054d","DB3202_T 1074-2024 医疗卫生机构禁控烟管理指南.pdf","1.醫療管理\DB3202_T 1074-2024 医疗卫生机构禁控烟管理指南.pdf","UNKNOWN","地區待確認","2024","2024","技術規範／診療指南","醫療治理與依法執業","","pdf","286167","2024-07-19T08:41:24.000Z","classified_candidate","0.35"
"cd9c1e0ccbffcf0e","DB3205_T 1167-2024 医疗机构数据分类分级规范.pdf","1.醫療管理\DB3205_T 1167-2024 医疗机构数据分类分级规范.pdf","UNKNOWN","地區待確認","2024","2024","國家或地方標準","資訊安全與個人資料","醫療治理與依法執業","pdf","341967","2026-06-17T14:54:34.000Z","classified_candidate","0.35"
"be34ddd4e712f2dd","DB32_T 4616-2023 卫生健康非现场执法工作规范.pdf","1.醫療管理\DB32_T 4616-2023 卫生健康非现场执法工作规范.pdf","UNKNOWN","地區待確認","2023","2023","國家或地方標準","醫療治理與依法執業","","pdf","523424","2025-07-11T13:18:14.000Z","classified_candidate","0.35"
"d7afae5abfd73c0a","DB32_T 4806-2024 家庭医生签约服务系统基本功能规范.pdf","1.醫療管理\DB32_T 4806-2024 家庭医生签约服务系统基本功能规范.pdf","UNKNOWN","地區待確認","2024","2024","國家或地方標準","醫療治理與依法執業","","pdf","1276168","2024-06-21T01:17:04.000Z","classified_candidate","0.35"
"19ab99825dbec939","DB32_T 5065-2025 卫生健康非现场执法数据交换接口规范.pdf","1.醫療管理\DB32_T 5065-2025 卫生健康非现场执法数据交换接口规范.pdf","UNKNOWN","地區待確認","2025","2025","國家或地方標準","資訊安全與個人資料","醫療治理與依法執業","pdf","754600","2025-07-11T13:19:22.000Z","classified_candidate","0.35"
"5d4ab6f08acbd3e9","DB36_T 1980-2024 老年友善医疗机构建设规范.pdf","1.醫療管理\DB36_T 1980-2024 老年友善医疗机构建设规范.pdf","UNKNOWN","地區待確認","2024","2024；1980","國家或地方標準","醫療治理與依法執業","","pdf","720429","2024-07-19T08:40:22.000Z","classified_candidate","0.35"
"ce81b472a82f3e62","DB4403T 2022深圳医疗卫生机构职业安全与健康管理规范.pdf","1.醫療管理\DB4403T 2022深圳医疗卫生机构职业安全与健康管理规范.pdf","UNKNOWN","廣東","2022","2022","國家或地方標準","職業安全與員工健康","醫療治理與依法執業","pdf","688375","2025-09-09T01:54:20.000Z","classified_candidate","0.35"
"c892a993a0d1b4d9","DB50_T 1787-2025 医养结合机构安宁疗护服务规范.pdf","1.醫療管理\DB50_T 1787-2025 医养结合机构安宁疗护服务规范.pdf","UNKNOWN","地區待確認","2025","2025","國家或地方標準","醫療治理與依法執業","","pdf","395397","2025-05-30T02:42:48.000Z","classified_candidate","0.35"
"cdec348b34820ec8","GB_T 51457-2024 医院洁净护理与隔离单元建筑技术标准.pdf","1.醫療管理\GB_T 51457-2024 医院洁净护理与隔离单元建筑技术标准.pdf","UNKNOWN","地區待確認","2024","2024","國家或地方標準","感染預防與控制","護理管理；後勤、建築與設施安全；醫療治理與依法執業","pdf","16946982","2024-09-27T03:25:56.000Z","classified_candidate","0.35"
"c07438764582ca2e","GB_T 9704-2012 党政机关公文格式.pdf","1.醫療管理\GB_T 9704-2012 党政机关公文格式.pdf","UNKNOWN","地區待確認","2012","2012","國家或地方標準","圖書、教育與文件管理","醫療治理與依法執業","pdf","6079620","2025-02-21T02:35:02.000Z","classified_candidate","0.35"
"0da9ab75c2f7439e","T_CCSA 001-2024 医疗领域大模型应用数据安全规范.pdf","1.醫療管理\T_CCSA 001-2024 医疗领域大模型应用数据安全规范.pdf","UNKNOWN","地區待確認","2024","2024","研究論文／文獻","資訊安全與個人資料","醫療治理與依法執業","pdf","501263","2024-10-15T07:05:04.000Z","classified_candidate","0.35"
"055b0e4610a5c6cf","T_CSWA 002-2023 科普人员继续教育培训体系.pdf","1.醫療管理\T_CSWA 002-2023 科普人员继续教育培训体系.pdf","UNKNOWN","地區待確認","2023","2023","教材／簡報／參考資料","醫療治理與依法執業","","pdf","658642","2024-10-13T00:48:20.000Z","classified_candidate","0.35"
"b54518eec8a56b4c","T_GDNAS 019-2022 成人住院患者营养风险筛查与评定及预防护.pdf","1.醫療管理\T_GDNAS 019-2022 成人住院患者营养风险筛查与评定及预防护.pdf","UNKNOWN","地區待確認","2022","2022","待確認或非規範文件","醫療治理與依法執業","","pdf","300440","2024-07-25T02:37:02.000Z","classified_candidate","0.35"
"52a7b6d54c09a0c9","T_GDPMAA 0018-2025 医院多学科联合诊疗肥胖症中心建设指.pdf","1.醫療管理\T_GDPMAA 0018-2025 医院多学科联合诊疗肥胖症中心建设指.pdf","UNKNOWN","地區待確認","2025","2025","待確認或非規範文件","臨床診療與醫療技術","醫療治理與依法執業","pdf","562394","2025-07-16T02:27:28.000Z","classified_candidate","0.35"
"83d3e1b8d962e9b2","T_GMIAAC 002-2024 医疗建筑综合能源管理规程.pdf","1.醫療管理\T_GMIAAC 002-2024 医疗建筑综合能源管理规程.pdf","UNKNOWN","地區待確認","2024","2024","院內制度／SOP","環境、能源與醫療廢棄物","後勤、建築與設施安全；醫療治理與依法執業","pdf","1996906","2024-07-19T08:38:02.000Z","classified_candidate","0.35"
"774db12421f9533f","T_SHPPA 022-2023 医药企业ESG信息披露指南.pdf","1.醫療管理\T_SHPPA 022-2023 医药企业ESG信息披露指南.pdf","UNKNOWN","地區待確認","2023","2023","技術規範／診療指南","環境、能源與醫療廢棄物","醫療治理與依法執業","pdf","1173978","2025-03-08T07:25:10.000Z","classified_candidate","0.35"
"78385a39b9e2de06","T_SZSA 030.1-2025 医院及医疗机构建筑空间照明技术规范 .pdf","1.醫療管理\T_SZSA 030.1-2025 医院及医疗机构建筑空间照明技术规范 .pdf","UNKNOWN","地區待確認","2025","2025","技術規範／診療指南","後勤、建築與設施安全","醫療治理與依法執業","pdf","4143894","2026-02-05T04:35:52.000Z","classified_candidate","0.35"
"dc538c7b9a868237","T_ZJHIA 18-2025 医院智慧安防基本要求.pdf","1.醫療管理\T_ZJHIA 18-2025 医院智慧安防基本要求.pdf","UNKNOWN","地區待確認","2025","2025","待確認或非規範文件","後勤、建築與設施安全","醫療治理與依法執業","pdf","443449","2025-11-11T07:01:46.000Z","classified_candidate","0.35"
"f2a416798c7962ae","WS 540-2017 继续医学教育管理基本数据集.pdf","1.醫療管理\WS 540-2017 继续医学教育管理基本数据集.pdf","UNKNOWN","地區待確認","2017","2017","國家或地方標準","資訊安全與個人資料","醫療治理與依法執業","pdf","1066842","2024-10-13T00:48:34.000Z","classified_candidate","0.35"
"3cc5415ff47daf02","WS T 868-2025体重管理标准.pdf","1.醫療管理\WS T 868-2025体重管理标准.pdf","UNKNOWN","地區待確認","2025","2025","國家或地方標準","醫療治理與依法執業","","pdf","259511","2025-07-20T12:37:46.000Z","classified_candidate","0.35"
"72b8c93bc49c3523","WS T 872—2025-基层医疗卫生机构高血压防治管理标准.pdf","1.醫療管理\WS T 872—2025-基层医疗卫生机构高血压防治管理标准.pdf","UNKNOWN","地區待確認","2025","2025","國家或地方標準","醫療治理與依法執業","","pdf","364853","2025-10-08T02:25:20.000Z","classified_candidate","0.35"
"ead1f03536c3fa51","WST 853-2025器官移植病区医院感染预防与控制标准.pdf","1.醫療管理\WST 853-2025器官移植病区医院感染预防与控制标准.pdf","UNKNOWN","地區待確認","2025","2025","國家或地方標準","感染預防與控制","輸血與器官移植；醫療治理與依法執業","pdf","293963","2025-08-26T04:50:00.000Z","classified_candidate","0.35"
"7182f6122ab8b09a","WST 875—2026-20260318094756296老年人认知障碍预防干预技术标准.pdf","1.醫療管理\WST 875—2026-20260318094756296老年人认知障碍预防干预技术标准.pdf","UNKNOWN","地區待確認","2026","2026","國家或地方標準","醫療治理與依法執業","","pdf","253352","2026-05-25T04:21:14.000Z","classified_candidate","0.35"
"8975b024fdcc3dc7","WST 876—2026医养结合健康管理服务标准.pdf","1.醫療管理\WST 876—2026医养结合健康管理服务标准.pdf","UNKNOWN","地區待確認","2026","2026","國家或地方標準","醫療治理與依法執業","","pdf","302977","2026-05-25T04:21:00.000Z","classified_candidate","0.35"
"777dbce263d19997","WST 877—2026-20260318094835107医养结合健康教育服务标准.pdf","1.醫療管理\WST 877—2026-20260318094835107医养结合健康教育服务标准.pdf","UNKNOWN","地區待確認","2026","2026","國家或地方標準","醫療治理與依法執業","","pdf","331517","2026-05-25T04:20:42.000Z","classified_candidate","0.35"
"6b1b2d803beb53d6","WST 878—2026老年人失能预防服务标准.pdf","1.醫療管理\WST 878—2026老年人失能预防服务标准.pdf","UNKNOWN","地區待確認","2026","2026","國家或地方標準","醫療治理與依法執業","","pdf","325108","2026-05-25T04:20:26.000Z","classified_candidate","0.35"
"1575b1fa8c252c49","WST 885—2026临床检验结果互认的基本技术条件及质量.pdf","1.醫療管理\WST 885—2026临床检验结果互认的基本技术条件及质量.pdf","UNKNOWN","地區待確認","2026","2026","國家或地方標準","醫技、檢驗與病理","醫療治理與依法執業","pdf","201568","2026-06-22T03:45:42.000Z","classified_candidate","0.35"
"3209457ede2ca8eb","WST 887—2026社区老年人跌倒预防控制技术标准.pdf","1.醫療管理\WST 887—2026社区老年人跌倒预防控制技术标准.pdf","UNKNOWN","地區待確認","2026","2026","國家或地方標準","醫療治理與依法執業","","pdf","577472","2026-05-25T04:20:14.000Z","classified_candidate","0.35"
"f74dd3118c9dbbab","WST 888—2026-20260318094913315医疗机构老年综合评估技术操作标准.pdf","1.醫療管理\WST 888—2026-20260318094913315医疗机构老年综合评估技术操作标准.pdf","UNKNOWN","地區待確認","2026","2026","國家或地方標準","醫療治理與依法執業","","pdf","556811","2026-05-25T04:19:58.000Z","classified_candidate","0.35"
"8be6c6525dc88067","WST 889—2026老年医学特色综合医院基本标准.pdf","1.醫療管理\WST 889—2026老年医学特色综合医院基本标准.pdf","UNKNOWN","地區待確認","2026","2026","國家或地方標準","醫療治理與依法執業","","pdf","280328","2026-05-25T04:19:38.000Z","classified_candidate","0.35"
"3fb299991a12697b","WS_T 839-2024 医护人员院前医疗急救培训标准.pdf","1.醫療管理\WS_T 839-2024 医护人员院前医疗急救培训标准.pdf","UNKNOWN","地區待確認","2024","2024","國家或地方標準","醫療治理與依法執業","","pdf","268137","2024-09-27T03:25:12.000Z","classified_candidate","0.35"
"1d8f6a315eaaf681","WS_T 867-2025 医疗机构临床用血信息系统基本功能标准.pdf","1.醫療管理\WS_T 867-2025 医疗机构临床用血信息系统基本功能标准.pdf","UNKNOWN","地區待確認","2025","2025","國家或地方標準","醫療治理與依法執業","","pdf","244204","2025-07-23T12:49:30.000Z","classified_candidate","0.35"
"e665348bb86a7332","上海市应急管理部门违法行为罚款裁量表2022.pdf","1.醫療管理\上海市应急管理部门违法行为罚款裁量表2022.pdf","UNKNOWN","上海","2022","2022","待確認或非規範文件","急診與緊急醫療","消防、治安與應急管理；醫療治理與依法執業","pdf","477277","2022-09-25T03:17:30.000Z","classified_candidate","0.35"
"f30f57b4eb9a7730","关于全面推进分娩镇痛工作的通知.pdf","1.醫療管理\关于全面推进分娩镇痛工作的通知.pdf","UNKNOWN","地區待確認","年份待確認","","公告／通知／函釋","醫療治理與依法執業","","pdf","1604143","2025-07-16T02:38:12.000Z","classified_candidate","0.35"
"3cebb9493c749af3","关于印发医疗卫生机构亡故患者全流程服务管理规定的通知.pdf","1.醫療管理\关于印发医疗卫生机构亡故患者全流程服务管理规定的通知.pdf","UNKNOWN","地區待確認","年份待確認","","公告／通知／函釋","醫療治理與依法執業","","pdf","1548986","2026-05-07T00:11:08.000Z","classified_candidate","0.35"
"d00f2cf90ca20160","关于印发医疗卫生机构网络安全管理办法的通知.pdf","1.醫療管理\关于印发医疗卫生机构网络安全管理办法的通知.pdf","UNKNOWN","地區待確認","年份待確認","","公告／通知／函釋","資訊安全與個人資料","醫療治理與依法執業","pdf","2692844","2026-02-02T03:16:04.000Z","classified_candidate","0.35"
"77604dbf2c05457e","关于印发医疗监督执法工作规范（试行）的通知.pdf","1.醫療管理\关于印发医疗监督执法工作规范（试行）的通知.pdf","UNKNOWN","地區待確認","年份待確認","","公告／通知／函釋","醫療治理與依法執業","","pdf","2770731","2025-05-20T12:15:04.000Z","classified_candidate","0.35"
"337da8e8c44edc69","关于进一步推进医疗机构检查检验结果互认的指导意见.pdf","1.醫療管理\关于进一步推进医疗机构检查检验结果互认的指导意见.pdf","UNKNOWN","地區待確認","年份待確認","","待確認或非規範文件","醫技、檢驗與病理","醫療治理與依法執業","pdf","1591395","2025-03-03T01:46:04.000Z","classified_candidate","0.35"
"419a8e9c1d0e03c4","医疗机构临床决策支持系统应用管理规范（试行）.pdf","1.醫療管理\医疗机构临床决策支持系统应用管理规范（试行）.pdf","UNKNOWN","地區待確認","年份待確認","","研究論文／文獻","醫療治理與依法執業","","pdf","1559378","2023-09-21T07:36:00.000Z","classified_candidate","0.35"
"1e774764f18130f5","医疗机构依法执业自查管理办法.pdf","1.醫療管理\医疗机构依法执业自查管理办法.pdf","UNKNOWN","地區待確認","年份待確認","","院內制度／SOP","醫療治理與依法執業","","pdf","1557459","2026-01-27T07:57:08.000Z","classified_candidate","0.35"
"dec6233b22e57552","医疗机构死亡病例质控与管理指南（2023）.pdf","1.醫療管理\医疗机构死亡病例质控与管理指南（2023）.pdf","UNKNOWN","地區待確認","2023","2023","技術規範／診療指南","醫院評鑑與醫療品質","醫院評鑑與醫療品質；醫療治理與依法執業","pdf","2063434","2024-08-24T08:41:54.000Z","classified_candidate","0.35"
"b68429b91e28f01f","卫生部关于印发《医院管理评价指南（2008版）》的通知 - 中华人民共和国国家卫生健康委员会.pdf","1.醫療管理\卫生部关于印发《医院管理评价指南（2008版）》的通知 - 中华人民共和国国家卫生健康委员会.pdf","CN","地區待確認","2008","2008","技術規範／診療指南","醫療治理與依法執業","","pdf","673777","2022-07-06T09:56:52.000Z","classified_candidate","0.75"
"b5e405a9a7492963","印发医疗监督执法工作规范.pdf","1.醫療管理\印发医疗监督执法工作规范.pdf","UNKNOWN","地區待確認","年份待確認","","公告／通知／函釋","醫療治理與依法執業","","pdf","2586712","2023-12-06T13:04:26.000Z","classified_candidate","0.35"
"fbd436674ed1a5ab","四川省基层医疗卫生机构状况及居家医疗服务开展现状调查.pdf","1.醫療管理\四川省基层医疗卫生机构状况及居家医疗服务开展现状调查.pdf","UNKNOWN","四川","年份待確認","","待確認或非規範文件","醫療治理與依法執業","","pdf","1901954","2024-08-24T08:39:10.000Z","classified_candidate","0.35"
"7931d2432104f201","国家卫生健康委办公厅关于印发婴幼儿早期发展服务指南（试行）的通知.pdf","1.醫療管理\国家卫生健康委办公厅关于印发婴幼儿早期发展服务指南（试行）的通知.pdf","UNKNOWN","地區待確認","年份待確認","","技術規範／診療指南","醫療治理與依法執業","","pdf","5551982","2025-04-14T00:35:52.000Z","classified_candidate","0.35"
"7129f99f07ed4043","国家卫生健康委办公厅关于通报2023年度县医院医疗服务能力评估情况的函.pdf","1.醫療管理\国家卫生健康委办公厅关于通报2023年度县医院医疗服务能力评估情况的函.pdf","UNKNOWN","地區待確認","2023","2023","公告／通知／函釋","醫療治理與依法執業","","pdf","839910","2024-07-30T11:03:08.000Z","classified_candidate","0.35"
"e16cd2d2ef95e252","基于临床实践能力提升的可视化远程查房与质控管理专家共识.pdf","1.醫療管理\基于临床实践能力提升的可视化远程查房与质控管理专家共识.pdf","UNKNOWN","地區待確認","年份待確認","","專家共識","醫院評鑑與醫療品質","醫院評鑑與醫療品質；醫療治理與依法執業","pdf","1703030","2026-04-05T14:25:02.000Z","classified_candidate","0.35"
"686ca5d710b5960b","家庭病床服务指南（试行）.pdf","1.醫療管理\家庭病床服务指南（试行）.pdf","UNKNOWN","地區待確認","年份待確認","","技術規範／診療指南","醫療治理與依法執業","","pdf","2130850","2026-05-25T04:25:00.000Z","classified_candidate","0.35"
"872d8b7d88b12172","江苏省医疗机构输血科（血库）建设管理规范（暂行）.pdf","1.醫療管理\江苏省医疗机构输血科（血库）建设管理规范（暂行）.pdf","CN","江蘇","年份待確認","","待確認或非規範文件","輸血與器官移植","醫療治理與依法執業","pdf","1512114","2026-02-05T05:14:44.000Z","classified_candidate","0.75"
"fcef58ca62ef1603","河南省深化医药卫生体制改革领导小组关于印发《河南省公立医院高质量发展实施方案》的通知-河南省卫生健康委员会.pdf","1.醫療管理\河南省深化医药卫生体制改革领导小组关于印发《河南省公立医院高质量发展实施方案》的通知-河南省卫生健康委员会.pdf","CN","河南","年份待確認","","公告／通知／函釋","醫療治理與依法執業","","pdf","436069","2022-09-18T09:22:20.000Z","classified_candidate","0.75"
"62a2548393701e6c","流行性感冒诊疗方案2025年版.pdf","1.醫療管理\流行性感冒诊疗方案2025年版.pdf","UNKNOWN","地區待確認","2025","2025","技術規範／診療指南","醫療治理與依法執業","","pdf","362851","2025-04-14T00:36:24.000Z","classified_candidate","0.35"
"d05183e0d994c5df","综合医院建筑设计标准2025.pdf","1.醫療管理\综合医院建筑设计标准2025.pdf","UNKNOWN","地區待確認","2025","2025","待確認或非規範文件","後勤、建築與設施安全","醫療治理與依法執業","pdf","33717362","2024-11-26T09:22:54.000Z","classified_candidate","0.35"
"3b940c3297b8470f","职业卫生技术服务机构监督执法工作规范.pdf","1.醫療管理\职业卫生技术服务机构监督执法工作规范.pdf","UNKNOWN","地區待確認","年份待確認","","待確認或非規範文件","醫療治理與依法執業","","pdf","1658509","2023-12-06T13:01:08.000Z","classified_candidate","0.35"
"308df5c5a089c208","重庆市医疗机构转诊管理办法（试行）.pdf","1.醫療管理\重庆市医疗机构转诊管理办法（试行）.pdf","CN","重慶","年份待確認","","院內制度／SOP","醫療治理與依法執業","","pdf","1247405","2024-07-27T00:43:42.000Z","classified_candidate","0.75"
"ee11ba47efeec6b4","附件2.突发事件烧伤伤员医疗救治规范（2025年版）.pdf","1.醫療管理\附件2.突发事件烧伤伤员医疗救治规范（2025年版）.pdf","UNKNOWN","地區待確認","2025","2025","待確認或非規範文件","急診與緊急醫療","醫療治理與依法執業","pdf","6858995","2026-02-01T11:59:42.000Z","classified_candidate","0.35"
"d8959419de23fd2d","2019关于印发《三级中医（中西医结合）医院评审标准及实施细则上海市附加条款（试行）》的通知__上海市卫生健康委员会.pdf","1.醫療管理\10中医\2019关于印发《三级中医（中西医结合）医院评审标准及实施细则上海市附加条款（试行）》的通知__上海市卫生健康委员会.pdf","UNKNOWN","上海","2019","2019","醫院評鑑／認證標準","醫院評鑑與醫療品質","醫療治理與依法執業","pdf","424632","2022-09-25T03:31:24.000Z","classified_candidate","0.35"
"5fccd05ce9848670","3-中医药治疗标准.pdf","1.醫療管理\10中医\3-中医药治疗标准.pdf","UNKNOWN","地區待確認","年份待確認","","待確認或非規範文件","醫療治理與依法執業","","pdf","851039","2022-06-20T04:00:48.000Z","classified_candidate","0.35"
"2dd315295672a96e","DB14_T 2996-2024 医疗机构灸疗场所设置要求.pdf","1.醫療管理\10中医\DB14_T 2996-2024 医疗机构灸疗场所设置要求.pdf","UNKNOWN","地區待確認","2024","2024","國家或地方標準","醫療治理與依法執業","","pdf","1051895","2024-03-18T05:08:58.000Z","classified_candidate","0.35"
"7ed809b014e93116","DB3208_T 214-2024 中医养生保健推拿服务规范.pdf","1.醫療管理\10中医\DB3208_T 214-2024 中医养生保健推拿服务规范.pdf","UNKNOWN","地區待確認","2024","2024","國家或地方標準","醫療治理與依法執業","","pdf","714865","2024-03-18T05:10:04.000Z","classified_candidate","0.35"
"9b1d8f357b462bf0","DB32_T 4624-2023 医疗机构中成药临床应用评价与品种遴选技.pdf","1.醫療管理\10中医\DB32_T 4624-2023 医疗机构中成药临床应用评价与品种遴选技.pdf","UNKNOWN","地區待確認","2023","2023","研究論文／文獻","醫療治理與依法執業","","pdf","761256","2024-05-15T06:33:18.000Z","classified_candidate","0.35"
"7ca70f6064440c2d","DB32_T 4698-2024 中医治未病诊疗路径规范.pdf","1.醫療管理\10中医\DB32_T 4698-2024 中医治未病诊疗路径规范.pdf","UNKNOWN","地區待確認","2024","2024","國家或地方標準","醫療治理與依法執業","","pdf","746124","2024-05-15T06:30:24.000Z","classified_candidate","0.35"
"1d008fd98a1ef87f","DB34_T 4504-2023 中医治未病科设施配置指南.pdf","1.醫療管理\10中医\DB34_T 4504-2023 中医治未病科设施配置指南.pdf","UNKNOWN","地區待確認","2023","2023","技術規範／診療指南","醫療治理與依法執業","","pdf","362151","2024-05-15T06:34:44.000Z","classified_candidate","0.35"
"3ffaae5b168d2217","DB37_T 4825.3-2025 药品、医疗器械、化妆品企业日常监督.pdf","1.醫療管理\10中医\DB37_T 4825.3-2025 药品、医疗器械、化妆品企业日常监督.pdf","UNKNOWN","地區待確認","2025","2025","國家或地方標準","藥事與藥品管理","醫療器材與設備；醫療治理與依法執業","pdf","364440","2025-04-02T06:36:42.000Z","classified_candidate","0.35"
"bc2e8100b0ff0346","DB37_T 4825.4-2025 药品、医疗器械、化妆品企业日常监督.pdf","1.醫療管理\10中医\DB37_T 4825.4-2025 药品、医疗器械、化妆品企业日常监督.pdf","UNKNOWN","地區待確認","2025","2025","國家或地方標準","藥事與藥品管理","醫療器材與設備；醫療治理與依法執業","pdf","226780","2025-04-02T06:36:58.000Z","classified_candidate","0.35"
"dbc8bc487dc6970b","DB43_T 2891-2024 中医特色护理技术规范 灸法类.pdf","1.醫療管理\10中医\DB43_T 2891-2024 中医特色护理技术规范 灸法类.pdf","UNKNOWN","地區待確認","2024","2024","技術規範／診療指南","護理管理","醫療治理與依法執業","pdf","741206","2024-05-15T06:30:38.000Z","classified_candidate","0.35"
"02f258096eb818d3","DB43_T 2922-2024 医养结合机构中医健康服务规范.pdf","1.醫療管理\10中医\DB43_T 2922-2024 医养结合机构中医健康服务规范.pdf","UNKNOWN","地區待確認","2024","2024","國家或地方標準","醫療治理與依法執業","","pdf","6906547","2024-05-15T06:29:10.000Z","classified_candidate","0.35"
"c8943572c7863744","DB4406_T 45-2024 中药废弃物无害化处理规范.pdf","1.醫療管理\10中医\DB4406_T 45-2024 中药废弃物无害化处理规范.pdf","UNKNOWN","地區待確認","2024","2024","國家或地方標準","環境、能源與醫療廢棄物","醫療治理與依法執業","pdf","524298","2024-10-28T00:33:56.000Z","classified_candidate","0.35"
"ed4c262c7171c786","DB44_T 2428-2023 中医院临床实验室定量生化检验结果的自动.pdf","1.醫療管理\10中医\DB44_T 2428-2023 中医院临床实验室定量生化检验结果的自动.pdf","UNKNOWN","地區待確認","2023","2023","國家或地方標準","醫技、檢驗與病理","醫療治理與依法執業","pdf","948736","2024-05-15T06:35:56.000Z","classified_candidate","0.35"
"3744878b72838837","DB44_T 2754-2025 中医医院老年病科病房适老化服务规范.pdf","1.醫療管理\10中医\DB44_T 2754-2025 中医医院老年病科病房适老化服务规范.pdf","UNKNOWN","地區待確認","2025","2025","國家或地方標準","醫療治理與依法執業","","pdf","477003","2026-02-05T04:36:30.000Z","classified_candidate","0.35"
"4a38826c890fb9c1","DB5117_T 71-2023 中医体质辨识管理与服务规范.pdf","1.醫療管理\10中医\DB5117_T 71-2023 中医体质辨识管理与服务规范.pdf","UNKNOWN","地區待確認","2023","2023","國家或地方標準","醫療治理與依法執業","","pdf","762849","2024-05-15T06:36:54.000Z","classified_candidate","0.35"
"268983e1b9f8a1fb","GB_T 40665.1-2021 中医四诊操作规范 第1部分：望诊.pdf","1.醫療管理\10中医\GB_T 40665.1-2021 中医四诊操作规范 第1部分：望诊.pdf","UNKNOWN","地區待確認","2021","2021","國家或地方標準","醫療治理與依法執業","","pdf","676975","2024-05-15T06:39:36.000Z","classified_candidate","0.35"
"95effb5f194ccc64","GB_T 40665.2-2021 中医四诊操作规范 第2部分：闻诊.pdf","1.醫療管理\10中医\GB_T 40665.2-2021 中医四诊操作规范 第2部分：闻诊.pdf","UNKNOWN","地區待確認","2021","2021","國家或地方標準","醫療治理與依法執業","","pdf","491875","2024-05-15T06:39:26.000Z","classified_candidate","0.35"
"e4a43191dff67ad0","GB_T 40665.3-2021 中医四诊操作规范 第3部分：问诊.pdf","1.醫療管理\10中医\GB_T 40665.3-2021 中医四诊操作规范 第3部分：问诊.pdf","UNKNOWN","地區待確認","2021","2021","國家或地方標準","醫療治理與依法執業","","pdf","863240","2024-05-15T06:39:16.000Z","classified_candidate","0.35"
"f4fefc286a4e39e7","GB_T 40665.4-2021 中医四诊操作规范 第4部分：切诊.pdf","1.醫療管理\10中医\GB_T 40665.4-2021 中医四诊操作规范 第4部分：切诊.pdf","UNKNOWN","地區待確認","2021","2021","國家或地方標準","醫療治理與依法執業","","pdf","683660","2024-05-15T06:39:06.000Z","classified_candidate","0.35"
"bb435cbe08f56252","T_BJACM 003-2023 北京地区综合医院中医优势病种诊疗方案.pdf","1.醫療管理\10中医\T_BJACM 003-2023 北京地区综合医院中医优势病种诊疗方案.pdf","UNKNOWN","北京","2023","2023","技術規範／診療指南","醫療治理與依法執業","","pdf","4064167","2024-03-18T05:05:26.000Z","classified_candidate","0.35"
"0f6ad65aa8b7e24a","T_BJACM 006-2023 慢性、重大疾病、肢体伤残疾病中医康复方.pdf","1.醫療管理\10中医\T_BJACM 006-2023 慢性、重大疾病、肢体伤残疾病中医康复方.pdf","UNKNOWN","地區待確認","2023","2023","待確認或非規範文件","醫療治理與依法執業","","pdf","7544944","2024-03-18T05:55:30.000Z","classified_candidate","0.35"
"aeae3a01a06c7eaa","T_CACM 1323-2019 中医药临床研究数据监查技术规范.pdf","1.醫療管理\10中医\T_CACM 1323-2019 中医药临床研究数据监查技术规范.pdf","UNKNOWN","地區待確認","2019","2019","研究論文／文獻","資訊安全與個人資料","臨床研究與人體試驗；醫療治理與依法執業","pdf","14517193","2024-05-15T06:38:54.000Z","classified_candidate","0.35"
"4fa72f277b0aeaf1","T_CACM 1524-2023 中医体重管理临床指南.pdf","1.醫療管理\10中医\T_CACM 1524-2023 中医体重管理临床指南.pdf","UNKNOWN","地區待確認","2023","2023","技術規範／診療指南","醫療治理與依法執業","","pdf","2759834","2024-05-15T06:31:44.000Z","classified_candidate","0.35"
"029691f9463706b3","T_CACM 1552-2023 中医慢性非传染性疾病管理技术通则.pdf","1.醫療管理\10中医\T_CACM 1552-2023 中医慢性非传染性疾病管理技术通则.pdf","UNKNOWN","地區待確認","2023","2023","待確認或非規範文件","感染預防與控制","醫療治理與依法執業","pdf","3725228","2024-07-15T08:59:38.000Z","classified_candidate","0.35"
"da34d7b5292e5121","T_CACM 1563.2-2024 医疗机构中药药物警戒体系建设指南.pdf","1.醫療管理\10中医\T_CACM 1563.2-2024 医疗机构中药药物警戒体系建设指南.pdf","UNKNOWN","地區待確認","2024","2024","技術規範／診療指南","醫療治理與依法執業","","pdf","665134","2024-03-18T05:12:00.000Z","classified_candidate","0.35"
"51c3757004b07b6f","T_CACM 1579-2024 医疗机构中药饮片验收规范.pdf","1.醫療管理\10中医\T_CACM 1579-2024 医疗机构中药饮片验收规范.pdf","UNKNOWN","地區待確認","2024","2024","待確認或非規範文件","醫療治理與依法執業","","pdf","675852","2024-06-09T02:43:00.000Z","classified_candidate","0.35"
"17db5a094299edd9","T_CIATCM 103-2023 中医经方临床辅助诊疗系统基本功能规范.pdf","1.醫療管理\10中医\T_CIATCM 103-2023 中医经方临床辅助诊疗系统基本功能规范.pdf","UNKNOWN","地區待確認","2023","2023","待確認或非規範文件","醫療治理與依法執業","","pdf","638453","2024-05-15T06:35:06.000Z","classified_candidate","0.35"
"6c38477146c083fb","T_NAHIEM 56-2022 医疗机构放疗中心建设标准.pdf","1.醫療管理\10中医\T_NAHIEM 56-2022 医疗机构放疗中心建设标准.pdf","UNKNOWN","地區待確認","2022","2022","待確認或非規範文件","醫療治理與依法執業","","pdf","13015473","2024-05-15T06:36:26.000Z","classified_candidate","0.35"
"76ee2136667ad437","T_SATCM 002-2024 公立中医医院高质量发展评价规范.pdf","1.醫療管理\10中医\T_SATCM 002-2024 公立中医医院高质量发展评价规范.pdf","UNKNOWN","地區待確認","2024","2024","待確認或非規範文件","醫療治理與依法執業","","pdf","346943","2025-02-28T01:33:54.000Z","classified_candidate","0.35"
"37f02e449b6d3e1b","T_XMYXH 0003-2023 厦门市医疗机构静脉药物调配中心建设规.pdf","1.醫療管理\10中医\T_XMYXH 0003-2023 厦门市医疗机构静脉药物调配中心建设规.pdf","UNKNOWN","福建","2023","2023","待確認或非規範文件","醫療治理與依法執業","","pdf","444624","2024-05-15T06:33:44.000Z","classified_candidate","0.35"
"6d24b5a96e0afd9d","T_ZCHSP 009-2025 医疗机构可追溯中药饮片验收规范.pdf","1.醫療管理\10中医\T_ZCHSP 009-2025 医疗机构可追溯中药饮片验收规范.pdf","UNKNOWN","地區待確認","2025","2025","待確認或非規範文件","醫療治理與依法執業","","pdf","356453","2025-04-02T06:35:50.000Z","classified_candidate","0.35"
"032a844b8daa99b6","中医医院康复科建设与管理指南(试行2018版).doc","1.醫療管理\10中医\中医医院康复科建设与管理指南(试行2018版).doc","UNKNOWN","地區待確認","2018","2018","技術規範／診療指南","醫療治理與依法執業","","doc","28672","2022-01-06T09:07:04.000Z","classified_candidate","0.35"
"967d8266d8de85d8","中医药服务监督工作指南（试行.docx","1.醫療管理\10中医\中医药服务监督工作指南（试行.docx","CN","地區待確認","年份待確認","","醫院評鑑／認證標準","資訊安全與個人資料","藥事與藥品管理；醫技、檢驗與病理；手術、麻醉與疼痛管理；急診與緊急醫療；醫療器材與設備；消防、治安與應急管理；環境、能源與醫療廢棄物；財務、採購與內部稽核；醫療治理與依法執業","docx","214884","2024-11-19T06:54:00.000Z","classified_candidate","0.75"
"78f94ae0df0bcad7","中华人民共和国药品管理法实施条例.pdf","1.醫療管理\10中医\中华人民共和国药品管理法实施条例.pdf","CN","地區待確認","年份待確認","","行政法規／條例","藥事與藥品管理","醫療治理與依法執業","pdf","2930838","2025-06-18T09:05:46.000Z","classified_candidate","0.75"
"202ca2c7ad407e68","中药标准管理专门规定.doc","1.醫療管理\10中医\中药标准管理专门规定.doc","UNKNOWN","地區待確認","年份待確認","","行政法規／條例","醫療治理與依法執業","","doc","38400","2025-03-10T04:25:52.000Z","classified_candidate","0.35"
"d4c1994964af2741","中药标准管理专门规定.docx","1.醫療管理\10中医\中药标准管理专门规定.docx","CN","地區待確認","年份待確認","","研究論文／文獻","醫院評鑑與醫療品質","資訊安全與個人資料；藥事與藥品管理；感染預防與控制；醫技、檢驗與病理；急診與緊急醫療；臨床研究與人體試驗；醫療保險與支付；醫療器材與設備；環境、能源與醫療廢棄物；醫療治理與依法執業","docx","22741","2025-03-10T04:36:34.000Z","classified_candidate","0.75"
"6ca23ee5efe1a63e","中药饮片标签管理规定.docx","1.醫療管理\10中医\中药饮片标签管理规定.docx","CN","地區待確認","年份待確認","","研究論文／文獻","醫院評鑑與醫療品質","藥事與藥品管理；手術、麻醉與疼痛管理；臨床研究與人體試驗；醫療保險與支付；後勤、建築與設施安全；醫療治理與依法執業","docx","21593","2025-06-18T09:04:18.000Z","classified_candidate","0.75"
"04113cc82ba33b55","中药饮片质量标准通则(试行).doc","1.醫療管理\10中医\中药饮片质量标准通则(试行).doc","UNKNOWN","地區待確認","年份待確認","","待確認或非規範文件","醫療治理與依法執業","","doc","168448","2022-05-10T03:18:18.000Z","classified_candidate","0.35"
"c7fab6d08e87e4a3","中药饮片贮藏养护规范--河南省药学会团体标准.pdf","1.醫療管理\10中医\中药饮片贮藏养护规范--河南省药学会团体标准.pdf","CN","河南","年份待確認","","待確認或非規範文件","藥事與藥品管理","醫療治理與依法執業","pdf","514862","2022-08-11T01:01:28.000Z","classified_candidate","0.75"
"0321b2d200f2fdea","中药饮片采购规范--河南省药学会团体标准.pdf","1.醫療管理\10中医\中药饮片采购规范--河南省药学会团体标准.pdf","CN","河南","年份待確認","","待確認或非規範文件","藥事與藥品管理","財務、採購與內部稽核；醫療治理與依法執業","pdf","338975","2022-08-11T01:01:10.000Z","classified_candidate","0.75"
"6c7b02f8fe65406c","中药饮片验收规范--河南省药学会团体标准.pdf","1.醫療管理\10中医\中药饮片验收规范--河南省药学会团体标准.pdf","CN","河南","年份待確認","","待確認或非規範文件","藥事與藥品管理","醫療治理與依法執業","pdf","421846","2022-08-11T01:01:18.000Z","classified_candidate","0.75"
"b8dff18ee20f6f3e","关于印发《医院中药饮片管理规范》的通知.docx","1.醫療管理\10中医\关于印发《医院中药饮片管理规范》的通知.docx","CN","地區待確認","年份待確認","","醫院評鑑／認證標準","醫院評鑑與醫療品質","藥事與藥品管理；醫技、檢驗與病理；手術、麻醉與疼痛管理；醫療器材與設備；財務、採購與內部稽核；醫療治理與依法執業","docx","32675","2025-03-16T08:43:34.000Z","classified_candidate","0.75"
"8b75c4ef7c3bff2d","关于印发《医院中药饮片管理规范》的通知.pdf","1.醫療管理\10中医\关于印发《医院中药饮片管理规范》的通知.pdf","UNKNOWN","地區待確認","年份待確認","","公告／通知／函釋","醫療治理與依法執業","","pdf","276857","2022-07-27T12:55:30.000Z","classified_candidate","0.35"
"a70d7ecf122c7353","关于推进综合医院、专科医院中医药科室标准化建设的实施意见-河南省卫生健康委员会.pdf","1.醫療管理\10中医\关于推进综合医院、专科医院中医药科室标准化建设的实施意见-河南省卫生健康委员会.pdf","CN","河南","年份待確認","","待確認或非規範文件","醫療治理與依法執業","","pdf","395600","2022-09-18T09:26:02.000Z","classified_candidate","0.75"
"63d2b86684fe1f14","医疗机构中药煎药室管理规范.pdf","1.醫療管理\10中医\医疗机构中药煎药室管理规范.pdf","UNKNOWN","地區待確認","年份待確認","","待確認或非規範文件","醫療治理與依法執業","","pdf","870295","2024-04-19T07:17:36.000Z","classified_candidate","0.35"
"b1a5b7fa7a73c229","医疗机构中药煎药机煎煮规范.docx","1.醫療管理\10中医\医疗机构中药煎药机煎煮规范.docx","CN","地區待確認","年份待確認","","國家或地方標準","藥事與藥品管理","感染預防與控制；醫技、檢驗與病理；醫療器材與設備；消防、治安與應急管理；環境、能源與醫療廢棄物；醫療治理與依法執業","docx","77086","2022-08-15T14:53:02.000Z","classified_candidate","0.75"
"e33640f35a1e91fa","医疗机构中药煎药机煎煮规范.pdf","1.醫療管理\10中医\医疗机构中药煎药机煎煮规范.pdf","UNKNOWN","地區待確認","年份待確認","","待確認或非規範文件","醫療治理與依法執業","","pdf","1465764","2022-08-15T08:54:10.000Z","classified_candidate","0.35"
"54657c6e139a8448","卫生部国家中医药管理局关于印发医疗机构中药煎药室管理规范的通知.pdf","1.醫療管理\10中医\卫生部国家中医药管理局关于印发医疗机构中药煎药室管理规范的通知.pdf","UNKNOWN","地區待確認","年份待確認","","公告／通知／函釋","醫療治理與依法執業","","pdf","395676","2022-08-17T01:35:36.000Z","classified_candidate","0.35"
"4bf7d35991e8a0dc","建标 106-2021 中医医院建设标准.pdf","1.醫療管理\10中医\建标 106-2021 中医医院建设标准.pdf","UNKNOWN","地區待確認","2021","2021","待確認或非規範文件","醫療治理與依法執業","","pdf","5443411","2025-02-28T01:35:06.000Z","classified_candidate","0.35"
"a1b2f01353d1236d","有毒中药饮片推荐目录及管理策略--河南省药学会团体标准.pdf","1.醫療管理\10中医\有毒中药饮片推荐目录及管理策略--河南省药学会团体标准.pdf","CN","河南","年份待確認","","待確認或非規範文件","藥事與藥品管理","醫療治理與依法執業","pdf","449400","2022-08-11T01:01:38.000Z","classified_candidate","0.75"
"623bd44a00c8244c","湖北省三级中医医院评审标准.pdf","1.醫療管理\10中医\湖北省三级中医医院评审标准.pdf","CN","湖北","年份待確認","","醫院評鑑／認證標準","醫院評鑑與醫療品質","醫療治理與依法執業","pdf","1778722","2025-03-03T02:36:04.000Z","classified_candidate","0.75"
"98998f3a514d73ea","综合医院中医临床科室基本标准.docx","1.醫療管理\10中医\综合医院中医临床科室基本标准.docx","UNKNOWN","地區待確認","年份待確認","","待確認或非規範文件","醫療治理與依法執業","","docx","8999","2023-11-26T06:41:30.000Z","classified_candidate","0.35"
"bd7d5ee236426325","贵细中药饮片推荐目录及管理策略--河南省药学会团体标准.pdf","1.醫療管理\10中医\贵细中药饮片推荐目录及管理策略--河南省药学会团体标准.pdf","CN","河南","年份待確認","","待確認或非規範文件","藥事與藥品管理","醫療治理與依法執業","pdf","467956","2022-08-11T01:01:46.000Z","classified_candidate","0.75"
"a39bb4dfd58116a1","2019关于印发《上海市医疗纠纷行政调解实施办法（试行）》的通知（有效）__上海市卫生健康委员会.pdf","1.醫療管理\11医疗纠纷投訴\2019关于印发《上海市医疗纠纷行政调解实施办法（试行）》的通知（有效）__上海市卫生健康委员会.pdf","UNKNOWN","上海","2019","2019","公告／通知／函釋","醫療治理與依法執業","","pdf","465955","2022-09-25T03:28:16.000Z","classified_candidate","0.35"
"17ee1edf319550cb","DB34_T 4865-2024 医院门诊投诉处置规范.pdf","1.醫療管理\11医疗纠纷投訴\DB34_T 4865-2024 医院门诊投诉处置规范.pdf","UNKNOWN","地區待確認","2024","2024","國家或地方標準","醫療治理與依法執業","","pdf","448542","2024-09-27T03:24:02.000Z","classified_candidate","0.35"
"5428bf9f55528af2","[中国政府网] 医疗纠纷预防和处理条例.pdf","1.醫療管理\11医疗纠纷投訴\[中国政府网] 医疗纠纷预防和处理条例.pdf","CN","地區待確認","年份待確認","","行政法規／條例","醫療治理與依法執業","","pdf","426941","2022-06-05T16:16:28.000Z","classified_candidate","0.75"
"3a6a43c4a99de6ab","关于做好《医疗纠纷预防和处理条例》贯彻实施工作的通知.docx","1.醫療管理\11医疗纠纷投訴\关于做好《医疗纠纷预防和处理条例》贯彻实施工作的通知.docx","CN","地區待確認","年份待確認","","研究論文／文獻","醫院評鑑與醫療品質","感染預防與控制；醫技、檢驗與病理；臨床研究與人體試驗；醫療器材與設備；環境、能源與醫療廢棄物；醫院評鑑與醫療品質；醫療治理與依法執業","docx","18514","2022-05-25T03:59:58.000Z","classified_candidate","0.75"
"697245e4d4bca273","医疗事故处理条例.docx","1.醫療管理\11医疗纠纷投訴\医疗事故处理条例.docx","CN","地區待確認","年份待確認","","公告／通知／函釋","醫院評鑑與醫療品質","病歷、電子病歷與醫療資料；感染預防與控制；護理管理；醫技、檢驗與病理；手術、麻醉與疼痛管理；急診與緊急醫療；輸血與器官移植；臨床研究與人體試驗；醫療保險與支付；消防、治安與應急管理；財務、採購與內部稽核；醫療治理與依法執業","docx","25072","2021-01-25T08:22:22.000Z","classified_candidate","0.75"
"df8f784dfd1bcaa5","医疗机构投诉接待处理“十应当”.doc","1.醫療管理\11医疗纠纷投訴\医疗机构投诉接待处理“十应当”.doc","UNKNOWN","地區待確認","年份待確認","","待確認或非規範文件","醫療治理與依法執業","","doc","18432","2022-08-24T07:16:02.000Z","classified_candidate","0.35"
"0c6975773d9f0d34","医疗机构投诉接待处理“十应当”.docx","1.醫療管理\11医疗纠纷投訴\医疗机构投诉接待处理“十应当”.docx","UNKNOWN","地區待確認","年份待確認","","研究論文／文獻","醫院評鑑與醫療品質","臨床研究與人體試驗；消防、治安與應急管理；環境、能源與醫療廢棄物；醫院評鑑與醫療品質；醫療治理與依法執業","docx","14933","2022-05-25T09:59:20.000Z","classified_candidate","0.35"
"a224b1cf512916ec","医疗机构投诉管理办法.doc","1.醫療管理\11医疗纠纷投訴\医疗机构投诉管理办法.doc","UNKNOWN","地區待確認","年份待確認","","院內制度／SOP","醫療治理與依法執業","","doc","54842","2023-03-01T09:30:06.000Z","classified_candidate","0.35"
"9d90b7dc9e2668af","医疗机构投诉管理办法.docx","1.醫療管理\11医疗纠纷投訴\医疗机构投诉管理办法.docx","CN","地區待確認","年份待確認","","研究論文／文獻","醫院評鑑與醫療品質","病歷、電子病歷與醫療資料；資訊安全與個人資料；藥事與藥品管理；護理管理；醫技、檢驗與病理；急診與緊急醫療；臨床研究與人體試驗；醫療器材與設備；消防、治安與應急管理；環境、能源與醫療廢棄物；醫院評鑑與醫療品質；後勤、建築與設施安全；醫療治理與依法執業","docx","25422","2022-05-25T09:56:44.000Z","classified_candidate","0.75"
"8ecb3f6a12b54a01","医疗纠纷预防和处理条例.docx","1.醫療管理\11医疗纠纷投訴\医疗纠纷预防和处理条例.docx","CN","地區待確認","年份待確認","","研究論文／文獻","醫院評鑑與醫療品質","病歷、電子病歷與醫療資料；資訊安全與個人資料；藥事與藥品管理；感染預防與控制；護理管理；醫技、檢驗與病理；手術、麻醉與疼痛管理；急診與緊急醫療；輸血與器官移植；醫療器材與設備；消防、治安與應急管理；醫院評鑑與醫療品質；醫療治理與依法執業","docx","22217","2021-01-25T08:19:12.000Z","classified_candidate","0.75"
"82d2889648dc8e18","关于加强医疗责任保险工作的意见.docx","1.醫療管理\11医疗纠纷投訴\医疗纠纷法律法规\分担\关于加强医疗责任保险工作的意见.docx","CN","地區待確認","年份待確認","","研究論文／文獻","醫院評鑑與醫療品質","資訊安全與個人資料；臨床研究與人體試驗；環境、能源與醫療廢棄物；醫院評鑑與醫療品質；醫療治理與依法執業","docx","16023","2022-05-26T01:51:24.000Z","classified_candidate","0.75"
"b254d462a92a43f9","关于推动医疗责任保险有关问题的通知.docx","1.醫療管理\11医疗纠纷投訴\医疗纠纷法律法规\分担\关于推动医疗责任保险有关问题的通知.docx","CN","地區待確認","年份待確認","","研究論文／文獻","資訊安全與個人資料","臨床研究與人體試驗；環境、能源與醫療廢棄物；後勤、建築與設施安全；醫療治理與依法執業","docx","13243","2022-05-26T01:52:12.000Z","classified_candidate","0.75"
"07b39dd1a5c9ffec","医疗保障基金使用监督管理举报处理暂行办法.docx","1.醫療管理\11医疗纠纷投訴\医疗纠纷法律法规\分担\医疗保障基金使用监督管理举报处理暂行办法.docx","CN","地區待確認","年份待確認","","研究論文／文獻","資訊安全與個人資料","醫療保險與支付；醫療器材與設備；醫療治理與依法執業","docx","29140","2022-05-26T01:50:14.000Z","classified_candidate","0.75"
"942ba529cc9f80ea","医疗保障基金使用监督管理条例.docx","1.醫療管理\11医疗纠纷投訴\医疗纠纷法律法规\分担\医疗保障基金使用监督管理条例.docx","CN","地區待確認","年份待確認","","教材／簡報／參考資料","病歷、電子病歷與醫療資料","資訊安全與個人資料；藥事與藥品管理；急診與緊急醫療；醫療保險與支付；醫療器材與設備；消防、治安與應急管理；財務、採購與內部稽核；醫療治理與依法執業","docx","35597","2022-05-26T01:36:34.000Z","classified_candidate","0.75"
"d32ee53686c48cc2","医疗保障行政处罚程序暂行规定.docx","1.醫療管理\11医疗纠纷投訴\医疗纠纷法律法规\分担\医疗保障行政处罚程序暂行规定.docx","CN","地區待確認","年份待確認","","醫院評鑑／認證標準","資訊安全與個人資料","醫技、檢驗與病理；醫療保險與支付；醫療器材與設備；消防、治安與應急管理；財務、採購與內部稽核；醫院評鑑與醫療品質；醫療治理與依法執業","docx","37771","2022-05-26T01:41:54.000Z","classified_candidate","0.75"
"894752cbd9382d8a","国务院办公厅关于健全重特大疾病医疗保险和救助制度的意见.docx","1.醫療管理\11医疗纠纷投訴\医疗纠纷法律法规\分担\国务院办公厅关于健全重特大疾病医疗保险和救助制度的意见.docx","CN","地區待確認","年份待確認","","技術規範／診療指南","資訊安全與個人資料","藥事與藥品管理；醫療保險與支付；醫療器材與設備；醫療治理與依法執業","docx","17678","2022-05-26T01:53:36.000Z","classified_candidate","0.75"
"b59828f363fbce78","国家医保局公安部关于加强查处骗取医保基金案件行刑衔接工作的通知.docx","1.醫療管理\11医疗纠纷投訴\医疗纠纷法律法规\分担\国家医保局公安部关于加强查处骗取医保基金案件行刑衔接工作的通知.docx","CN","地區待確認","年份待確認","","研究論文／文獻","資訊安全與個人資料","藥事與藥品管理；護理管理；醫技、檢驗與病理；臨床研究與人體試驗；醫療保險與支付；醫療器材與設備；醫療治理與依法執業","docx","16420","2022-05-26T01:44:50.000Z","classified_candidate","0.75"
"0206d5351d6f3979","规范医疗保障基金使用监督管理行政处罚裁量权办法.docx","1.醫療管理\11医疗纠纷投訴\医疗纠纷法律法规\分担\规范医疗保障基金使用监督管理行政处罚裁量权办法.docx","CN","地區待確認","年份待確認","","研究論文／文獻","臨床研究與人體試驗","醫療保險與支付；後勤、建築與設施安全；醫療治理與依法執業","docx","48422","2022-05-26T01:47:40.000Z","classified_candidate","0.75"
"b9421b5db0ae2b53","上海市医患纠纷预防与调解办法.docx","1.醫療管理\11医疗纠纷投訴\医疗纠纷法律法规\地方纠纷规定\上海市医患纠纷预防与调解办法.docx","CN","上海","年份待確認","","公告／通知／函釋","醫院評鑑與醫療品質","病歷、電子病歷與醫療資料；資訊安全與個人資料；藥事與藥品管理；護理管理；手術、麻醉與疼痛管理；急診與緊急醫療；醫療器材與設備；消防、治安與應急管理；醫院評鑑與醫療品質；醫療治理與依法執業","docx","19711","2022-05-26T02:28:54.000Z","classified_candidate","0.75"
"8ff77006e5907c7c","上海市医疗事故行政处罚裁量基准.docx","1.醫療管理\11医疗纠纷投訴\医疗纠纷法律法规\地方纠纷规定\上海市医疗事故行政处罚裁量基准.docx","UNKNOWN","上海","年份待確認","","院內制度／SOP","病歷、電子病歷與醫療資料","感染預防與控制；手術、麻醉與疼痛管理；醫療治理與依法執業","docx","19224","2022-05-26T02:41:06.000Z","classified_candidate","0.35"
"8fa6bfb89a5e5d80","北京市医院安全秩序管理规定.docx","1.醫療管理\11医疗纠纷投訴\医疗纠纷法律法规\地方纠纷规定\北京市医院安全秩序管理规定.docx","CN","北京","年份待確認","","教材／簡報／參考資料","資訊安全與個人資料","護理管理；急診與緊急醫療；醫療器材與設備；消防、治安與應急管理；環境、能源與醫療廢棄物；醫療治理與依法執業","docx","16501","2022-05-26T03:11:50.000Z","classified_candidate","0.75"
"b00b84653c408cf8","四川省医疗机构、医务人员、医疗行为责任追究办法.docx","1.醫療管理\11医疗纠纷投訴\医疗纠纷法律法规\地方纠纷规定\四川省医疗机构、医务人员、医疗行为责任追究办法.docx","CN","四川","年份待確認","","醫院評鑑／認證標準","醫院評鑑與醫療品質","資訊安全與個人資料；藥事與藥品管理；感染預防與控制；護理管理；醫技、檢驗與病理；手術、麻醉與疼痛管理；急診與緊急醫療；醫療器材與設備；醫院評鑑與醫療品質；醫療治理與依法執業","docx","16783","2022-05-26T02:46:32.000Z","classified_candidate","0.75"
"d1749aabecf19061","天津市医疗纠纷处置条例.docx","1.醫療管理\11医疗纠纷投訴\医疗纠纷法律法规\地方纠纷规定\天津市医疗纠纷处置条例.docx","UNKNOWN","天津","年份待確認","","公告／通知／函釋","醫院評鑑與醫療品質","病歷、電子病歷與醫療資料；資訊安全與個人資料；護理管理；醫技、檢驗與病理；手術、麻醉與疼痛管理；輸血與器官移植；醫療保險與支付；消防、治安與應急管理；醫院評鑑與醫療品質；醫療治理與依法執業","docx","17483","2022-05-26T02:10:24.000Z","classified_candidate","0.35"
"4e202926cd292e34","安徽省医疗纠纷预防与处置办法.docx","1.醫療管理\11医疗纠纷投訴\医疗纠纷法律法规\地方纠纷规定\安徽省医疗纠纷预防与处置办法.docx","CN","安徽","年份待確認","","公告／通知／函釋","醫院評鑑與醫療品質","病歷、電子病歷與醫療資料；資訊安全與個人資料；護理管理；手術、麻醉與疼痛管理；急診與緊急醫療；醫療保險與支付；消防、治安與應急管理；醫院評鑑與醫療品質；醫療治理與依法執業","docx","18121","2022-05-26T02:29:36.000Z","classified_candidate","0.75"
"38fcd6117a019b75","江苏省医疗机构不良执业行为记分管理办法.docx","1.醫療管理\11医疗纠纷投訴\医疗纠纷法律法规\地方纠纷规定\江苏省医疗机构不良执业行为记分管理办法.docx","CN","江蘇","年份待確認","","公告／通知／函釋","醫院評鑑與醫療品質","病歷、電子病歷與醫療資料；資訊安全與個人資料；藥事與藥品管理；感染預防與控制；護理管理；醫技、檢驗與病理；手術、麻醉與疼痛管理；急診與緊急醫療；生殖、婦幼與月子服務；醫療器材與設備；環境、能源與醫療廢棄物；醫院評鑑與醫療品質；醫療治理與依法執業","docx","16885","2022-05-26T02:43:08.000Z","classified_candidate","0.75"
"8c942341f89928ac","江苏省医疗纠纷预防与处理条例.docx","1.醫療管理\11医疗纠纷投訴\医疗纠纷法律法规\地方纠纷规定\江苏省医疗纠纷预防与处理条例.docx","CN","江蘇","年份待確認","","研究論文／文獻","醫院評鑑與醫療品質","病歷、電子病歷與醫療資料；資訊安全與個人資料；藥事與藥品管理；護理管理；醫技、檢驗與病理；手術、麻醉與疼痛管理；急診與緊急醫療；臨床研究與人體試驗；醫療保險與支付；醫療器材與設備；消防、治安與應急管理；財務、採購與內部稽核；醫院評鑑與醫療品質；醫療治理與依法執業","docx","27939","2022-05-26T02:16:36.000Z","classified_candidate","0.75"
"c66ee15f8b261fbd","江西省医疗纠纷预防与处理条例.docx","1.醫療管理\11医疗纠纷投訴\医疗纠纷法律法规\地方纠纷规定\江西省医疗纠纷预防与处理条例.docx","CN","江西","年份待確認","","研究論文／文獻","醫院評鑑與醫療品質","病歷、電子病歷與醫療資料；資訊安全與個人資料；藥事與藥品管理；護理管理；醫技、檢驗與病理；手術、麻醉與疼痛管理；急診與緊急醫療；輸血與器官移植；臨床研究與人體試驗；醫療保險與支付；醫療器材與設備；消防、治安與應急管理；醫院評鑑與醫療品質；醫療治理與依法執業","docx","23069","2022-05-26T02:26:16.000Z","classified_candidate","0.75"
"9e855e5c1d91c81c","河北省医疗纠纷预防和处理条例.docx","1.醫療管理\11医疗纠纷投訴\医疗纠纷法律法规\地方纠纷规定\河北省医疗纠纷预防和处理条例.docx","CN","河北","年份待確認","","醫院評鑑／認證標準","醫院評鑑與醫療品質","病歷、電子病歷與醫療資料；資訊安全與個人資料；藥事與藥品管理；感染預防與控制；護理管理；醫技、檢驗與病理；手術、麻醉與疼痛管理；急診與緊急醫療；輸血與器官移植；醫療保險與支付；醫療器材與設備；消防、治安與應急管理；環境、能源與醫療廢棄物；醫院評鑑與醫療品質；醫療治理與依法執業","docx","25405","2022-05-26T02:27:58.000Z","classified_candidate","0.75"
"365c795f2ee94194","河南省医疗纠纷预防与处理办法.docx","1.醫療管理\11医疗纠纷投訴\医疗纠纷法律法规\地方纠纷规定\河南省医疗纠纷预防与处理办法.docx","CN","河南","年份待確認","","公告／通知／函釋","醫院評鑑與醫療品質","病歷、電子病歷與醫療資料；資訊安全與個人資料；藥事與藥品管理；感染預防與控制；護理管理；醫技、檢驗與病理；手術、麻醉與疼痛管理；急診與緊急醫療；輸血與器官移植；醫療保險與支付；醫療器材與設備；消防、治安與應急管理；醫院評鑑與醫療品質；醫療治理與依法執業","docx","21292","2022-05-26T02:34:50.000Z","classified_candidate","0.75"
"7dc9282e8db38e41","河南省医疗纠纷预防与处置暂行办法.docx","1.醫療管理\11医疗纠纷投訴\医疗纠纷法律法规\地方纠纷规定\河南省医疗纠纷预防与处置暂行办法.docx","CN","河南","年份待確認","","研究論文／文獻","醫院評鑑與醫療品質","病歷、電子病歷與醫療資料；資訊安全與個人資料；藥事與藥品管理；護理管理；醫技、檢驗與病理；臨床研究與人體試驗；醫療保險與支付；消防、治安與應急管理；醫院評鑑與醫療品質；醫療治理與依法執業","docx","18265","2022-05-26T02:35:56.000Z","classified_candidate","0.75"
"d47c93d86d83bbc8","济宁市医疗纠纷预防和处理办法.docx","1.醫療管理\11医疗纠纷投訴\医疗纠纷法律法规\地方纠纷规定\济宁市医疗纠纷预防和处理办法.docx","UNKNOWN","地區待確認","年份待確認","","研究論文／文獻","醫院評鑑與醫療品質","病歷、電子病歷與醫療資料；資訊安全與個人資料；藥事與藥品管理；感染預防與控制；護理管理；醫技、檢驗與病理；手術、麻醉與疼痛管理；急診與緊急醫療；輸血與器官移植；生殖、婦幼與月子服務；臨床研究與人體試驗；醫療保險與支付；醫療器材與設備；消防、治安與應急管理；醫院評鑑與醫療品質；醫療治理與依法執業","docx","424616","2022-05-26T03:10:54.000Z","classified_candidate","0.35"
"070349f25a763dfc","湖北省医疗纠纷预防与处理办法.docx","1.醫療管理\11医疗纠纷投訴\医疗纠纷法律法规\地方纠纷规定\湖北省医疗纠纷预防与处理办法.docx","CN","湖北","年份待確認","","研究論文／文獻","醫院評鑑與醫療品質","病歷、電子病歷與醫療資料；資訊安全與個人資料；藥事與藥品管理；護理管理；醫技、檢驗與病理；手術、麻醉與疼痛管理；急診與緊急醫療；臨床研究與人體試驗；醫療保險與支付；醫療器材與設備；消防、治安與應急管理；醫院評鑑與醫療品質；醫療治理與依法執業","docx","18367","2022-05-26T02:33:08.000Z","classified_candidate","0.75"
"d183b08a4b8121a8","福建省医疗纠纷预防与处理办法.docx","1.醫療管理\11医疗纠纷投訴\医疗纠纷法律法规\地方纠纷规定\福建省医疗纠纷预防与处理办法.docx","CN","福建","年份待確認","","醫院評鑑／認證標準","醫院評鑑與醫療品質","病歷、電子病歷與醫療資料；資訊安全與個人資料；藥事與藥品管理；護理管理；醫技、檢驗與病理；手術、麻醉與疼痛管理；急診與緊急醫療；輸血與器官移植；醫療保險與支付；醫療器材與設備；消防、治安與應急管理；醫院評鑑與醫療品質；醫療治理與依法執業","docx","23123","2022-05-26T02:32:10.000Z","classified_candidate","0.75"
"5a89629ff67965f6","《国家卫生健康委办公厅关于进一步加强医疗卫生事业单位法治建设的通知（试行）》解读.docx","1.醫療管理\11医疗纠纷投訴\医疗纠纷法律法规\处置\《国家卫生健康委办公厅关于进一步加强医疗卫生事业单位法治建设的通知（试行）》解读.docx","CN","地區待確認","年份待確認","","研究論文／文獻","急診與緊急醫療","臨床研究與人體試驗；醫院評鑑與醫療品質；醫療治理與依法執業","docx","16067","2022-05-26T00:56:58.000Z","classified_candidate","0.75"
"3d40a3b10ee589a5","关于对严重危害正常医疗秩序的失信行为责任人实施联合惩戒合作备忘录 .docx","1.醫療管理\11医疗纠纷投訴\医疗纠纷法律法规\处置\关于对严重危害正常医疗秩序的失信行为责任人实施联合惩戒合作备忘录 .docx","CN","地區待確認","年份待確認","","醫院評鑑／認證標準","消防、治安與應急管理","醫院評鑑與醫療品質；醫療治理與依法執業","docx","1113286","2022-05-26T01:31:46.000Z","classified_candidate","0.75"
"90b3e852f7470c70","关于开展医疗乱象专项整治行动的通知.docx","1.醫療管理\11医疗纠纷投訴\医疗纠纷法律法规\处置\关于开展医疗乱象专项整治行动的通知.docx","UNKNOWN","地區待確認","年份待確認","","研究論文／文獻","醫院評鑑與醫療品質","資訊安全與個人資料；藥事與藥品管理；醫技、檢驗與病理；手術、麻醉與疼痛管理；生殖、婦幼與月子服務；生殖、婦幼與月子服務；臨床研究與人體試驗；醫療保險與支付；醫療器材與設備；環境、能源與醫療廢棄物；臨床診療與醫療技術；醫院評鑑與醫療品質；醫療治理與依法執業","docx","17632","2022-05-25T10:00:22.000Z","classified_candidate","0.35"
"bd4ae65d0f359bb9","关于推进医院安全秩序管理工作的指导意见.docx","1.醫療管理\11医疗纠纷投訴\医疗纠纷法律法规\处置\关于推进医院安全秩序管理工作的指导意见.docx","CN","地區待確認","年份待確認","","醫院評鑑／認證標準","醫院評鑑與醫療品質","資訊安全與個人資料；感染預防與控制；急診與緊急醫療；臨床研究與人體試驗；醫療器材與設備；消防、治安與應急管理；環境、能源與醫療廢棄物；醫院評鑑與醫療品質；後勤、建築與設施安全；醫療治理與依法執業","docx","19199","2022-05-26T01:33:28.000Z","classified_candidate","0.75"
"d2a551f352977ac9","医疗广告管理办法.docx","1.醫療管理\11医疗纠纷投訴\医疗纠纷法律法规\处置\医疗广告管理办法.docx","UNKNOWN","地區待確認","年份待確認","","公告／通知／函釋","臨床研究與人體試驗","醫療治理與依法執業","docx","15100","2022-05-26T01:00:34.000Z","classified_candidate","0.35"
"36b91c3328defd40","《民法典》侵权责任编之“医疗损害责任”.docx","1.醫療管理\11医疗纠纷投訴\医疗纠纷法律法规\总则\《民法典》侵权责任编之“医疗损害责任”.docx","CN","地區待確認","年份待確認","","行政法規／條例","病歷、電子病歷與醫療資料","資訊安全與個人資料；藥事與藥品管理；感染預防與控制；護理管理；醫技、檢驗與病理；手術、麻醉與疼痛管理；醫療器材與設備；醫療治理與依法執業","docx","12726","2022-05-25T03:27:32.000Z","classified_candidate","0.75"
"7542e027b5aa27f3","中华人民共和国基本医疗卫生与健康促进法.docx","1.醫療管理\11医疗纠纷投訴\医疗纠纷法律法规\总则\中华人民共和国基本医疗卫生与健康促进法.docx","CN","地區待確認","年份待確認","","醫院評鑑／認證標準","醫院評鑑與醫療品質","資訊安全與個人資料；藥事與藥品管理；感染預防與控制；護理管理；醫技、檢驗與病理；手術、麻醉與疼痛管理；急診與緊急醫療；生殖、婦幼與月子服務；生殖、婦幼與月子服務；臨床研究與人體試驗；職業安全與員工健康；醫療保險與支付；醫療器材與設備；消防、治安與應急管理；環境、能源與醫療廢棄物；臨床診療與醫療技術；財務、採購與內部稽核；醫院評鑑與醫療品質；醫療治理與依法執業","docx","33462","2022-05-25T03:23:34.000Z","classified_candidate","0.75"
"ea4d45916f32fa00","关于做好《医疗纠纷预防和处理条例》贯彻实施工作的通知.docx","1.醫療管理\11医疗纠纷投訴\医疗纠纷法律法规\总则\关于做好《医疗纠纷预防和处理条例》贯彻实施工作的通知.docx","CN","地區待確認","年份待確認","","研究論文／文獻","醫院評鑑與醫療品質","感染預防與控制；醫技、檢驗與病理；臨床研究與人體試驗；醫療器材與設備；環境、能源與醫療廢棄物；醫院評鑑與醫療品質；醫療治理與依法執業","docx","18514","2022-05-25T03:59:58.000Z","classified_candidate","0.75"
"c373acc16b3d0d10","关于适用中华人民共和国民法典总则编若干问题的解释.docx","1.醫療管理\11医疗纠纷投訴\医疗纠纷法律法规\总则\关于适用中华人民共和国民法典总则编若干问题的解释.docx","CN","地區待確認","年份待確認","","公告／通知／函釋","醫療保險與支付","醫療治理與依法執業","docx","18416","2022-05-25T03:51:22.000Z","classified_candidate","0.75"
"a3419fb2e44adc08","医疗事故处理条例.docx","1.醫療管理\11医疗纠纷投訴\医疗纠纷法律法规\总则\医疗事故处理条例.docx","CN","地區待確認","年份待確認","","公告／通知／函釋","醫院評鑑與醫療品質","病歷、電子病歷與醫療資料；感染預防與控制；護理管理；醫技、檢驗與病理；手術、麻醉與疼痛管理；急診與緊急醫療；輸血與器官移植；臨床研究與人體試驗；醫療保險與支付；消防、治安與應急管理；財務、採購與內部稽核；醫療治理與依法執業","docx","28323","2022-05-25T03:57:04.000Z","classified_candidate","0.75"
"49aecbce8f727f6c","医疗纠纷预防和处理条例.docx","1.醫療管理\11医疗纠纷投訴\医疗纠纷法律法规\总则\医疗纠纷预防和处理条例.docx","CN","地區待確認","年份待確認","","研究論文／文獻","醫院評鑑與醫療品質","病歷、電子病歷與醫療資料；資訊安全與個人資料；藥事與藥品管理；感染預防與控制；護理管理；醫技、檢驗與病理；手術、麻醉與疼痛管理；急診與緊急醫療；輸血與器官移植；醫療器材與設備；消防、治安與應急管理；醫院評鑑與醫療品質；醫療治理與依法執業","docx","25572","2022-05-25T03:58:22.000Z","classified_candidate","0.75"
"a18f6df652b06940","国家卫生健康委办公厅关于印发临床营养科建设与管理指南（试行）的通知.docx","1.醫療管理\11医疗纠纷投訴\医疗纠纷法律法规\总则\国家卫生健康委办公厅关于印发临床营养科建设与管理指南（试行）的通知.docx","CN","地區待確認","年份待確認","","研究論文／文獻","醫院評鑑與醫療品質","病歷、電子病歷與醫療資料；藥事與藥品管理；感染預防與控制；醫技、檢驗與病理；手術、麻醉與疼痛管理；醫療器材與設備；臨床診療與醫療技術；醫院評鑑與醫療品質；醫療治理與依法執業","docx","18643","2022-05-25T03:13:32.000Z","classified_candidate","0.75"
"a006eae93384d5a5","中华人民共和国职业病防治法.docx","1.醫療管理\11医疗纠纷投訴\医疗纠纷法律法规\职业病鉴定\中华人民共和国职业病防治法.docx","CN","地區待確認","年份待確認","","查檢表／稽核表","醫院評鑑與醫療品質","急診與緊急醫療；臨床研究與人體試驗；職業安全與員工健康；醫療保險與支付；醫療器材與設備；消防、治安與應急管理；環境、能源與醫療廢棄物；醫療治理與依法執業","docx","28293","2022-05-25T09:32:44.000Z","classified_candidate","0.75"
"2504845a74c3d38e","职业病诊断与鉴定管理办法.docx","1.醫療管理\11医疗纠纷投訴\医疗纠纷法律法规\职业病鉴定\职业病诊断与鉴定管理办法.docx","CN","地區待確認","年份待確認","","公告／通知／函釋","醫院評鑑與醫療品質","資訊安全與個人資料；醫技、檢驗與病理；職業安全與員工健康；醫療器材與設備；醫療治理與依法執業","docx","21162","2022-05-25T09:31:46.000Z","classified_candidate","0.75"
"c0287718369fb708","中国儿童脑死亡判定标准与操作规范（2018版）.docx","1.醫療管理\11医疗纠纷投訴\医疗纠纷法律法规\脑死亡及传染病尸体解刨\中国儿童脑死亡判定标准与操作规范（2018版）.docx","CN","地區待確認","2018","2018","研究論文／文獻","醫院評鑑與醫療品質","感染預防與控制；護理管理；醫技、檢驗與病理；手術、麻醉與疼痛管理；急診與緊急醫療；醫療器材與設備；環境、能源與醫療廢棄物；醫院評鑑與醫療品質；醫療治理與依法執業","docx","37618","2022-05-25T09:51:36.000Z","classified_candidate","0.75"
"1d499969dab32534","中国成人脑死亡判定标准与操作规范（第二版）.docx","1.醫療管理\11医疗纠纷投訴\医疗纠纷法律法规\脑死亡及传染病尸体解刨\中国成人脑死亡判定标准与操作规范（第二版）.docx","CN","地區待確認","年份待確認","","教材／簡報／參考資料","感染預防與控制","護理管理；醫技、檢驗與病理；手術、麻醉與疼痛管理；急診與緊急醫療；醫療器材與設備；環境、能源與醫療廢棄物；醫療治理與依法執業","docx","22617","2022-05-25T09:36:56.000Z","classified_candidate","0.75"
"6c1d9654a38c6850","传染病病人或疑似传染病病人尸体解剖查验规定.docx","1.醫療管理\11医疗纠纷投訴\医疗纠纷法律法规\脑死亡及传染病尸体解刨\传染病病人或疑似传染病病人尸体解剖查验规定.docx","CN","地區待確認","年份待確認","","公告／通知／函釋","感染預防與控制","醫技、檢驗與病理；急診與緊急醫療；醫療器材與設備；消防、治安與應急管理；環境、能源與醫療廢棄物；後勤、建築與設施安全；醫療治理與依法執業","docx","14122","2022-05-25T09:54:46.000Z","classified_candidate","0.75"
"7b2e9d24796305f6","脑死亡判定标准与操作规范：专家补充意见（2021）.docx","1.醫療管理\11医疗纠纷投訴\医疗纠纷法律法规\脑死亡及传染病尸体解刨\脑死亡判定标准与操作规范：专家补充意见（2021）.docx","CN","地區待確認","2021","2021","研究論文／文獻","醫院評鑑與醫療品質","資訊安全與個人資料；藥事與藥品管理；感染預防與控制；手術、麻醉與疼痛管理；急診與緊急醫療；臨床研究與人體試驗；環境、能源與醫療廢棄物；環境、能源與醫療廢棄物；醫院評鑑與醫療品質；醫療治理與依法執業","docx","52588","2022-05-25T09:47:36.000Z","classified_candidate","0.75"
"6024a4ea38f45f6e","中华人民共和国疫苗管理法.docx","1.醫療管理\11医疗纠纷投訴\医疗纠纷法律法规\预防接种异常反应鉴定\中华人民共和国疫苗管理法.docx","CN","地區待確認","年份待確認","","醫院評鑑／認證標準","醫院評鑑與醫療品質","資訊安全與個人資料；藥事與藥品管理；感染預防與控制；護理管理；醫技、檢驗與病理；急診與緊急醫療；生殖、婦幼與月子服務；臨床研究與人體試驗；醫療器材與設備；消防、治安與應急管理；環境、能源與醫療廢棄物；財務、採購與內部稽核；醫院評鑑與醫療品質；醫療治理與依法執業","docx","34777","2022-05-25T08:54:16.000Z","classified_candidate","0.75"
"f8f3ba995b0e1d56","关于制定职业病诊断鉴定费和预防接种异常反应鉴定费收费标准的函.docx","1.醫療管理\11医疗纠纷投訴\医疗纠纷法律法规\预防接种异常反应鉴定\关于制定职业病诊断鉴定费和预防接种异常反应鉴定费收费标准的函.docx","UNKNOWN","地區待確認","年份待確認","","研究論文／文獻","生殖、婦幼與月子服務","臨床研究與人體試驗；職業安全與員工健康；醫療治理與依法執業","docx","12327","2022-05-25T09:30:02.000Z","classified_candidate","0.35"
"be5908ded021c9df","关于国家免疫规划脊髓灰质炎疫苗和含麻疹成分疫苗免疫程序调整相关工作的通知.docx","1.醫療管理\11医疗纠纷投訴\医疗纠纷法律法规\预防接种异常反应鉴定\关于国家免疫规划脊髓灰质炎疫苗和含麻疹成分疫苗免疫程序调整相关工作的通知.docx","CN","地區待確認","年份待確認","","研究論文／文獻","藥事與藥品管理","感染預防與控制；生殖、婦幼與月子服務；環境、能源與醫療廢棄物；財務、採購與內部稽核；醫療治理與依法執業","docx","13175","2022-05-25T09:15:10.000Z","classified_candidate","0.75"
"a34355a6ad23c2de","国家免疫规划疫苗儿童免疫程序及说明（2021年版）.docx","1.醫療管理\11医疗纠纷投訴\医疗纠纷法律法规\预防接种异常反应鉴定\国家免疫规划疫苗儿童免疫程序及说明（2021年版）.docx","CN","地區待確認","2021","2021","教材／簡報／參考資料","感染預防與控制","急診與緊急醫療；生殖、婦幼與月子服務；消防、治安與應急管理；臨床診療與醫療技術；醫療治理與依法執業","docx","485369","2022-05-25T09:04:22.000Z","classified_candidate","0.75"
"32f01770ed7c95b8","国家卫生健康委办公厅关于印发预防接种异常反应补偿范围参考目录及说明（2020年版）的通知.docx","1.醫療管理\11医疗纠纷投訴\医疗纠纷法律法规\预防接种异常反应鉴定\国家卫生健康委办公厅关于印发预防接种异常反应补偿范围参考目录及说明（2020年版）的通知.docx","CN","地區待確認","2020","2020","研究論文／文獻","感染預防與控制","醫技、檢驗與病理；生殖、婦幼與月子服務；臨床研究與人體試驗；醫療治理與依法執業","docx","17315","2022-05-25T09:29:02.000Z","classified_candidate","0.75"
"99733e8abda74ed2","疫苗流通和预防接种管理条例.docx","1.醫療管理\11医疗纠纷投訴\医疗纠纷法律法规\预防接种异常反应鉴定\疫苗流通和预防接种管理条例.docx","CN","地區待確認","年份待確認","","技術規範／診療指南","藥事與藥品管理","感染預防與控制；護理管理；醫技、檢驗與病理；急診與緊急醫療；生殖、婦幼與月子服務；醫療器材與設備；消防、治安與應急管理；環境、能源與醫療廢棄物；財務、採購與內部稽核；醫療治理與依法執業","docx","51221","2022-05-25T08:59:44.000Z","classified_candidate","0.75"
"8bd6b1f8dadb7ce6","非免疫规划疫苗使用指导原则（2020年版）.docx","1.醫療管理\11医疗纠纷投訴\医疗纠纷法律法规\预防接种异常反应鉴定\非免疫规划疫苗使用指导原则（2020年版）.docx","CN","地區待確認","2020","2020","技術規範／診療指南","生殖、婦幼與月子服務","醫療治理與依法執業","docx","12169","2022-05-25T09:05:24.000Z","classified_candidate","0.75"
"13f6056904111db9","预防接种异常反应鉴定办法.docx","1.醫療管理\11医疗纠纷投訴\医疗纠纷法律法规\预防接种异常反应鉴定\预防接种异常反应鉴定办法.docx","UNKNOWN","地區待確認","年份待確認","","技術規範／診療指南","病歷、電子病歷與醫療資料","資訊安全與個人資料；藥事與藥品管理；護理管理；醫技、檢驗與病理；生殖、婦幼與月子服務；臨床研究與人體試驗；醫療治理與依法執業","docx","31013","2022-05-25T09:10:14.000Z","classified_candidate","0.35"
"d52758792687b3d1","上海市医患纠纷预防与调解办法.docx","1.醫療管理\11医疗纠纷投訴\地方纠纷规定\上海市医患纠纷预防与调解办法.docx","CN","上海","年份待確認","","公告／通知／函釋","醫院評鑑與醫療品質","病歷、電子病歷與醫療資料；資訊安全與個人資料；藥事與藥品管理；護理管理；手術、麻醉與疼痛管理；急診與緊急醫療；醫療器材與設備；消防、治安與應急管理；醫院評鑑與醫療品質；醫療治理與依法執業","docx","19711","2022-05-26T02:28:54.000Z","classified_candidate","0.75"
"702130af1e6ccbfd","上海市医疗事故行政处罚裁量基准.docx","1.醫療管理\11医疗纠纷投訴\地方纠纷规定\上海市医疗事故行政处罚裁量基准.docx","UNKNOWN","上海","年份待確認","","院內制度／SOP","病歷、電子病歷與醫療資料","感染預防與控制；手術、麻醉與疼痛管理；醫療治理與依法執業","docx","19224","2022-05-26T02:41:06.000Z","classified_candidate","0.35"
"694e348efa5952f4","北京市医院安全秩序管理规定.docx","1.醫療管理\11医疗纠纷投訴\地方纠纷规定\北京市医院安全秩序管理规定.docx","CN","北京","年份待確認","","教材／簡報／參考資料","資訊安全與個人資料","護理管理；急診與緊急醫療；醫療器材與設備；消防、治安與應急管理；環境、能源與醫療廢棄物；醫療治理與依法執業","docx","16501","2022-05-26T03:11:50.000Z","classified_candidate","0.75"
"d8add11751b3a9f4","四川省医疗机构、医务人员、医疗行为责任追究办法.docx","1.醫療管理\11医疗纠纷投訴\地方纠纷规定\四川省医疗机构、医务人员、医疗行为责任追究办法.docx","CN","四川","年份待確認","","醫院評鑑／認證標準","醫院評鑑與醫療品質","資訊安全與個人資料；藥事與藥品管理；感染預防與控制；護理管理；醫技、檢驗與病理；手術、麻醉與疼痛管理；急診與緊急醫療；醫療器材與設備；醫院評鑑與醫療品質；醫療治理與依法執業","docx","16783","2022-05-26T02:46:32.000Z","classified_candidate","0.75"
"28d225d68b4464f5","天津市医疗纠纷处置条例.docx","1.醫療管理\11医疗纠纷投訴\地方纠纷规定\天津市医疗纠纷处置条例.docx","UNKNOWN","天津","年份待確認","","公告／通知／函釋","醫院評鑑與醫療品質","病歷、電子病歷與醫療資料；資訊安全與個人資料；護理管理；醫技、檢驗與病理；手術、麻醉與疼痛管理；輸血與器官移植；醫療保險與支付；消防、治安與應急管理；醫院評鑑與醫療品質；醫療治理與依法執業","docx","17483","2022-05-26T02:10:24.000Z","classified_candidate","0.35"
"18821ba8ccd7944a","安徽省医疗纠纷预防与处置办法.docx","1.醫療管理\11医疗纠纷投訴\地方纠纷规定\安徽省医疗纠纷预防与处置办法.docx","CN","安徽","年份待確認","","公告／通知／函釋","醫院評鑑與醫療品質","病歷、電子病歷與醫療資料；資訊安全與個人資料；護理管理；手術、麻醉與疼痛管理；急診與緊急醫療；醫療保險與支付；消防、治安與應急管理；醫院評鑑與醫療品質；醫療治理與依法執業","docx","18121","2022-05-26T02:29:36.000Z","classified_candidate","0.75"
"ffa37aa506151fe2","江苏省医疗机构不良执业行为记分管理办法.docx","1.醫療管理\11医疗纠纷投訴\地方纠纷规定\江苏省医疗机构不良执业行为记分管理办法.docx","CN","江蘇","年份待確認","","公告／通知／函釋","醫院評鑑與醫療品質","病歷、電子病歷與醫療資料；資訊安全與個人資料；藥事與藥品管理；感染預防與控制；護理管理；醫技、檢驗與病理；手術、麻醉與疼痛管理；急診與緊急醫療；生殖、婦幼與月子服務；醫療器材與設備；環境、能源與醫療廢棄物；醫院評鑑與醫療品質；醫療治理與依法執業","docx","16885","2022-05-26T02:43:08.000Z","classified_candidate","0.75"
"3901acbd3fdec2e8","江苏省医疗纠纷预防与处理条例.docx","1.醫療管理\11医疗纠纷投訴\地方纠纷规定\江苏省医疗纠纷预防与处理条例.docx","CN","江蘇","年份待確認","","研究論文／文獻","醫院評鑑與醫療品質","病歷、電子病歷與醫療資料；資訊安全與個人資料；藥事與藥品管理；護理管理；醫技、檢驗與病理；手術、麻醉與疼痛管理；急診與緊急醫療；臨床研究與人體試驗；醫療保險與支付；醫療器材與設備；消防、治安與應急管理；財務、採購與內部稽核；醫院評鑑與醫療品質；醫療治理與依法執業","docx","27939","2022-05-26T02:16:36.000Z","classified_candidate","0.75"
"0395c6687bc5a829","江西省医疗纠纷预防与处理条例.docx","1.醫療管理\11医疗纠纷投訴\地方纠纷规定\江西省医疗纠纷预防与处理条例.docx","CN","江西","年份待確認","","研究論文／文獻","醫院評鑑與醫療品質","病歷、電子病歷與醫療資料；資訊安全與個人資料；藥事與藥品管理；護理管理；醫技、檢驗與病理；手術、麻醉與疼痛管理；急診與緊急醫療；輸血與器官移植；臨床研究與人體試驗；醫療保險與支付；醫療器材與設備；消防、治安與應急管理；醫院評鑑與醫療品質；醫療治理與依法執業","docx","23069","2022-05-26T02:26:16.000Z","classified_candidate","0.75"
"6a487993d681d7cb","河北省医疗纠纷预防和处理条例.docx","1.醫療管理\11医疗纠纷投訴\地方纠纷规定\河北省医疗纠纷预防和处理条例.docx","CN","河北","年份待確認","","醫院評鑑／認證標準","醫院評鑑與醫療品質","病歷、電子病歷與醫療資料；資訊安全與個人資料；藥事與藥品管理；感染預防與控制；護理管理；醫技、檢驗與病理；手術、麻醉與疼痛管理；急診與緊急醫療；輸血與器官移植；醫療保險與支付；醫療器材與設備；消防、治安與應急管理；環境、能源與醫療廢棄物；醫院評鑑與醫療品質；醫療治理與依法執業","docx","25405","2022-05-26T02:27:58.000Z","classified_candidate","0.75"
"c6b52cd7928fe842","河南省医疗纠纷预防与处理办法.docx","1.醫療管理\11医疗纠纷投訴\地方纠纷规定\河南省医疗纠纷预防与处理办法.docx","CN","河南","年份待確認","","公告／通知／函釋","醫院評鑑與醫療品質","病歷、電子病歷與醫療資料；資訊安全與個人資料；藥事與藥品管理；感染預防與控制；護理管理；醫技、檢驗與病理；手術、麻醉與疼痛管理；急診與緊急醫療；輸血與器官移植；醫療保險與支付；醫療器材與設備；消防、治安與應急管理；醫院評鑑與醫療品質；醫療治理與依法執業","docx","21292","2022-05-26T02:34:50.000Z","classified_candidate","0.75"
"ba96ee29a0a500ea","河南省医疗纠纷预防与处置暂行办法.docx","1.醫療管理\11医疗纠纷投訴\地方纠纷规定\河南省医疗纠纷预防与处置暂行办法.docx","CN","河南","年份待確認","","研究論文／文獻","醫院評鑑與醫療品質","病歷、電子病歷與醫療資料；資訊安全與個人資料；藥事與藥品管理；護理管理；醫技、檢驗與病理；臨床研究與人體試驗；醫療保險與支付；消防、治安與應急管理；醫院評鑑與醫療品質；醫療治理與依法執業","docx","18265","2022-05-26T02:35:56.000Z","classified_candidate","0.75"
"5aa05f6e187a1e14","济宁市医疗纠纷预防和处理办法.docx","1.醫療管理\11医疗纠纷投訴\地方纠纷规定\济宁市医疗纠纷预防和处理办法.docx","UNKNOWN","地區待確認","年份待確認","","研究論文／文獻","醫院評鑑與醫療品質","病歷、電子病歷與醫療資料；資訊安全與個人資料；藥事與藥品管理；感染預防與控制；護理管理；醫技、檢驗與病理；手術、麻醉與疼痛管理；急診與緊急醫療；輸血與器官移植；生殖、婦幼與月子服務；臨床研究與人體試驗；醫療保險與支付；醫療器材與設備；消防、治安與應急管理；醫院評鑑與醫療品質；醫療治理與依法執業","docx","424616","2022-05-26T03:10:54.000Z","classified_candidate","0.35"
"37a4f4614a4ea72e","湖北省医疗纠纷预防与处理办法.docx","1.醫療管理\11医疗纠纷投訴\地方纠纷规定\湖北省医疗纠纷预防与处理办法.docx","CN","湖北","年份待確認","","研究論文／文獻","醫院評鑑與醫療品質","病歷、電子病歷與醫療資料；資訊安全與個人資料；藥事與藥品管理；護理管理；醫技、檢驗與病理；手術、麻醉與疼痛管理；急診與緊急醫療；臨床研究與人體試驗；醫療保險與支付；醫療器材與設備；消防、治安與應急管理；醫院評鑑與醫療品質；醫療治理與依法執業","docx","18367","2022-05-26T02:33:08.000Z","classified_candidate","0.75"
"97cf59083dcb4f51","福建省医疗纠纷预防与处理办法.docx","1.醫療管理\11医疗纠纷投訴\地方纠纷规定\福建省医疗纠纷预防与处理办法.docx","CN","福建","年份待確認","","醫院評鑑／認證標準","醫院評鑑與醫療品質","病歷、電子病歷與醫療資料；資訊安全與個人資料；藥事與藥品管理；護理管理；醫技、檢驗與病理；手術、麻醉與疼痛管理；急診與緊急醫療；輸血與器官移植；醫療保險與支付；醫療器材與設備；消防、治安與應急管理；醫院評鑑與醫療品質；醫療治理與依法執業","docx","23123","2022-05-26T02:32:10.000Z","classified_candidate","0.75"
"2d530f911819d642","3.临床营养专业医疗质量控制指标（2022年版）.pdf","1.醫療管理\12營養科法規\3.临床营养专业医疗质量控制指标（2022年版）.pdf","UNKNOWN","地區待確認","2022","2022","待確認或非規範文件","醫院評鑑與醫療品質","醫院評鑑與醫療品質；醫療治理與依法執業","pdf","299308","2024-10-06T09:05:22.000Z","classified_candidate","0.35"
"896cc1a75fe3bf64","DB 14∕T 1657-2018 医院临床营养科建设与管理规范.pdf","1.醫療管理\12營養科法規\DB 14∕T 1657-2018 医院临床营养科建设与管理规范.pdf","UNKNOWN","地區待確認","2018","2018","待確認或非規範文件","醫療治理與依法執業","","pdf","1305756","2024-10-06T07:34:06.000Z","classified_candidate","0.35"
"64cdb61a720455d7","DB14_T 1658-2018 临床营养诊疗技术操作规程.pdf","1.醫療管理\12營養科法規\DB14_T 1658-2018 临床营养诊疗技术操作规程.pdf","UNKNOWN","地區待確認","2018","2018","國家或地方標準","醫療治理與依法執業","","pdf","4267993","2024-10-06T07:36:36.000Z","classified_candidate","0.35"
"80a7f5341a1df417","DB34_T 4512-2023 医院膳食服务规范.pdf","1.醫療管理\12營養科法規\DB34_T 4512-2023 医院膳食服务规范.pdf","UNKNOWN","地區待確認","2023","2023","國家或地方標準","醫療治理與依法執業","","pdf","409048","2023-11-15T01:52:10.000Z","classified_candidate","0.35"
"d211f3059bacc106","DB43_T 2913-2024 营养健康食堂建设管理规范.pdf","1.醫療管理\12營養科法規\DB43_T 2913-2024 营养健康食堂建设管理规范.pdf","UNKNOWN","地區待確認","2024","2024","國家或地方標準","醫療治理與依法執業","","pdf","2473478","2024-10-06T07:39:00.000Z","classified_candidate","0.35"
"b17a2e8e0a0c0235","DB43_T 2926-2024 特困人员供养服务机构（敬老院）运营管理.pdf","1.醫療管理\12營養科法規\DB43_T 2926-2024 特困人员供养服务机构（敬老院）运营管理.pdf","UNKNOWN","地區待確認","2024","2024","國家或地方標準","醫療治理與依法執業","","pdf","1429018","2024-10-06T07:37:44.000Z","classified_candidate","0.35"
"62b1ac90cb2da43e","DB52_T 1694-2022 医疗机构营养健康食堂建设管理规范.pdf","1.醫療管理\12營養科法規\DB52_T 1694-2022 医疗机构营养健康食堂建设管理规范.pdf","UNKNOWN","地區待確認","2022","2022","國家或地方標準","醫療治理與依法執業","","pdf","1653972","2024-10-06T07:41:04.000Z","classified_candidate","0.35"
"d2780df5d4f763f3","SB_T 10732-2012 营养师岗位技能要求.pdf","1.醫療管理\12營養科法規\SB_T 10732-2012 营养师岗位技能要求.pdf","UNKNOWN","地區待確認","2012","2012","待確認或非規範文件","醫療治理與依法執業","","pdf","1735232","2024-10-06T07:43:22.000Z","classified_candidate","0.35"
"a67e66ff7e117d86","TCHAS 10-2-29.-2020附件2临床营养标准.pdf","1.醫療管理\12營養科法規\TCHAS 10-2-29.-2020附件2临床营养标准.pdf","UNKNOWN","地區待確認","2020","2020","待確認或非規範文件","醫療治理與依法執業","","pdf","1202658","2022-06-20T03:59:30.000Z","classified_candidate","0.35"
"4de6c5e55c667e29","TCNSS 004-2020.pdf","1.醫療管理\12營養科法規\TCNSS 004-2020.pdf","UNKNOWN","地區待確認","2020","2020","待確認或非規範文件","醫療治理與依法執業","","pdf","3191851","2024-10-06T07:34:34.000Z","classified_candidate","0.35"
"c302baf25e4043f7","T_CHAA 013-2021 医疗机构营养配膳员操作规范.pdf","1.醫療管理\12營養科法規\T_CHAA 013-2021 医疗机构营养配膳员操作规范.pdf","UNKNOWN","地區待確認","2021","2021","待確認或非規範文件","醫療治理與依法執業","","pdf","2337357","2024-10-06T07:42:44.000Z","classified_candidate","0.35"
"cb103097fc49b050","T_CNSS 023-2023 注册营养师和注册营养技师岗位能力要求.pdf","1.醫療管理\12營養科法規\T_CNSS 023-2023 注册营养师和注册营养技师岗位能力要求.pdf","UNKNOWN","地區待確認","2023","2023","待確認或非規範文件","醫療治理與依法執業","","pdf","310707","2024-10-06T07:39:54.000Z","classified_candidate","0.35"
"1df2f352a3dfced0","T_CRHA 033-2024 管饲肠内营养机械性并发症预防规范.pdf","1.醫療管理\12營養科法規\T_CRHA 033-2024 管饲肠内营养机械性并发症预防规范.pdf","UNKNOWN","地區待確認","2024","2024","待確認或非規範文件","醫療治理與依法執業","","pdf","549070","2024-10-06T07:37:10.000Z","classified_candidate","0.35"
"bb44b8f897defdfc","T_CRHA 058-2024 基于营养基因组学的慢病人群膳食管理操作指.pdf","1.醫療管理\12營養科法規\T_CRHA 058-2024 基于营养基因组学的慢病人群膳食管理操作指.pdf","UNKNOWN","地區待確認","2024","2024","待確認或非規範文件","醫療治理與依法執業","","pdf","418270","2024-10-06T07:35:22.000Z","classified_candidate","0.35"
"d37715c278456fad","T_GDNAS 019-2022 成人住院患者营养风险筛查与评定及预防护.pdf","1.醫療管理\12營養科法規\T_GDNAS 019-2022 成人住院患者营养风险筛查与评定及预防护.pdf","UNKNOWN","地區待確認","2022","2022","待確認或非規範文件","醫療治理與依法執業","","pdf","300440","2023-06-09T05:40:32.000Z","classified_candidate","0.35"
"9d52a8d69bd2a74a","T_LXLY 4-2020 老年营养师职业能力评价指南.pdf","1.醫療管理\12營養科法規\T_LXLY 4-2020 老年营养师职业能力评价指南.pdf","UNKNOWN","地區待確認","2020","2020","技術規範／診療指南","醫療治理與依法執業","","pdf","1720835","2024-10-06T07:42:32.000Z","classified_candidate","0.35"
"eea94ed84e7472e2","T_SHNA 0005-2023 成人住院患者肠外营养输注护理.pdf","1.醫療管理\12營養科法規\T_SHNA 0005-2023 成人住院患者肠外营养输注护理.pdf","UNKNOWN","地區待確認","2023","2023","待確認或非規範文件","護理管理","醫療治理與依法執業","pdf","1374696","2024-10-06T07:39:24.000Z","classified_candidate","0.35"
"19c742904169b3a6","《河南省二级、三级医疗机构临床营养质量控制评价细则(试行)》.xlsx","1.醫療管理\12營養科法規\《河南省二级、三级医疗机构临床营养质量控制评价细则(试行)》.xlsx","CN","河南","年份待確認","","研究論文／文獻","醫院評鑑與醫療品質","病歷、電子病歷與醫療資料；藥事與藥品管理；感染預防與控制；護理管理；醫技、檢驗與病理；手術、麻醉與疼痛管理；急診與緊急醫療；醫療器材與設備；消防、治安與應急管理；環境、能源與醫療廢棄物；財務、採購與內部稽核；醫院評鑑與醫療品質；後勤、建築與設施安全；醫療治理與依法執業","xlsx","28658","2024-10-06T09:49:54.000Z","classified_candidate","0.75"
"43846770bbe77784","国卫办医函〔2022〕临床营养科建设与管理指南（试行）的通知.pdf","1.醫療管理\12營養科法規\国卫办医函〔2022〕临床营养科建设与管理指南（试行）的通知.pdf","UNKNOWN","地區待確認","2022","2022","技術規範／診療指南","醫療治理與依法執業","","pdf","207329","2022-06-01T05:02:20.000Z","classified_candidate","0.35"
"4873fbcff535e119","国家卫生健康委办公厅关于进一步推进临床营养工作的通知.pdf","1.醫療管理\12營養科法規\国家卫生健康委办公厅关于进一步推进临床营养工作的通知.pdf","UNKNOWN","地區待確認","年份待確認","","公告／通知／函釋","醫療治理與依法執業","","pdf","243507","2024-10-06T08:01:14.000Z","classified_candidate","0.35"
"44ed09ca896defc7","第 2-29 部分：患者服务 临床营养.pdf","1.醫療管理\12營養科法規\第 2-29 部分：患者服务 临床营养.pdf","UNKNOWN","地區待確認","年份待確認","","待確認或非規範文件","醫療治理與依法執業","","pdf","1097601","2022-07-19T02:47:38.000Z","classified_candidate","0.35"
"d5ec3243f65fdad9","营养筛查及评估工作规范.docx","1.醫療管理\12營養科法規\营养筛查及评估工作规范.docx","CN","地區待確認","年份待確認","","研究論文／文獻","醫院評鑑與醫療品質","病歷、電子病歷與醫療資料；醫技、檢驗與病理；手術、麻醉與疼痛管理；臨床診療與醫療技術；醫療治理與依法執業","docx","12431","2024-10-07T01:51:00.000Z","classified_candidate","0.75"
"b0dc500cbdcd3ff4","DB4203_T 241-2024 医疗机构康复住院患者服务规范.pdf","1.醫療管理\13康復科法規\DB4203_T 241-2024 医疗机构康复住院患者服务规范.pdf","UNKNOWN","地區待確認","2024","2024","國家或地方標準","醫療治理與依法執業","","pdf","596672","2024-09-27T03:23:38.000Z","classified_candidate","0.35"
"3ff6852a2f905b9b","T_CARM 001-2023 综合医院康复医学科建设指南.pdf","1.醫療管理\13康復科法規\T_CARM 001-2023 综合医院康复医学科建设指南.pdf","UNKNOWN","地區待確認","2023","2023","技術規範／診療指南","醫療治理與依法執業","","pdf","349886","2024-03-18T05:57:24.000Z","classified_candidate","0.35"
"0ba2ce99fb272409","T_CARM 002-2023 康复医院建设标准.pdf","1.醫療管理\13康復科法規\T_CARM 002-2023 康复医院建设标准.pdf","UNKNOWN","地區待確認","2023","2023","待確認或非規範文件","醫療治理與依法執業","","pdf","293578","2024-03-18T05:57:12.000Z","classified_candidate","0.35"
"a033dc82cfff2dc9","T_CARM 003-2023 康复治疗师岗位能力要求.pdf","1.醫療管理\13康復科法規\T_CARM 003-2023 康复治疗师岗位能力要求.pdf","UNKNOWN","地區待確認","2023","2023","待確認或非規範文件","醫療治理與依法執業","","pdf","360463","2024-03-18T05:56:56.000Z","classified_candidate","0.35"
"6f7335bcdcd4b173","T_CARM 004-2023 康复治疗师规范化培训方案.pdf","1.醫療管理\13康復科法規\T_CARM 004-2023 康复治疗师规范化培训方案.pdf","UNKNOWN","地區待確認","2023","2023","教材／簡報／參考資料","醫療治理與依法執業","","pdf","346924","2024-03-18T05:56:46.000Z","classified_candidate","0.35"
"a746513b85f99f82","T_CARM 007-2023 中国儿童康复治疗师岗位能力规范.pdf","1.醫療管理\13康復科法規\T_CARM 007-2023 中国儿童康复治疗师岗位能力规范.pdf","CN","地區待確認","2023","2023","待確認或非規範文件","醫療治理與依法執業","","pdf","408443","2024-03-18T05:56:32.000Z","classified_candidate","0.75"
"d377c2e51ddab089","三级康复专科医院评审标准湖南.docx","1.醫療管理\13康復科法規\三级康复专科医院评审标准湖南.docx","CN","湖南","年份待確認","","醫院評鑑／認證標準","醫院評鑑與醫療品質","病歷、電子病歷與醫療資料；資訊安全與個人資料；藥事與藥品管理；感染預防與控制；護理管理；醫技、檢驗與病理；手術、麻醉與疼痛管理；急診與緊急醫療；輸血與器官移植；生殖、婦幼與月子服務；生殖、婦幼與月子服務；臨床研究與人體試驗；職業安全與員工健康；醫療保險與支付；醫療器材與設備；臨床診療與醫療技術；財務、採購與內部稽核；醫院評鑑與醫療品質；後勤、建築與設施安全；醫療治理與依法執業","docx","1409325","2024-08-02T00:45:44.000Z","classified_candidate","0.75"
"30d0ee0e2b60a5d4","关于印发脑卒中等8个常见病种（手术）康复医疗双向转诊标准（试行）的通知.docx","1.醫療管理\13康復科法規\关于印发脑卒中等8个常见病种（手术）康复医疗双向转诊标准（试行）的通知.docx","CN","地區待確認","年份待確認","","醫院評鑑／認證標準","感染預防與控制","醫技、檢驗與病理；手術、麻醉與疼痛管理；醫療治理與依法執業","docx","18450","2023-03-01T02:27:52.000Z","classified_candidate","0.75"
"1dc935d562e61783","广东省专科医院实施细则康复医院.pdf","1.醫療管理\13康復科法規\广东省专科医院实施细则康复医院.pdf","CN","廣東","年份待確認","","公告／通知／函釋","醫療治理與依法執業","","pdf","1134385","2024-08-02T00:14:34.000Z","classified_candidate","0.75"
"f600f23af8a3dd2d","康复功能评估与治疗管理制度.docx","1.醫療管理\13康復科法規\康复功能评估与治疗管理制度.docx","UNKNOWN","地區待確認","年份待確認","","公告／通知／函釋","護理管理","醫技、檢驗與病理；急診與緊急醫療；醫療治理與依法執業","docx","13825","2022-06-10T06:38:00.000Z","classified_candidate","0.35"
"4d196b4f4669b674","康复医学科早期康复介入工作流程.docx","1.醫療管理\13康復科法規\康复医学科早期康复介入工作流程.docx","UNKNOWN","地區待確認","年份待確認","","院內制度／SOP","醫療治理與依法執業","","docx","12904","2022-06-10T06:17:46.000Z","classified_candidate","0.35"
"8b58ee7bf4dc367c","康复医院基本标准（2012年版）.docx","1.醫療管理\13康復科法規\康复医院基本标准（2012年版）.docx","UNKNOWN","地區待確認","2012","2012","技術規範／診療指南","醫院評鑑與醫療品質","病歷、電子病歷與醫療資料；資訊安全與個人資料；感染預防與控制；護理管理；醫技、檢驗與病理；手術、麻醉與疼痛管理；醫療器材與設備；醫院評鑑與醫療品質；後勤、建築與設施安全；醫療治理與依法執業","docx","17685","2022-06-08T06:26:34.000Z","classified_candidate","0.35"
"7c9b7815bf99241d","康复意外应急预案与处理流程.doc","1.醫療管理\13康復科法規\康复意外应急预案与处理流程.doc","UNKNOWN","地區待確認","年份待確認","","院內制度／SOP","急診與緊急醫療","消防、治安與應急管理；醫療治理與依法執業","doc","106496","2022-06-10T06:00:36.000Z","classified_candidate","0.35"
"3963a330fe64852f","康复治疗专业人员培训大纲 (2).doc","1.醫療管理\13康復科法規\康复治疗专业人员培训大纲 (2).doc","UNKNOWN","地區待確認","年份待確認","","教材／簡報／參考資料","醫療治理與依法執業","","doc","169984","2024-03-18T05:47:54.000Z","classified_candidate","0.35"
"8c6a4994ae479f57","康复治疗专业人员培训大纲.doc","1.醫療管理\13康復科法規\康复治疗专业人员培训大纲.doc","UNKNOWN","地區待確認","年份待確認","","教材／簡報／參考資料","醫療治理與依法執業","","doc","169984","2024-08-02T00:25:42.000Z","classified_candidate","0.35"
"5e45f4042bdd957f","综合医院康复医学科基本标准（试行）.doc","1.醫療管理\13康復科法規\综合医院康复医学科基本标准（试行）.doc","UNKNOWN","地區待確認","年份待確認","","待確認或非規範文件","醫療治理與依法執業","","doc","29184","2022-06-08T06:26:34.000Z","classified_candidate","0.35"
"e216f363ef63c961","综合医院康复医学科建设与管理指南.doc","1.醫療管理\13康復科法規\综合医院康复医学科建设与管理指南.doc","UNKNOWN","地區待確認","年份待確認","","技術規範／診療指南","醫療治理與依法執業","","doc","32256","2022-06-08T06:16:20.000Z","classified_candidate","0.35"
"0f423578bec6eec8","康复医院基本标准（2012年版）.docx","1.醫療管理\13康復科法規\康复医学科基本标准\康复医院基本标准（2012年版）.docx","UNKNOWN","地區待確認","2012","2012","技術規範／診療指南","醫院評鑑與醫療品質","病歷、電子病歷與醫療資料；資訊安全與個人資料；感染預防與控制；護理管理；醫技、檢驗與病理；手術、麻醉與疼痛管理；醫療器材與設備；醫院評鑑與醫療品質；後勤、建築與設施安全；醫療治理與依法執業","docx","17685","2022-06-08T06:26:34.000Z","classified_candidate","0.35"
"b7175597169cda65","综合医院康复医学科基本标准（试行）.doc","1.醫療管理\13康復科法規\康复医学科基本标准\综合医院康复医学科基本标准（试行）.doc","UNKNOWN","地區待確認","年份待確認","","待確認或非規範文件","醫療治理與依法執業","","doc","29184","2022-06-08T06:26:34.000Z","classified_candidate","0.35"
"fa042b3825d105bf","综合医院康复医学科建设与管理指南.doc","1.醫療管理\13康復科法規\康复医学科基本标准\综合医院康复医学科建设与管理指南.doc","UNKNOWN","地區待確認","年份待確認","","技術規範／診療指南","醫療治理與依法執業","","doc","32256","2022-06-08T06:16:20.000Z","classified_candidate","0.35"
"541cd8ea9528e35d","DB32_T 3545.5-2023 血液净化治疗技术管理 第5部分：血.pdf","1.醫療管理\15血透室法規\DB32_T 3545.5-2023 血液净化治疗技术管理 第5部分：血.pdf","UNKNOWN","地區待確認","2023","2023","國家或地方標準","醫療治理與依法執業","","pdf","564722","2023-09-05T12:35:22.000Z","classified_candidate","0.35"
"531ec72485e9b767","WST 854-2025血液透析部门（中心）医院感染预防与控制标准.pdf","1.醫療管理\15血透室法規\WST 854-2025血液透析部门（中心）医院感染预防与控制标准.pdf","UNKNOWN","地區待確認","2025","2025","國家或地方標準","感染預防與控制","醫療治理與依法執業","pdf","371640","2025-08-26T06:33:46.000Z","classified_candidate","0.35"
"2ef44e800d6d203c","YY 0793.2-2023 血液透析和相关治疗用液体的制备和质量管理 .pdf","1.醫療管理\15血透室法規\YY 0793.2-2023 血液透析和相关治疗用液体的制备和质量管理 .pdf","UNKNOWN","地區待確認","2023","2023","待確認或非規範文件","醫院評鑑與醫療品質","醫療治理與依法執業","pdf","1288126","2026-01-08T02:34:34.000Z","classified_candidate","0.35"
"59164b9568ca498d","YY_T 0793.4-2022 血液透析和相关治疗用液体的制备和质量管 (1).pdf","1.醫療管理\15血透室法規\YY_T 0793.4-2022 血液透析和相关治疗用液体的制备和质量管 (1).pdf","UNKNOWN","地區待確認","2022","2022","待確認或非規範文件","醫療治理與依法執業","","pdf","1300817","2026-01-08T02:34:06.000Z","classified_candidate","0.35"
"6a9486c2e38f86a7","YY_T 0793.4-2022 血液透析和相关治疗用液体的制备和质量管.pdf","1.醫療管理\15血透室法規\YY_T 0793.4-2022 血液透析和相关治疗用液体的制备和质量管.pdf","UNKNOWN","地區待確認","2022","2022","待確認或非規範文件","醫療治理與依法執業","","pdf","1300817","2026-01-08T02:13:46.000Z","classified_candidate","0.35"
"af6da120a2597057","第 2-20 部分：患者服务 血液净化.pdf","1.醫療管理\15血透室法規\第 2-20 部分：患者服务 血液净化.pdf","UNKNOWN","地區待確認","年份待確認","","待確認或非規範文件","醫療治理與依法執業","","pdf","1786138","2022-06-20T04:02:26.000Z","classified_candidate","0.35"
"b9e131faf04127b2","血液淨化.docx","1.醫療管理\15血透室法規\血液淨化.docx","UNKNOWN","地區待確認","年份待確認","","研究論文／文獻","醫院評鑑與醫療品質","病歷、電子病歷與醫療資料；藥事與藥品管理；感染預防與控制；護理管理；醫技、檢驗與病理；手術、麻醉與疼痛管理；輸血與器官移植；職業安全與員工健康；醫療器材與設備；環境、能源與醫療廢棄物；醫院評鑑與醫療品質；圖書、教育與文件管理；醫療治理與依法執業","docx","2680680","2022-07-07T03:26:18.000Z","classified_candidate","0.35"
"d59cc72c93ad0063","血液淨化.pdf","1.醫療管理\15血透室法規\血液淨化.pdf","UNKNOWN","地區待確認","年份待確認","","待確認或非規範文件","醫療治理與依法執業","","pdf","4951207","2022-07-07T03:24:56.000Z","classified_candidate","0.35"
"3ed4a0d9019f7815","血液淨化室質量規範(1).docx","1.醫療管理\15血透室法規\血液淨化室質量規範(1).docx","UNKNOWN","地區待確認","年份待確認","","待確認或非規範文件","醫療治理與依法執業","","docx","10181927","2025-09-05T01:31:08.000Z","classified_candidate","0.35"
"22ad404268a2ae7c","血液淨化室質量規範.docx","1.醫療管理\15血透室法規\血液淨化室質量規範.docx","UNKNOWN","地區待確認","年份待確認","","待確認或非規範文件","醫療治理與依法執業","","docx","8057528","2022-08-15T12:14:36.000Z","classified_candidate","0.35"
"f28fc5c8c79892b8","血液淨化室質量規範.pdf","1.醫療管理\15血透室法規\血液淨化室質量規範.pdf","UNKNOWN","地區待確認","年份待確認","","待確認或非規範文件","醫療治理與依法執業","","pdf","9278671","2022-08-15T09:26:24.000Z","classified_candidate","0.35"
"0d42ae839960b9e0","2001年至2019年药物不良事件相关死亡率的国际趋势：对世界卫生组织54个国家死亡率数据库的分析.pdf","1.醫療管理\1不良事件\2001年至2019年药物不良事件相关死亡率的国际趋势：对世界卫生组织54个国家死亡率数据库的分析.pdf","UNKNOWN","地區待確認","2019","2019；2001","待確認或非規範文件","資訊安全與個人資料","醫療治理與依法執業","pdf","744345","2024-08-24T08:49:38.000Z","classified_candidate","0.35"
"ea4c2a5fa4dda0c9","Comparative analysis of medical device adverse event reporting forms for patients and industries across various countries_ and the introduction of a unified generic form for harmonization (1).pdf","1.醫療管理\1不良事件\Comparative analysis of medical device adverse event reporting forms for patients and industries across various countries_ and the introduction of a unified generic form for harmonization (1).pdf","UNKNOWN","地區待確認","年份待確認","","待確認或非規範文件","醫療治理與依法執業","","pdf","1149134","2025-09-08T10:28:12.000Z","classified_candidate","0.35"
"8037bdf3d4e92720","Comparative analysis of medical device adverse event reporting forms for patients and industries across various countries_ and the introduction of a unified generic form for harmonization.pdf","1.醫療管理\1不良事件\Comparative analysis of medical device adverse event reporting forms for patients and industries across various countries_ and the introduction of a unified generic form for harmonization.pdf","UNKNOWN","地區待確認","年份待確認","","待確認或非規範文件","醫療治理與依法執業","","pdf","1149134","2025-09-08T10:24:14.000Z","classified_candidate","0.35"
"a0f6cad9cfff0aae","DB41_T 2399-2023 药品不良反应聚集性事件调查工作指南.pdf","1.醫療管理\1不良事件\DB41_T 2399-2023 药品不良反应聚集性事件调查工作指南.pdf","UNKNOWN","地區待確認","2023","2023","技術規範／診療指南","藥事與藥品管理","醫療治理與依法執業","pdf","720548","2023-12-03T06:52:18.000Z","classified_candidate","0.35"
"298858277e02f06e","DB4403T 90-2020 医疗不良事件管理规范.pdf","1.醫療管理\1不良事件\DB4403T 90-2020 医疗不良事件管理规范.pdf","UNKNOWN","地區待確認","2020","2020","國家或地方標準","醫療治理與依法執業","","pdf","362668","2025-06-25T14:07:58.000Z","classified_candidate","0.35"
"1f4437b3cc034c32","DB4403_T 541-2024 医疗机构医疗器械不良事件监测和报告技.pdf","1.醫療管理\1不良事件\DB4403_T 541-2024 医疗机构医疗器械不良事件监测和报告技.pdf","UNKNOWN","地區待確認","2024","2024","國家或地方標準","醫療器材與設備","醫療治理與依法執業","pdf","290473","2025-06-25T14:07:12.000Z","classified_candidate","0.35"
"9e5b49b30a23a17e","endorsed-documents-improving-root-cause-analyses-actions-prevent-harm.pdf","1.醫療管理\1不良事件\endorsed-documents-improving-root-cause-analyses-actions-prevent-harm.pdf","UNKNOWN","地區待確認","年份待確認","","待確認或非規範文件","醫療治理與依法執業","","pdf","757788","2025-07-18T01:43:26.000Z","classified_candidate","0.35"
"2c52f8a26e0534ed","rca2-improving-root-cause-analyses-and-actions-to-prevent-harm.pdf","1.醫療管理\1不良事件\rca2-improving-root-cause-analyses-and-actions-to-prevent-harm.pdf","UNKNOWN","地區待確認","年份待確認","","待確認或非規範文件","醫療治理與依法執業","","pdf","1312254","2025-07-18T01:52:12.000Z","classified_candidate","0.35"
"686c35a2d621fc5b","TCHAS 10-4-6-2018-2018医疗管理 医疗安全（不良）事件管理.pdf","1.醫療管理\1不良事件\TCHAS 10-4-6-2018-2018医疗管理 医疗安全（不良）事件管理.pdf","UNKNOWN","地區待確認","2018","2018","待確認或非規範文件","醫療治理與依法執業","","pdf","1827366","2025-10-12T05:59:12.000Z","classified_candidate","0.35"
"b3167ccc4b860c70","T_CAV 031-2025 预防接种不良事件现场调查指南.pdf","1.醫療管理\1不良事件\T_CAV 031-2025 预防接种不良事件现场调查指南.pdf","UNKNOWN","地區待確認","2025","2025","技術規範／診療指南","生殖、婦幼與月子服務","醫療治理與依法執業","pdf","842440","2025-06-25T14:06:12.000Z","classified_candidate","0.35"
"0d16c07a3c129a54","T_CHAS 20-4-11-3-2024 医疗机构药事管理与药学服务 药品不良事件管理.pdf","1.醫療管理\1不良事件\T_CHAS 20-4-11-3-2024 医疗机构药事管理与药学服务 药品不良事件管理.pdf","UNKNOWN","地區待確認","2024","2024","待確認或非規範文件","藥事與藥品管理","醫療治理與依法執業","pdf","300297","2024-09-22T02:09:54.000Z","classified_candidate","0.35"
"8eecdcb16410e271","T_CQAP 4002-2024 医疗安全（不良）事件根本原因分析法活动.pdf","1.醫療管理\1不良事件\T_CQAP 4002-2024 医疗安全（不良）事件根本原因分析法活动.pdf","UNKNOWN","地區待確認","2024","2024","待確認或非規範文件","醫療治理與依法執業","","pdf","717948","2025-06-25T14:06:54.000Z","classified_candidate","0.35"
"372853704b1d6d39","T_HENANPA 013-2024 药品不良反应_事件关联性评价规范.pdf","1.醫療管理\1不良事件\T_HENANPA 013-2024 药品不良反应_事件关联性评价规范.pdf","UNKNOWN","地區待確認","2024","2024","待確認或非規範文件","藥事與藥品管理","醫療治理與依法執業","pdf","255351","2024-10-28T00:37:50.000Z","classified_candidate","0.35"
"7ffa35f94ad86245","不良事件管理培训  20230910 质量大会 0(2).pdf","1.醫療管理\1不良事件\不良事件管理培训  20230910 质量大会 0(2).pdf","UNKNOWN","地區待確認","2023","2023","教材／簡報／參考資料","醫療治理與依法執業","","pdf","5818057","2023-10-10T07:04:02.000Z","classified_candidate","0.35"
"7cdaa7c4d7c5949b","产科麻醉相关不良事件及质量控制分析.pdf","1.醫療管理\1不良事件\产科麻醉相关不良事件及质量控制分析.pdf","UNKNOWN","地區待確認","年份待確認","","待確認或非規範文件","醫院評鑑與醫療品質","手術、麻醉與疼痛管理；生殖、婦幼與月子服務；醫療治理與依法執業","pdf","1682642","2025-07-16T03:55:40.000Z","classified_candidate","0.35"
"c68d80389a4138b3","医疗不良事件的统计方式及存在的问题.pdf","1.醫療管理\1不良事件\医疗不良事件的统计方式及存在的问题.pdf","UNKNOWN","地區待確認","年份待確認","","待確認或非規範文件","醫療治理與依法執業","","pdf","1269505","2025-09-12T00:56:22.000Z","classified_candidate","0.35"
"bf9e0af2eae47269","医疗器械不良事件监测和再评价管理办法.docx","1.醫療管理\1不良事件\医疗器械不良事件监测和再评价管理办法.docx","CN","地區待確認","年份待確認","","研究論文／文獻","醫院評鑑與醫療品質","病歷、電子病歷與醫療資料；資訊安全與個人資料；藥事與藥品管理；醫技、檢驗與病理；急診與緊急醫療；臨床研究與人體試驗；醫療器材與設備；財務、採購與內部稽核；醫療治理與依法執業","docx","48855","2022-08-24T06:31:52.000Z","classified_candidate","0.75"
"15a197c86e2d4a25","医疗质量管理办法.pdf","1.醫療管理\1不良事件\医疗质量管理办法.pdf","UNKNOWN","地區待確認","年份待確認","","院內制度／SOP","醫院評鑑與醫療品質","醫院評鑑與醫療品質；醫療治理與依法執業","pdf","233744","2022-06-04T09:20:28.000Z","classified_candidate","0.35"
"1150f2d27912a545","第 4-4 部分：医疗管理 医疗风险管理.pdf","1.醫療管理\1不良事件\第 4-4 部分：医疗管理 医疗风险管理.pdf","UNKNOWN","地區待確認","年份待確認","","待確認或非規範文件","醫療治理與依法執業","","pdf","799822","2022-06-20T04:05:36.000Z","classified_candidate","0.35"
"be92bd7c392c887f","醫療器械不良事件報告工作指南河南2023.pdf","1.醫療管理\1不良事件\醫療器械不良事件報告工作指南河南2023.pdf","CN","河南","2023","2023","技術規範／診療指南","醫療器材與設備","醫療治理與依法執業","pdf","782080","2023-07-13T03:33:24.000Z","classified_candidate","0.75"
"1b66eb6f7eb4a3b3","TCHAA 001-2018 超重或肥胖人群体重管理规范.pdf","1.醫療管理\1体重管理\TCHAA 001-2018 超重或肥胖人群体重管理规范.pdf","UNKNOWN","地區待確認","2018","2018","待確認或非規範文件","臨床診療與醫療技術","醫療治理與依法執業","pdf","1850956","2025-04-14T01:16:02.000Z","classified_candidate","0.35"
"0ef61817650f1233","TCNSS 011-2021 学龄儿童体重管理营养指导规范.pdf","1.醫療管理\1体重管理\TCNSS 011-2021 学龄儿童体重管理营养指导规范.pdf","UNKNOWN","地區待確認","2021","2021","待確認或非規範文件","醫療治理與依法執業","","pdf","6340543","2025-04-14T01:15:54.000Z","classified_candidate","0.35"
"cc052c77595bcd1f","TGDYX 02-2019 体重管理师职业水平评价标准.pdf","1.醫療管理\1体重管理\TGDYX 02-2019 体重管理师职业水平评价标准.pdf","UNKNOWN","地區待確認","2019","2019","待確認或非規範文件","醫療治理與依法執業","","pdf","166300","2025-04-14T01:16:18.000Z","classified_candidate","0.35"
"a32c885a70cffdbc","T_CACM 1524-2023 中医体重管理临床指南.pdf","1.醫療管理\1体重管理\T_CACM 1524-2023 中医体重管理临床指南.pdf","UNKNOWN","地區待確認","2023","2023","技術規範／診療指南","醫療治理與依法執業","","pdf","2759834","2025-04-14T01:15:10.000Z","classified_candidate","0.35"
"f40adf11f9870faa","T_CNSS 021-2023 中国高龄老年人体质指数适宜范围与体重管理.pdf","1.醫療管理\1体重管理\T_CNSS 021-2023 中国高龄老年人体质指数适宜范围与体重管理.pdf","CN","地區待確認","2023","2023","待確認或非規範文件","醫療治理與依法執業","","pdf","318019","2025-04-14T01:15:28.000Z","classified_candidate","0.75"
"41483bcb9645ed7b","T_NAHIEM 70-2023 体重管理诚信服务规范.pdf","1.醫療管理\1体重管理\T_NAHIEM 70-2023 体重管理诚信服务规范.pdf","UNKNOWN","地區待確認","2023","2023","待確認或非規範文件","醫療治理與依法執業","","pdf","283342","2025-04-14T01:16:34.000Z","classified_candidate","0.35"
"f81214ed0275a453","T_QGCML 2688-2023 体重体态体质管理标准.pdf","1.醫療管理\1体重管理\T_QGCML 2688-2023 体重体态体质管理标准.pdf","UNKNOWN","地區待確認","2023","2023","待確認或非規範文件","醫療治理與依法執業","","pdf","791874","2025-04-14T01:14:56.000Z","classified_candidate","0.35"
"4d9edd88f559b4bc","《关于做好健康体重管理⻔诊设置与管理⼯作的通知》政策解读.docx","1.醫療管理\1体重管理\《关于做好健康体重管理⻔诊设置与管理⼯作的通知》政策解读.docx","CN","地區待確認","年份待確認","","公告／通知／函釋","醫院評鑑與醫療品質","資訊安全與個人資料；醫療器材與設備；臨床診療與醫療技術；醫院評鑑與醫療品質；醫療治理與依法執業","docx","31941","2025-04-14T01:26:26.000Z","classified_candidate","0.75"
"79d17e4be412310b","《关于做好健康体重管理⻔诊设置与管理⼯作的通知》政策解读.pdf","1.醫療管理\1体重管理\《关于做好健康体重管理⻔诊设置与管理⼯作的通知》政策解读.pdf","UNKNOWN","地區待確認","年份待確認","","公告／通知／函釋","醫療治理與依法執業","","pdf","741703","2025-04-14T00:32:22.000Z","classified_candidate","0.35"
"fb46b9eee76c6d9f","中国高龄老年人体质指数适宜范围与体重管理指南（T_CNSS 021—2023）.pdf","1.醫療管理\1体重管理\中国高龄老年人体质指数适宜范围与体重管理指南（T_CNSS 021—2023）.pdf","CN","地區待確認","2023","2023","技術規範／診療指南","醫療治理與依法執業","","pdf","784084","2025-04-14T01:57:04.000Z","classified_candidate","0.75"
"872b5c9df17a17b3","关于做好健康体重管理门诊设置与管理工作的通知.pdf","1.醫療管理\1体重管理\关于做好健康体重管理门诊设置与管理工作的通知.pdf","UNKNOWN","地區待確認","年份待確認","","公告／通知／函釋","醫療治理與依法執業","","pdf","941411","2025-04-14T00:31:36.000Z","classified_candidate","0.35"
"cce10fb29a265eef","老年超重肥胖人群的体重管理策略及展望.pdf","1.醫療管理\1体重管理\老年超重肥胖人群的体重管理策略及展望.pdf","UNKNOWN","地區待確認","年份待確認","","待確認或非規範文件","臨床診療與醫療技術","醫療治理與依法執業","pdf","1577049","2025-04-14T01:53:42.000Z","classified_candidate","0.35"
"9211d91916311dbe","肥胖专病门诊建设经验与体重管理路径构建.pdf","1.醫療管理\1体重管理\肥胖专病门诊建设经验与体重管理路径构建.pdf","UNKNOWN","地區待確認","年份待確認","","待確認或非規範文件","臨床診療與醫療技術","醫療治理與依法執業","pdf","1039850","2025-04-14T01:56:30.000Z","classified_candidate","0.35"
"a9dcb6bd3257ef21","肥胖患者的长期体重管理及药物临床应用指南(2024版).docx","1.醫療管理\1体重管理\肥胖患者的长期体重管理及药物临床应用指南(2024版).docx","CN","地區待確認","2024","2024","研究論文／文獻","資訊安全與個人資料","藥事與藥品管理；感染預防與控制；手術、麻醉與疼痛管理；臨床研究與人體試驗；醫療器材與設備；環境、能源與醫療廢棄物；臨床診療與醫療技術；醫療治理與依法執業","docx","1609128","2025-04-14T02:56:54.000Z","classified_candidate","0.75"
"fa3360edaf142385","肥胖患者的长期体重管理及药物临床应用指南(2024版).pdf","1.醫療管理\1体重管理\肥胖患者的长期体重管理及药物临床应用指南(2024版).pdf","UNKNOWN","地區待確認","2024","2024","研究論文／文獻","臨床診療與醫療技術","醫療治理與依法執業","pdf","3199629","2025-04-14T01:52:32.000Z","classified_candidate","0.35"
"2006547d794dd912","DB12_T 1434-2025 养老机构消毒卫生规范.pdf","1.醫療管理\1养老\DB12_T 1434-2025 养老机构消毒卫生规范.pdf","UNKNOWN","地區待確認","2025","2025","國家或地方標準","感染預防與控制","醫療治理與依法執業","pdf","1441732","2025-05-30T02:30:46.000Z","classified_candidate","0.35"
"686700fef8c755c6","DB1301_T 540-2024 养老服务机构老年人健康档案书写规范.pdf","1.醫療管理\1养老\DB1301_T 540-2024 养老服务机构老年人健康档案书写规范.pdf","UNKNOWN","地區待確認","2024","2024","國家或地方標準","醫療治理與依法執業","","pdf","3860987","2025-05-30T02:31:46.000Z","classified_candidate","0.35"
"8735c6eef39637f7","DB3201_T 1242-2024 养老机构康复服务规范.pdf","1.醫療管理\1养老\DB3201_T 1242-2024 养老机构康复服务规范.pdf","UNKNOWN","地區待確認","2024","2024","國家或地方標準","醫療治理與依法執業","","pdf","518872","2025-05-30T02:28:22.000Z","classified_candidate","0.35"
"a42e84c3a7da3ab7","DB3201_T 1242-2025 养老机构康复服务规范.pdf","1.醫療管理\1养老\DB3201_T 1242-2025 养老机构康复服务规范.pdf","UNKNOWN","地區待確認","2025","2025","國家或地方標準","醫療治理與依法執業","","pdf","485330","2025-05-30T02:30:38.000Z","classified_candidate","0.35"
"3b68a050ed94f6c6","DB3206_T 1105-2025 老年人营养新型食堂建设与评价指南.pdf","1.醫療管理\1养老\DB3206_T 1105-2025 老年人营养新型食堂建设与评价指南.pdf","UNKNOWN","地區待確認","2025","2025","技術規範／診療指南","醫療治理與依法執業","","pdf","320568","2025-05-30T02:30:26.000Z","classified_candidate","0.35"
"a66791f8e3cdd339","DB3311_T 306-2025 养老管家服务与管理规范.pdf","1.醫療管理\1养老\DB3311_T 306-2025 养老管家服务与管理规范.pdf","UNKNOWN","地區待確認","2025","2025","國家或地方標準","醫療治理與依法執業","","pdf","200763","2025-05-30T02:28:16.000Z","classified_candidate","0.35"
"66c15dd67ba3c6e9","DB3311_T 307-2025 山区居家养老流动服务运营规范.pdf","1.醫療管理\1养老\DB3311_T 307-2025 山区居家养老流动服务运营规范.pdf","UNKNOWN","地區待確認","2025","2025","國家或地方標準","醫療治理與依法執業","","pdf","237133","2025-05-30T02:28:10.000Z","classified_candidate","0.35"
"4ec6d0e05470f227","DB36_T 2145-2025 养老服务人才培养实训基地建设指南.pdf","1.醫療管理\1养老\DB36_T 2145-2025 养老服务人才培养实训基地建设指南.pdf","UNKNOWN","地區待確認","2025","2025","技術規範／診療指南","醫療治理與依法執業","","pdf","291181","2025-05-30T02:30:00.000Z","classified_candidate","0.35"
"57a1608b5b26d214","DB36_T 2146-2025 养老机构布局规划和功能区域设施设备配置.pdf","1.醫療管理\1养老\DB36_T 2146-2025 养老机构布局规划和功能区域设施设备配置.pdf","UNKNOWN","地區待確認","2025","2025","國家或地方標準","醫療器材與設備","醫療治理與依法執業","pdf","309063","2025-05-30T02:29:56.000Z","classified_candidate","0.35"
"e29155c67569a78b","DB36_T 2147-2025 养老机构老年人分级照护服务规范.pdf","1.醫療管理\1养老\DB36_T 2147-2025 养老机构老年人分级照护服务规范.pdf","UNKNOWN","地區待確認","2025","2025","國家或地方標準","醫療治理與依法執業","","pdf","234143","2025-05-30T02:29:46.000Z","classified_candidate","0.35"
"cc26ad3c27a83173","DB4403_T 578-2025 老年人营养配餐指南.pdf","1.醫療管理\1养老\DB4403_T 578-2025 老年人营养配餐指南.pdf","UNKNOWN","地區待確認","2025","2025","技術規範／診療指南","醫療治理與依法執業","","pdf","285169","2025-05-30T02:31:32.000Z","classified_candidate","0.35"
"dd40279bd5a437f1","DB64_T 1522.1-2024 养老机构安全应急处置规程 第1部分.pdf","1.醫療管理\1养老\DB64_T 1522.1-2024 养老机构安全应急处置规程 第1部分.pdf","UNKNOWN","地區待確認","2024","2024","國家或地方標準","急診與緊急醫療","消防、治安與應急管理；醫療治理與依法執業","pdf","2728474","2025-05-30T02:31:22.000Z","classified_candidate","0.35"
"32fe497f75b9579b","MZ_T 236-2024 养老机构委托服务规范.pdf","1.醫療管理\1养老\MZ_T 236-2024 养老机构委托服务规范.pdf","UNKNOWN","地區待確認","2024","2024","待確認或非規範文件","醫療治理與依法執業","","pdf","532270","2025-05-30T02:31:52.000Z","classified_candidate","0.35"
"13b98d9bd7abf8a1","T_BAS 016-2025 居家养老照护服务指南.pdf","1.醫療管理\1养老\T_BAS 016-2025 居家养老照护服务指南.pdf","UNKNOWN","地區待確認","2025","2025","技術規範／診療指南","醫療治理與依法執業","","pdf","383732","2025-05-30T02:31:10.000Z","classified_candidate","0.35"
"27efd7e5ca0450d1","T_NXBX 039-2025 机构老年人康养照护（初级）人员 从业技能.pdf","1.醫療管理\1养老\T_NXBX 039-2025 机构老年人康养照护（初级）人员 从业技能.pdf","UNKNOWN","地區待確認","2025","2025","待確認或非規範文件","醫療治理與依法執業","","pdf","504207","2025-05-30T02:29:38.000Z","classified_candidate","0.35"
"0e2696a9cca27ee1","T_NXBX 040-2025 机构老年人康养照护（中级）人员 从业技能.pdf","1.醫療管理\1养老\T_NXBX 040-2025 机构老年人康养照护（中级）人员 从业技能.pdf","UNKNOWN","地區待確認","2025","2025","待確認或非規範文件","醫療治理與依法執業","","pdf","498505","2025-05-30T02:29:30.000Z","classified_candidate","0.35"
"4c41881d27bf4704","T_NXBX 041-2025 机构老年人康养照护（高级）人员 从业技能.pdf","1.醫療管理\1养老\T_NXBX 041-2025 机构老年人康养照护（高级）人员 从业技能.pdf","UNKNOWN","地區待確認","2025","2025","待確認或非規範文件","醫療治理與依法執業","","pdf","440695","2025-05-30T02:29:24.000Z","classified_candidate","0.35"
"547719bdc864ec70","T_NXBX 042-2025 居家老年人康养照护（初级）人员 从业技能.pdf","1.醫療管理\1养老\T_NXBX 042-2025 居家老年人康养照护（初级）人员 从业技能.pdf","UNKNOWN","地區待確認","2025","2025","待確認或非規範文件","醫療治理與依法執業","","pdf","475627","2025-05-30T02:29:16.000Z","classified_candidate","0.35"
"616bfe8837a1dbca","T_NXBX 043-2025 居家老年人康养照护（中级）人员 从业技能.pdf","1.醫療管理\1养老\T_NXBX 043-2025 居家老年人康养照护（中级）人员 从业技能.pdf","UNKNOWN","地區待確認","2025","2025","待確認或非規範文件","醫療治理與依法執業","","pdf","469235","2025-05-30T02:29:10.000Z","classified_candidate","0.35"
"a735528237a05cb5","T_NXBX 044-2025 居家老年人康养照护（高级）人员 从业技能.pdf","1.醫療管理\1养老\T_NXBX 044-2025 居家老年人康养照护（高级）人员 从业技能.pdf","UNKNOWN","地區待確認","2025","2025","待確認或非規範文件","醫療治理與依法執業","","pdf","414689","2025-05-30T02:28:54.000Z","classified_candidate","0.35"
"dbd7cbd3f8c5a20d","T_NXBX 045-2025 社区老年人康养照护（初级）人员 从业技能.pdf","1.醫療管理\1养老\T_NXBX 045-2025 社区老年人康养照护（初级）人员 从业技能.pdf","UNKNOWN","地區待確認","2025","2025","待確認或非規範文件","醫療治理與依法執業","","pdf","489979","2025-05-30T02:28:48.000Z","classified_candidate","0.35"
"c7f878dec3dc319f","T_NXBX 046-2025 社区老年人康养照护（中级）人员 从业技能.pdf","1.醫療管理\1养老\T_NXBX 046-2025 社区老年人康养照护（中级）人员 从业技能.pdf","UNKNOWN","地區待確認","2025","2025","待確認或非規範文件","醫療治理與依法執業","","pdf","487970","2025-05-30T02:28:42.000Z","classified_candidate","0.35"
"eaa5a16e4e80027a","T_NXBX 047-2025 社区老年人康养照护（高级）人员 从业技能.pdf","1.醫療管理\1养老\T_NXBX 047-2025 社区老年人康养照护（高级）人员 从业技能.pdf","UNKNOWN","地區待確認","2025","2025","待確認或非規範文件","醫療治理與依法執業","","pdf","428241","2025-05-30T02:28:36.000Z","classified_candidate","0.35"
"4d73084114106a8c","T_SIOT 306-2024 智慧健康养老 居家养老安全监测规范 报警.pdf","1.醫療管理\1养老\T_SIOT 306-2024 智慧健康养老 居家养老安全监测规范 报警.pdf","UNKNOWN","地區待確認","2024","2024","待確認或非規範文件","醫療治理與依法執業","","pdf","797012","2025-05-30T02:32:18.000Z","classified_candidate","0.35"
"cc4817eec4fe38e0","T_SIOT 323-2022 智慧健康养老 智慧养老院 数据规范.pdf","1.醫療管理\1养老\T_SIOT 323-2022 智慧健康养老 智慧养老院 数据规范.pdf","UNKNOWN","地區待確認","2022","2022","待確認或非規範文件","資訊安全與個人資料","醫療治理與依法執業","pdf","457488","2025-05-30T02:32:12.000Z","classified_candidate","0.35"
"301c37c91757c6a8","2021急性ST段抬高型心肌梗死诊断和治疗指南.docx","1.醫療管理\1急診科法規\2021急性ST段抬高型心肌梗死诊断和治疗指南.docx","CN","地區待確認","2021","2021","研究論文／文獻","醫技、檢驗與病理","手術、麻醉與疼痛管理；急診與緊急醫療；臨床研究與人體試驗；醫療治理與依法執業","docx","39652","2022-06-15T09:12:08.000Z","classified_candidate","0.75"
"b73799b04b4da639","DB32_T 5060-2025 医疗机构门诊应急实战演练技术规范 (1).pdf","1.醫療管理\1急診科法規\DB32_T 5060-2025 医疗机构门诊应急实战演练技术规范 (1).pdf","UNKNOWN","地區待確認","2025","2025","技術規範／診療指南","急診與緊急醫療","消防、治安與應急管理；醫療治理與依法執業","pdf","757503","2025-03-30T08:19:34.000Z","classified_candidate","0.35"
"35751212e6f49da9","DB32_T 5060-2025 医疗机构门诊应急实战演练技术规范.pdf","1.醫療管理\1急診科法規\DB32_T 5060-2025 医疗机构门诊应急实战演练技术规范.pdf","UNKNOWN","地區待確認","2025","2025","技術規範／診療指南","急診與緊急醫療","消防、治安與應急管理；醫療治理與依法執業","pdf","757503","2025-03-30T08:19:32.000Z","classified_candidate","0.35"
"d966847299996f5d","DB34_T 4329-2022 门诊急救管理规范.pdf","1.醫療管理\1急診科法規\DB34_T 4329-2022 门诊急救管理规范.pdf","UNKNOWN","地區待確認","2022","2022","國家或地方標準","急診與緊急醫療","醫療治理與依法執業","pdf","213295","2023-11-15T12:20:28.000Z","classified_candidate","0.35"
"cf820fb26f143eba","DB4403_T 244-2022 急诊患者分级分诊规范.pdf","1.醫療管理\1急診科法規\DB4403_T 244-2022 急诊患者分级分诊规范.pdf","UNKNOWN","地區待確認","2022","2022","國家或地方標準","急診與緊急醫療","醫療治理與依法執業","pdf","692630","2025-04-21T00:58:36.000Z","classified_candidate","0.35"
"2156dbaeaffed207","GDNSA-005-2024，急诊预检分诊.pdf","1.醫療管理\1急診科法規\GDNSA-005-2024，急诊预检分诊.pdf","UNKNOWN","地區待確認","2024","2024","待確認或非規範文件","急診與緊急醫療","醫療治理與依法執業","pdf","500498","2025-04-21T01:01:10.000Z","classified_candidate","0.35"
"e4ff91b76c20f3bb","PDCA循环法对急诊标本周转时间合格率的影响.pdf","1.醫療管理\1急診科法規\PDCA循环法对急诊标本周转时间合格率的影响.pdf","UNKNOWN","地區待確認","年份待確認","","待確認或非規範文件","急診與緊急醫療","醫療治理與依法執業","pdf","2736114","2024-08-21T06:16:30.000Z","classified_candidate","0.35"
"b45adce4a0ebd777","TCHAS 10-2-3-2018急救綠色通道.pdf","1.醫療管理\1急診科法規\TCHAS 10-2-3-2018急救綠色通道.pdf","UNKNOWN","地區待確認","2018","2018","待確認或非規範文件","急診與緊急醫療","醫療治理與依法執業","pdf","1445118","2023-11-15T12:24:40.000Z","classified_candidate","0.35"
"20f7591c2804b00a","T_CADERM 9301-2024 急救中心医疗服务规范.pdf","1.醫療管理\1急診科法規\T_CADERM 9301-2024 急救中心医疗服务规范.pdf","UNKNOWN","地區待確認","2024","2024","待確認或非規範文件","急診與緊急醫療","醫療治理與依法執業","pdf","312278","2024-07-15T09:01:08.000Z","classified_candidate","0.35"
"4b7fc1ecc0d257ec","T_NAHIEM 101-2023 急诊科建设与设备配置标准.pdf","1.醫療管理\1急診科法規\T_NAHIEM 101-2023 急诊科建设与设备配置标准.pdf","UNKNOWN","地區待確認","2023","2023","待確認或非規範文件","急診與緊急醫療","醫療器材與設備；醫療治理與依法執業","pdf","763298","2025-04-21T00:58:14.000Z","classified_candidate","0.35"
"431adcedeaedab13","WS_T 390-2012 医院急救科规范化流程.pdf","1.醫療管理\1急診科法規\WS_T 390-2012 医院急救科规范化流程.pdf","UNKNOWN","地區待確認","2012","2012","國家或地方標準","急診與緊急醫療","醫療治理與依法執業","pdf","2632262","2023-11-15T12:21:16.000Z","classified_candidate","0.35"
"0d406d148f54fd5d","中国医院质量安全管理第 2-4 部分：患者服务 急诊服务.pdf","1.醫療管理\1急診科法規\中国医院质量安全管理第 2-4 部分：患者服务 急诊服务.pdf","CN","地區待確認","年份待確認","","待確認或非規範文件","急診與緊急醫療","醫療治理與依法執業","pdf","2406429","2022-06-20T04:02:18.000Z","classified_candidate","0.75"
"31666590770c33cd","医护人员院前医疗急救培训标准.pdf","1.醫療管理\1急診科法規\医护人员院前医疗急救培训标准.pdf","UNKNOWN","地區待確認","年份待確認","","教材／簡報／參考資料","急診與緊急醫療","醫療治理與依法執業","pdf","269860","2024-08-22T05:25:04.000Z","classified_candidate","0.35"
"520ec7e6ea0f72d6","卫生部关于印发《急诊科建设与管理指南（试行）》的通知.pdf","1.醫療管理\1急診科法規\卫生部关于印发《急诊科建设与管理指南（试行）》的通知.pdf","UNKNOWN","地區待確認","年份待確認","","技術規範／診療指南","急診與緊急醫療","醫療治理與依法執業","pdf","402706","2022-07-18T08:51:32.000Z","classified_candidate","0.35"
"f40b423447c16818","国家卫生健康委办公厅关于印发不明原因儿童严重急性肝炎诊疗指南.docx","1.醫療管理\1急診科法規\国家卫生健康委办公厅关于印发不明原因儿童严重急性肝炎诊疗指南.docx","CN","地區待確認","年份待確認","","研究論文／文獻","資訊安全與個人資料","感染預防與控制；護理管理；醫技、檢驗與病理；急診與緊急醫療；輸血與器官移植；生殖、婦幼與月子服務；臨床研究與人體試驗；環境、能源與醫療廢棄物；醫療治理與依法執業","docx","21966","2022-06-28T00:58:04.000Z","classified_candidate","0.75"
"6bbb72dd08920aa5","国家卫生计生委办公厅关于印发医院卒中中心建设与管理指导原则（试行）的通知.pdf","1.醫療管理\1急診科法規\国家卫生计生委办公厅关于印发医院卒中中心建设与管理指导原则（试行）的通知.pdf","UNKNOWN","地區待確認","年份待確認","","公告／通知／函釋","急診與緊急醫療","醫療治理與依法執業","pdf","405273","2022-08-24T01:47:14.000Z","classified_candidate","0.35"
"392fbc937caf9e49","国家卫生计生委办公厅关于印发孕产妇妊娠风险评估与管理工作规范的通知.pdf","1.醫療管理\1急診科法規\国家卫生计生委办公厅关于印发孕产妇妊娠风险评估与管理工作规范的通知.pdf","UNKNOWN","地區待確認","年份待確認","","公告／通知／函釋","急診與緊急醫療","生殖、婦幼與月子服務；醫療治理與依法執業","pdf","297632","2022-07-07T02:54:28.000Z","classified_candidate","0.35"
"37187b1aa242f59d","建标 177-2016 急救中心建设标准.pdf","1.醫療管理\1急診科法規\建标 177-2016 急救中心建设标准.pdf","UNKNOWN","地區待確認","2016","2016","待確認或非規範文件","急診與緊急醫療","醫療治理與依法執業","pdf","894118","2023-11-15T12:25:38.000Z","classified_candidate","0.35"
"ba53f32921ab8408","急性ST段抬高型心肌梗死诊疗规范(2021年版).doc","1.醫療管理\1急診科法規\急性ST段抬高型心肌梗死诊疗规范(2021年版).doc","UNKNOWN","地區待確認","2021","2021","待確認或非規範文件","急診與緊急醫療","醫療治理與依法執業","doc","107013","2022-06-15T09:19:14.000Z","classified_candidate","0.35"
"c6db4c9e5559a63a","急診分診標準深圳2023.pdf","1.醫療管理\1急診科法規\急診分診標準深圳2023.pdf","UNKNOWN","廣東","2023","2023","待確認或非規範文件","急診與緊急醫療","醫療治理與依法執業","pdf","1078884","2023-07-13T03:29:10.000Z","classified_candidate","0.35"
"f02531e63998e7be","急诊专业医疗质量控制指标（2015年版）.docx","1.醫療管理\1急診科法規\急诊专业医疗质量控制指标（2015年版）.docx","UNKNOWN","地區待確認","2015","2015","待確認或非規範文件","醫院評鑑與醫療品質","護理管理；手術、麻醉與疼痛管理；急診與緊急醫療；醫院評鑑與醫療品質；醫療治理與依法執業","docx","23345","2020-12-21T06:37:20.000Z","classified_candidate","0.35"
"896019f0696f9c5c","急诊专科护理临床辅助决策系统的应用与研究.pdf","1.醫療管理\1急診科法規\急诊专科护理临床辅助决策系统的应用与研究.pdf","UNKNOWN","地區待確認","年份待確認","","研究論文／文獻","護理管理","急診與緊急醫療；臨床研究與人體試驗；醫療治理與依法執業","pdf","1718734","2025-04-02T05:33:36.000Z","classified_candidate","0.35"
"b80739c08246710f","急诊经皮冠状动脉介入治疗护理实践指南的构建.pdf","1.醫療管理\1急診科法規\急诊经皮冠状动脉介入治疗护理实践指南的构建.pdf","UNKNOWN","地區待確認","年份待確認","","技術規範／診療指南","護理管理","急診與緊急醫療；醫療治理與依法執業","pdf","934194","2024-08-19T01:19:30.000Z","classified_candidate","0.35"
"0099998ab1964794","第 2-3 部 分 ：患 者 服 务 急 救 绿 色 通 道.pdf","1.醫療管理\1急診科法規\第 2-3 部 分 ：患 者 服 务 急 救 绿 色 通 道.pdf","UNKNOWN","地區待確認","年份待確認","","待確認或非規範文件","急診與緊急醫療","醫療治理與依法執業","pdf","831939","2022-07-19T03:29:16.000Z","classified_candidate","0.35"
"9bd55fe8189df18e","第 2-4 部分：患者服务 急诊服务.pdf","1.醫療管理\1急診科法規\第 2-4 部分：患者服务 急诊服务.pdf","UNKNOWN","地區待確認","年份待確認","","待確認或非規範文件","急診與緊急醫療","醫療治理與依法執業","pdf","2406429","2022-06-20T04:02:18.000Z","classified_candidate","0.35"
"b6eeb40378f74c31","追踪方法学持续质量改进结合变频工作制干预改善门急诊输液室输液护理质量的效果.pdf","1.醫療管理\1急診科法規\追踪方法学持续质量改进结合变频工作制干预改善门急诊输液室输液护理质量的效果.pdf","UNKNOWN","地區待確認","年份待確認","","待確認或非規範文件","護理管理","急診與緊急醫療；醫療治理與依法執業","pdf","1424973","2024-08-24T08:39:50.000Z","classified_candidate","0.35"
"fce71e502178f53c","重点场景视频监控辅助质控在急诊输液室质量管理中的应用效果.pdf","1.醫療管理\1急診科法規\重点场景视频监控辅助质控在急诊输液室质量管理中的应用效果.pdf","UNKNOWN","地區待確認","年份待確認","","研究論文／文獻","醫院評鑑與醫療品質","急診與緊急醫療；醫院評鑑與醫療品質；醫療治理與依法執業","pdf","8262604","2025-04-02T05:27:12.000Z","classified_candidate","0.35"
"ee1b36a4c9842565","门（急）诊诊疗信息页质量管理规定（试行）.pdf","1.醫療管理\1急診科法規\门（急）诊诊疗信息页质量管理规定（试行）.pdf","UNKNOWN","地區待確認","年份待確認","","行政法規／條例","醫院評鑑與醫療品質","急診與緊急醫療；醫療治理與依法執業","pdf","2629004","2024-10-16T02:41:04.000Z","classified_candidate","0.35"
"fe677b654636bf3b","院前医疗急救调度操作规范.pdf","1.醫療管理\1急診科法規\院前医疗急救调度操作规范.pdf","UNKNOWN","地區待確認","年份待確認","","待確認或非規範文件","急診與緊急醫療","醫療治理與依法執業","pdf","1276023","2023-07-13T03:37:02.000Z","classified_candidate","0.35"
"ff26f74327cdf018","院前急救机构与医院急诊科患者病情交接单.pdf","1.醫療管理\1急診科法規\院前急救机构与医院急诊科患者病情交接单.pdf","UNKNOWN","地區待確認","年份待確認","","待確認或非規範文件","急診與緊急醫療","醫療治理與依法執業","pdf","224255","2022-09-14T16:34:14.000Z","classified_candidate","0.35"
"0f4aaa5684ec2861","2002—2022年我国多重慢病领域研究热点及演进趋势分析.pdf","1.醫療管理\1慢病\2002—2022年我国多重慢病领域研究热点及演进趋势分析.pdf","UNKNOWN","地區待確認","2022","2022；2002","研究論文／文獻","臨床研究與人體試驗","醫療治理與依法執業","pdf","1633063","2024-08-24T08:37:04.000Z","classified_candidate","0.35"
"4081677a41b2f93e","T_GDACM 0128-2024 中医慢病管理技术规范 腹膜透析.pdf","1.醫療管理\1慢病\T_GDACM 0128-2024 中医慢病管理技术规范 腹膜透析.pdf","UNKNOWN","地區待確認","2024","2024","技術規範／診療指南","醫療治理與依法執業","","pdf","2193244","2024-05-15T06:31:14.000Z","classified_candidate","0.35"
"edcd1c026acda3eb","国内外多重慢病健康服务整合研究进展.pdf","1.醫療管理\1慢病\国内外多重慢病健康服务整合研究进展.pdf","UNKNOWN","地區待確認","年份待確認","","研究論文／文獻","臨床研究與人體試驗","醫療治理與依法執業","pdf","1766341","2024-08-24T08:37:28.000Z","classified_candidate","0.35"
"324b0ce8f26424b4","对十三届全国人大五次会议第8387号建议的答复 大数据信息化平台推动慢性病预防- 中华人民共和国国家卫生健康委员会.pdf","1.醫療管理\1慢病\对十三届全国人大五次会议第8387号建议的答复 大数据信息化平台推动慢性病预防- 中华人民共和国国家卫生健康委员会.pdf","CN","地區待確認","年份待確認","","待確認或非規範文件","資訊安全與個人資料","醫療治理與依法執業","pdf","206824","2022-08-29T13:01:34.000Z","classified_candidate","0.75"
"b026ca442603c385","广东省紧密型县域医疗卫生共同体慢病管理.docx","1.醫療管理\1慢病\广东省紧密型县域医疗卫生共同体慢病管理.docx","CN","廣東","年份待確認","","研究論文／文獻","醫院評鑑與醫療品質","病歷、電子病歷與醫療資料；資訊安全與個人資料；藥事與藥品管理；感染預防與控制；護理管理；急診與緊急醫療；生殖、婦幼與月子服務；醫療保險與支付；環境、能源與醫療廢棄物；臨床診療與醫療技術；醫院評鑑與醫療品質；醫療治理與依法執業","docx","3009267","2022-08-27T12:07:42.000Z","classified_candidate","0.75"
"50d76e9d3cb9f706","政府信息公开 医疗卫生 关于建立居民电子健康档案和慢性病患者健康管理信息化的通知.pdf","1.醫療管理\1慢病\政府信息公开 医疗卫生 关于建立居民电子健康档案和慢性病患者健康管理信息化的通知.pdf","UNKNOWN","地區待確認","年份待確認","","公告／通知／函釋","醫療治理與依法執業","","pdf","259365","2022-08-29T12:56:16.000Z","classified_candidate","0.35"
"fe20458ae5f7a001","智慧慢病系统助力医共体慢病服务模式的实践与启示.pdf","1.醫療管理\1慢病\智慧慢病系统助力医共体慢病服务模式的实践与启示.pdf","UNKNOWN","地區待確認","年份待確認","","待確認或非規範文件","醫療治理與依法執業","","pdf","704675","2024-08-24T08:37:48.000Z","classified_candidate","0.35"
"b7e636c2fece4485","1739782162192_98805.pdf","1.醫療管理\1手术\1739782162192_98805.pdf","UNKNOWN","地區待確認","年份待確認","","待確認或非規範文件","手術、麻醉與疼痛管理","醫療治理與依法執業","pdf","397306","2026-01-29T02:33:40.000Z","classified_candidate","0.35"
"35f3f294004d6d88","1743494793198_51346手术室医学装备配置标准.pdf","1.醫療管理\1手术\1743494793198_51346手术室医学装备配置标准.pdf","UNKNOWN","地區待確認","年份待確認","","待確認或非規範文件","手術、麻醉與疼痛管理","醫療治理與依法執業","pdf","270152","2026-01-29T02:49:02.000Z","classified_candidate","0.35"
"2ef779b725bfeb24","2024医疗机构四级手术全过程管理.pdf","1.醫療管理\1手术\2024医疗机构四级手术全过程管理.pdf","UNKNOWN","地區待確認","2024","2024","待確認或非規範文件","手術、麻醉與疼痛管理","醫療治理與依法執業","pdf","7632212","2024-09-07T10:25:00.000Z","classified_candidate","0.35"
"b085876979444716","DB13_T 5686-2023 多重耐药菌感染患者手术室管理规范.pdf","1.醫療管理\1手术\DB13_T 5686-2023 多重耐药菌感染患者手术室管理规范.pdf","UNKNOWN","地區待確認","2023","2023","國家或地方標準","感染預防與控制","手術、麻醉與疼痛管理；醫療治理與依法執業","pdf","682317","2025-07-03T05:19:10.000Z","classified_candidate","0.35"
"ac8691d79c3e5d38","DB22_T 2404-2015 医院手术部(室)管理规范.pdf","1.醫療管理\1手术\DB22_T 2404-2015 医院手术部(室)管理规范.pdf","UNKNOWN","地區待確認","2015","2015","國家或地方標準","手術、麻醉與疼痛管理","醫療治理與依法執業","pdf","206823","2025-07-03T05:13:14.000Z","classified_candidate","0.35"
"1c7df64c3b186f02","DB34_T 4706-2024 手术智慧医疗系统建设规范.pdf","1.醫療管理\1手术\DB34_T 4706-2024 手术智慧医疗系统建设规范.pdf","UNKNOWN","地區待確認","2024","2024","國家或地方標準","手術、麻醉與疼痛管理","醫療治理與依法執業","pdf","567620","2025-07-03T05:17:48.000Z","classified_candidate","0.35"
"eabfce9e958c3707","DB34_T 4707-2024 手术视频数据处理规范.pdf","1.醫療管理\1手术\DB34_T 4707-2024 手术视频数据处理规范.pdf","UNKNOWN","地區待確認","2024","2024","國家或地方標準","資訊安全與個人資料","手術、麻醉與疼痛管理；醫療治理與依法執業","pdf","335994","2025-07-03T05:16:56.000Z","classified_candidate","0.35"
"29d48a1053fcbb96","DB34_T 5356-2025 智慧手术室服务要求.pdf","1.醫療管理\1手术\DB34_T 5356-2025 智慧手术室服务要求.pdf","UNKNOWN","地區待確認","2025","2025","國家或地方標準","手術、麻醉與疼痛管理","醫療治理與依法執業","pdf","205357","2026-02-04T04:48:20.000Z","classified_candidate","0.35"
"b5ffe8f5fdb1ee17","DB41_T 2638-2024 一次性使用介入手术包基本配置规范.pdf","1.醫療管理\1手术\DB41_T 2638-2024 一次性使用介入手术包基本配置规范.pdf","UNKNOWN","地區待確認","2024","2024","國家或地方標準","手術、麻醉與疼痛管理","醫療治理與依法執業","pdf","371844","2024-10-06T03:33:40.000Z","classified_candidate","0.35"
"181e033917b079aa","DB52_T 1893-2025 日间手术麻醉管理规范.pdf","1.醫療管理\1手术\DB52_T 1893-2025 日间手术麻醉管理规范.pdf","UNKNOWN","地區待確認","2025","2025","國家或地方標準","手術、麻醉與疼痛管理","醫療治理與依法執業","pdf","633741","2026-02-04T04:49:04.000Z","classified_candidate","0.35"
"20a475c094e34224","ERCP日间手术管理中国专家共识（2025版）.pdf","1.醫療管理\1手术\ERCP日间手术管理中国专家共识（2025版）.pdf","CN","地區待確認","2025","2025","專家共識","手術、麻醉與疼痛管理","醫療治理與依法執業","pdf","1905633","2025-08-23T02:44:34.000Z","classified_candidate","0.75"
"fd084797ed2b7b19","JJF(苏) 267-2024 超声手术系统校准规范.pdf","1.醫療管理\1手术\JJF(苏) 267-2024 超声手术系统校准规范.pdf","UNKNOWN","地區待確認","2024","2024","待確認或非規範文件","手術、麻醉與疼痛管理","醫療治理與依法執業","pdf","1416155","2024-10-06T03:33:54.000Z","classified_candidate","0.35"
"67cf9289783f9a9c","T_BPM 001-2024 围手术期质量管理 第3部分：手术中管理.pdf","1.醫療管理\1手术\T_BPM 001-2024 围手术期质量管理 第3部分：手术中管理.pdf","UNKNOWN","地區待確認","2024","2024","待確認或非規範文件","醫院評鑑與醫療品質","手術、麻醉與疼痛管理；醫療治理與依法執業","pdf","404059","2024-10-06T03:32:58.000Z","classified_candidate","0.35"
"4d7e8fdec89dcea3","T_BPM 002-2024 围手术期质量管理 第4部分：手术后管理.pdf","1.醫療管理\1手术\T_BPM 002-2024 围手术期质量管理 第4部分：手术后管理.pdf","UNKNOWN","地區待確認","2024","2024","待確認或非規範文件","醫院評鑑與醫療品質","手術、麻醉與疼痛管理；醫療治理與依法執業","pdf","535092","2024-10-06T03:32:50.000Z","classified_candidate","0.35"
"b6b9f8ccff688930","T_BPM 01.2-2023 围手术期质量管理 第2部分：手术前管理.pdf","1.醫療管理\1手术\T_BPM 01.2-2023 围手术期质量管理 第2部分：手术前管理.pdf","UNKNOWN","地區待確認","2023","2023","待確認或非規範文件","醫院評鑑與醫療品質","手術、麻醉與疼痛管理；醫療治理與依法執業","pdf","446046","2024-10-06T03:34:04.000Z","classified_candidate","0.35"
"8ed08bf47029bd36","T_CALC 003-2023 手术室患者人文关怀管理规范 (1).pdf","1.醫療管理\1手术\T_CALC 003-2023 手术室患者人文关怀管理规范 (1).pdf","UNKNOWN","地區待確認","2023","2023","待確認或非規範文件","手術、麻醉與疼痛管理","醫療治理與依法執業","pdf","812996","2025-07-03T05:18:16.000Z","classified_candidate","0.35"
"2c35f8cd24836e8e","T_CALC 003-2023 手术室患者人文关怀管理规范.pdf","1.醫療管理\1手术\T_CALC 003-2023 手术室患者人文关怀管理规范.pdf","UNKNOWN","地區待確認","2023","2023","待確認或非規範文件","手術、麻醉與疼痛管理","醫療治理與依法執業","pdf","812996","2025-07-03T05:18:12.000Z","classified_candidate","0.35"
"946d0fef9f2eb00a","T_CAME 2-2019 医院洁净手术部运行维护与管理规范.pdf","1.醫療管理\1手术\T_CAME 2-2019 医院洁净手术部运行维护与管理规范.pdf","UNKNOWN","地區待確認","2019","2019","待確認或非規範文件","手術、麻醉與疼痛管理","醫療治理與依法執業","pdf","5136170","2025-07-03T05:12:00.000Z","classified_candidate","0.35"
"bcabbf3ed05ba106","T_CAME 62-2024 内窥镜手术器械控制系统 使用与维护.pdf","1.醫療管理\1手术\T_CAME 62-2024 内窥镜手术器械控制系统 使用与维护.pdf","UNKNOWN","地區待確認","2024","2024","待確認或非規範文件","手術、麻醉與疼痛管理","醫療治理與依法執業","pdf","263451","2024-10-06T03:30:34.000Z","classified_candidate","0.35"
"186ac4f289870d22","T_CAME 65-2024 手术室植入物管理规范.pdf","1.醫療管理\1手术\T_CAME 65-2024 手术室植入物管理规范.pdf","UNKNOWN","地區待確認","2024","2024","待確認或非規範文件","手術、麻醉與疼痛管理","醫療治理與依法執業","pdf","211389","2024-10-06T03:30:18.000Z","classified_candidate","0.35"
"992fc71e2a3696df","T_CAME 66-2024 一次性手术铺单使用.pdf","1.醫療管理\1手术\T_CAME 66-2024 一次性手术铺单使用.pdf","UNKNOWN","地區待確認","2024","2024","待確認或非規範文件","手術、麻醉與疼痛管理","醫療治理與依法執業","pdf","365213","2024-10-06T03:30:08.000Z","classified_candidate","0.35"
"5f9506bf7df468af","T_CAME 67-2024 腹腔镜手术器械使用.pdf","1.醫療管理\1手术\T_CAME 67-2024 腹腔镜手术器械使用.pdf","UNKNOWN","地區待確認","2024","2024","待確認或非規範文件","手術、麻醉與疼痛管理","醫療治理與依法執業","pdf","239180","2024-10-06T03:29:58.000Z","classified_candidate","0.35"
"9c65aed59bf5a00c","T_CHAS 10-2-36-2024 中国医院质量安全管理 第2-36.pdf","1.醫療管理\1手术\T_CHAS 10-2-36-2024 中国医院质量安全管理 第2-36.pdf","CN","地區待確認","2024","2024","待確認或非規範文件","手術、麻醉與疼痛管理","醫療治理與依法執業","pdf","1327851","2026-02-04T04:48:34.000Z","classified_candidate","0.75"
"6fc5c8c4051c1c46","T_CHAS 20-2-14-2024 医疗机构药事管理与药学服务 第2.pdf","1.醫療管理\1手术\T_CHAS 20-2-14-2024 医疗机构药事管理与药学服务 第2.pdf","UNKNOWN","地區待確認","2024","2024","待確認或非規範文件","藥事與藥品管理","手術、麻醉與疼痛管理；醫療治理與依法執業","pdf","300957","2024-10-06T03:32:06.000Z","classified_candidate","0.35"
"0a30c87a0f39f805","T_CRHA 046-2024 标准手术体位安置技术规范.pdf","1.醫療管理\1手术\T_CRHA 046-2024 标准手术体位安置技术规范.pdf","UNKNOWN","地區待確認","2024","2024","技術規範／診療指南","手術、麻醉與疼痛管理","醫療治理與依法執業","pdf","1251851","2024-10-06T03:33:30.000Z","classified_candidate","0.35"
"e6030597bba9730d","T_CRHA 072-2024 围手术期血糖监测护理规范.pdf","1.醫療管理\1手术\T_CRHA 072-2024 围手术期血糖监测护理规范.pdf","UNKNOWN","地區待確認","2024","2024","待確認或非規範文件","護理管理","手術、麻醉與疼痛管理；醫療治理與依法執業","pdf","365451","2024-10-06T03:31:34.000Z","classified_candidate","0.35"
"e1c04c60c537fd5a","T_NAHIEM 142-2025 医院可复用手术器械管理规范.pdf","1.醫療管理\1手术\T_NAHIEM 142-2025 医院可复用手术器械管理规范.pdf","UNKNOWN","地區待確認","2025","2025","待確認或非規範文件","手術、麻醉與疼痛管理","醫療治理與依法執業","pdf","1437339","2025-07-03T05:15:24.000Z","classified_candidate","0.35"
"2f70043cde590215","WST 855-2025手术部（室）医院感染控制标准-20250819163121712.pdf","1.醫療管理\1手术\WST 855-2025手术部（室）医院感染控制标准-20250819163121712.pdf","UNKNOWN","地區待確認","2025","2025；1916","國家或地方標準","感染預防與控制","手術、麻醉與疼痛管理；醫療治理與依法執業","pdf","435413","2025-08-26T06:33:54.000Z","classified_candidate","0.35"
"4657f613821a1322","WST 861-2025手术部位感染预防与控制标准-20250819173524855.pdf","1.醫療管理\1手术\WST 861-2025手术部位感染预防与控制标准-20250819173524855.pdf","UNKNOWN","地區待確認","2025","2025；1917","國家或地方標準","感染預防與控制","手術、麻醉與疼痛管理；醫療治理與依法執業","pdf","266207","2025-08-19T10:04:06.000Z","classified_candidate","0.35"
"cff055795dcd9f91","WS_T 836-2024 手术室医学装备配置标准.pdf","1.醫療管理\1手术\WS_T 836-2024 手术室医学装备配置标准.pdf","UNKNOWN","地區待確認","2024","2024","國家或地方標準","手術、麻醉與疼痛管理","醫療治理與依法執業","pdf","1293233","2024-10-06T03:33:18.000Z","classified_candidate","0.35"
"9a12d6c5d6b196a1","WS_T 855-2025 手术部（室）医院感染控制标准.pdf","1.醫療管理\1手术\WS_T 855-2025 手术部（室）医院感染控制标准.pdf","UNKNOWN","地區待確認","2025","2025","國家或地方標準","感染預防與控制","手術、麻醉與疼痛管理；醫療治理與依法執業","pdf","433066","2026-02-04T04:49:30.000Z","classified_candidate","0.35"
"e2ad0148f3d8904d","WS_T 861-2025 手术部位感染预防与控制标准.pdf","1.醫療管理\1手术\WS_T 861-2025 手术部位感染预防与控制标准.pdf","UNKNOWN","地區待確認","2025","2025","國家或地方標準","感染預防與控制","手術、麻醉與疼痛管理；醫療治理與依法執業","pdf","265195","2026-02-04T04:49:22.000Z","classified_candidate","0.35"
"0de380c919dbe03c","医疗机构手术质量安全管理示意图.pdf","1.醫療管理\1手术\医疗机构手术质量安全管理示意图.pdf","UNKNOWN","地區待確認","年份待確認","","待確認或非規範文件","手術、麻醉與疼痛管理","醫療治理與依法執業","pdf","356191","2025-07-03T05:08:38.000Z","classified_candidate","0.35"
"57e063ce9e876d57","医联体背景下胰腺专病外科围手术期质量管理与控制实践探索 (1).pdf","1.醫療管理\1手术\医联体背景下胰腺专病外科围手术期质量管理与控制实践探索 (1).pdf","UNKNOWN","地區待確認","年份待確認","","待確認或非規範文件","醫院評鑑與醫療品質","手術、麻醉與疼痛管理；醫療治理與依法執業","pdf","3141512","2025-10-13T07:23:06.000Z","classified_candidate","0.35"
"332e9ebcaaf45388","手术室医学装备配置标准.pdf","1.醫療管理\1手术\手术室医学装备配置标准.pdf","UNKNOWN","地區待確認","年份待確認","","待確認或非規範文件","手術、麻醉與疼痛管理","醫療治理與依法執業","pdf","270152","2024-08-09T06:06:14.000Z","classified_candidate","0.35"
"ec4491f42d3707e5","手术质量安全提升行动监测指标.pdf","1.醫療管理\1手术\手术质量安全提升行动监测指标.pdf","UNKNOWN","地區待確認","年份待確認","","待確認或非規範文件","手術、麻醉與疼痛管理","醫療治理與依法執業","pdf","86634","2024-09-03T01:39:54.000Z","classified_candidate","0.35"
"3195c667bfcc48db","手术部位标识标准.pdf","1.醫療管理\1手术\手术部位标识标准.pdf","UNKNOWN","地區待確認","年份待確認","","待確認或非規範文件","手術、麻醉與疼痛管理","醫療治理與依法執業","pdf","397306","2025-08-19T10:07:44.000Z","classified_candidate","0.35"
"45490a2a74b8b877","日间手术全流程护理管理专家共识.pdf","1.醫療管理\1手术\日间手术全流程护理管理专家共识.pdf","UNKNOWN","地區待確認","年份待確認","","專家共識","護理管理","手術、麻醉與疼痛管理；醫療治理與依法執業","pdf","1899941","2025-08-23T02:42:58.000Z","classified_candidate","0.35"
"7b909bc9a0d9a5e9","日间手术患者随访系统的建设与应用.pdf","1.醫療管理\1手术\日间手术患者随访系统的建设与应用.pdf","UNKNOWN","地區待確認","年份待確認","","研究論文／文獻","手術、麻醉與疼痛管理","醫療治理與依法執業","pdf","2917570","2025-11-11T09:07:28.000Z","classified_candidate","0.35"
"71e5f78bdf12f7e3","1743494778747_21242居家、社区老年医疗护理员服务标准.pdf","1.醫療管理\1老年友善\1743494778747_21242居家、社区老年医疗护理员服务标准.pdf","UNKNOWN","地區待確認","年份待確認","","待確認或非規範文件","護理管理","醫療治理與依法執業","pdf","286090","2026-01-29T02:51:10.000Z","classified_candidate","0.35"
"bd8184ccedd31120","1743494798215_76889老年安宁疗护病区设置标准.pdf","1.醫療管理\1老年友善\1743494798215_76889老年安宁疗护病区设置标准.pdf","UNKNOWN","地區待確認","年份待確認","","待確認或非規範文件","醫療治理與依法執業","","pdf","310971","2026-01-29T02:50:50.000Z","classified_candidate","0.35"
"f61124c7d985ac1f","1746698272053_30087中国健康老年人标准.pdf","1.醫療管理\1老年友善\1746698272053_30087中国健康老年人标准.pdf","CN","地區待確認","2053","2053","待確認或非規範文件","醫療治理與依法執業","","pdf","281863","2026-01-29T02:51:28.000Z","classified_candidate","0.75"
"ea800fa6c74eeca2","4.2020 版 ICFSR 老年衰弱指南解读.pdf","1.醫療管理\1老年友善\4.2020 版 ICFSR 老年衰弱指南解读.pdf","UNKNOWN","地區待確認","2020","2020","技術規範／診療指南","醫療治理與依法執業","","pdf","491803","2024-08-19T01:20:10.000Z","classified_candidate","0.35"
"20cf41200a4936b1","DB36_T 1980-2024 老年友善医疗机构建设规范江西.docx","1.醫療管理\1老年友善\DB36_T 1980-2024 老年友善医疗机构建设规范江西.docx","CN","江西","2024","2024；1980","技術規範／診療指南","病歷、電子病歷與醫療資料","資訊安全與個人資料；藥事與藥品管理；護理管理；醫技、檢驗與病理；手術、麻醉與疼痛管理；急診與緊急醫療；臨床研究與人體試驗；醫療器材與設備；消防、治安與應急管理；環境、能源與醫療廢棄物；後勤、建築與設施安全；醫療治理與依法執業","docx","45312","2025-07-31T08:16:54.000Z","classified_candidate","0.75"
"0ed9f6c38794da9d","DB36_T 1980-2024 老年友善医疗机构建设规范江西.pdf","1.醫療管理\1老年友善\DB36_T 1980-2024 老年友善医疗机构建设规范江西.pdf","UNKNOWN","江西","2024","2024；1980","國家或地方標準","醫療治理與依法執業","","pdf","720429","2024-07-19T08:40:22.000Z","classified_candidate","0.35"
"162d5d40f2183a13","DB36_T 1981-2024 医疗机构老年人就医门诊服务管理规范.pdf","1.醫療管理\1老年友善\DB36_T 1981-2024 医疗机构老年人就医门诊服务管理规范.pdf","UNKNOWN","地區待確認","2024","2024；1981","國家或地方標準","醫療治理與依法執業","","pdf","682505","2024-07-19T08:40:04.000Z","classified_candidate","0.35"
"52a01897599d4d68","DB4101_T 115-2024 老年医学多学科诊疗管理规范.pdf","1.醫療管理\1老年友善\DB4101_T 115-2024 老年医学多学科诊疗管理规范.pdf","UNKNOWN","地區待確認","2024","2024","國家或地方標準","醫療治理與依法執業","","pdf","1170164","2024-10-28T00:14:12.000Z","classified_candidate","0.35"
"50dfbd3eed01099a","DB4101_T 117-2024 老年医疗康复护理中心服务规范.pdf","1.醫療管理\1老年友善\DB4101_T 117-2024 老年医疗康复护理中心服务规范.pdf","UNKNOWN","地區待確認","2024","2024","國家或地方標準","護理管理","醫療治理與依法執業","pdf","663797","2024-10-28T00:14:24.000Z","classified_candidate","0.35"
"4867c2b3da99128c","DB64_T 1986-2024 老年友善医疗机构建设评价规范.pdf","1.醫療管理\1老年友善\DB64_T 1986-2024 老年友善医疗机构建设评价规范.pdf","UNKNOWN","地區待確認","2024","2024；1986","國家或地方標準","醫療治理與依法執業","","pdf","1409391","2024-10-15T06:48:26.000Z","classified_candidate","0.35"
"db299b1fcf965b50","GB_Z 45152-2024 老龄化社会 基于社群的综合保健与照顾服务.pdf","1.醫療管理\1老年友善\GB_Z 45152-2024 老龄化社会 基于社群的综合保健与照顾服务.pdf","UNKNOWN","地區待確認","2024","2024","國家或地方標準","醫療治理與依法執業","","pdf","5368445","2025-03-10T03:21:36.000Z","classified_candidate","0.35"
"91ab77e88cfc9868","T_LXLY 4-2020 老年营养师职业能力评价指南.pdf","1.醫療管理\1老年友善\T_LXLY 4-2020 老年营养师职业能力评价指南.pdf","UNKNOWN","地區待確認","2020","2020","技術規範／診療指南","醫療治理與依法執業","","pdf","1720835","2024-10-06T07:42:32.000Z","classified_candidate","0.35"
"b4e54fadfbab6bab","《国家卫生健康委办公厅关于提升老年医学医疗服务能力的通知》专家解读.pdf","1.醫療管理\1老年友善\《国家卫生健康委办公厅关于提升老年医学医疗服务能力的通知》专家解读.pdf","UNKNOWN","地區待確認","年份待確認","","公告／通知／函釋","醫療治理與依法執業","","pdf","1396135","2024-11-07T01:29:54.000Z","classified_candidate","0.35"
"61a4e68547a17cbf","北京二级（不含）以下中医（中西医结合）医院老年友善服务评价标准（2024版）.docx","1.醫療管理\1老年友善\北京二级（不含）以下中医（中西医结合）医院老年友善服务评价标准（2024版）.docx","UNKNOWN","北京","2024","2024","院內制度／SOP","病歷、電子病歷與醫療資料","藥事與藥品管理；護理管理；醫技、檢驗與病理；醫療器材與設備；醫療治理與依法執業","docx","17559","2025-03-03T03:05:42.000Z","classified_candidate","0.35"
"11e6ac05c57595a7","医养结合机构内老年人在养老区和医疗区.pdf","1.醫療管理\1老年友善\医养结合机构内老年人在养老区和医疗区.pdf","UNKNOWN","地區待確認","年份待確認","","待確認或非規範文件","醫療治理與依法執業","","pdf","314033","2026-01-29T02:50:34.000Z","classified_candidate","0.35"
"390f8901046ccd35","国家卫生健康委办公厅关于提升老年医学医疗服务能力的通知.pdf","1.醫療管理\1老年友善\国家卫生健康委办公厅关于提升老年医学医疗服务能力的通知.pdf","UNKNOWN","地區待確認","年份待確認","","公告／通知／函釋","醫療治理與依法執業","","pdf","1031160","2025-03-03T01:46:44.000Z","classified_candidate","0.35"
"f3a80a5d601ad842","河北省老年友善医疗机构评价标准.docx","1.醫療管理\1老年友善\河北省老年友善医疗机构评价标准.docx","UNKNOWN","河北","年份待確認","","研究論文／文獻","病歷、電子病歷與醫療資料","資訊安全與個人資料；藥事與藥品管理；護理管理；急診與緊急醫療；臨床研究與人體試驗；醫療器材與設備；消防、治安與應急管理；環境、能源與醫療廢棄物；後勤、建築與設施安全；醫療治理與依法執業","docx","39277","2024-11-04T02:44:30.000Z","classified_candidate","0.35"
"a5b3d45aaf70b44f","湖北省便利老年人就医10项举措.pdf","1.醫療管理\1老年友善\湖北省便利老年人就医10项举措.pdf","CN","湖北","年份待確認","","待確認或非規範文件","醫療治理與依法執業","","pdf","1041033","2025-03-03T02:52:54.000Z","classified_candidate","0.75"
"0e793d0122822d13","湖北省关于建立完善老年健康服务体系的实施意见.pdf","1.醫療管理\1老年友善\湖北省关于建立完善老年健康服务体系的实施意见.pdf","CN","湖北","年份待確認","","待確認或非規範文件","醫療治理與依法執業","","pdf","4249341","2025-03-03T03:03:10.000Z","classified_candidate","0.75"
"1da66ee3c0e67970","湖北省老年友善医疗机构申报表.docx","1.醫療管理\1老年友善\湖北省老年友善医疗机构申报表.docx","CN","湖北","年份待確認","","醫院評鑑／認證標準","資訊安全與個人資料","藥事與藥品管理；護理管理；醫技、檢驗與病理；急診與緊急醫療；臨床研究與人體試驗；醫療保險與支付；醫療器材與設備；消防、治安與應急管理；環境、能源與醫療廢棄物；醫院評鑑與醫療品質；後勤、建築與設施安全；醫療治理與依法執業","docx","40982","2025-03-03T02:33:42.000Z","classified_candidate","0.75"
"29354db64fc4b4b2","老年友善医疗机构评定技术规范.pdf","1.醫療管理\1老年友善\老年友善医疗机构评定技术规范.pdf","UNKNOWN","地區待確認","年份待確認","","技術規範／診療指南","醫療治理與依法執業","","pdf","811298","2023-04-02T08:17:42.000Z","classified_candidate","0.35"
"24844ef9d9dba2d5","老年友善服务评价标准（2024版）.docx","1.醫療管理\1老年友善\老年友善服务评价标准（2024版）.docx","UNKNOWN","地區待確認","2024","2024","院內制度／SOP","病歷、電子病歷與醫療資料","藥事與藥品管理；護理管理；醫技、檢驗與病理；醫療器材與設備；醫療治理與依法執業","docx","17673","2025-03-03T03:05:14.000Z","classified_candidate","0.35"
"7b9289a7ea86ec5e","重庆市老年健康与医养结合服务管理工作规范.docx","1.醫療管理\1老年友善\重庆市老年健康与医养结合服务管理工作规范.docx","CN","重慶","年份待確認","","研究論文／文獻","資訊安全與個人資料","藥事與藥品管理；感染預防與控制；護理管理；手術、麻醉與疼痛管理；臨床研究與人體試驗；醫療器材與設備；環境、能源與醫療廢棄物；臨床診療與醫療技術；財務、採購與內部稽核；後勤、建築與設施安全；醫療治理與依法執業","docx","194690","2025-03-13T00:09:04.000Z","classified_candidate","0.75"
"5dfa6e56c2b33bda","1.手术质量安全提升行动监测指标.pdf","1.醫療管理\1醫務科相關法規\1.手术质量安全提升行动监测指标.pdf","UNKNOWN","地區待確認","年份待確認","","待確認或非規範文件","手術、麻醉與疼痛管理","醫療治理與依法執業","pdf","86634","2023-10-10T01:33:18.000Z","classified_candidate","0.35"
"5079a398b16eaecc","2.医疗机构手术质量安全管理示意图.pdf","1.醫療管理\1醫務科相關法規\2.医疗机构手术质量安全管理示意图.pdf","UNKNOWN","地區待確認","年份待確認","","待確認或非規範文件","手術、麻醉與疼痛管理","醫療治理與依法執業","pdf","356191","2023-10-10T01:33:44.000Z","classified_candidate","0.35"
"63f60f2a57c73d0e","20141029144626586醫院候診室衛生標準.pdf","1.醫療管理\1醫務科相關法規\20141029144626586醫院候診室衛生標準.pdf","UNKNOWN","地區待確認","2014","2014","待確認或非規範文件","醫療治理與依法執業","","pdf","1452940","2022-04-23T13:23:32.000Z","classified_candidate","0.35"
"9ba8230ff84dfaaf","2019关于印发《上海市_医疗技术临床应用管理办法_实施细则》的通知（有效）__上海市卫生健康委员会.pdf","1.醫療管理\1醫務科相關法規\2019关于印发《上海市_医疗技术临床应用管理办法_实施细则》的通知（有效）__上海市卫生健康委员会.pdf","UNKNOWN","上海","2019","2019","研究論文／文獻","醫療治理與依法執業","","pdf","486237","2022-09-25T03:27:50.000Z","classified_candidate","0.35"
"0fce1e8235550302","2021急性ST段抬高型心肌梗死诊断和治疗指南.docx","1.醫療管理\1醫務科相關法規\2021急性ST段抬高型心肌梗死诊断和治疗指南.docx","CN","地區待確認","2021","2021","研究論文／文獻","醫技、檢驗與病理","手術、麻醉與疼痛管理；臨床研究與人體試驗；醫療治理與依法執業","docx","39652","2022-06-15T09:12:08.000Z","classified_candidate","0.75"
"fde75e70c7a74121","2024 医院公共卫生工作规范 第4部分：慢性非传染性疾病防治.pdf","1.醫療管理\1醫務科相關法規\2024 医院公共卫生工作规范 第4部分：慢性非传染性疾病防治.pdf","UNKNOWN","地區待確認","2024","2024","待確認或非規範文件","感染預防與控制","醫療治理與依法執業","pdf","2074558","2024-02-19T08:22:02.000Z","classified_candidate","0.35"
"a1089b91db9ba5c6","3058-住院患者靜脈血栓防治.pdf","1.醫療管理\1醫務科相關法規\3058-住院患者靜脈血栓防治.pdf","UNKNOWN","地區待確認","年份待確認","","待確認或非規範文件","醫療治理與依法執業","","pdf","937697","2022-07-19T02:56:00.000Z","classified_candidate","0.35"
"3f1206c2646cc3ea","3058-患者服务 随访服务.pdf","1.醫療管理\1醫務科相關法規\3058-患者服务 随访服务.pdf","UNKNOWN","地區待確認","年份待確認","","待確認或非規範文件","醫療治理與依法執業","","pdf","1268821","2022-07-19T02:55:12.000Z","classified_candidate","0.35"
"d8a955453a1f8acc","4-危急值管理标准.pdf","1.醫療管理\1醫務科相關法規\4-危急值管理标准.pdf","UNKNOWN","地區待確認","年份待確認","","待確認或非規範文件","醫療治理與依法執業","","pdf","1086375","2022-06-20T04:00:24.000Z","classified_candidate","0.35"
"5c3550edcb8b4d5a","6S 管理在医院医护工作中的应用.pdf","1.醫療管理\1醫務科相關法規\6S 管理在医院医护工作中的应用.pdf","UNKNOWN","地區待確認","年份待確認","","研究論文／文獻","醫療治理與依法執業","","pdf","1545065","2022-07-14T07:18:48.000Z","classified_candidate","0.35"
"e255dc0e9fbb5b89","6S精益化管理在医院检验科中的应用.pdf","1.醫療管理\1醫務科相關法規\6S精益化管理在医院检验科中的应用.pdf","UNKNOWN","地區待確認","年份待確認","","研究論文／文獻","醫技、檢驗與病理","醫療治理與依法執業","pdf","291960","2022-07-13T11:00:06.000Z","classified_candidate","0.35"
"92834ceb0496382c","CT检查操作规程.pdf","1.醫療管理\1醫務科相關法規\CT检查操作规程.pdf","UNKNOWN","地區待確認","年份待確認","","院內制度／SOP","醫療治理與依法執業","","pdf","708777","2024-08-22T05:24:32.000Z","classified_candidate","0.35"
"e173c2b194b56000","DB14_T 2992-2024 医疗肿瘤多学科诊疗工作规范.pdf","1.醫療管理\1醫務科相關法規\DB14_T 2992-2024 医疗肿瘤多学科诊疗工作规范.pdf","UNKNOWN","地區待確認","2024","2024","國家或地方標準","臨床診療與醫療技術","醫療治理與依法執業","pdf","1477814","2024-03-18T05:09:18.000Z","classified_candidate","0.35"
"b80203ea476a79ff","DB14_T 3065-2024 医疗临床运送工作规范.pdf","1.醫療管理\1醫務科相關法規\DB14_T 3065-2024 医疗临床运送工作规范.pdf","UNKNOWN","地區待確認","2024","2024","國家或地方標準","醫療治理與依法執業","","pdf","394649","2024-10-28T00:26:36.000Z","classified_candidate","0.35"
"39aab46d97f61d29","DB14_T 3066-2024 住院患者院内转运工作规范.pdf","1.醫療管理\1醫務科相關法規\DB14_T 3066-2024 住院患者院内转运工作规范.pdf","UNKNOWN","地區待確認","2024","2024","國家或地方標準","醫療治理與依法執業","","pdf","369052","2024-11-07T06:35:56.000Z","classified_candidate","0.35"
"3fbd3b63056bad04","DB31_T 1339-2021 医院多学科诊疗管理规范.pdf","1.醫療管理\1醫務科相關法規\DB31_T 1339-2021 医院多学科诊疗管理规范.pdf","UNKNOWN","地區待確認","2021","2021","國家或地方標準","醫療治理與依法執業","","pdf","819865","2023-02-12T08:53:06.000Z","classified_candidate","0.35"
"5b436f901b39be1a","DB31_T 1621-2025 健康促进医院建设规范.pdf","1.醫療管理\1醫務科相關法規\DB31_T 1621-2025 健康促进医院建设规范.pdf","UNKNOWN","地區待確認","2025","2025","國家或地方標準","醫療治理與依法執業","","pdf","171551","2025-11-11T06:58:48.000Z","classified_candidate","0.35"
"c5587c4075282003","DB3210_T 1148-2023 医院导医服务规范.pdf","1.醫療管理\1醫務科相關法規\DB3210_T 1148-2023 医院导医服务规范.pdf","UNKNOWN","地區待確認","2023","2023","國家或地方標準","醫療治理與依法執業","","pdf","478129","2023-11-15T01:51:58.000Z","classified_candidate","0.35"
"a9063c00b2aad0d5","DB32_T 4401-2022 综合医院建筑设计标准.pdf","1.醫療管理\1醫務科相關法規\DB32_T 4401-2022 综合医院建筑设计标准.pdf","UNKNOWN","地區待確認","2022","2022","國家或地方標準","後勤、建築與設施安全","醫療治理與依法執業","pdf","1803335","2023-10-07T04:16:52.000Z","classified_candidate","0.35"
"f514bbcfb4b5ab0e","DB32_T 4616-2023 卫生健康非现场执法工作规范.pdf","1.醫療管理\1醫務科相關法規\DB32_T 4616-2023 卫生健康非现场执法工作规范.pdf","UNKNOWN","地區待確認","2023","2023","國家或地方標準","醫療治理與依法執業","","pdf","523424","2025-07-11T13:18:14.000Z","classified_candidate","0.35"
"a106fed362c70cbe","DB32_T 5065-2025 卫生健康非现场执法数据交换接口规范.pdf","1.醫療管理\1醫務科相關法規\DB32_T 5065-2025 卫生健康非现场执法数据交换接口规范.pdf","UNKNOWN","地區待確認","2025","2025","國家或地方標準","資訊安全與個人資料","醫療治理與依法執業","pdf","754600","2025-07-11T13:19:22.000Z","classified_candidate","0.35"
"d071764ba53e2156","DB3301_T 0222-2024 国际化医院建设规范.pdf","1.醫療管理\1醫務科相關法規\DB3301_T 0222-2024 国际化医院建设规范.pdf","UNKNOWN","地區待確認","2024","2024","國家或地方標準","醫療治理與依法執業","","pdf","378156","2024-06-09T04:10:54.000Z","classified_candidate","0.35"
"61e9d6d17a2674f2","DB36_T 1788-2023 医疗机构肿瘤登记报告和管理规范.pdf","1.醫療管理\1醫務科相關法規\DB36_T 1788-2023 医疗机构肿瘤登记报告和管理规范.pdf","UNKNOWN","地區待確認","2023","2023","國家或地方標準","臨床診療與醫療技術","醫療治理與依法執業","pdf","698530","2023-08-11T09:03:14.000Z","classified_candidate","0.35"
"10bec65274fa8d02","DB4401_T 218-2023 按病种分值医保支付工作规范.pdf","1.醫療管理\1醫務科相關法規\DB4401_T 218-2023 按病种分值医保支付工作规范.pdf","UNKNOWN","地區待確認","2023","2023","國家或地方標準","醫療保險與支付","醫療治理與依法執業","pdf","519437","2023-08-11T09:09:34.000Z","classified_candidate","0.35"
"019cbf93caf978cf","DB4403_T 374-2023 绿色医院评价规范.pdf","1.醫療管理\1醫務科相關法規\DB4403_T 374-2023 绿色医院评价规范.pdf","UNKNOWN","地區待確認","2023","2023","國家或地方標準","醫療治理與依法執業","","pdf","332617","2023-11-15T01:51:44.000Z","classified_candidate","0.35"
"ee3089b39620adab","DB50_T 1787-2025 医养结合机构安宁疗护服务规范 - 副本.pdf","1.醫療管理\1醫務科相關法規\DB50_T 1787-2025 医养结合机构安宁疗护服务规范 - 副本.pdf","UNKNOWN","地區待確認","2025","2025","國家或地方標準","醫療治理與依法執業","","pdf","395397","2025-05-30T02:42:48.000Z","classified_candidate","0.35"
"d1aa67f4d66287a0","GB_T 9704-2012 党政机关公文格式 - 副本.pdf","1.醫療管理\1醫務科相關法規\GB_T 9704-2012 党政机关公文格式 - 副本.pdf","UNKNOWN","地區待確認","2012","2012","國家或地方標準","圖書、教育與文件管理","醫療治理與依法執業","pdf","6079620","2025-02-21T02:35:02.000Z","classified_candidate","0.35"
"e4f986e494f5cdfa","GB_T 9704-2012 党政机关公文格式.pdf","1.醫療管理\1醫務科相關法規\GB_T 9704-2012 党政机关公文格式.pdf","UNKNOWN","地區待確認","2012","2012","國家或地方標準","圖書、教育與文件管理","醫療治理與依法執業","pdf","6079620","2025-02-21T02:35:02.000Z","classified_candidate","0.35"
"307b144e9a2175bc","PDCA循环在产房抢救车质量管理中的应用.pdf","1.醫療管理\1醫務科相關法規\PDCA循环在产房抢救车质量管理中的应用.pdf","UNKNOWN","地區待確認","年份待確認","","研究論文／文獻","醫院評鑑與醫療品質","醫療治理與依法執業","pdf","1011009","2022-06-30T05:19:14.000Z","classified_candidate","0.35"
"5e8a127a26ffa906","TCHAS 10-2-3-2018急救綠色通道.pdf","1.醫療管理\1醫務科相關法規\TCHAS 10-2-3-2018急救綠色通道.pdf","UNKNOWN","地區待確認","2018","2018","待確認或非規範文件","醫療治理與依法執業","","pdf","1445118","2023-11-15T12:24:40.000Z","classified_candidate","0.35"
"25c6532a5d595120","T_CADERM 9301-2024 急救中心医疗服务规范.pdf","1.醫療管理\1醫務科相關法規\T_CADERM 9301-2024 急救中心医疗服务规范.pdf","UNKNOWN","地區待確認","2024","2024","待確認或非規範文件","醫療治理與依法執業","","pdf","312278","2024-07-15T09:01:08.000Z","classified_candidate","0.35"
"36ad2947ae309127","T_CQAEPI 002-2025 医院绿色低碳建设与运营技术指南.pdf","1.醫療管理\1醫務科相關法規\T_CQAEPI 002-2025 医院绿色低碳建设与运营技术指南.pdf","UNKNOWN","地區待確認","2025","2025","技術規範／診療指南","醫療治理與依法執業","","pdf","263602","2025-11-11T06:57:40.000Z","classified_candidate","0.35"
"8e0e75a900152c40","T_CWEMS 001-2025 精益医疗管理规范.pdf","1.醫療管理\1醫務科相關法規\T_CWEMS 001-2025 精益医疗管理规范.pdf","UNKNOWN","地區待確認","2025","2025","待確認或非規範文件","醫療治理與依法執業","","pdf","740738","2025-02-24T03:35:04.000Z","classified_candidate","0.35"
"e9324f655aa6c03d","T_CWEMS 002-2025 医疗质量持续改进工作规范.pdf","1.醫療管理\1醫務科相關法規\T_CWEMS 002-2025 医疗质量持续改进工作规范.pdf","UNKNOWN","地區待確認","2025","2025","待確認或非規範文件","醫院評鑑與醫療品質","醫院評鑑與醫療品質；醫療治理與依法執業","pdf","696178","2025-02-24T03:31:22.000Z","classified_candidate","0.35"
"1c532e1e351d7773","T_GDNAS 020-2022 危重孕产妇的快速识别及急救护理.pdf","1.醫療管理\1醫務科相關法規\T_GDNAS 020-2022 危重孕产妇的快速识别及急救护理.pdf","UNKNOWN","地區待確認","2022","2022","待確認或非規範文件","護理管理","生殖、婦幼與月子服務；醫療治理與依法執業","pdf","940810","2023-11-15T12:20:08.000Z","classified_candidate","0.35"
"3d8f5539288bcade","T_NAHIEM 56-2022 医疗机构放疗中心建设标准.pdf","1.醫療管理\1醫務科相關法規\T_NAHIEM 56-2022 医疗机构放疗中心建设标准.pdf","UNKNOWN","地區待確認","2022","2022","待確認或非規範文件","醫療治理與依法執業","","pdf","13015473","2023-08-11T09:12:20.000Z","classified_candidate","0.35"
"362ff6efc4413f37","T_SHPPA 022-2023 医药企业ESG信息披露指南 - 副本.pdf","1.醫療管理\1醫務科相關法規\T_SHPPA 022-2023 医药企业ESG信息披露指南 - 副本.pdf","UNKNOWN","地區待確認","2023","2023","技術規範／診療指南","環境、能源與醫療廢棄物","醫療治理與依法執業","pdf","1173978","2025-03-08T07:25:10.000Z","classified_candidate","0.35"
"184311110493907f","T_SHWSHQ 02-2019 医院建筑合理用能评价导则.pdf","1.醫療管理\1醫務科相關法規\T_SHWSHQ 02-2019 医院建筑合理用能评价导则.pdf","UNKNOWN","地區待確認","2019","2019","待確認或非規範文件","後勤、建築與設施安全","醫療治理與依法執業","pdf","4002724","2023-10-07T04:15:40.000Z","classified_candidate","0.35"
"2a2c427836c7fc2d","T_TFZX 54-2025 医院行风建设规范 五书一函制度建设.pdf","1.醫療管理\1醫務科相關法規\T_TFZX 54-2025 医院行风建设规范 五书一函制度建设.pdf","UNKNOWN","地區待確認","2025","2025","公告／通知／函釋","醫療治理與依法執業","","pdf","437345","2025-11-11T07:00:52.000Z","classified_candidate","0.35"
"8b2946bdf67a7966","T_ZCHSP 007-2024 多学科诊疗门诊操作规范.pdf","1.醫療管理\1醫務科相關法規\T_ZCHSP 007-2024 多学科诊疗门诊操作规范.pdf","UNKNOWN","地區待確認","2024","2024","待確認或非規範文件","醫療治理與依法執業","","pdf","662834","2024-11-06T08:13:44.000Z","classified_candidate","0.35"
"d2ce5fbefb33bb11","WST658—2019婴儿培养箱安全管理.pdf","1.醫療管理\1醫務科相關法規\WST658—2019婴儿培养箱安全管理.pdf","UNKNOWN","地區待確認","2019","2019","國家或地方標準","醫療治理與依法執業","","pdf","543282","2020-06-13T11:21:06.000Z","classified_candidate","0.35"
"a1ef0371b7c9e447","WS_T 307-2024 医疗机构标志标准.pdf","1.醫療管理\1醫務科相關法規\WS_T 307-2024 医疗机构标志标准.pdf","UNKNOWN","地區待確認","2024","2024","國家或地方標準","醫療治理與依法執業","","pdf","314207","2024-10-15T06:44:34.000Z","classified_candidate","0.35"
"2726ad06054d218e","WS_T 390-2012 医院急救科规范化流程.pdf","1.醫療管理\1醫務科相關法規\WS_T 390-2012 医院急救科规范化流程.pdf","UNKNOWN","地區待確認","2012","2012","國家或地方標準","醫療治理與依法執業","","pdf","2632262","2023-11-15T12:21:16.000Z","classified_candidate","0.35"
"d41b9f734802792c","WS_T 653-2019医院病房床单元设施.pdf","1.醫療管理\1醫務科相關法規\WS_T 653-2019医院病房床单元设施.pdf","UNKNOWN","地區待確認","2019","2019","國家或地方標準","醫療治理與依法執業","","pdf","1051763","2023-06-02T23:37:20.000Z","classified_candidate","0.35"
"9cac34cbe123f7bc","WS_T 819-2023 县级综合医院设备配置标准.pdf","1.醫療管理\1醫務科相關法規\WS_T 819-2023 县级综合医院设备配置标准.pdf","UNKNOWN","地區待確認","2023","2023","國家或地方標準","醫療器材與設備","醫療治理與依法執業","pdf","1911484","2023-08-11T09:00:50.000Z","classified_candidate","0.35"
"acc6e8cf4fc08197","YD_T 4900-2024 医疗健康大数据平台 质量管理技术要求和测试.pdf","1.醫療管理\1醫務科相關法規\YD_T 4900-2024 医疗健康大数据平台 质量管理技术要求和测试.pdf","UNKNOWN","地區待確認","2024","2024","待確認或非規範文件","醫院評鑑與醫療品質","資訊安全與個人資料；醫療治理與依法執業","pdf","4213773","2025-02-24T03:32:34.000Z","classified_candidate","0.35"
"f7a69d5ace45404d","《上海市母婴保健专项技術服務管理辦法2021.pdf","1.醫療管理\1醫務科相關法規\《上海市母婴保健专项技術服務管理辦法2021.pdf","UNKNOWN","上海","2021","2021","院內制度／SOP","生殖、婦幼與月子服務","醫療治理與依法執業","pdf","268637","2022-09-25T03:23:44.000Z","classified_candidate","0.35"
"f9ed0dcca602d1b2","《医院医疗技术临床应用管理制度》.docx","1.醫療管理\1醫務科相關法規\《医院医疗技术临床应用管理制度》.docx","UNKNOWN","地區待確認","年份待確認","","研究論文／文獻","醫院評鑑與醫療品質","病歷、電子病歷與醫療資料；藥事與藥品管理；醫技、檢驗與病理；手術、麻醉與疼痛管理；急診與緊急醫療；臨床研究與人體試驗；醫療保險與支付；醫療器材與設備；消防、治安與應急管理；財務、採購與內部稽核；醫院評鑑與醫療品質；醫療治理與依法執業","docx","38779","2022-05-20T12:58:12.000Z","classified_candidate","0.35"
"c80cb340baa653a1","三级医院对口支援县级医院成效评估.xlsx","1.醫療管理\1醫務科相關法規\三级医院对口支援县级医院成效评估.xlsx","UNKNOWN","地區待確認","年份待確認","","醫院評鑑／認證標準","醫院評鑑與醫療品質","病歷、電子病歷與醫療資料；藥事與藥品管理；感染預防與控制；醫技、檢驗與病理；手術、麻醉與疼痛管理；急診與緊急醫療；生殖、婦幼與月子服務；臨床研究與人體試驗；醫院評鑑與醫療品質；醫療治理與依法執業","xlsx","13608","2022-08-27T06:11:50.000Z","classified_candidate","0.35"
"10a67cbedafbdda4","三级妇产专科医院中心建设标准及评分细则（2023版）.pdf","1.醫療管理\1醫務科相關法規\三级妇产专科医院中心建设标准及评分细则（2023版）.pdf","UNKNOWN","地區待確認","2023","2023","行政法規／條例","生殖、婦幼與月子服務","醫療治理與依法執業","pdf","472314","2023-03-25T12:53:28.000Z","classified_candidate","0.35"
"3a940f00215c00d6","中共中央、国务院关于加强新时代老龄工作的意见.docx","1.醫療管理\1醫務科相關法規\中共中央、国务院关于加强新时代老龄工作的意见.docx","CN","地區待確認","年份待確認","","醫院評鑑／認證標準","資訊安全與個人資料","藥事與藥品管理；護理管理；急診與緊急醫療；臨床研究與人體試驗；醫療保險與支付；環境、能源與醫療廢棄物；醫院評鑑與醫療品質；醫療治理與依法執業","docx","21228","2023-03-01T09:29:02.000Z","classified_candidate","0.75"
"9b8c8af81b61e3cc","中华人民共和国促进科技成果转化法.docx","1.醫療管理\1醫務科相關法規\中华人民共和国促进科技成果转化法.docx","CN","地區待確認","年份待確認","","研究論文／文獻","資訊安全與個人資料","臨床研究與人體試驗；環境、能源與醫療廢棄物；醫療治理與依法執業","docx","18703","2022-06-25T03:24:58.000Z","classified_candidate","0.75"
"dda4e9167d539e16","中华人民共和国医师法.pdf","1.醫療管理\1醫務科相關法規\中华人民共和国医师法.pdf","CN","地區待確認","年份待確認","","待確認或非規範文件","醫療治理與依法執業","","pdf","3777033","2024-06-12T07:58:08.000Z","classified_candidate","0.75"
"6f4b235a9fd3a8cd","中华人民共和国基本医疗卫生与健康促进法.docx","1.醫療管理\1醫務科相關法規\中华人民共和国基本医疗卫生与健康促进法.docx","CN","地區待確認","年份待確認","","醫院評鑑／認證標準","醫院評鑑與醫療品質","資訊安全與個人資料；藥事與藥品管理；感染預防與控制；護理管理；醫技、檢驗與病理；手術、麻醉與疼痛管理；急診與緊急醫療；生殖、婦幼與月子服務；生殖、婦幼與月子服務；臨床研究與人體試驗；職業安全與員工健康；醫療保險與支付；醫療器材與設備；消防、治安與應急管理；環境、能源與醫療廢棄物；臨床診療與醫療技術；財務、採購與內部稽核；醫院評鑑與醫療品質；醫療治理與依法執業","docx","30791","2021-01-25T08:00:16.000Z","classified_candidate","0.75"
"a2a960b6cb731f7a","中华人民共和国基本医疗卫生与健康促进法.pdf","1.醫療管理\1醫務科相關法規\中华人民共和国基本医疗卫生与健康促进法.pdf","CN","地區待確認","年份待確認","","待確認或非規範文件","醫療治理與依法執業","","pdf","388101","2022-06-17T07:54:14.000Z","classified_candidate","0.75"
"83d09fcc161dfe97","中华人民共和国广告法.docx","1.醫療管理\1醫務科相關法規\中华人民共和国广告法.docx","CN","地區待確認","年份待確認","","教材／簡報／參考資料","資訊安全與個人資料","藥事與藥品管理；手術、麻醉與疼痛管理；臨床研究與人體試驗；醫療器材與設備；消防、治安與應急管理；環境、能源與醫療廢棄物；後勤、建築與設施安全；醫療治理與依法執業","docx","28130","2021-01-25T08:49:28.000Z","classified_candidate","0.75"
"be8e3aa3b8ef748d","中华人民共和国执业医师法.docx","1.醫療管理\1醫務科相關法規\中华人民共和国执业医师法.docx","CN","地區待確認","年份待確認","","研究論文／文獻","資訊安全與個人資料","藥事與藥品管理；感染預防與控制；手術、麻醉與疼痛管理；急診與緊急醫療；臨床研究與人體試驗；醫療器材與設備；消防、治安與應急管理；醫療治理與依法執業","docx","20650","2021-01-25T08:00:58.000Z","classified_candidate","0.75"
"2127252febde58ea","中华人民共和国母婴保健法.docx","1.醫療管理\1醫務科相關法規\中华人民共和国母婴保健法.docx","CN","地區待確認","年份待確認","","研究論文／文獻","感染預防與控制","護理管理；手術、麻醉與疼痛管理；生殖、婦幼與月子服務；生殖、婦幼與月子服務；臨床研究與人體試驗；環境、能源與醫療廢棄物；醫療治理與依法執業","docx","18073","2021-01-25T08:04:06.000Z","classified_candidate","0.75"
"cb15680a1621134b","中华人民共和国职业病防治法.docx","1.醫療管理\1醫務科相關法規\中华人民共和国职业病防治法.docx","CN","地區待確認","年份待確認","","查檢表／稽核表","醫院評鑑與醫療品質","急診與緊急醫療；臨床研究與人體試驗；職業安全與員工健康；醫療保險與支付；醫療器材與設備；消防、治安與應急管理；環境、能源與醫療廢棄物；醫療治理與依法執業","docx","32136","2021-01-25T09:04:06.000Z","classified_candidate","0.75"
"7ee3d8ef7ababdee","中山市日间手术管理导则.docx","1.醫療管理\1醫務科相關法規\中山市日间手术管理导则.docx","UNKNOWN","地區待確認","年份待確認","","公告／通知／函釋","病歷、電子病歷與醫療資料","藥事與藥品管理；護理管理；醫技、檢驗與病理；手術、麻醉與疼痛管理；急診與緊急醫療；醫療器材與設備；消防、治安與應急管理；醫療治理與依法執業","docx","77108","2022-08-27T11:55:34.000Z","classified_candidate","0.35"
"2501fcbc43332b00","二级及以上综合医院感染性疾病科建设标准(建议稿).pdf","1.醫療管理\1醫務科相關法規\二级及以上综合医院感染性疾病科建设标准(建议稿).pdf","UNKNOWN","地區待確認","年份待確認","","待確認或非規範文件","感染預防與控制","醫療治理與依法執業","pdf","1237296","2026-02-05T04:27:40.000Z","classified_candidate","0.35"
"6a42a63fc28e78e9","产房分娩安全核查.doc","1.醫療管理\1醫務科相關法規\产房分娩安全核查.doc","UNKNOWN","地區待確認","年份待確認","","待確認或非規範文件","醫療治理與依法執業","","doc","71168","2022-06-28T05:34:38.000Z","classified_candidate","0.35"
"658b6fd5b8e52038","产房分娩安全核查表.doc","1.醫療管理\1醫務科相關法規\产房分娩安全核查表.doc","UNKNOWN","地區待確認","年份待確認","","待確認或非規範文件","醫療治理與依法執業","","doc","71680","2023-08-06T08:38:08.000Z","classified_candidate","0.35"
"e3fdf9de12da48ec","产科专业医疗质量安全管理.pdf","1.醫療管理\1醫務科相關法規\产科专业医疗质量安全管理.pdf","UNKNOWN","地區待確認","年份待確認","","待確認或非規範文件","醫院評鑑與醫療品質","生殖、婦幼與月子服務；醫院評鑑與醫療品質；醫療治理與依法執業","pdf","515625","2023-08-06T08:37:48.000Z","classified_candidate","0.35"
"85d6d9b8f79cf21a","人体器官移植伦理委员会工作规则.pdf","1.醫療管理\1醫務科相關法規\人体器官移植伦理委员会工作规则.pdf","UNKNOWN","地區待確認","年份待確認","","待確認或非規範文件","輸血與器官移植","醫療治理與依法執業","pdf","1012349","2024-10-16T02:43:20.000Z","classified_candidate","0.35"
"8ea585ba34694a1d","人体器官移植技术临床应用管理规定.pdf","1.醫療管理\1醫務科相關法規\人体器官移植技术临床应用管理规定.pdf","UNKNOWN","地區待確認","年份待確認","","研究論文／文獻","輸血與器官移植","醫療治理與依法執業","pdf","2442056","2024-10-16T02:43:02.000Z","classified_candidate","0.35"
"73ff107b0a985684","人体器官移植条例.pdf","1.醫療管理\1醫務科相關法規\人体器官移植条例.pdf","UNKNOWN","地區待確認","年份待確認","","行政法規／條例","輸血與器官移植","醫療治理與依法執業","pdf","128990","2021-01-25T08:13:30.000Z","classified_candidate","0.35"
"80bce68c127f0452","人体捐献器官获取收费和财务管理办法（试行）.pdf","1.醫療管理\1醫務科相關法規\人体捐献器官获取收费和财务管理办法（试行）.pdf","UNKNOWN","地區待確認","年份待確認","","院內制度／SOP","財務、採購與內部稽核","醫療治理與依法執業","pdf","1849859","2024-10-16T02:43:44.000Z","classified_candidate","0.35"
"6e1090d8febaa097","从手术质量安全探索中国医疗机构管理能力现代化 20(1).pdf","1.醫療管理\1醫務科相關法規\从手术质量安全探索中国医疗机构管理能力现代化 20(1).pdf","CN","地區待確認","年份待確認","","待確認或非規範文件","手術、麻醉與疼痛管理","醫療治理與依法執業","pdf","6691717","2023-10-10T07:04:14.000Z","classified_candidate","0.75"
"5648c775315bfdb9","健康体检管理暂行规定.pdf","1.醫療管理\1醫務科相關法規\健康体检管理暂行规定.pdf","UNKNOWN","地區待確認","年份待確認","","行政法規／條例","醫療治理與依法執業","","pdf","916578","2023-09-21T07:20:14.000Z","classified_candidate","0.35"
"f76fa6c19a91065e","全国医院上报数据统计分析指标集（试行）.pdf","1.醫療管理\1醫務科相關法規\全国医院上报数据统计分析指标集（试行）.pdf","UNKNOWN","地區待確認","年份待確認","","待確認或非規範文件","資訊安全與個人資料","醫療治理與依法執業","pdf","393430","2023-03-02T00:48:50.000Z","classified_candidate","0.35"
"26f4438a01dc3dd0","全国医院信息化建设标准与规范.pdf","1.醫療管理\1醫務科相關法規\全国医院信息化建设标准与规范.pdf","UNKNOWN","地區待確認","年份待確認","","待確認或非規範文件","醫療治理與依法執業","","pdf","1765050","2023-03-01T09:32:00.000Z","classified_candidate","0.35"
"a05be35dc5b0650f","公共场所卫生管理条例（2016修订）.pdf","1.醫療管理\1醫務科相關法規\公共场所卫生管理条例（2016修订）.pdf","UNKNOWN","地區待確認","2016","2016","行政法規／條例","醫療治理與依法執業","","pdf","316527","2022-04-23T13:41:06.000Z","classified_candidate","0.35"
"c65f281fa689e56e","公共安全视频图像信息系统管理条例 - 副本.pdf","1.醫療管理\1醫務科相關法規\公共安全视频图像信息系统管理条例 - 副本.pdf","UNKNOWN","地區待確認","年份待確認","","行政法規／條例","醫療治理與依法執業","","pdf","2390974","2025-06-27T07:48:50.000Z","classified_candidate","0.35"
"f8a5862160ee6155","公立医院内部控制管理办法.docx","1.醫療管理\1醫務科相關法規\公立医院内部控制管理办法.docx","CN","地區待確認","年份待確認","","研究論文／文獻","醫院評鑑與醫療品質","病歷、電子病歷與醫療資料；資訊安全與個人資料；藥事與藥品管理；臨床研究與人體試驗；醫療保險與支付；醫療器材與設備；環境、能源與醫療廢棄物；財務、採購與內部稽核；後勤、建築與設施安全；醫療治理與依法執業","docx","27101","2023-02-06T04:11:42.000Z","classified_candidate","0.75"
"13cc333fd2cf407d","关于再次强调严禁分解入院的通知.docx","1.醫療管理\1醫務科相關法規\关于再次强调严禁分解入院的通知.docx","UNKNOWN","地區待確認","年份待確認","","公告／通知／函釋","醫療保險與支付","醫療治理與依法執業","docx","14423","2022-07-11T14:17:14.000Z","classified_candidate","0.35"
"f7524673eb784e05","关于加强重症医学医疗服务能力建设的意见.pdf","1.醫療管理\1醫務科相關法規\关于加强重症医学医疗服务能力建设的意见.pdf","UNKNOWN","地區待確認","年份待確認","","待確認或非規範文件","醫療治理與依法執業","","pdf","1872926","2024-06-21T01:11:16.000Z","classified_candidate","0.35"
"cd7d17b5bd7580db","关于印发医养结合机构管理指南（试行）的通知.pdf","1.醫療管理\1醫務科相關法規\关于印发医养结合机构管理指南（试行）的通知.pdf","UNKNOWN","地區待確認","年份待確認","","技術規範／診療指南","醫療治理與依法執業","","pdf","2034269","2022-06-04T07:30:06.000Z","classified_candidate","0.35"
"4ad3cd76e70c0e80","关于印发医疗卫生机构信息公开管理办法的通知 - 中华人民共和国国家卫生健康委员会.pdf","1.醫療管理\1醫務科相關法規\关于印发医疗卫生机构信息公开管理办法的通知 - 中华人民共和国国家卫生健康委员会.pdf","CN","地區待確認","年份待確認","","公告／通知／函釋","醫療治理與依法執業","","pdf","235869","2022-06-04T08:05:28.000Z","classified_candidate","0.75"
"51e4d388210a387c","关于印发医疗机构工作人员廉洁从业九项准则的通知.pdf","1.醫療管理\1醫務科相關法規\关于印发医疗机构工作人员廉洁从业九项准则的通知.pdf","UNKNOWN","地區待確認","年份待確認","","公告／通知／函釋","醫療治理與依法執業","","pdf","603898","2022-06-09T09:28:54.000Z","classified_candidate","0.35"
"25267ca4acbc3017","关于印发医疗监督执法工作规范（试行）的通知 - 副本.pdf","1.醫療管理\1醫務科相關法規\关于印发医疗监督执法工作规范（试行）的通知 - 副本.pdf","UNKNOWN","地區待確認","年份待確認","","公告／通知／函釋","醫療治理與依法執業","","pdf","2770731","2025-05-20T12:15:04.000Z","classified_candidate","0.35"
"5e2b21a7f87fce90","关于印发医疗联合体管理办法（试行）的通知.pdf","1.醫療管理\1醫務科相關法規\关于印发医疗联合体管理办法（试行）的通知.pdf","UNKNOWN","地區待確認","年份待確認","","公告／通知／函釋","醫療治理與依法執業","","pdf","334745","2022-06-04T06:36:50.000Z","classified_candidate","0.35"
"f2feb2f8f846a9e9","关于印发大型医用设备配置与使用管理办法（试行）的通知.docx","1.醫療管理\1醫務科相關法規\关于印发大型医用设备配置与使用管理办法（试行）的通知.docx","CN","地區待確認","年份待確認","","醫院評鑑／認證標準","醫院評鑑與醫療品質","病歷、電子病歷與醫療資料；資訊安全與個人資料；藥事與藥品管理；醫技、檢驗與病理；醫療器材與設備；環境、能源與醫療廢棄物；財務、採購與內部稽核；醫院評鑑與醫療品質；後勤、建築與設施安全；醫療治理與依法執業","docx","34210","2023-03-01T09:15:56.000Z","classified_candidate","0.75"
"2577f9fb6d30ffe4","关于进一步做好分级诊疗制度建设有关重点工作的通知.docx","1.醫療管理\1醫務科相關法規\关于进一步做好分级诊疗制度建设有关重点工作的通知.docx","UNKNOWN","地區待確認","年份待確認","","醫院評鑑／認證標準","醫院評鑑與醫療品質","資訊安全與個人資料；藥事與藥品管理；感染預防與控制；護理管理；醫技、檢驗與病理；手術、麻醉與疼痛管理；急診與緊急醫療；生殖、婦幼與月子服務；生殖、婦幼與月子服務；臨床研究與人體試驗；醫療保險與支付；醫療器材與設備；臨床診療與醫療技術；醫院評鑑與醫療品質；醫療治理與依法執業","docx","17582","2023-03-01T02:09:48.000Z","classified_candidate","0.35"
"410086fa613e0dbd","内镜诊疗技术临床应用管理规定.pdf","1.醫療管理\1醫務科相關法規\内镜诊疗技术临床应用管理规定.pdf","UNKNOWN","地區待確認","年份待確認","","研究論文／文獻","醫療治理與依法執業","","pdf","120339","2022-08-17T12:39:48.000Z","classified_candidate","0.35"
"9ca26e11cffddad3","化学物质环境健康风险评估技术指南.pdf","1.醫療管理\1醫務科相關法規\化学物质环境健康风险评估技术指南.pdf","UNKNOWN","地區待確認","年份待確認","","技術規範／診療指南","環境、能源與醫療廢棄物","醫療治理與依法執業","pdf","420930","2022-08-26T08:32:50.000Z","classified_candidate","0.35"
"9d66eb769d46cb32","医学X线检查操作规程.pdf","1.醫療管理\1醫務科相關法規\医学X线检查操作规程.pdf","UNKNOWN","地區待確認","年份待確認","","院內制度／SOP","醫療治理與依法執業","","pdf","833800","2024-08-22T05:24:12.000Z","classified_candidate","0.35"
"469d7ed09681351e","医师外出会诊管理暂行规定.pdf","1.醫療管理\1醫務科相關法規\医师外出会诊管理暂行规定.pdf","UNKNOWN","地區待確認","年份待確認","","行政法規／條例","醫療治理與依法執業","","pdf","168319","2022-06-01T05:02:58.000Z","classified_candidate","0.35"
"02b800bbf4ced773","医护人员院前医疗急救培训标准.pdf","1.醫療管理\1醫務科相關法規\医护人员院前医疗急救培训标准.pdf","UNKNOWN","地區待確認","年份待確認","","教材／簡報／參考資料","醫療治理與依法執業","","pdf","269860","2024-08-22T05:25:04.000Z","classified_candidate","0.35"
"b4c555c1ffad346b","医疗事故处理条例.docx","1.醫療管理\1醫務科相關法規\医疗事故处理条例.docx","CN","地區待確認","年份待確認","","公告／通知／函釋","醫院評鑑與醫療品質","病歷、電子病歷與醫療資料；感染預防與控制；護理管理；醫技、檢驗與病理；手術、麻醉與疼痛管理；急診與緊急醫療；輸血與器官移植；臨床研究與人體試驗；醫療保險與支付；消防、治安與應急管理；財務、採購與內部稽核；醫療治理與依法執業","docx","25072","2021-01-25T08:22:22.000Z","classified_candidate","0.75"
"13ed59c316445b90","医疗卫生机构开展研究者发起的临床研究管理办法.pdf","1.醫療管理\1醫務科相關法規\医疗卫生机构开展研究者发起的临床研究管理办法.pdf","UNKNOWN","地區待確認","年份待確認","","研究論文／文獻","臨床研究與人體試驗","醫療治理與依法執業","pdf","247080","2023-03-01T09:12:34.000Z","classified_candidate","0.35"
"42bc6d1fae2037eb","医疗广告管理办法.docx","1.醫療管理\1醫務科相關法規\医疗广告管理办法.docx","UNKNOWN","地區待確認","年份待確認","","公告／通知／函釋","臨床研究與人體試驗","醫療治理與依法執業","docx","15304","2021-01-25T08:54:56.000Z","classified_candidate","0.35"
"00dca9157b826eae","医疗技术临床应用管理制度.docx","1.醫療管理\1醫務科相關法規\医疗技术临床应用管理制度.docx","UNKNOWN","地區待確認","年份待確認","","醫院評鑑／認證標準","醫院評鑑與醫療品質","資訊安全與個人資料；藥事與藥品管理；感染預防與控制；護理管理；手術、麻醉與疼痛管理；急診與緊急醫療；臨床研究與人體試驗；醫療器材與設備；消防、治安與應急管理；醫院評鑑與醫療品質；醫療治理與依法執業","docx","20208","2022-05-20T13:02:28.000Z","classified_candidate","0.35"
"bafaed9c2a9b8f28","医疗技术临床应用管理办法(国家版).doc","1.醫療管理\1醫務科相關法規\医疗技术临床应用管理办法(国家版).doc","UNKNOWN","地區待確認","年份待確認","","研究論文／文獻","醫療治理與依法執業","","doc","47616","2021-11-18T05:38:48.000Z","classified_candidate","0.35"
"2ef02e7f7d19fa1b","医疗技术临床应用管理办法.pdf","1.醫療管理\1醫務科相關法規\医疗技术临床应用管理办法.pdf","UNKNOWN","地區待確認","年份待確認","","研究論文／文獻","醫療治理與依法執業","","pdf","155311","2021-01-25T08:23:14.000Z","classified_candidate","0.35"
"819fd8d405f90d38","医疗技术临床应用管理办法2018.pdf","1.醫療管理\1醫務科相關法規\医疗技术临床应用管理办法2018.pdf","UNKNOWN","地區待確認","2018","2018","研究論文／文獻","醫療治理與依法執業","","pdf","270918","2022-05-20T12:43:54.000Z","classified_candidate","0.35"
"5fe02ba38db9a3b1","医疗机构与第三方医疗业务合作自查表.docx","1.醫療管理\1醫務科相關法規\医疗机构与第三方医疗业务合作自查表.docx","UNKNOWN","地區待確認","年份待確認","","待確認或非規範文件","醫療治理與依法執業","","docx","17042","2022-07-11T14:20:08.000Z","classified_candidate","0.35"
"ae68c8e91a94d056","医疗机构临床用血管理办法（2019年修订版）.doc","1.醫療管理\1醫務科相關法規\医疗机构临床用血管理办法（2019年修订版）.doc","UNKNOWN","地區待確認","2019","2019","院內制度／SOP","醫療治理與依法執業","","doc","59392","2022-11-29T02:32:06.000Z","classified_candidate","0.35"
"6a646dd68bd9000d","医疗机构临床路径管理指导原则.docx","1.醫療管理\1醫務科相關法規\医疗机构临床路径管理指导原则.docx","UNKNOWN","地區待確認","年份待確認","","醫院評鑑／認證標準","醫院評鑑與醫療品質","資訊安全與個人資料；藥事與藥品管理；護理管理；醫技、檢驗與病理；醫療保險與支付；醫院評鑑與醫療品質；醫療治理與依法執業","docx","11775","2022-06-04T09:27:42.000Z","classified_candidate","0.35"
"13958923d3fa5ab5","医疗机构临床路径管理指导原则.pdf","1.醫療管理\1醫務科相關法規\医疗机构临床路径管理指导原则.pdf","UNKNOWN","地區待確認","年份待確認","","待確認或非規範文件","醫療治理與依法執業","","pdf","265229","2022-06-04T09:23:56.000Z","classified_candidate","0.35"
"f6e655f1b892f306","医疗机构医用耗材管理办法（试行）.pdf","1.醫療管理\1醫務科相關法規\医疗机构医用耗材管理办法（试行）.pdf","UNKNOWN","地區待確認","年份待確認","","院內制度／SOP","醫療器材與設備","醫療治理與依法執業","pdf","269908","2022-06-04T08:41:22.000Z","classified_candidate","0.35"
"08f347c1abffa882","医疗机构基本标准（试行）.docx","1.醫療管理\1醫務科相關法規\医疗机构基本标准（试行）.docx","UNKNOWN","地區待確認","年份待確認","","研究論文／文獻","病歷、電子病歷與醫療資料","藥事與藥品管理；感染預防與控制；護理管理；醫技、檢驗與病理；手術、麻醉與疼痛管理；急診與緊急醫療；輸血與器官移植；生殖、婦幼與月子服務；生殖、婦幼與月子服務；臨床研究與人體試驗；職業安全與員工健康；醫療器材與設備；臨床診療與醫療技術；後勤、建築與設施安全；醫療治理與依法執業","docx","105981","2021-01-25T07:45:12.000Z","classified_candidate","0.35"
"232f03da531ed7bf","医疗机构手术分级管理办法（试行）.doc","1.醫療管理\1醫務科相關法規\医疗机构手术分级管理办法（试行）.doc","UNKNOWN","地區待確認","年份待確認","","院內制度／SOP","手術、麻醉與疼痛管理","醫療治理與依法執業","doc","22016","2022-07-06T04:01:50.000Z","classified_candidate","0.35"
"001ef24612044a39","医疗机构投诉管理办法 (2).doc","1.醫療管理\1醫務科相關法規\医疗机构投诉管理办法 (2).doc","UNKNOWN","地區待確認","年份待確認","","院內制度／SOP","醫療治理與依法執業","","doc","54842","2022-06-05T15:27:56.000Z","classified_candidate","0.35"
"b984f35ec037d3e7","医疗机构日间医疗质量管理暂行规定.pdf","1.醫療管理\1醫務科相關法規\医疗机构日间医疗质量管理暂行规定.pdf","UNKNOWN","地區待確認","年份待確認","","行政法規／條例","醫院評鑑與醫療品質","醫院評鑑與醫療品質；醫療治理與依法執業","pdf","1573232","2023-08-28T05:14:36.000Z","classified_candidate","0.35"
"231d1db973899ebb","医疗机构标志标准（代替WS 307—2009）.pdf","1.醫療管理\1醫務科相關法規\医疗机构标志标准（代替WS 307—2009）.pdf","UNKNOWN","地區待確認","2009","2009","國家或地方標準","醫療治理與依法執業","","pdf","315275","2024-08-22T05:23:48.000Z","classified_candidate","0.35"
"46f05aa60a386a10","医疗机构检查检验结果互认管理办法.pdf","1.醫療管理\1醫務科相關法規\医疗机构检查检验结果互认管理办法.pdf","UNKNOWN","地區待確認","年份待確認","","院內制度／SOP","醫技、檢驗與病理","醫療治理與依法執業","pdf","1693481","2023-03-12T10:02:22.000Z","classified_candidate","0.35"
"6e09d6335b790a81","医疗机构管理条例.pdf","1.醫療管理\1醫務科相關法規\医疗机构管理条例.pdf","UNKNOWN","地區待確認","年份待確認","","行政法規／條例","醫療治理與依法執業","","pdf","217335","2024-08-09T06:11:32.000Z","classified_candidate","0.35"
"f8ffe8ec5d36ff48","医疗机构管理条例实施细则.docx","1.醫療管理\1醫務科相關法規\医疗机构管理条例实施细则.docx","CN","地區待確認","年份待確認","","醫院評鑑／認證標準","醫院評鑑與醫療品質","病歷、電子病歷與醫療資料；藥事與藥品管理；感染預防與控制；護理管理；醫技、檢驗與病理；手術、麻醉與疼痛管理；急診與緊急醫療；生殖、婦幼與月子服務；臨床研究與人體試驗；醫療器材與設備；消防、治安與應急管理；環境、能源與醫療廢棄物；醫院評鑑與醫療品質；後勤、建築與設施安全；醫療治理與依法執業","docx","29981","2021-01-25T07:59:08.000Z","classified_candidate","0.75"
"88006bf24f242291","医疗机构管理条例实施细则.pdf","1.醫療管理\1醫務科相關法規\医疗机构管理条例实施细则.pdf","UNKNOWN","地區待確認","年份待確認","","公告／通知／函釋","醫療治理與依法執業","","pdf","286202","2022-06-01T05:08:30.000Z","classified_candidate","0.35"
"4f3f9203373f6a50","医疗机构管理条例（2016修订）.docx","1.醫療管理\1醫務科相關法規\医疗机构管理条例（2016修订）.docx","TW","地區待確認","2016","2016","醫院評鑑／認證標準","藥事與藥品管理","感染預防與控制；護理管理；醫技、檢驗與病理；手術、麻醉與疼痛管理；臨床研究與人體試驗；職業安全與員工健康；醫療器材與設備；財務、採購與內部稽核；醫院評鑑與醫療品質；後勤、建築與設施安全；醫療治理與依法執業","docx","18545","2021-01-25T07:55:16.000Z","classified_candidate","0.75"
"fd26cda34080fdf6","医疗纠纷预防和处理条例.docx","1.醫療管理\1醫務科相關法規\医疗纠纷预防和处理条例.docx","CN","地區待確認","年份待確認","","研究論文／文獻","醫院評鑑與醫療品質","病歷、電子病歷與醫療資料；資訊安全與個人資料；藥事與藥品管理；感染預防與控制；護理管理；醫技、檢驗與病理；手術、麻醉與疼痛管理；急診與緊急醫療；輸血與器官移植；醫療器材與設備；消防、治安與應急管理；醫院評鑑與醫療品質；醫療治理與依法執業","docx","22217","2021-01-25T08:19:12.000Z","classified_candidate","0.75"
"539f1017ee4d9a62","医疗联合体管理办法.pdf","1.醫療管理\1醫務科相關法規\医疗联合体管理办法.pdf","UNKNOWN","地區待確認","年份待確認","","院內制度／SOP","醫療治理與依法執業","","pdf","290571","2022-06-04T06:37:48.000Z","classified_candidate","0.35"
"07f43d42d57a535a","医疗质量安全核心制度要点.pdf","1.醫療管理\1醫務科相關法規\医疗质量安全核心制度要点.pdf","UNKNOWN","地區待確認","年份待確認","","院內制度／SOP","醫院評鑑與醫療品質","醫院評鑑與醫療品質；醫療治理與依法執業","pdf","1859667","2023-08-06T08:36:18.000Z","classified_candidate","0.35"
"fa8af0d9b49d4120","医疗质量管理与控制指标汇编5.0版(1)(1).pdf","1.醫療管理\1醫務科相關法規\医疗质量管理与控制指标汇编5.0版(1)(1).pdf","UNKNOWN","地區待確認","年份待確認","","待確認或非規範文件","醫院評鑑與醫療品質","醫院評鑑與醫療品質；醫療治理與依法執業","pdf","3656803","2023-11-25T02:26:32.000Z","classified_candidate","0.35"
"40013424f563851d","医疗质量管理办法.pdf","1.醫療管理\1醫務科相關法規\医疗质量管理办法.pdf","UNKNOWN","地區待確認","年份待確認","","院內制度／SOP","醫院評鑑與醫療品質","醫院評鑑與醫療品質；醫療治理與依法執業","pdf","233744","2022-06-04T09:20:28.000Z","classified_candidate","0.35"
"0879caf817cb6bf6","医院信息化建设应用技术指引（2017年）.pdf","1.醫療管理\1醫務科相關法規\医院信息化建设应用技术指引（2017年）.pdf","UNKNOWN","地區待確認","2017","2017","研究論文／文獻","醫療治理與依法執業","","pdf","3647214","2023-03-02T00:41:10.000Z","classified_candidate","0.35"
"630f70804ed69e09","医院信息平台应用功能指引.pdf","1.醫療管理\1醫務科相關法規\医院信息平台应用功能指引.pdf","UNKNOWN","地區待確認","年份待確認","","研究論文／文獻","醫療治理與依法執業","","pdf","14825223","2023-03-02T00:40:46.000Z","classified_candidate","0.35"
"869dbe70de4b97c7","医院候诊室卫生标准青海.pdf","1.醫療管理\1醫務科相關法規\医院候诊室卫生标准青海.pdf","UNKNOWN","青海","年份待確認","","待確認或非規範文件","醫療治理與依法執業","","pdf","698763","2023-10-06T12:20:50.000Z","classified_candidate","0.35"
"20f4b5ba0a69f332","医院多学科诊疗管理规范.pdf","1.醫療管理\1醫務科相關法規\医院多学科诊疗管理规范.pdf","UNKNOWN","地區待確認","年份待確認","","待確認或非規範文件","醫療治理與依法執業","","pdf","853945","2023-03-31T13:16:26.000Z","classified_candidate","0.35"
"6fefc7af2743b9c1","医院手术部（室）管理规范.doc","1.醫療管理\1醫務科相關法規\医院手术部（室）管理规范.doc","UNKNOWN","地區待確認","年份待確認","","待確認或非規範文件","手術、麻醉與疼痛管理","醫療治理與依法執業","doc","36046","2024-08-07T07:12:00.000Z","classified_candidate","0.35"
"da4b969c59b3f693","医院病房床单元设施 .pdf","1.醫療管理\1醫務科相關法規\医院病房床单元设施 .pdf","UNKNOWN","地區待確認","年份待確認","","待確認或非規範文件","醫療治理與依法執業","","pdf","484321","2020-06-13T11:21:04.000Z","classified_candidate","0.35"
"4df8f15b1521e59d","医院病房床单元设施.pdf","1.醫療管理\1醫務科相關法規\医院病房床单元设施.pdf","UNKNOWN","地區待確認","年份待確認","","待確認或非規範文件","醫療治理與依法執業","","pdf","484321","2022-08-26T08:37:28.000Z","classified_candidate","0.35"
"69adda2f824337b7","医院院长办公会议事与决策规则.doc","1.醫療管理\1醫務科相關法規\医院院长办公会议事与决策规则.doc","UNKNOWN","地區待確認","年份待確認","","待確認或非規範文件","醫療治理與依法執業","","doc","32256","2022-06-03T09:14:52.000Z","classified_candidate","0.35"
"c64cfae9811e1598","单病种质量监测信息项（2020 年版）.pdf","1.醫療管理\1醫務科相關法規\单病种质量监测信息项（2020 年版）.pdf","UNKNOWN","地區待確認","2020","2020","待確認或非規範文件","醫療治理與依法執業","","pdf","490365","2023-03-01T02:30:04.000Z","classified_candidate","0.35"
"cd37cb7ae57d72da","卫生部关于印发《医疗卫生机构医学装备管理办法》的通知.docx","1.醫療管理\1醫務科相關法規\卫生部关于印发《医疗卫生机构医学装备管理办法》的通知.docx","UNKNOWN","地區待確認","年份待確認","","研究論文／文獻","醫院評鑑與醫療品質","感染預防與控制；急診與緊急醫療；臨床研究與人體試驗；醫療器材與設備；消防、治安與應急管理；環境、能源與醫療廢棄物；財務、採購與內部稽核；醫院評鑑與醫療品質；醫療治理與依法執業","docx","25238","2023-03-01T09:19:24.000Z","classified_candidate","0.35"
"0de3afc0ee586f2c","围手术期质量管理-手术中管理.pptx","1.醫療管理\1醫務科相關法規\围手术期质量管理-手术中管理.pptx","UNKNOWN","地區待確認","年份待確認","","研究論文／文獻","醫院評鑑與醫療品質","資訊安全與個人資料；感染預防與控制；護理管理；醫技、檢驗與病理；手術、麻醉與疼痛管理；急診與緊急醫療；輸血與器官移植；醫療器材與設備；消防、治安與應急管理；環境、能源與醫療廢棄物；醫療治理與依法執業","pptx","3379198","2024-11-29T06:58:32.000Z","classified_candidate","0.35"
"7860828eba98fe96","国务院办公厅关于促进“互联网+医疗健康”发展的意见.docx","1.醫療管理\1醫務科相關法規\国务院办公厅关于促进“互联网+医疗健康”发展的意见.docx","CN","地區待確認","年份待確認","","醫院評鑑／認證標準","醫院評鑑與醫療品質","病歷、電子病歷與醫療資料；資訊安全與個人資料；藥事與藥品管理；感染預防與控制；護理管理；醫技、檢驗與病理；手術、麻醉與疼痛管理；急診與緊急醫療；生殖、婦幼與月子服務；臨床研究與人體試驗；醫療保險與支付；醫療器材與設備；消防、治安與應急管理；醫院評鑑與醫療品質；後勤、建築與設施安全；醫療治理與依法執業","docx","20844","2023-03-01T02:07:58.000Z","classified_candidate","0.75"
"0ac38017698b6ff1","国务院办公厅关于推进分级诊疗制度建设的指导意见.docx","1.醫療管理\1醫務科相關法規\国务院办公厅关于推进分级诊疗制度建设的指导意见.docx","CN","地區待確認","年份待確認","","醫院評鑑／認證標準","醫院評鑑與醫療品質","病歷、電子病歷與醫療資料；資訊安全與個人資料；藥事與藥品管理；感染預防與控制；護理管理；醫技、檢驗與病理；手術、麻醉與疼痛管理；急診與緊急醫療；生殖、婦幼與月子服務；生殖、婦幼與月子服務；臨床研究與人體試驗；醫療保險與支付；醫療器材與設備；臨床診療與醫療技術；醫院評鑑與醫療品質；醫療治理與依法執業","docx","20202","2023-03-01T02:02:42.000Z","classified_candidate","0.75"
"23de42583d34058e","国务院办公厅关于推进医疗联合体建设和发展的指导意见.docx","1.醫療管理\1醫務科相關法規\国务院办公厅关于推进医疗联合体建设和发展的指导意见.docx","UNKNOWN","地區待確認","年份待確認","","醫院評鑑／認證標準","醫院評鑑與醫療品質","病歷、電子病歷與醫療資料；資訊安全與個人資料；藥事與藥品管理；感染預防與控制；護理管理；醫技、檢驗與病理；急診與緊急醫療；生殖、婦幼與月子服務；臨床研究與人體試驗；醫療保險與支付；臨床診療與醫療技術；財務、採購與內部稽核；醫院評鑑與醫療品質；後勤、建築與設施安全；醫療治理與依法執業","docx","21782","2023-03-01T02:05:58.000Z","classified_candidate","0.35"
"b0c59cadb48ad138","国家三级公立医院绩效考核操作手册2024 - 副本.pdf","1.醫療管理\1醫務科相關法規\国家三级公立医院绩效考核操作手册2024 - 副本.pdf","UNKNOWN","地區待確認","2024","2024","待確認或非規範文件","醫院評鑑與醫療品質","醫療治理與依法執業","pdf","2085435","2025-03-19T00:17:36.000Z","classified_candidate","0.35"
"21a2a8f2c79c1951","国家卫生健康委办公厅关于印发不明原因儿童严重急性肝炎诊疗指南.docx","1.醫療管理\1醫務科相關法規\国家卫生健康委办公厅关于印发不明原因儿童严重急性肝炎诊疗指南.docx","CN","地區待確認","年份待確認","","研究論文／文獻","資訊安全與個人資料","感染預防與控制；護理管理；醫技、檢驗與病理；急診與緊急醫療；輸血與器官移植；生殖、婦幼與月子服務；臨床研究與人體試驗；環境、能源與醫療廢棄物；醫療治理與依法執業","docx","21966","2022-06-28T00:58:04.000Z","classified_candidate","0.75"
"136764f232189e29","国家卫生健康委办公厅关于印发患者安全专项行动方案（2023-.pdf","1.醫療管理\1醫務科相關法規\国家卫生健康委办公厅关于印发患者安全专项行动方案（2023-.pdf","UNKNOWN","地區待確認","2023","2023","公告／通知／函釋","醫院評鑑與醫療品質","醫療治理與依法執業","pdf","3183408","2023-10-17T09:08:28.000Z","classified_candidate","0.35"
"8a11052f3d4dd0f3","国家卫生健康委办公厅关于印发手术质量安全提升行动方案（2023-2025年）的通知.pdf","1.醫療管理\1醫務科相關法規\国家卫生健康委办公厅关于印发手术质量安全提升行动方案（2023-2025年）的通知.pdf","UNKNOWN","地區待確認","2025","2025；2023","公告／通知／函釋","手術、麻醉與疼痛管理","醫療治理與依法執業","pdf","2977808","2023-10-10T01:32:16.000Z","classified_candidate","0.35"
"9acbd2e1947e12ea","国家卫生健康委办公厅关于印发综合医院风湿免疫科建设与管理指南（试行）的通知.pdf","1.醫療管理\1醫務科相關法規\国家卫生健康委办公厅关于印发综合医院风湿免疫科建设与管理指南（试行）的通知.pdf","UNKNOWN","地區待確認","年份待確認","","技術規範／診療指南","醫療治理與依法執業","","pdf","476179","2022-08-24T01:45:46.000Z","classified_candidate","0.35"
"597048fb92416691","国家卫生健康委办公厅关于进一步加强单病种质量管理与控制工作的通知.docx","1.醫療管理\1醫務科相關法規\国家卫生健康委办公厅关于进一步加强单病种质量管理与控制工作的通知.docx","CN","地區待確認","年份待確認","","研究論文／文獻","醫院評鑑與醫療品質","資訊安全與個人資料；感染預防與控制；手術、麻醉與疼痛管理；生殖、婦幼與月子服務；臨床研究與人體試驗；臨床診療與醫療技術；醫院評鑑與醫療品質；醫療治理與依法執業","docx","17724","2023-03-01T02:30:26.000Z","classified_candidate","0.75"
"b505637d77b90680","国家卫生计生委办公厅关于开展特色医院文化医院建设工作的通知.pdf","1.醫療管理\1醫務科相關法規\国家卫生计生委办公厅关于开展特色医院文化医院建设工作的通知.pdf","UNKNOWN","地區待確認","年份待確認","","公告／通知／函釋","醫療治理與依法執業","","pdf","405576","2022-06-03T08:11:48.000Z","classified_candidate","0.35"
"543b4226be7ddcc0","国家限制类技术临床应用管理规范.pdf","1.醫療管理\1醫務科相關法規\国家限制类技术临床应用管理规范.pdf","UNKNOWN","地區待確認","年份待確認","","研究論文／文獻","醫療治理與依法執業","","pdf","763268","2022-06-04T08:00:04.000Z","classified_candidate","0.35"
"f87f2ad0a97e14bc","国家限制类技术临床应用管理规范2022.pdf","1.醫療管理\1醫務科相關法規\国家限制类技术临床应用管理规范2022.pdf","UNKNOWN","地區待確認","2022","2022","研究論文／文獻","醫療治理與依法執業","","pdf","763268","2022-08-27T04:48:28.000Z","classified_candidate","0.35"
"435a725a2ab1446d","国家限制类技术目录（2022 年版.pdf","1.醫療管理\1醫務科相關法規\国家限制类技术目录（2022 年版.pdf","UNKNOWN","地區待確認","2022","2022","待確認或非規範文件","醫療治理與依法執業","","pdf","207420","2022-08-27T04:47:50.000Z","classified_candidate","0.35"
"d87fa96ad39906ca","处方管理办法.docx","1.醫療管理\1醫務科相關法規\处方管理办法.docx","CN","地區待確認","年份待確認","","研究論文／文獻","病歷、電子病歷與醫療資料","藥事與藥品管理；護理管理；手術、麻醉與疼痛管理；急診與緊急醫療；生殖、婦幼與月子服務；後勤、建築與設施安全；醫療治理與依法執業","docx","21867","2021-01-25T08:34:26.000Z","classified_candidate","0.75"
"e1cc93a9e06f0b87","处方管理办法.pdf","1.醫療管理\1醫務科相關法規\处方管理办法.pdf","UNKNOWN","地區待確認","年份待確認","","院內制度／SOP","藥事與藥品管理","醫療治理與依法執業","pdf","215728","2022-06-04T07:28:02.000Z","classified_candidate","0.35"
"8c31b603c3abed43","妊娠期妇女体重增长推荐值标准.pdf","1.醫療管理\1醫務科相關法規\妊娠期妇女体重增长推荐值标准.pdf","UNKNOWN","地區待確認","年份待確認","","待確認或非規範文件","醫療治理與依法執業","","pdf","206985","2022-08-27T04:51:08.000Z","classified_candidate","0.35"
"605d25fbdf903573","孕产妇危重症评审方案.doc","1.醫療管理\1醫務科相關法規\孕产妇危重症评审方案.doc","UNKNOWN","地區待確認","年份待確認","","醫院評鑑／認證標準","生殖、婦幼與月子服務","醫院評鑑與醫療品質；醫療治理與依法執業","doc","158208","2023-07-13T10:47:48.000Z","classified_candidate","0.35"
"f848f4058b2df9a6","孕前优生健康检查.pdf","1.醫療管理\1醫務科相關法規\孕前优生健康检查.pdf","UNKNOWN","地區待確認","年份待確認","","待確認或非規範文件","醫療治理與依法執業","","pdf","1377449","2022-08-26T08:36:24.000Z","classified_candidate","0.35"
"f7c76c51815b070f","山东省卫生健康委员会醫療機構信用評價管理辦法.pdf","1.醫療管理\1醫務科相關法規\山东省卫生健康委员会醫療機構信用評價管理辦法.pdf","CN","山東","年份待確認","","院內制度／SOP","醫療治理與依法執業","","pdf","381568","2022-10-10T02:32:10.000Z","classified_candidate","0.75"
"4770982c08cc12a9","工作场所有害因素职业接触限值.pdf","1.醫療管理\1醫務科相關法規\工作场所有害因素职业接触限值.pdf","UNKNOWN","地區待確認","年份待確認","","待確認或非規範文件","醫療治理與依法執業","","pdf","109443","2024-08-09T06:00:28.000Z","classified_candidate","0.35"
"25de615a75eac6f1","市场监管总局国家卫生健康委《医疗广告认定指南》 - 副本.pdf","1.醫療管理\1醫務科相關法規\市场监管总局国家卫生健康委《医疗广告认定指南》 - 副本.pdf","UNKNOWN","地區待確認","年份待確認","","技術規範／診療指南","醫療治理與依法執業","","pdf","868288","2025-11-02T12:01:04.000Z","classified_candidate","0.35"
"c4d81db5a52ffeb7","广东省卫生健康委居民健康档案管理规范.docx","1.醫療管理\1醫務科相關法規\广东省卫生健康委居民健康档案管理规范.docx","CN","廣東","年份待確認","","查檢表／稽核表","醫院評鑑與醫療品質","病歷、電子病歷與醫療資料；資訊安全與個人資料；醫技、檢驗與病理；急診與緊急醫療；生殖、婦幼與月子服務；臨床研究與人體試驗；職業安全與員工健康；消防、治安與應急管理；環境、能源與醫療廢棄物；醫院評鑑與醫療品質；醫療治理與依法執業","docx","44996","2024-06-12T08:30:08.000Z","classified_candidate","0.75"
"ac7e96a6a8137b7f","建标 177-2016 急救中心建设标准.pdf","1.醫療管理\1醫務科相關法規\建标 177-2016 急救中心建设标准.pdf","UNKNOWN","地區待確認","2016","2016","待確認或非規範文件","醫療治理與依法執業","","pdf","894118","2023-11-15T12:25:38.000Z","classified_candidate","0.35"
"197d2732d17fe77c","开展产前筛查技术医疗机构基本标准.doc","1.醫療管理\1醫務科相關法規\开展产前筛查技术医疗机构基本标准.doc","UNKNOWN","地區待確認","年份待確認","","待確認或非規範文件","醫療治理與依法執業","","doc","36352","2022-07-06T02:37:38.000Z","classified_candidate","0.35"
"3a9ddcc66e5bc723","急性ST段抬高型心肌梗死诊疗规范(2021年版).doc","1.醫療管理\1醫務科相關法規\急性ST段抬高型心肌梗死诊疗规范(2021年版).doc","UNKNOWN","地區待確認","2021","2021","待確認或非規範文件","醫療治理與依法執業","","doc","107013","2022-06-15T09:19:14.000Z","classified_candidate","0.35"
"34412b24c9c466c7","手术区供电及手术室安全用电措施.docx","1.醫療管理\1醫務科相關法規\手术区供电及手术室安全用电措施.docx","CN","地區待確認","年份待確認","","研究論文／文獻","資訊安全與個人資料","感染預防與控制；手術、麻醉與疼痛管理；急診與緊急醫療；臨床研究與人體試驗；醫療器材與設備；消防、治安與應急管理；後勤、建築與設施安全；醫療治理與依法執業","docx","29797","2023-11-26T08:43:28.000Z","classified_candidate","0.75"
"7cc4b0c9b984f833","手术风险评估制度及流程.docx","1.醫療管理\1醫務科相關法規\手术风险评估制度及流程.docx","UNKNOWN","地區待確認","年份待確認","","院內制度／SOP","手術、麻醉與疼痛管理","醫療治理與依法執業","docx","34659","2022-07-07T02:51:54.000Z","classified_candidate","0.35"
"73e2ccec81b49b01","抗肿瘤药物临床应用管理办法（试行）.docx","1.醫療管理\1醫務科相關法規\抗肿瘤药物临床应用管理办法（试行）.docx","UNKNOWN","地區待確認","年份待確認","","醫院評鑑／認證標準","醫院評鑑與醫療品質","資訊安全與個人資料；藥事與藥品管理；護理管理；醫技、檢驗與病理；急診與緊急醫療；臨床研究與人體試驗；醫療保險與支付；消防、治安與應急管理；環境、能源與醫療廢棄物；臨床診療與醫療技術；財務、採購與內部稽核；醫院評鑑與醫療品質；醫療治理與依法執業","docx","26160","2023-03-01T09:25:06.000Z","classified_candidate","0.35"
"0dfa45fca9e9b0df","日間手術中心建設標準.pdf","1.醫療管理\1醫務科相關法規\日間手術中心建設標準.pdf","UNKNOWN","地區待確認","年份待確認","","待確認或非規範文件","手術、麻醉與疼痛管理","醫療治理與依法執業","pdf","1835904","2022-08-27T12:01:20.000Z","classified_candidate","0.35"
"33b38b0b79cb6db9","日間手術中心標準.pdf","1.醫療管理\1醫務科相關法規\日間手術中心標準.pdf","UNKNOWN","地區待確認","年份待確認","","待確認或非規範文件","手術、麻醉與疼痛管理","醫療治理與依法執業","pdf","1835904","2022-08-27T12:00:48.000Z","classified_candidate","0.35"
"87f6c76ebfa16e98","日间手术中心管理的华西经验：三种模式保证质量与安全！.pdf","1.醫療管理\1醫務科相關法規\日间手术中心管理的华西经验：三种模式保证质量与安全！.pdf","UNKNOWN","地區待確認","年份待確認","","待確認或非規範文件","手術、麻醉與疼痛管理","醫療治理與依法執業","pdf","183498","2023-08-28T05:17:58.000Z","classified_candidate","0.35"
"b42a2db2ed739ee2","日间手术推荐目录（2022年版）.pdf","1.醫療管理\1醫務科相關法規\日间手术推荐目录（2022年版）.pdf","UNKNOWN","地區待確認","2022","2022","待確認或非規範文件","手術、麻醉與疼痛管理","醫療治理與依法執業","pdf","332622","2022-06-04T08:04:02.000Z","classified_candidate","0.35"
"560bf8b9a96c49c8","日间诊疗病历书写基本规范.docx","1.醫療管理\1醫務科相關法規\日间诊疗病历书写基本规范.docx","UNKNOWN","地區待確認","年份待確認","","院內制度／SOP","醫院評鑑與醫療品質","病歷、電子病歷與醫療資料；醫技、檢驗與病理；手術、麻醉與疼痛管理；急診與緊急醫療；輸血與器官移植；消防、治安與應急管理；醫院評鑑與醫療品質；醫療治理與依法執業","docx","13895","2022-10-13T06:04:38.000Z","classified_candidate","0.35"
"adf032a53a2c5cd0","正电子发射及X射线计算机断层成像系统.pdf","1.醫療管理\1醫務科相關法規\正电子发射及X射线计算机断层成像系统.pdf","UNKNOWN","地區待確認","年份待確認","","待確認或非規範文件","醫療治理與依法執業","","pdf","354125","2024-08-22T05:24:50.000Z","classified_candidate","0.35"
"8c54cd64deedcdcf","河北三級醫院對口幫扶成效評估.pdf","1.醫療管理\1醫務科相關法規\河北三級醫院對口幫扶成效評估.pdf","UNKNOWN","河北","年份待確認","","醫院評鑑／認證標準","醫療治理與依法執業","","pdf","2017626","2022-08-27T06:24:26.000Z","classified_candidate","0.35"
"7eac8e40680abf53","河北省限制类医疗技术临床应用质量控制指标2022.pdf","1.醫療管理\1醫務科相關法規\河北省限制类医疗技术临床应用质量控制指标2022.pdf","UNKNOWN","河北","2022","2022","研究論文／文獻","醫院評鑑與醫療品質","醫療治理與依法執業","pdf","510254","2022-08-27T04:50:02.000Z","classified_candidate","0.35"
"4f7f6eff2f2662c5","河北省限制类医疗技术目录2022.pdf","1.醫療管理\1醫務科相關法規\河北省限制类医疗技术目录2022.pdf","UNKNOWN","河北","2022","2022","待確認或非規範文件","醫療治理與依法執業","","pdf","111975","2022-08-27T04:49:28.000Z","classified_candidate","0.35"
"4f8cd22935a6af49","河南省卫生健康行政处罚裁量标准.pdf","1.醫療管理\1醫務科相關法規\河南省卫生健康行政处罚裁量标准.pdf","CN","河南","年份待確認","","待確認或非規範文件","醫療治理與依法執業","","pdf","9890281","2024-06-12T07:24:58.000Z","classified_candidate","0.75"
"496baa4e1cb8c0dd","涉及人的生物医学研究伦理审查办法（2016年国家卫计委令第11号）.docx","1.醫療管理\1醫務科相關法規\涉及人的生物医学研究伦理审查办法（2016年国家卫计委令第11号）.docx","UNKNOWN","地區待確認","2016","2016","研究論文／文獻","資訊安全與個人資料","藥事與藥品管理；醫技、檢驗與病理；臨床研究與人體試驗；醫療器材與設備；醫療治理與依法執業","docx","26858","2022-11-29T02:27:48.000Z","classified_candidate","0.35"
"c50906369316e1f8","疑似职业病界定标准.pdf","1.醫療管理\1醫務科相關法規\疑似职业病界定标准.pdf","UNKNOWN","地區待確認","年份待確認","","待確認或非規範文件","職業安全與員工健康","醫療治理與依法執業","pdf","238379","2022-08-26T08:25:16.000Z","classified_candidate","0.35"
"1cf2e66f316e818a","突发中毒事件卫生应急处置.pdf","1.醫療管理\1醫務科相關法規\突发中毒事件卫生应急处置.pdf","UNKNOWN","地區待確認","年份待確認","","待確認或非規範文件","急診與緊急醫療","消防、治安與應急管理；醫療治理與依法執業","pdf","519600","2022-08-26T08:35:48.000Z","classified_candidate","0.35"
"c6642300968d71b5","绿色医院建筑评价标准.pdf","1.醫療管理\1醫務科相關法規\绿色医院建筑评价标准.pdf","UNKNOWN","地區待確認","年份待確認","","待確認或非規範文件","後勤、建築與設施安全","醫療治理與依法執業","pdf","21500970","2024-03-08T15:55:40.000Z","classified_candidate","0.35"
"6aa6a1ca9162bf47","老年友善医疗机构评定技术规范.pdf","1.醫療管理\1醫務科相關法規\老年友善医疗机构评定技术规范.pdf","UNKNOWN","地區待確認","年份待確認","","技術規範／診療指南","醫療治理與依法執業","","pdf","811298","2023-04-02T08:17:42.000Z","classified_candidate","0.35"
"c291ffa44675e7f9","职业卫生技术服务工作规范.pdf","1.醫療管理\1醫務科相關法規\职业卫生技术服务工作规范.pdf","UNKNOWN","地區待確認","年份待確認","","待確認或非規範文件","醫療治理與依法執業","","pdf","2689735","2024-08-09T06:00:06.000Z","classified_candidate","0.35"
"300badd04609429b","血液净化标准操作规程（2021版）.pdf","1.醫療管理\1醫務科相關法規\血液净化标准操作规程（2021版）.pdf","UNKNOWN","地區待確認","2021","2021","院內制度／SOP","醫療治理與依法執業","","pdf","4951207","2022-11-29T02:34:08.000Z","classified_candidate","0.35"
"34933410f651eb66","行业标准-手术部位标示(WST813-2023).pdf","1.醫療管理\1醫務科相關法規\行业标准-手术部位标示(WST813-2023).pdf","UNKNOWN","地區待確認","2023","2023","國家或地方標準","手術、麻醉與疼痛管理","醫療治理與依法執業","pdf","397306","2023-10-10T01:36:22.000Z","classified_candidate","0.35"
"885bbe1e68be9203","辅助医学生殖中心建设标准.pdf","1.醫療管理\1醫務科相關法規\辅助医学生殖中心建设标准.pdf","UNKNOWN","地區待確認","年份待確認","","待確認或非規範文件","生殖、婦幼與月子服務","醫療治理與依法執業","pdf","2122343","2022-08-15T09:16:10.000Z","classified_candidate","0.35"
"14fd1fe612ed48ca","远程医疗服务管理规范（试行）.docx","1.醫療管理\1醫務科相關法規\远程医疗服务管理规范（试行）.docx","UNKNOWN","地區待確認","年份待確認","","技術規範／診療指南","醫院評鑑與醫療品質","病歷、電子病歷與醫療資料；資訊安全與個人資料；感染預防與控制；護理管理；醫技、檢驗與病理；急診與緊急醫療；醫療器材與設備；消防、治安與應急管理；臨床診療與醫療技術；財務、採購與內部稽核；醫院評鑑與醫療品質；醫療治理與依法執業","docx","16074","2022-06-28T06:11:16.000Z","classified_candidate","0.35"
"5a112b620cfa2a7e","醫師外出會診管理規定.pdf","1.醫療管理\1醫務科相關法規\醫師外出會診管理規定.pdf","UNKNOWN","地區待確認","年份待確認","","行政法規／條例","醫療治理與依法執業","","pdf","168319","2022-11-16T07:41:06.000Z","classified_candidate","0.35"
"ab65f85c4c50d0d9","醫療技術臨床應用辦法.pdf","1.醫療管理\1醫務科相關法規\醫療技術臨床應用辦法.pdf","UNKNOWN","地區待確認","年份待確認","","研究論文／文獻","醫療治理與依法執業","","pdf","403068","2022-08-24T01:54:38.000Z","classified_candidate","0.35"
"98eaa22971673860","醫療機構管理條例.pdf","1.醫療管理\1醫務科相關法規\醫療機構管理條例.pdf","UNKNOWN","地區待確認","年份待確認","","行政法規／條例","醫療治理與依法執業","","pdf","490760","2022-06-01T05:03:52.000Z","classified_candidate","0.35"
"c78f6e63b158246e","醫療機構管理條例細則.pdf","1.醫療管理\1醫務科相關法規\醫療機構管理條例細則.pdf","UNKNOWN","地區待確認","年份待確認","","行政法規／條例","醫療治理與依法執業","","pdf","490735","2022-08-24T01:52:32.000Z","classified_candidate","0.35"
"96f9ff3f0bcdc6e1","重症監護病房規範.pdf","1.醫療管理\1醫務科相關法規\重症監護病房規範.pdf","UNKNOWN","地區待確認","年份待確認","","待確認或非規範文件","醫療治理與依法執業","","pdf","705020","2022-06-09T03:05:22.000Z","classified_candidate","0.35"
"7b8b5cd413326152","附件1临床研究标准.pdf","1.醫療管理\1醫務科相關法規\附件1临床研究标准.pdf","UNKNOWN","地區待確認","年份待確認","","研究論文／文獻","臨床研究與人體試驗","醫療治理與依法執業","pdf","893033","2022-06-20T03:59:40.000Z","classified_candidate","0.35"
"d438deaeddbac616","附件3健康体检标准.pdf","1.醫療管理\1醫務科相關法規\附件3健康体检标准.pdf","UNKNOWN","地區待確認","年份待確認","","待確認或非規範文件","醫療治理與依法執業","","pdf","951884","2022-06-20T03:59:24.000Z","classified_candidate","0.35"
"94f073f03d0c1acc","附件6住院患者健康教育标准 (1).pdf","1.醫療管理\1醫務科相關法規\附件6住院患者健康教育标准 (1).pdf","UNKNOWN","地區待確認","年份待確認","","待確認或非規範文件","醫療治理與依法執業","","pdf","669535","2022-07-19T02:48:28.000Z","classified_candidate","0.35"
"b91cf2110add3128","附件6住院患者健康教育标准.pdf","1.醫療管理\1醫務科相關法規\附件6住院患者健康教育标准.pdf","UNKNOWN","地區待確認","年份待確認","","待確認或非規範文件","醫療治理與依法執業","","pdf","669535","2022-06-20T03:58:56.000Z","classified_candidate","0.35"
"185b3589c8f62c21","院前医疗急救调度操作规范.pdf","1.醫療管理\1醫務科相關法規\院前医疗急救调度操作规范.pdf","UNKNOWN","地區待確認","年份待確認","","待確認或非規範文件","醫療治理與依法執業","","pdf","1276023","2023-07-13T03:37:02.000Z","classified_candidate","0.35"
"a1b0679dde93e898","麻 醉 记 录 单 标 准.docx","1.醫療管理\1醫務科相關法規\麻 醉 记 录 单 标 准.docx","CN","地區待確認","年份待確認","","研究論文／文獻","病歷、電子病歷與醫療資料","資訊安全與個人資料；藥事與藥品管理；護理管理；醫技、檢驗與病理；手術、麻醉與疼痛管理；急診與緊急醫療；輸血與器官移植；生殖、婦幼與月子服務；醫療器材與設備；臨床診療與醫療技術；醫療治理與依法執業","docx","143684","2024-08-23T01:13:20.000Z","classified_candidate","0.75"
"ea0f61ddb2ed8b23","麻 醉 记 录 单 标 准.pdf","1.醫療管理\1醫務科相關法規\麻 醉 记 录 单 标 准.pdf","UNKNOWN","地區待確認","年份待確認","","待確認或非規範文件","醫療治理與依法執業","","pdf","571406","2024-08-22T05:23:32.000Z","classified_candidate","0.35"
"0471c83056a4f5db","2021关于印发 《上海市医疗机构信用信息管理办法》的通知__上海市卫生健康委员会.pdf","1.醫療管理\1醫院信用管理\2021关于印发 《上海市医疗机构信用信息管理办法》的通知__上海市卫生健康委员会.pdf","UNKNOWN","上海","2021","2021","公告／通知／函釋","醫療治理與依法執業","","pdf","559974","2022-09-25T03:25:22.000Z","classified_candidate","0.35"
"fc2a5d240802fca3","DB31_T 1473-2024 医疗卫生机构知识产权管理规范.pdf","1.醫療管理\1醫院信用管理\DB31_T 1473-2024 医疗卫生机构知识产权管理规范.pdf","UNKNOWN","地區待確認","2024","2024","國家或地方標準","醫療治理與依法執業","","pdf","1085255","2024-06-09T02:42:14.000Z","classified_candidate","0.35"
"3f23607dfef43b65","DB32_T 4736-2024 医疗卫生信用评价规范.pdf","1.醫療管理\1醫院信用管理\DB32_T 4736-2024 医疗卫生信用评价规范.pdf","UNKNOWN","地區待確認","2024","2024","國家或地方標準","醫療治理與依法執業","","pdf","2008530","2024-06-09T02:42:28.000Z","classified_candidate","0.35"
"14368eba61293dd3","中共中央办公厅印发《推进领导干部能上能下规定》---河北省卫生健康委员会.pdf","1.醫療管理\1醫院信用管理\中共中央办公厅印发《推进领导干部能上能下规定》---河北省卫生健康委员会.pdf","UNKNOWN","河北","年份待確認","","公告／通知／函釋","醫療治理與依法執業","","pdf","404973","2022-10-26T14:57:32.000Z","classified_candidate","0.35"
"6668d65617cd7ad1","中共中央组织部 国家卫生计生委关于印发《公立医院领导人员管理暂行办法》的通知.pdf","1.醫療管理\1醫院信用管理\中共中央组织部 国家卫生计生委关于印发《公立医院领导人员管理暂行办法》的通知.pdf","UNKNOWN","地區待確認","年份待確認","","公告／通知／函釋","醫療治理與依法執業","","pdf","492461","2022-07-01T06:16:10.000Z","classified_candidate","0.35"
"3586926e0c341676","关于印发《南京市医疗卫生信用分类监管办法（试行）》的通知.pdf","1.醫療管理\1醫院信用管理\关于印发《南京市医疗卫生信用分类监管办法（试行）》的通知.pdf","UNKNOWN","江蘇","年份待確認","","公告／通知／函釋","醫療治理與依法執業","","pdf","578433","2022-10-10T02:59:24.000Z","classified_candidate","0.35"
"23f4207a4e50ba4d","关于印发《湖南省医疗保障信用管理暂行办法》的通知 - 湖南省医疗保障局.pdf","1.醫療管理\1醫院信用管理\关于印发《湖南省医疗保障信用管理暂行办法》的通知 - 湖南省医疗保障局.pdf","UNKNOWN","湖南","年份待確認","","公告／通知／函釋","醫療治理與依法執業","","pdf","727687","2022-10-10T02:58:50.000Z","classified_candidate","0.35"
"e87c0b13bce73e21","关于印发《科研失信行为调查处理规则》的通知---河北省卫生健康委员会.pdf","1.醫療管理\1醫院信用管理\关于印发《科研失信行为调查处理规则》的通知---河北省卫生健康委员会.pdf","UNKNOWN","河北","年份待確認","","公告／通知／函釋","臨床研究與人體試驗","醫療治理與依法執業","pdf","518179","2022-10-26T14:57:54.000Z","classified_candidate","0.35"
"b1fa828fbb69a996","关于印发《连云港市卫生计生系统失信黑名单管理办法（试行）》的通知.pdf","1.醫療管理\1醫院信用管理\关于印发《连云港市卫生计生系统失信黑名单管理办法（试行）》的通知.pdf","UNKNOWN","地區待確認","年份待確認","","公告／通知／函釋","醫療治理與依法執業","","pdf","3714080","2022-10-10T02:50:32.000Z","classified_candidate","0.35"
"7320e406ecf0f399","国务院办公厅关于改革完善医疗卫生行业综合监管制度的指导意见（国办发〔2018〕63号）_政府信息公开专栏.pdf","1.醫療管理\1醫院信用管理\国务院办公厅关于改革完善医疗卫生行业综合监管制度的指导意见（国办发〔2018〕63号）_政府信息公开专栏.pdf","UNKNOWN","地區待確認","2018","2018","院內制度／SOP","醫療治理與依法執業","","pdf","630379","2022-10-10T02:41:50.000Z","classified_candidate","0.35"
"86ac577830b676f5","国家卫生健康委关于印发进一步加强卫生健康行业内部审计工作若干意见的通知---河北省卫生健康委员会.pdf","1.醫療管理\1醫院信用管理\国家卫生健康委关于印发进一步加强卫生健康行业内部审计工作若干意见的通知---河北省卫生健康委员会.pdf","UNKNOWN","河北","年份待確認","","公告／通知／函釋","醫療治理與依法執業","","pdf","377497","2022-10-26T14:59:52.000Z","classified_candidate","0.35"
"050e7c774ea500c5","对市十五届人大六次会议 第0369号代表建议的答复_心血管危险因素筛查和综合管理.pdf","1.醫療管理\1醫院信用管理\对市十五届人大六次会议 第0369号代表建议的答复_心血管危险因素筛查和综合管理.pdf","UNKNOWN","地區待確認","年份待確認","","待確認或非規範文件","醫療治理與依法執業","","pdf","491835","2022-08-29T13:03:48.000Z","classified_candidate","0.35"
"e27c83dac045844f","广东省卫生健康委医疗卫生信用信息管理辦法.docx","1.醫療管理\1醫院信用管理\广东省卫生健康委医疗卫生信用信息管理辦法.docx","CN","廣東","年份待確認","","醫院評鑑／認證標準","醫院評鑑與醫療品質","資訊安全與個人資料；醫技、檢驗與病理；急診與緊急醫療；輸血與器官移植；臨床研究與人體試驗；醫療器材與設備；消防、治安與應急管理；財務、採購與內部稽核；醫院評鑑與醫療品質；醫療治理與依法執業","docx","41795","2022-10-10T02:55:46.000Z","classified_candidate","0.75"
"3407faf47b12e6e1","江苏省医疗卫生信用信息管理暂行办法.docx","1.醫療管理\1醫院信用管理\江苏省医疗卫生信用信息管理暂行办法.docx","CN","江蘇","年份待確認","","研究論文／文獻","醫院評鑑與醫療品質","資訊安全與個人資料；急診與緊急醫療；輸血與器官移植；消防、治安與應急管理；醫院評鑑與醫療品質；醫療治理與依法執業","docx","23254","2022-10-10T02:50:20.000Z","classified_candidate","0.75"
"feb1d95f6f1cbb5d","浙江省卫生健康委关于印发《浙江省卫生健康信用信息管理办法(试行）》的通知.pdf","1.醫療管理\1醫院信用管理\浙江省卫生健康委关于印发《浙江省卫生健康信用信息管理办法(试行）》的通知.pdf","CN","浙江","年份待確認","","公告／通知／函釋","醫療治理與依法執業","","pdf","413685","2022-10-10T02:56:48.000Z","classified_candidate","0.75"
"827edd6c15a885aa","湖北省卫生健康委员会关于印发医疗卫生信用管理相关工作制度的通知 - 湖北省人民政府门户网站.pdf","1.醫療管理\1醫院信用管理\湖北省卫生健康委员会关于印发医疗卫生信用管理相关工作制度的通知 - 湖北省人民政府门户网站.pdf","CN","湖北","年份待確認","","公告／通知／函釋","醫療治理與依法執業","","pdf","652607","2022-10-10T02:58:20.000Z","classified_candidate","0.75"
"962c8d8108f0340a","重庆市医护人员执业信用管理办法（试行）.pdf","1.醫療管理\1醫院信用管理\重庆市医护人员执业信用管理办法（试行）.pdf","CN","重慶","年份待確認","","院內制度／SOP","醫療治理與依法執業","","pdf","686307","2022-10-10T03:05:28.000Z","classified_candidate","0.75"
"eca4f8cf46b8267c","3058-患者服務門診處方.pdf","1.醫療管理\1門診\3058-患者服務門診處方.pdf","UNKNOWN","地區待確認","年份待確認","","待確認或非規範文件","藥事與藥品管理","醫療治理與依法執業","pdf","516493","2022-07-19T02:56:20.000Z","classified_candidate","0.35"
"9ad8cf6a4c757a85","DB14_T 3263-2025 综合医院门诊服务指南.pdf","1.醫療管理\1門診\DB14_T 3263-2025 综合医院门诊服务指南.pdf","UNKNOWN","地區待確認","2025","2025","技術規範／診療指南","醫療治理與依法執業","","pdf","436674","2025-05-30T02:25:56.000Z","classified_candidate","0.35"
"0871a5f317b93eae","DB31_T 1475-2024 医院门诊预问诊信息系统基本要求.pdf","1.醫療管理\1門診\DB31_T 1475-2024 医院门诊预问诊信息系统基本要求.pdf","UNKNOWN","地區待確認","2024","2024","國家或地方標準","醫療治理與依法執業","","pdf","896268","2024-06-09T04:09:42.000Z","classified_candidate","0.35"
"fbc11ac8f8df64e8","DB31_T 1570-2025 医疗机构门诊住院信息化系统自助终端基本.pdf","1.醫療管理\1門診\DB31_T 1570-2025 医疗机构门诊住院信息化系统自助终端基本.pdf","UNKNOWN","地區待確認","2025","2025","國家或地方標準","醫療治理與依法執業","","pdf","4576856","2025-05-30T02:42:18.000Z","classified_candidate","0.35"
"f239bcd2d741eb56","DB32_T 5060-2025 医疗机构门诊应急实战演练技术规范 (1).pdf","1.醫療管理\1門診\DB32_T 5060-2025 医疗机构门诊应急实战演练技术规范 (1).pdf","UNKNOWN","地區待確認","2025","2025","技術規範／診療指南","急診與緊急醫療","消防、治安與應急管理；醫療治理與依法執業","pdf","757503","2025-03-30T08:19:34.000Z","classified_candidate","0.35"
"821bfbc5109dd477","DB32_T 5060-2025 医疗机构门诊应急实战演练技术规范.pdf","1.醫療管理\1門診\DB32_T 5060-2025 医疗机构门诊应急实战演练技术规范.pdf","UNKNOWN","地區待確認","2025","2025","技術規範／診療指南","急診與緊急醫療","消防、治安與應急管理；醫療治理與依法執業","pdf","757503","2025-03-30T08:19:32.000Z","classified_candidate","0.35"
"0ee74bc0638bd5fa","DB32_T 5063-2025 三级医疗机构门诊服务规范.pdf","1.醫療管理\1門診\DB32_T 5063-2025 三级医疗机构门诊服务规范.pdf","UNKNOWN","地區待確認","2025","2025","國家或地方標準","醫療治理與依法執業","","pdf","430227","2025-04-02T06:36:06.000Z","classified_candidate","0.35"
"f0f23f3fcbb9fd69","DB34_T 4329-2022 门诊急救管理规范.pdf","1.醫療管理\1門診\DB34_T 4329-2022 门诊急救管理规范.pdf","UNKNOWN","地區待確認","2022","2022","國家或地方標準","醫療治理與依法執業","","pdf","213295","2023-11-15T12:20:28.000Z","classified_candidate","0.35"
"35ab5f9c858752a4","DB34_T 4865-2024 医院门诊投诉处置规范.pdf","1.醫療管理\1門診\DB34_T 4865-2024 医院门诊投诉处置规范.pdf","UNKNOWN","地區待確認","2024","2024","國家或地方標準","醫療治理與依法執業","","pdf","448542","2024-09-27T03:24:02.000Z","classified_candidate","0.35"
"c2af6a79d8773e6f","DB36_T 1981-2024 医疗机构老年人就医门诊服务管理规范.pdf","1.醫療管理\1門診\DB36_T 1981-2024 医疗机构老年人就医门诊服务管理规范.pdf","UNKNOWN","地區待確認","2024","2024；1981","國家或地方標準","醫療治理與依法執業","","pdf","682505","2024-07-19T08:40:04.000Z","classified_candidate","0.35"
"a1420c9456fb75c0","DB43_T 2927-2024 中医护理门诊建设与管理规范 (1).pdf","1.醫療管理\1門診\DB43_T 2927-2024 中医护理门诊建设与管理规范 (1).pdf","UNKNOWN","地區待確認","2024","2024","國家或地方標準","護理管理","醫療治理與依法執業","pdf","1729515","2024-06-21T01:21:26.000Z","classified_candidate","0.35"
"ca46b4a2086a16ce","DB43_T 2927-2024 中医护理门诊建设与管理规范.pdf","1.醫療管理\1門診\DB43_T 2927-2024 中医护理门诊建设与管理规范.pdf","UNKNOWN","地區待確認","2024","2024","國家或地方標準","護理管理","醫療治理與依法執業","pdf","1729515","2024-06-21T01:21:16.000Z","classified_candidate","0.35"
"d3f1ab42574469a4","T_GDACM 0116-2022 中医护理门诊建设规范.pdf","1.醫療管理\1門診\T_GDACM 0116-2022 中医护理门诊建设规范.pdf","UNKNOWN","地區待確認","2022","2022","待確認或非規範文件","護理管理","醫療治理與依法執業","pdf","620566","2023-06-09T05:41:42.000Z","classified_candidate","0.35"
"fef9dea72fe20676","T_GDNAS 058-2024 妊娠期糖尿病专科护理门诊健康教育.pdf","1.醫療管理\1門診\T_GDNAS 058-2024 妊娠期糖尿病专科护理门诊健康教育.pdf","UNKNOWN","地區待確認","2024","2024","待確認或非規範文件","護理管理","醫療治理與依法執業","pdf","2228561","2024-08-22T05:28:22.000Z","classified_candidate","0.35"
"b64353e8aabd9910","T_ZCHSP 007-2024 多学科诊疗门诊操作规范.pdf","1.醫療管理\1門診\T_ZCHSP 007-2024 多学科诊疗门诊操作规范.pdf","UNKNOWN","地區待確認","2024","2024","待確認或非規範文件","醫療治理與依法執業","","pdf","662834","2024-11-06T08:13:44.000Z","classified_candidate","0.35"
"65bb1055ee36c90b","临床药学服务 药学门诊.pdf","1.醫療管理\1門診\临床药学服务 药学门诊.pdf","UNKNOWN","地區待確認","年份待確認","","待確認或非規範文件","藥事與藥品管理","醫療治理與依法執業","pdf","845850","2022-07-19T02:50:34.000Z","classified_candidate","0.35"
"8704daaebadec9b1","关于做好健康体重管理门诊设置与管理工作的通知.pdf","1.醫療管理\1門診\关于做好健康体重管理门诊设置与管理工作的通知.pdf","UNKNOWN","地區待確認","年份待確認","","公告／通知／函釋","醫療治理與依法執業","","pdf","941411","2025-04-14T00:31:36.000Z","classified_candidate","0.35"
"3eeca0d283c58f32","北京市医疗机构门诊预约诊疗服务管理规范.pdf","1.醫療管理\1門診\北京市医疗机构门诊预约诊疗服务管理规范.pdf","UNKNOWN","北京","年份待確認","","待確認或非規範文件","醫療治理與依法執業","","pdf","812010","2023-04-02T08:02:34.000Z","classified_candidate","0.35"
"770a359baa9fd7f8","医疗机构门诊质量管理暂行规定.docx","1.醫療管理\1門診\医疗机构门诊质量管理暂行规定.docx","CN","地區待確認","年份待確認","","研究論文／文獻","醫院評鑑與醫療品質","病歷、電子病歷與醫療資料；資訊安全與個人資料；藥事與藥品管理；感染預防與控制；護理管理；醫技、檢驗與病理；手術、麻醉與疼痛管理；急診與緊急醫療；醫療器材與設備；消防、治安與應急管理；環境、能源與醫療廢棄物；醫院評鑑與醫療品質；醫療治理與依法執業","docx","15590","2022-06-28T00:45:02.000Z","classified_candidate","0.75"
"fa612b74b2d95241","失效模式与效应分析及计划-执行-检查-处理循环优化门诊采血的效果.pdf","1.醫療管理\1門診\失效模式与效应分析及计划-执行-检查-处理循环优化门诊采血的效果.pdf","UNKNOWN","地區待確認","年份待確認","","待確認或非規範文件","醫療治理與依法執業","","pdf","1385975","2024-08-24T08:53:36.000Z","classified_candidate","0.35"
"9daa5c9010438a4f","护理安全管理对口腔门诊护理质量的影响.pdf","1.醫療管理\1門診\护理安全管理对口腔门诊护理质量的影响.pdf","UNKNOWN","地區待確認","年份待確認","","待確認或非規範文件","護理管理","醫療治理與依法執業","pdf","904573","2025-04-02T05:25:06.000Z","classified_candidate","0.35"
"1ec2fe1128b64fc4","肥胖专病门诊建设经验与体重管理路径构建.pdf","1.醫療管理\1門診\肥胖专病门诊建设经验与体重管理路径构建.pdf","UNKNOWN","地區待確認","年份待確認","","待確認或非規範文件","臨床診療與醫療技術","醫療治理與依法執業","pdf","1039850","2025-04-14T01:56:30.000Z","classified_candidate","0.35"
"236505ccb2dc8a59","追踪方法学持续质量改进结合变频工作制干预改善门急诊输液室输液护理质量的效果.pdf","1.醫療管理\1門診\追踪方法学持续质量改进结合变频工作制干预改善门急诊输液室输液护理质量的效果.pdf","UNKNOWN","地區待確認","年份待確認","","待確認或非規範文件","護理管理","急診與緊急醫療；醫療治理與依法執業","pdf","1424973","2024-08-24T08:39:50.000Z","classified_candidate","0.35"
"17a1219d61ce9d84","门（急）诊诊疗信息页质量管理规定（试行）.pdf","1.醫療管理\1門診\门（急）诊诊疗信息页质量管理规定（试行）.pdf","UNKNOWN","地區待確認","年份待確認","","行政法規／條例","醫院評鑑與醫療品質","醫療治理與依法執業","pdf","2629004","2024-10-16T02:41:04.000Z","classified_candidate","0.35"
"ba7a084851891b47","DB11_ 336-2006 医疗卫生机构安全风险等级与技术防范防护级别.pdf","1.醫療管理\1风险\DB11_ 336-2006 医疗卫生机构安全风险等级与技术防范防护级别.pdf","UNKNOWN","地區待確認","2006","2006","國家或地方標準","醫療治理與依法執業","","pdf","947041","2023-08-11T09:05:56.000Z","classified_candidate","0.35"
"7efbaec8830f4bc7","DB13T 5274-2020医疗机构安全生产风险管控与隐患排查.docx","1.醫療管理\1风险\DB13T 5274-2020医疗机构安全生产风险管控与隐患排查.docx","UNKNOWN","地區待確認","2020","2020","查檢表／稽核表","藥事與藥品管理","感染預防與控制；醫技、檢驗與病理；手術、麻醉與疼痛管理；急診與緊急醫療；職業安全與員工健康；醫療器材與設備；消防、治安與應急管理；環境、能源與醫療廢棄物；財務、採購與內部稽核；醫院評鑑與醫療品質；後勤、建築與設施安全；圖書、教育與文件管理；醫療治理與依法執業","docx","415791","2023-03-22T10:47:32.000Z","classified_candidate","0.35"
"4db5202c98963027","DB13T 5274-2020医疗机构安全生产风险管控与隐患排查河北.pdf","1.醫療管理\1风险\DB13T 5274-2020医疗机构安全生产风险管控与隐患排查河北.pdf","UNKNOWN","河北","2020","2020","國家或地方標準","醫療治理與依法執業","","pdf","1680610","2022-08-27T13:22:26.000Z","classified_candidate","0.35"
"e9a910f61c28726c","DB37T 3953-2020 医疗卫生机构安全风险分级管控体系实施指南.pdf","1.醫療管理\1风险\DB37T 3953-2020 医疗卫生机构安全风险分级管控体系实施指南.pdf","UNKNOWN","地區待確認","2020","2020","技術規範／診療指南","醫療治理與依法執業","","pdf","960526","2022-08-27T13:20:00.000Z","classified_candidate","0.35"
"ff9b72556e2a7623","DB64_T 2121-2025 医疗卫生机构安全风险防控规范.pdf","1.醫療管理\1风险\DB64_T 2121-2025 医疗卫生机构安全风险防控规范.pdf","UNKNOWN","地區待確認","2025","2025","國家或地方標準","醫療治理與依法執業","","pdf","867226","2025-06-10T03:54:18.000Z","classified_candidate","0.35"
"586db91e7bf96c73","关于进一步推进安全风险分级管控和隐患排查治理双重预防机制建设的通知-公共卫生-基本医疗卫生-重点领域信息公开-政务公开-泉州市丰泽区人民政府.pdf","1.醫療管理\1风险\关于进一步推进安全风险分级管控和隐患排查治理双重预防机制建设的通知-公共卫生-基本医疗卫生-重点领域信息公开-政务公开-泉州市丰泽区人民政府.pdf","UNKNOWN","地區待確認","年份待確認","","公告／通知／函釋","醫療治理與依法執業","","pdf","692384","2022-08-27T13:16:40.000Z","classified_candidate","0.35"
"eb08b0c45cef9e92","第 4-4 部分：医疗管理 医疗风险管理.pdf","1.醫療管理\1风险\第 4-4 部分：医疗管理 医疗风险管理.pdf","UNKNOWN","地區待確認","年份待確認","","待確認或非規範文件","醫療治理與依法執業","","pdf","799822","2022-06-20T04:05:36.000Z","classified_candidate","0.35"
"6c3237cdcb36db0b","2019关于印发《上海市医疗机构麻醉药品、第一类精神药品管理规定》的通知（有效）__上海市卫生健康委员会.pdf","1.醫療管理\1麻醉\2019关于印发《上海市医疗机构麻醉药品、第一类精神药品管理规定》的通知（有效）__上海市卫生健康委员会.pdf","UNKNOWN","上海","2019","2019","公告／通知／函釋","藥事與藥品管理","手術、麻醉與疼痛管理；醫療治理與依法執業","pdf","550712","2022-09-25T03:26:42.000Z","classified_candidate","0.35"
"43b1f3aa36f91083","DB31_T 1544-2025 麻醉医疗用特殊管理药品使用管理规范.pdf","1.醫療管理\1麻醉\DB31_T 1544-2025 麻醉医疗用特殊管理药品使用管理规范.pdf","UNKNOWN","地區待確認","2025","2025","國家或地方標準","藥事與藥品管理","手術、麻醉與疼痛管理；醫療治理與依法執業","pdf","3702339","2025-05-30T02:45:00.000Z","classified_candidate","0.35"
"9ec1f8efc6f7454d","T_CI 612-2024 椎管内分娩镇痛实施规范.pdf","1.醫療管理\1麻醉\T_CI 612-2024 椎管内分娩镇痛实施规范.pdf","UNKNOWN","地區待確認","2024","2024","待確認或非規範文件","手術、麻醉與疼痛管理","醫療治理與依法執業","pdf","551680","2025-07-16T06:37:58.000Z","classified_candidate","0.35"
"624be593e4617e08","WST656—2019麻醉机安全管理.pdf","1.醫療管理\1麻醉\WST656—2019麻醉机安全管理.pdf","UNKNOWN","地區待確認","2019","2019","國家或地方標準","手術、麻醉與疼痛管理","醫療治理與依法執業","pdf","538864","2021-11-18T08:17:02.000Z","classified_candidate","0.35"
"55794fa7ddc9e14c","关于医疗机构不得宣传、推销和代售 麻醉意外险等保险产品的通知》.docx","1.醫療管理\1麻醉\关于医疗机构不得宣传、推销和代售 麻醉意外险等保险产品的通知》.docx","UNKNOWN","地區待確認","年份待確認","","公告／通知／函釋","手術、麻醉與疼痛管理","醫療治理與依法執業","docx","12074","2022-05-26T01:54:36.000Z","classified_candidate","0.35"
"690c686580664a9f","麻醉专业医疗质量控制指标（2015年版）.docx","1.醫療管理\1麻醉\麻醉专业医疗质量控制指标（2015年版）.docx","UNKNOWN","地區待確認","2015","2015","研究論文／文獻","醫院評鑑與醫療品質","手術、麻醉與疼痛管理；急診與緊急醫療；輸血與器官移植；醫院評鑑與醫療品質；醫療治理與依法執業","docx","25801","2020-12-21T06:36:04.000Z","classified_candidate","0.35"
"87900a93b6ff0861","麻醉机安全管理 .pdf","1.醫療管理\1麻醉\麻醉机安全管理 .pdf","UNKNOWN","地區待確認","年份待確認","","待確認或非規範文件","手術、麻醉與疼痛管理","醫療治理與依法執業","pdf","538864","2020-06-13T11:21:08.000Z","classified_candidate","0.35"
"b09e93dc80b9ad41","麻醉科医疗服务能力建设指南（试行）.docx","1.醫療管理\1麻醉\麻醉科医疗服务能力建设指南（试行）.docx","UNKNOWN","地區待確認","年份待確認","","醫院評鑑／認證標準","醫院評鑑與醫療品質","病歷、電子病歷與醫療資料；藥事與藥品管理；感染預防與控制；護理管理；醫技、檢驗與病理；手術、麻醉與疼痛管理；急診與緊急醫療；輸血與器官移植；生殖、婦幼與月子服務；生殖、婦幼與月子服務；臨床研究與人體試驗；醫療器材與設備；環境、能源與醫療廢棄物；臨床診療與醫療技術；醫院評鑑與醫療品質；醫療治理與依法執業","docx","62181","2022-07-11T11:47:06.000Z","classified_candidate","0.35"
"d0ee106af1e531e7","麻醉药品和精神药品管理条例.docx","1.醫療管理\1麻醉\麻醉药品和精神药品管理条例.docx","CN","地區待確認","年份待確認","","研究論文／文獻","醫院評鑑與醫療品質","資訊安全與個人資料；藥事與藥品管理；手術、麻醉與疼痛管理；急診與緊急醫療；臨床研究與人體試驗；醫療治理與依法執業","docx","27014","2021-01-25T09:02:00.000Z","classified_candidate","0.75"
"62954ebe26eddcfb","01-106年度精神科醫院評鑑基準及評量項目.pdf","1.醫療管理\20.精神科\01-106年度精神科醫院評鑑基準及評量項目.pdf","UNKNOWN","地區待確認","年份待確認","","醫院評鑑／認證標準","醫院評鑑與醫療品質","醫療治理與依法執業","pdf","1292060","2023-08-13T08:11:28.000Z","classified_candidate","0.35"
"e61e4269a5155495","04-105年度精神科醫院評鑑基準第二篇(醫療照護)、資料表填寫說明.pdf","1.醫療管理\20.精神科\04-105年度精神科醫院評鑑基準第二篇(醫療照護)、資料表填寫說明.pdf","UNKNOWN","地區待確認","年份待確認","","醫院評鑑／認證標準","資訊安全與個人資料","醫院評鑑與醫療品質；醫療治理與依法執業","pdf","5760407","2023-08-13T07:57:00.000Z","classified_candidate","0.35"
"d749dfdb164a5f0b","04-112年本院精神科病房服務員作業實施要點(1111201).pdf","1.醫療管理\20.精神科\04-112年本院精神科病房服務員作業實施要點(1111201).pdf","UNKNOWN","地區待確認","年份待確認","","待確認或非規範文件","醫療治理與依法執業","","pdf","231404","2023-08-13T07:58:20.000Z","classified_candidate","0.35"
"b5fe6c976b287f73","DB14T 2389-2021 住院精神障碍患者健康教育服务规范.pdf","1.醫療管理\20.精神科\DB14T 2389-2021 住院精神障碍患者健康教育服务规范.pdf","UNKNOWN","地區待確認","2021","2021","國家或地方標準","醫療治理與依法執業","","pdf","190050","2024-11-07T06:38:50.000Z","classified_candidate","0.35"
"195b20f00d4648f5","DB3205_T 1099-2023 精神障碍社区康复服务工作规范.pdf","1.醫療管理\20.精神科\DB3205_T 1099-2023 精神障碍社区康复服务工作规范.pdf","UNKNOWN","地區待確認","2023","2023","國家或地方標準","醫療治理與依法執業","","pdf","378376","2024-03-18T05:56:10.000Z","classified_candidate","0.35"
"3bb7ef3a8b1565ff","GA_T 1971-2021 法医精神病学精神检查指南.pdf","1.醫療管理\20.精神科\GA_T 1971-2021 法医精神病学精神检查指南.pdf","UNKNOWN","地區待確認","2021","2021；1971","技術規範／診療指南","醫療治理與依法執業","","pdf","748972","2023-08-11T09:05:26.000Z","classified_candidate","0.35"
"ba23e3d80d1ea3da","T_CNAS 30-2023 住院精神疾病患者攻击行为预防.pdf","1.醫療管理\20.精神科\T_CNAS 30-2023 住院精神疾病患者攻击行为预防.pdf","UNKNOWN","地區待確認","2023","2023","待確認或非規範文件","醫療治理與依法執業","","pdf","279532","2024-11-07T06:36:30.000Z","classified_candidate","0.35"
"82f0a958dfa2a1e4","T_CNAS 38-2023 住院精神疾病患者自杀风险护理.pdf","1.醫療管理\20.精神科\T_CNAS 38-2023 住院精神疾病患者自杀风险护理.pdf","UNKNOWN","地區待確認","2023","2023","待確認或非規範文件","護理管理","醫療治理與依法執業","pdf","277189","2024-10-11T05:02:32.000Z","classified_candidate","0.35"
"e8e9b4b8daaac52b","T_CNHAW 0010.1-2022 激光角膜屈光手术技术规范 第1部.docx","1.醫療管理\21眼科\T_CNHAW 0010.1-2022 激光角膜屈光手术技术规范 第1部.docx","CN","地區待確認","2022","2022","研究論文／文獻","醫院評鑑與醫療品質","病歷、電子病歷與醫療資料；資訊安全與個人資料；藥事與藥品管理；感染預防與控制；護理管理；醫技、檢驗與病理；手術、麻醉與疼痛管理；急診與緊急醫療；醫療器材與設備；環境、能源與醫療廢棄物；醫院評鑑與醫療品質；後勤、建築與設施安全；醫療治理與依法執業","docx","163964","2023-08-20T03:47:22.000Z","classified_candidate","0.75"
"dd98a5a1cb20f576","T_CNHAW 0010.1-2022 激光角膜屈光手术技术规范 第1部.pdf","1.醫療管理\21眼科\T_CNHAW 0010.1-2022 激光角膜屈光手术技术规范 第1部.pdf","UNKNOWN","地區待確認","2022","2022","技術規範／診療指南","手術、麻醉與疼痛管理","醫療治理與依法執業","pdf","1074319","2023-08-19T03:02:24.000Z","classified_candidate","0.35"
"ebc202e01fe1014b","WS 340-2011 准分子激光角膜屈光手术质量控制 (1).docx","1.醫療管理\21眼科\WS 340-2011 准分子激光角膜屈光手术质量控制 (1).docx","CN","地區待確認","2011","2011","研究論文／文獻","醫院評鑑與醫療品質","資訊安全與個人資料；藥事與藥品管理；感染預防與控制；護理管理；手術、麻醉與疼痛管理；急診與緊急醫療；臨床研究與人體試驗；醫療器材與設備；環境、能源與醫療廢棄物；醫療治理與依法執業","docx","64306","2023-08-19T09:46:00.000Z","classified_candidate","0.75"
"94cfeb5b431f9a44","WS 340-2011 准分子激光角膜屈光手术质量控制 (1).pdf","1.醫療管理\21眼科\WS 340-2011 准分子激光角膜屈光手术质量控制 (1).pdf","UNKNOWN","地區待確認","2011","2011","國家或地方標準","醫院評鑑與醫療品質","手術、麻醉與疼痛管理；醫療治理與依法執業","pdf","358653","2023-08-19T03:01:36.000Z","classified_candidate","0.35"
"2debb7c8896782f4","WS 340-2011 准分子激光角膜屈光手术质量控制.pdf","1.醫療管理\21眼科\WS 340-2011 准分子激光角膜屈光手术质量控制.pdf","UNKNOWN","地區待確認","2011","2011","國家或地方標準","醫院評鑑與醫療品質","手術、麻醉與疼痛管理；醫療治理與依法執業","pdf","358653","2023-08-19T03:01:12.000Z","classified_candidate","0.35"
"6013ffe087d92d24","准分子激光屈光性角膜技术管理规范-修【北京版】2018.docx","1.醫療管理\21眼科\准分子激光屈光性角膜技术管理规范-修【北京版】2018.docx","UNKNOWN","北京","2018","2018","研究論文／文獻","醫院評鑑與醫療品質","病歷、電子病歷與醫療資料；資訊安全與個人資料；藥事與藥品管理；感染預防與控制；護理管理；手術、麻醉與疼痛管理；醫療器材與設備；財務、採購與內部稽核；醫院評鑑與醫療品質；醫療治理與依法執業","docx","14784","2023-08-20T09:08:28.000Z","classified_candidate","0.35"
"81ffaa05ea37878f","准分子激光屈光性角膜技术管理规范-修【北京版】2018.pdf","1.醫療管理\21眼科\准分子激光屈光性角膜技术管理规范-修【北京版】2018.pdf","UNKNOWN","北京","2018","2018","待確認或非規範文件","醫療治理與依法執業","","pdf","194416","2023-08-20T08:40:24.000Z","classified_candidate","0.35"
"782e2e7980c6c2ec","准分子激光角膜屈光手术廣東省.pdf","1.醫療管理\21眼科\准分子激光角膜屈光手术廣東省.pdf","CN","廣東","年份待確認","","待確認或非規範文件","手術、麻醉與疼痛管理","醫療治理與依法執業","pdf","894053","2023-08-19T02:59:22.000Z","classified_candidate","0.75"
"0225bdd0a7558dd8","有晶状体眼后房型人工晶状体植入术.pdf","1.醫療管理\21眼科\有晶状体眼后房型人工晶状体植入术.pdf","UNKNOWN","地區待確認","年份待確認","","待確認或非規範文件","醫療治理與依法執業","","pdf","274131","2025-03-03T01:44:12.000Z","classified_candidate","0.35"
"4e6ad7489154c0c0","眼科医院基本标准（试行.pdf","1.醫療管理\21眼科\眼科医院基本标准（试行.pdf","UNKNOWN","地區待確認","年份待確認","","待確認或非規範文件","醫療治理與依法執業","","pdf","324604","2023-09-21T07:21:30.000Z","classified_candidate","0.35"
"5097976df0806caa","眼科医院管理（试行.docx","1.醫療管理\21眼科\眼科医院管理（试行.docx","UNKNOWN","地區待確認","年份待確認","","研究論文／文獻","醫院評鑑與醫療品質","病歷、電子病歷與醫療資料；資訊安全與個人資料；藥事與藥品管理；感染預防與控制；護理管理；醫技、檢驗與病理；手術、麻醉與疼痛管理；急診與緊急醫療；生殖、婦幼與月子服務；職業安全與員工健康；醫療器材與設備；消防、治安與應急管理；環境、能源與醫療廢棄物；財務、採購與內部稽核；醫院評鑑與醫療品質；後勤、建築與設施安全；醫療治理與依法執業","docx","17349","2023-09-21T07:23:26.000Z","classified_candidate","0.35"
"95aa86f22e2a9ef9","角膜塑形镜验配技术操作规范（2024年版）.pdf","1.醫療管理\21眼科\角膜塑形镜验配技术操作规范（2024年版）.pdf","UNKNOWN","地區待確認","2024","2024","待確認或非規範文件","醫療治理與依法執業","","pdf","280980","2025-03-03T01:44:46.000Z","classified_candidate","0.35"
"f843b35b4f5ae940","角膜屈光性透镜取出术操作规范（2024年版.pdf","1.醫療管理\21眼科\角膜屈光性透镜取出术操作规范（2024年版.pdf","UNKNOWN","地區待確認","2024","2024","待確認或非規範文件","醫療治理與依法執業","","pdf","291219","2025-03-03T01:43:40.000Z","classified_candidate","0.35"
"5290b4cb654f87f5","ISO17025 实验室认可体系.pdf","1.醫療管理\23人类辅助生殖IVF\ISO17025 实验室认可体系.pdf","UNKNOWN","地區待確認","年份待確認","","國家或地方標準","醫技、檢驗與病理","生殖、婦幼與月子服務；醫療治理與依法執業","pdf","114157","2023-10-09T05:59:06.000Z","classified_candidate","0.35"
"06967c4961f033aa","TACSC 01-2022 辅助医学生殖中心建设标准.pdf","1.醫療管理\23人类辅助生殖IVF\TACSC 01-2022 辅助医学生殖中心建设标准.pdf","UNKNOWN","地區待確認","2022","2022","待確認或非規範文件","生殖、婦幼與月子服務","醫療治理與依法執業","pdf","1976458","2023-09-25T12:48:56.000Z","classified_candidate","0.35"
"0790ccd2f370a6e8","T_AXKG 08-2024 生殖健康管理（咨询、养护）师职业能力水平评.pdf","1.醫療管理\23人类辅助生殖IVF\T_AXKG 08-2024 生殖健康管理（咨询、养护）师职业能力水平评.pdf","UNKNOWN","地區待確認","2024","2024","待確認或非規範文件","生殖、婦幼與月子服務","醫療治理與依法執業","pdf","440923","2024-07-25T02:38:54.000Z","classified_candidate","0.35"
"8babf942208f8c82","T_GDNAS 056-2024 胚胎移植妇女围术期护理.docx","1.醫療管理\23人类辅助生殖IVF\T_GDNAS 056-2024 胚胎移植妇女围术期护理.docx","CN","地區待確認","2024","2024","研究論文／文獻","醫院評鑑與醫療品質","藥事與藥品管理；護理管理；醫技、檢驗與病理；手術、麻醉與疼痛管理；生殖、婦幼與月子服務；生殖、婦幼與月子服務；臨床研究與人體試驗；醫院評鑑與醫療品質；醫療治理與依法執業","docx","54501","2025-06-14T12:15:30.000Z","classified_candidate","0.75"
"73121177cc6b43a7","T_GDNAS 056-2024 胚胎移植妇女围术期护理.pdf","1.醫療管理\23人类辅助生殖IVF\T_GDNAS 056-2024 胚胎移植妇女围术期护理.pdf","UNKNOWN","地區待確認","2024","2024","待確認或非規範文件","護理管理","手術、麻醉與疼痛管理；生殖、婦幼與月子服務；醫療治理與依法執業","pdf","257526","2024-07-25T02:37:54.000Z","classified_candidate","0.35"
"9ca3fc3a76e7762b","YY_T 1914-2023 人类辅助生殖技术用医疗器械 器具类产品通用.pdf","1.醫療管理\23人类辅助生殖IVF\YY_T 1914-2023 人类辅助生殖技术用医疗器械 器具类产品通用.pdf","UNKNOWN","地區待確認","2023","2023；1914","待確認或非規範文件","生殖、婦幼與月子服務","醫療器材與設備；醫療治理與依法執業","pdf","296226","2023-09-25T12:56:50.000Z","classified_candidate","0.35"
"79ff69ff4c3938a9","上海生殖醫療機構質控要求通知.pdf","1.醫療管理\23人类辅助生殖IVF\上海生殖醫療機構質控要求通知.pdf","UNKNOWN","上海","年份待確認","","公告／通知／函釋","醫院評鑑與醫療品質","生殖、婦幼與月子服務；醫院評鑑與醫療品質；醫療治理與依法執業","pdf","951465","2023-10-09T05:52:52.000Z","classified_candidate","0.35"
"52fbde3b8c2926d3","人工生殖技術施術醫師資格審查病歷摘要.pdf","1.醫療管理\23人类辅助生殖IVF\人工生殖技術施術醫師資格審查病歷摘要.pdf","UNKNOWN","地區待確認","年份待確認","","待確認或非規範文件","病歷、電子病歷與醫療資料","生殖、婦幼與月子服務；醫療治理與依法執業","pdf","75217","2023-09-25T13:09:32.000Z","classified_candidate","0.35"
"dc5ecba724eec3a2","人工生殖機構許可辦法-103.pdf","1.醫療管理\23人类辅助生殖IVF\人工生殖機構許可辦法-103.pdf","UNKNOWN","地區待確認","年份待確認","","行政法規／條例","生殖、婦幼與月子服務","醫療治理與依法執業","pdf","297294","2023-09-25T13:13:08.000Z","classified_candidate","0.35"
"b5e82695671b235a","人工生殖資料通報及管理辦法-104.pdf","1.醫療管理\23人类辅助生殖IVF\人工生殖資料通報及管理辦法-104.pdf","UNKNOWN","地區待確認","年份待確認","","院內制度／SOP","資訊安全與個人資料","生殖、婦幼與月子服務；醫療治理與依法執業","pdf","603997","2023-09-25T13:09:30.000Z","classified_candidate","0.35"
"b1166d7d70c74593","人类辅助生殖技术应用规划参考数据.doc","1.醫療管理\23人类辅助生殖IVF\人类辅助生殖技术应用规划参考数据.doc","UNKNOWN","地區待確認","年份待確認","","研究論文／文獻","資訊安全與個人資料","生殖、婦幼與月子服務；醫療治理與依法執業","doc","57856","2023-09-25T12:54:32.000Z","classified_candidate","0.35"
"8f1fdcdf43835673","人类辅助生殖技术应用规划测算参考方法.doc","1.醫療管理\23人类辅助生殖IVF\人类辅助生殖技术应用规划测算参考方法.doc","UNKNOWN","地區待確認","年份待確認","","研究論文／文獻","生殖、婦幼與月子服務","醫療治理與依法執業","doc","19968","2023-09-25T12:54:22.000Z","classified_candidate","0.35"
"f74c353ed499f631","人类辅助生殖技术管理办法.pdf","1.醫療管理\23人类辅助生殖IVF\人类辅助生殖技术管理办法.pdf","UNKNOWN","地區待確認","年份待確認","","院內制度／SOP","生殖、婦幼與月子服務","醫療治理與依法執業","pdf","795680","2023-09-25T12:55:58.000Z","classified_candidate","0.35"
"2740af070378041c","人类辅助生殖技术质量控制数据统计指标.xlsx","1.醫療管理\23人类辅助生殖IVF\人类辅助生殖技术质量控制数据统计指标.xlsx","UNKNOWN","地區待確認","年份待確認","","教材／簡報／參考資料","醫院評鑑與醫療品質","資訊安全與個人資料；感染預防與控制；手術、麻醉與疼痛管理；生殖、婦幼與月子服務；醫療治理與依法執業","xlsx","14406","2023-10-09T05:56:24.000Z","classified_candidate","0.35"
"25b0789e8de62bda","关于加强辅助生殖技术服务机构和人员管理的若干规定.pdf","1.醫療管理\23人类辅助生殖IVF\关于加强辅助生殖技术服务机构和人员管理的若干规定.pdf","UNKNOWN","地區待確認","年份待確認","","行政法規／條例","生殖、婦幼與月子服務","醫療治理與依法執業","pdf","851559","2023-09-25T12:53:00.000Z","classified_candidate","0.35"
"09b1a0721b51da79","关于印发河南省人类辅助生殖技术应用规划（2021-2025年）的通知-河南省卫生健康委员会.pdf","1.醫療管理\23人类辅助生殖IVF\关于印发河南省人类辅助生殖技术应用规划（2021-2025年）的通知-河南省卫生健康委员会.pdf","CN","河南","2025","2025；2021","研究論文／文獻","生殖、婦幼與月子服務","醫療治理與依法執業","pdf","351025","2022-09-18T09:24:20.000Z","classified_candidate","0.75"
"7f79d2e8ee554fc8","T_CALC 07-2025 重症监护病房成人患者人文关怀规范.pdf","1.醫療管理\34重症监护病房\T_CALC 07-2025 重症监护病房成人患者人文关怀规范.pdf","UNKNOWN","地區待確認","2025","2025","待確認或非規範文件","醫療治理與依法執業","","pdf","885221","2025-04-02T06:33:26.000Z","classified_candidate","0.35"
"641801abc348d62c","T_CAME 60-2023 重症监护病房建设与设备配置标准.pdf","1.醫療管理\34重症监护病房\T_CAME 60-2023 重症监护病房建设与设备配置标准.pdf","UNKNOWN","地區待確認","2023","2023","待確認或非規範文件","醫療器材與設備","醫療治理與依法執業","pdf","1291669","2025-04-02T06:34:10.000Z","classified_candidate","0.35"
"bd09694bd2ab6f43","《重症监护病房医院感染预防与控制规范》WS 509-2016 发布.pdf","1.醫療管理\34重症监护病房\《重症监护病房医院感染预防与控制规范》WS 509-2016 发布.pdf","UNKNOWN","地區待確認","2016","2016","國家或地方標準","感染預防與控制","醫療治理與依法執業","pdf","141157","2022-06-09T03:06:20.000Z","classified_candidate","0.35"
"ea3bfe1d8e27d63c","身体约束等级评估联合6CS模型在重症监护室气管插管非计划拔管中的预防作用.pdf","1.醫療管理\34重症监护病房\身体约束等级评估联合6CS模型在重症监护室气管插管非计划拔管中的预防作用.pdf","UNKNOWN","地區待確認","年份待確認","","待確認或非規範文件","醫療治理與依法執業","","pdf","999784","2024-03-26T06:21:44.000Z","classified_candidate","0.35"
"d753abd819f84d41","重症监护室俯卧位通气病人实施肠内营养循证护理实践.pdf","1.醫療管理\34重症监护病房\重症监护室俯卧位通气病人实施肠内营养循证护理实践.pdf","UNKNOWN","地區待確認","年份待確認","","待確認或非規範文件","護理管理","醫療治理與依法執業","pdf","8955332","2025-04-02T05:34:24.000Z","classified_candidate","0.35"
"c9f40e1e31fcc005","重症监护病房管理规范(试行).doc","1.醫療管理\34重症监护病房\重症监护病房管理规范(试行).doc","UNKNOWN","地區待確認","年份待確認","","待確認或非規範文件","醫療治理與依法執業","","doc","41472","2022-06-09T03:01:38.000Z","classified_candidate","0.35"
"069d56dcc1dac2ce","DB31_T 1340-2021 慢性肾脏病早期筛查规范.pdf","1.醫療管理\35肾脏病\DB31_T 1340-2021 慢性肾脏病早期筛查规范.pdf","UNKNOWN","地區待確認","2021","2021","國家或地方標準","醫療治理與依法執業","","pdf","773886","2025-08-03T16:58:28.000Z","classified_candidate","0.35"
"d26e7e706e884401","TCACM 1250-2019 中医儿科临床诊疗指南 小儿泌尿道感染.pdf","1.醫療管理\35肾脏病\TCACM 1250-2019 中医儿科临床诊疗指南 小儿泌尿道感染.pdf","UNKNOWN","地區待確認","2019","2019","技術規範／診療指南","感染預防與控制","醫療治理與依法執業","pdf","3891951","2025-08-03T16:56:54.000Z","classified_candidate","0.35"
"30e9de0558312efb","TCACM 1318.23-2019.pdf","1.醫療管理\35肾脏病\TCACM 1318.23-2019.pdf","UNKNOWN","地區待確認","2019","2019","待確認或非規範文件","醫療治理與依法執業","","pdf","1605989","2025-08-03T17:01:54.000Z","classified_candidate","0.35"
"8388e3e2a9ffac65","TCNMIA 0001-2020 社会办肾脏病专科医院能力评价.pdf","1.醫療管理\35肾脏病\TCNMIA 0001-2020 社会办肾脏病专科医院能力评价.pdf","UNKNOWN","地區待確認","2020","2020","待確認或非規範文件","醫療治理與依法執業","","pdf","1654028","2025-08-03T16:58:44.000Z","classified_candidate","0.35"
"d2b9459691478fa8","TZYYX 002-2019 经尿道前列腺等离子电切手术操作技术规范.pdf","1.醫療管理\35肾脏病\TZYYX 002-2019 经尿道前列腺等离子电切手术操作技术规范.pdf","UNKNOWN","地區待確認","2019","2019","技術規範／診療指南","手術、麻醉與疼痛管理","醫療治理與依法執業","pdf","161278","2025-08-03T17:04:22.000Z","classified_candidate","0.35"
"d3245db8b9f07bc6","T_CACM 1385-2022 慢性前列腺炎湿热瘀滞证诊断标准.pdf","1.醫療管理\35肾脏病\T_CACM 1385-2022 慢性前列腺炎湿热瘀滞证诊断标准.pdf","UNKNOWN","地區待確認","2022","2022","待確認或非規範文件","醫療治理與依法執業","","pdf","594758","2025-08-03T17:04:08.000Z","classified_candidate","0.35"
"78e2e5cdfd144526","T_CACM 1549-2023 糖尿病肾脏疾病中西医结合诊疗指南.pdf","1.醫療管理\35肾脏病\T_CACM 1549-2023 糖尿病肾脏疾病中西医结合诊疗指南.pdf","UNKNOWN","地區待確認","2023","2023","技術規範／診療指南","醫療治理與依法執業","","pdf","18701940","2025-08-03T16:58:06.000Z","classified_candidate","0.35"
"4024a2b4e197239d","T_CADERM 3047-2022 结石性肾绞痛中西医结合诊疗要求.pdf","1.醫療管理\35肾脏病\T_CADERM 3047-2022 结石性肾绞痛中西医结合诊疗要求.pdf","UNKNOWN","地區待確認","2022","2022","待確認或非規範文件","醫療治理與依法執業","","pdf","209013","2025-08-03T17:02:34.000Z","classified_candidate","0.35"
"8e8a67f2922b93ad","T_CI 171-2023 胆总管结石中西医结合介入诊疗 规范.pdf","1.醫療管理\35肾脏病\T_CI 171-2023 胆总管结石中西医结合介入诊疗 规范.pdf","UNKNOWN","地區待確認","2023","2023","待確認或非規範文件","醫療治理與依法執業","","pdf","425755","2025-08-03T17:02:14.000Z","classified_candidate","0.35"
"cb4de68012b6e833","T_CNMIA 0038-2022 社会办肾脏病医院医疗质量服务能力评价.pdf","1.醫療管理\35肾脏病\T_CNMIA 0038-2022 社会办肾脏病医院医疗质量服务能力评价.pdf","UNKNOWN","地區待確認","2022","2022","待確認或非規範文件","醫院評鑑與醫療品質","醫院評鑑與醫療品質；醫療治理與依法執業","pdf","1554735","2025-08-03T17:00:02.000Z","classified_candidate","0.35"
"ae3a357fefd8bf8b","T_CRHA 044-2024 住院期间成人泌尿造口护理技术规范.pdf","1.醫療管理\35肾脏病\T_CRHA 044-2024 住院期间成人泌尿造口护理技术规范.pdf","UNKNOWN","地區待確認","2024","2024","技術規範／診療指南","護理管理","醫療治理與依法執業","pdf","350701","2025-08-03T17:04:58.000Z","classified_candidate","0.35"
"70d040609cbd3cb2","11.新生儿经外周置入中心静脉导管实践指南（第三版）解读（二）：并发症的预防与处理.docx","1.醫療管理\37 兒科 新生兒\11.新生儿经外周置入中心静脉导管实践指南（第三版）解读（二）：并发症的预防与处理.docx","CN","地區待確認","年份待確認","","研究論文／文獻","藥事與藥品管理","感染預防與控制；護理管理；手術、麻醉與疼痛管理；臨床研究與人體試驗；醫療器材與設備；臨床診療與醫療技術；醫療治理與依法執業","docx","448265","2025-03-10T07:16:46.000Z","classified_candidate","0.75"
"b3e6cc01c07d8beb","11.新生儿经外周置入中心静脉导管实践指南（第三版）解读（二）：并发症的预防与处理.pdf","1.醫療管理\37 兒科 新生兒\11.新生儿经外周置入中心静脉导管实践指南（第三版）解读（二）：并发症的预防与处理.pdf","UNKNOWN","地區待確認","年份待確認","","技術規範／診療指南","醫療治理與依法執業","","pdf","1422502","2024-08-19T01:20:06.000Z","classified_candidate","0.35"
"462dcdc835180dff","8.新生儿经外周置入中心静脉导管实践指南（第三版）解读（一）.pdf","1.醫療管理\37 兒科 新生兒\8.新生儿经外周置入中心静脉导管实践指南（第三版）解读（一）.pdf","UNKNOWN","地區待確認","年份待確認","","技術規範／診療指南","醫療治理與依法執業","","pdf","19159635","2024-08-19T01:20:18.000Z","classified_candidate","0.35"
"8f50b970f958aee2","9.美国妇女健康、产科和新生儿护士协会第四版《新生儿皮肤护理循证临床实践指南》解读.pdf","1.醫療管理\37 兒科 新生兒\9.美国妇女健康、产科和新生儿护士协会第四版《新生儿皮肤护理循证临床实践指南》解读.pdf","UNKNOWN","地區待確認","年份待確認","","技術規範／診療指南","護理管理","生殖、婦幼與月子服務；醫療治理與依法執業","pdf","1470430","2024-08-19T01:20:20.000Z","classified_candidate","0.35"
"71e3c890c971297b","DB11T 1647-2019 新生儿转运技术规范.pdf","1.醫療管理\37 兒科 新生兒\DB11T 1647-2019 新生儿转运技术规范.pdf","UNKNOWN","地區待確認","2019","2019","技術規範／診療指南","醫療治理與依法執業","","pdf","131355","2025-04-04T09:17:50.000Z","classified_candidate","0.35"
"656d6aee013ecbd9","DB13_T 5862-2023 新生儿重症监护室医院感染预防与控制规范.pdf","1.醫療管理\37 兒科 新生兒\DB13_T 5862-2023 新生儿重症监护室医院感染预防与控制规范.pdf","UNKNOWN","地區待確認","2023","2023","國家或地方標準","感染預防與控制","醫療治理與依法執業","pdf","746018","2024-06-09T04:13:16.000Z","classified_candidate","0.35"
"b1e29e9744e84057","DB41_T 2563-2023 新生儿脐静脉导管维护技术操作规范.pdf","1.醫療管理\37 兒科 新生兒\DB41_T 2563-2023 新生儿脐静脉导管维护技术操作规范.pdf","UNKNOWN","地區待確認","2023","2023","國家或地方標準","醫療治理與依法執業","","pdf","459308","2025-04-04T09:17:12.000Z","classified_candidate","0.35"
"f4aa652a016aafd4","TCMCHA 007-2021 医疗机构新生儿奶具清洗消毒管理规范.pdf","1.醫療管理\37 兒科 新生兒\TCMCHA 007-2021 医疗机构新生儿奶具清洗消毒管理规范.pdf","UNKNOWN","地區待確認","2021","2021","待確認或非規範文件","感染預防與控制","醫療治理與依法執業","pdf","389811","2025-04-04T09:16:48.000Z","classified_candidate","0.35"
"5270fd9509b48d70","T_NAHIEM 87-2023 新生儿病房建设与设备配置标准.pdf","1.醫療管理\37 兒科 新生兒\T_NAHIEM 87-2023 新生儿病房建设与设备配置标准.pdf","UNKNOWN","地區待確認","2023","2023","待確認或非規範文件","醫療器材與設備","醫療治理與依法執業","pdf","799126","2025-08-06T04:28:08.000Z","classified_candidate","0.35"
"4f44ea163ab59e0f","WST 859-2025新生儿病区医院感染预防与控制标准-20250819173229726.pdf","1.醫療管理\37 兒科 新生兒\WST 859-2025新生儿病区医院感染预防与控制标准-20250819173229726.pdf","UNKNOWN","地區待確認","2025","2025；1917","國家或地方標準","感染預防與控制","醫療治理與依法執業","pdf","650570","2025-08-19T10:04:38.000Z","classified_candidate","0.35"
"6bdd9c62fd445a3f","WST795—2022儿科输血指南.pdf","1.醫療管理\37 兒科 新生兒\WST795—2022儿科输血指南.pdf","UNKNOWN","地區待確認","2022","2022","技術規範／診療指南","輸血與器官移植","醫療治理與依法執業","pdf","415845","2022-02-25T06:38:50.000Z","classified_candidate","0.35"
"253ad05fa5c7f06a","WS_T 859-2025 新生儿病区医院感染预防与控制标准.pdf","1.醫療管理\37 兒科 新生兒\WS_T 859-2025 新生儿病区医院感染预防与控制标准.pdf","UNKNOWN","地區待確認","2025","2025","國家或地方標準","感染預防與控制","醫療治理與依法執業","pdf","649518","2025-12-21T00:16:06.000Z","classified_candidate","0.35"
"a9be900c6e171b08","《关于印发非新生儿破伤风诊疗规范（2024年版）的通知》解读.pdf","1.醫療管理\37 兒科 新生兒\《关于印发非新生儿破伤风诊疗规范（2024年版）的通知》解读.pdf","UNKNOWN","地區待確認","2024","2024","公告／通知／函釋","醫療治理與依法執業","","pdf","334929","2025-03-03T01:48:16.000Z","classified_candidate","0.35"
"069dd98221779d3e","《新生儿病室建设与管理指南(试行)》.doc","1.醫療管理\37 兒科 新生兒\《新生儿病室建设与管理指南(试行)》.doc","UNKNOWN","地區待確認","年份待確認","","技術規範／診療指南","醫療治理與依法執業","","doc","32768","2021-07-05T06:26:26.000Z","classified_candidate","0.35"
"cd39ece9f830e401","不同胎龄新生儿出生时生长评价标准.pdf","1.醫療管理\37 兒科 新生兒\不同胎龄新生儿出生时生长评价标准.pdf","UNKNOWN","地區待確認","年份待確認","","待確認或非規範文件","醫療治理與依法執業","","pdf","202017","2022-08-27T04:50:52.000Z","classified_candidate","0.35"
"ae24b858f6d537f6","以精细化管理为导向的护理干预在新生儿呼吸窘迫综合征中的应用效果.pdf","1.醫療管理\37 兒科 新生兒\以精细化管理为导向的护理干预在新生儿呼吸窘迫综合征中的应用效果.pdf","UNKNOWN","地區待確認","年份待確認","","研究論文／文獻","護理管理","醫療治理與依法執業","pdf","2117391","2025-04-02T05:35:24.000Z","classified_candidate","0.35"
"9939b244ec6e0a30","儿科输血指南.pdf","1.醫療管理\37 兒科 新生兒\儿科输血指南.pdf","UNKNOWN","地區待確認","年份待確認","","技術規範／診療指南","輸血與器官移植","醫療治理與依法執業","pdf","415845","2022-02-25T06:58:40.000Z","classified_candidate","0.35"
"a17e9cfa1a1026f2","医疗机构新生儿安全管理制度（试行）.docx","1.醫療管理\37 兒科 新生兒\医疗机构新生儿安全管理制度（试行）.docx","UNKNOWN","地區待確認","年份待確認","","公告／通知／函釋","藥事與藥品管理","感染預防與控制；護理管理；急診與緊急醫療；生殖、婦幼與月子服務；醫療器材與設備；消防、治安與應急管理；醫療治理與依法執業","docx","16696","2022-08-24T09:15:18.000Z","classified_candidate","0.35"
"8fdb0e41e2b9c165","卫生部关于印发《新生儿病室建设与管理指南（试行）》的通知.docx","1.醫療管理\37 兒科 新生兒\卫生部关于印发《新生儿病室建设与管理指南（试行）》的通知.docx","CN","地區待確認","年份待確認","","醫院評鑑／認證標準","醫院評鑑與醫療品質","病歷、電子病歷與醫療資料；感染預防與控制；護理管理；手術、麻醉與疼痛管理；急診與緊急醫療；生殖、婦幼與月子服務；生殖、婦幼與月子服務；醫療器材與設備；消防、治安與應急管理；環境、能源與醫療廢棄物；醫院評鑑與醫療品質；後勤、建築與設施安全；醫療治理與依法執業","docx","27177","2022-06-06T03:23:44.000Z","classified_candidate","0.75"
"9850d4d32ea03d95","卫生部关于印发《新生儿病室建设与管理指南（试行）》的通知.pdf","1.醫療管理\37 兒科 新生兒\卫生部关于印发《新生儿病室建设与管理指南（试行）》的通知.pdf","UNKNOWN","地區待確認","年份待確認","","技術規範／診療指南","醫療治理與依法執業","","pdf","398399","2022-06-06T03:22:34.000Z","classified_candidate","0.35"
"12b9cd0ccc392cc9","国家卫生计生委办公厅关于印发《医疗机构新生儿安全管理制度（试行）》的通知.pdf","1.醫療管理\37 兒科 新生兒\国家卫生计生委办公厅关于印发《医疗机构新生儿安全管理制度（试行）》的通知.pdf","UNKNOWN","地區待確認","年份待確認","","公告／通知／函釋","醫療治理與依法執業","","pdf","200484","2024-08-07T07:17:08.000Z","classified_candidate","0.35"
"436d5ea1e6d3ab0b","国家卫生计生委办公厅关于印发危重孕产妇和新生儿救治中心建设与管理指南的通知.pdf","1.醫療管理\37 兒科 新生兒\国家卫生计生委办公厅关于印发危重孕产妇和新生儿救治中心建设与管理指南的通知.pdf","UNKNOWN","地區待確認","年份待確認","","技術規範／診療指南","急診與緊急醫療","生殖、婦幼與月子服務；醫療治理與依法執業","pdf","502557","2022-08-24T01:46:42.000Z","classified_candidate","0.35"
"9512540cf3a5478e","基于灾害脆弱性分析的新生儿科医院感染风险评估.pdf","1.醫療管理\37 兒科 新生兒\基于灾害脆弱性分析的新生儿科医院感染风险评估.pdf","UNKNOWN","地區待確認","年份待確認","","待確認或非規範文件","感染預防與控制","醫療治理與依法執業","pdf","1032897","2025-07-03T07:08:16.000Z","classified_candidate","0.35"
"079d56726f9868ca","新生儿呼吸道病毒感染的研究进展.pdf","1.醫療管理\37 兒科 新生兒\新生儿呼吸道病毒感染的研究进展.pdf","UNKNOWN","地區待確認","年份待確認","","研究論文／文獻","感染預防與控制","臨床研究與人體試驗；醫療治理與依法執業","pdf","1266276","2025-07-03T07:07:46.000Z","classified_candidate","0.35"
"7590c636935383a1","新生儿病室建设与管理指南（试.pdf","1.醫療管理\37 兒科 新生兒\新生儿病室建设与管理指南（试.pdf","UNKNOWN","地區待確認","年份待確認","","技術規範／診療指南","醫療治理與依法執業","","pdf","417704","2024-08-07T07:14:10.000Z","classified_candidate","0.35"
"5634045eea926fdd","新生儿病室建设与管理指南（试行）.docx","1.醫療管理\37 兒科 新生兒\新生儿病室建设与管理指南（试行）.docx","CN","地區待確認","年份待確認","","醫院評鑑／認證標準","醫院評鑑與醫療品質","病歷、電子病歷與醫療資料；感染預防與控制；護理管理；手術、麻醉與疼痛管理；急診與緊急醫療；生殖、婦幼與月子服務；生殖、婦幼與月子服務；醫療器材與設備；消防、治安與應急管理；環境、能源與醫療廢棄物；醫院評鑑與醫療品質；後勤、建築與設施安全；醫療治理與依法執業","docx","18978","2022-08-24T09:14:16.000Z","classified_candidate","0.75"
"58626288a1ac11d9","新生儿肠外营养管理专家共识(2025).docx","1.醫療管理\37 兒科 新生兒\新生儿肠外营养管理专家共识(2025).docx","CN","地區待確認","2025","2025","研究論文／文獻","資訊安全與個人資料","感染預防與控制；護理管理；醫技、檢驗與病理；急診與緊急醫療；生殖、婦幼與月子服務；臨床研究與人體試驗；臨床診療與醫療技術；圖書、教育與文件管理；醫療治理與依法執業","docx","188891","2025-06-08T06:19:06.000Z","classified_candidate","0.75"
"66fe707416f41f33","新生儿肠外营养管理专家共识(2025).pdf","1.醫療管理\37 兒科 新生兒\新生儿肠外营养管理专家共识(2025).pdf","UNKNOWN","地區待確認","2025","2025","專家共識","醫療治理與依法執業","","pdf","1282567","2025-04-02T05:39:20.000Z","classified_candidate","0.35"
"65ea8a3511206d17","新生儿肠外营养管理专家共识（2025）.pptx","1.醫療管理\37 兒科 新生兒\新生儿肠外营养管理专家共识（2025）.pptx","CN","地區待確認","2025","2025","研究論文／文獻","護理管理","醫療治理與依法執業","pptx","6436413","2025-06-08T06:38:22.000Z","classified_candidate","0.75"
"f72344b469cedd74","非新生儿破伤风诊疗规范（2024年版）.pdf","1.醫療管理\37 兒科 新生兒\非新生儿破伤风诊疗规范（2024年版）.pdf","UNKNOWN","地區待確認","2024","2024","待確認或非規範文件","醫療治理與依法執業","","pdf","21417265","2025-03-03T01:47:46.000Z","classified_candidate","0.35"
"dce2eddf8aa1dbfe","WST658—2019婴儿培养箱安全管理.pdf","1.醫療管理\37 兒科 新生兒\儿科管理指南\WST658—2019婴儿培养箱安全管理.pdf","UNKNOWN","地區待確認","2019","2019","技術規範／診療指南","醫療治理與依法執業","","pdf","543282","2020-06-13T11:21:06.000Z","classified_candidate","0.35"
"73b87c29809ad990","WST795—2022儿科输血指南.pdf","1.醫療管理\37 兒科 新生兒\儿科管理指南\WST795—2022儿科输血指南.pdf","UNKNOWN","地區待確認","2022","2022","技術規範／診療指南","輸血與器官移植","醫療治理與依法執業","pdf","415845","2022-02-25T06:38:50.000Z","classified_candidate","0.35"
"b58fef759124ca2f","T_CCSA 001-2024 医疗领域大模型应用数据安全规范.pdf","18信息科法規\T_CCSA 001-2024 医疗领域大模型应用数据安全规范.pdf","UNKNOWN","地區待確認","2024","2024","研究論文／文獻","資訊安全與個人資料","","pdf","501263","2024-10-28T00:25:08.000Z","classified_candidate","0.35"
"2c2b780516856cdb","T_CHIA 36-2023 互联网医院医疗质量管理标准.pdf","18信息科法規\T_CHIA 36-2023 互联网医院医疗质量管理标准.pdf","UNKNOWN","地區待確認","2023","2023","待確認或非規範文件","醫院評鑑與醫療品質","資訊安全與個人資料；醫院評鑑與醫療品質","pdf","211387","2025-02-28T01:23:30.000Z","classified_candidate","0.35"
"8b15ce17c21192cc","T_CMSS 0009-2024 中医医院智慧服务建设指南.pdf","18信息科法規\T_CMSS 0009-2024 中医医院智慧服务建设指南.pdf","UNKNOWN","地區待確認","2024","2024","技術規範／診療指南","資訊安全與個人資料","","pdf","445853","2025-02-28T01:35:54.000Z","classified_candidate","0.35"
"e9809829b2ac03c3","T_GDPHA 005-2023 互联网医院信息系统基本功能规范.pdf","18信息科法規\T_GDPHA 005-2023 互联网医院信息系统基本功能规范.pdf","UNKNOWN","地區待確認","2023","2023","待確認或非規範文件","資訊安全與個人資料","","pdf","1015005","2024-06-21T01:17:40.000Z","classified_candidate","0.35"
"a00349a0f5775d21","T_GDSYXH 003-2024 互联网医院制度管理规范.pdf","18信息科法規\T_GDSYXH 003-2024 互联网医院制度管理规范.pdf","UNKNOWN","地區待確認","2024","2024","院內制度／SOP","資訊安全與個人資料","","pdf","521093","2025-02-28T01:23:16.000Z","classified_candidate","0.35"
"aa769699877f54b2","T_GDWJ 021-2024 医疗机构智慧院区建设规范.pdf","18信息科法規\T_GDWJ 021-2024 医疗机构智慧院区建设规范.pdf","UNKNOWN","地區待確認","2024","2024","待確認或非規範文件","資訊安全與個人資料","醫療治理與依法執業","pdf","760057","2024-06-09T02:41:30.000Z","classified_candidate","0.35"
"b18d501a1e3049fb","T_GDWJ 022-2024 医疗业务系统数据效能评估规范.pdf","18信息科法規\T_GDWJ 022-2024 医疗业务系统数据效能评估规范.pdf","UNKNOWN","地區待確認","2024","2024","待確認或非規範文件","資訊安全與個人資料","","pdf","591816","2024-06-21T01:22:06.000Z","classified_candidate","0.35"
"e98a819a925513fc","T_NAHIEM 66-2022 医院质量信息化建设标准.pdf","18信息科法規\T_NAHIEM 66-2022 医院质量信息化建设标准.pdf","UNKNOWN","地區待確認","2022","2022","待確認或非規範文件","資訊安全與個人資料","","pdf","13849411","2023-11-15T01:51:20.000Z","classified_candidate","0.35"
"d984cd75e9b0a2f7","T_SISA 0001-2023 网络安全保险安全服务技术要求.pdf","18信息科法規\T_SISA 0001-2023 网络安全保险安全服务技术要求.pdf","UNKNOWN","地區待確認","2023","2023","待確認或非規範文件","資訊安全與個人資料","","pdf","719954","2024-11-07T06:33:06.000Z","classified_candidate","0.35"
"f617846829215149","YD_T 4900-2024 医疗健康大数据平台 质量管理技术要求和测试.pdf","18信息科法規\YD_T 4900-2024 医疗健康大数据平台 质量管理技术要求和测试.pdf","UNKNOWN","地區待確認","2024","2024","待確認或非規範文件","醫院評鑑與醫療品質","資訊安全與個人資料","pdf","4213773","2024-10-28T00:23:40.000Z","classified_candidate","0.35"
"b05d9f3c2f1858b5","全国医院上报数据统计分析.pdf","18信息科法規\全国医院上报数据统计分析.pdf","UNKNOWN","地區待確認","年份待確認","","待確認或非規範文件","資訊安全與個人資料","","pdf","393430","2022-06-28T02:13:54.000Z","classified_candidate","0.35"
"b6a9ad22c8575a29","全国医院上报数据统计分析指标集（试行）.pdf","18信息科法規\全国医院上报数据统计分析指标集（试行）.pdf","UNKNOWN","地區待確認","年份待確認","","待確認或非規範文件","資訊安全與個人資料","","pdf","393430","2023-03-02T00:48:50.000Z","classified_candidate","0.35"
"dbd8d982261a65c2","全国医院信息化建设标准与规范.docx","18信息科法規\全国医院信息化建设标准与规范.docx","UNKNOWN","地區待確認","年份待確認","","醫院評鑑／認證標準","醫院評鑑與醫療品質","病歷、電子病歷與醫療資料；資訊安全與個人資料；藥事與藥品管理；感染預防與控制；護理管理；醫技、檢驗與病理；手術、麻醉與疼痛管理；急診與緊急醫療；輸血與器官移植；醫療保險與支付；醫療器材與設備；財務、採購與內部稽核；醫院評鑑與醫療品質；後勤、建築與設施安全；醫療治理與依法執業","docx","474934","2022-06-28T00:45:26.000Z","classified_candidate","0.35"
"0dfe7d4961b2a315","全国医院信息化建设标准与规范.pdf","18信息科法規\全国医院信息化建设标准与规范.pdf","UNKNOWN","地區待確認","年份待確認","","待確認或非規範文件","資訊安全與個人資料","","pdf","1765050","2023-03-01T09:32:00.000Z","classified_candidate","0.35"
"a8998f7019cd3644","全国医院数据上报管理方案-医疗业务（试行.pdf","18信息科法規\全国医院数据上报管理方案-医疗业务（试行.pdf","UNKNOWN","地區待確認","年份待確認","","待確認或非規範文件","資訊安全與個人資料","","pdf","1705382","2023-03-02T00:42:52.000Z","classified_candidate","0.35"
"6a993de2bd20419a","全国医院数据上报管理方案-医疗数据字典（试行）.pdf","18信息科法規\全国医院数据上报管理方案-医疗数据字典（试行）.pdf","UNKNOWN","地區待確認","年份待確認","","待確認或非規範文件","資訊安全與個人資料","","pdf","2057193","2023-03-02T00:44:36.000Z","classified_candidate","0.35"
"5fddf385d6f15607","全国医院数据上报管理方案-接口技术规范（试行）.pdf","18信息科法規\全国医院数据上报管理方案-接口技术规范（试行）.pdf","UNKNOWN","地區待確認","年份待確認","","技術規範／診療指南","資訊安全與個人資料","","pdf","901460","2023-03-02T00:44:04.000Z","classified_candidate","0.35"
"ab8d00724c843439","全国医院数据上报管理方案-运营业务.docx","18信息科法規\全国医院数据上报管理方案-运营业务.docx","CN","地區待確認","年份待確認","","研究論文／文獻","資訊安全與個人資料","藥事與藥品管理；醫療保險與支付；醫療器材與設備；財務、採購與內部稽核；醫療治理與依法執業","docx","37738","2022-06-28T04:35:14.000Z","classified_candidate","0.75"
"e1a6c4b4f58524ce","全国医院数据上报管理方案-运营业务.pdf","18信息科法規\全国医院数据上报管理方案-运营业务.pdf","UNKNOWN","地區待確認","年份待確認","","待確認或非規範文件","資訊安全與個人資料","","pdf","617475","2022-06-28T02:11:10.000Z","classified_candidate","0.35"
"0dbad65904a20fef","全国医院数据上报管理方案-运营业务（试行）.pdf","18信息科法規\全国医院数据上报管理方案-运营业务（试行）.pdf","UNKNOWN","地區待確認","年份待確認","","待確認或非規範文件","資訊安全與個人資料","","pdf","617475","2023-03-02T00:43:40.000Z","classified_candidate","0.35"
"06ac3a4623de6cd4","全国医院数据上报管理方案-运营数据字典（试行）.pdf","18信息科法規\全国医院数据上报管理方案-运营数据字典（试行）.pdf","UNKNOWN","地區待確認","年份待確認","","待確認或非規範文件","資訊安全與個人資料","","pdf","1131943","2023-03-02T00:44:46.000Z","classified_candidate","0.35"
"5f4582e1355de1cb","全国医院数据上报管理方案.docx","18信息科法規\全国医院数据上报管理方案.docx","UNKNOWN","地區待確認","年份待確認","","研究論文／文獻","病歷、電子病歷與醫療資料","資訊安全與個人資料；藥事與藥品管理；感染預防與控制；醫技、檢驗與病理；手術、麻醉與疼痛管理；急診與緊急醫療；輸血與器官移植；醫療保險與支付；財務、採購與內部稽核；醫療治理與依法執業","docx","84791","2022-06-28T02:38:58.000Z","classified_candidate","0.35"
"0b2be0f345208e21","全国医院数据上报管理方案医疗业务.pdf","18信息科法規\全国医院数据上报管理方案医疗业务.pdf","UNKNOWN","地區待確認","年份待確認","","待確認或非規範文件","資訊安全與個人資料","","pdf","1705382","2022-06-28T02:10:38.000Z","classified_candidate","0.35"
"928c6ca389794b57","全国基层医疗卫生机构信息化.pdf","18信息科法規\全国基层医疗卫生机构信息化.pdf","UNKNOWN","地區待確認","年份待確認","","待確認或非規範文件","資訊安全與個人資料","","pdf","3137783","2022-08-29T12:54:52.000Z","classified_candidate","0.35"
"30050f8c002785f5","全民健康信息平台密码应用与安全性评估实施指南.pdf","18信息科法規\全民健康信息平台密码应用与安全性评估实施指南.pdf","UNKNOWN","地區待確認","年份待確認","","研究論文／文獻","資訊安全與個人資料","","pdf","51624642","2026-03-03T08:14:20.000Z","classified_candidate","0.35"
"03237055bb5ff11f","医疗机构网络安全事件应急处置规范.pdf","18信息科法規\医疗机构网络安全事件应急处置规范.pdf","UNKNOWN","地區待確認","年份待確認","","待確認或非規範文件","資訊安全與個人資料","急診與緊急醫療；消防、治安與應急管理；醫療治理與依法執業","pdf","920420","2023-07-13T03:34:30.000Z","classified_candidate","0.35"
"7335c3c65075e56a","医院信息化建设应用技术指引（2017年版，试行）.pdf","18信息科法規\医院信息化建设应用技术指引（2017年版，试行）.pdf","UNKNOWN","地區待確認","2017","2017","研究論文／文獻","資訊安全與個人資料","","pdf","1496837","2022-08-31T05:22:06.000Z","classified_candidate","0.35"
"e1c6975df25a3c95","医院信息化建设应用技术指引（2017年）.pdf","18信息科法規\医院信息化建设应用技术指引（2017年）.pdf","UNKNOWN","地區待確認","2017","2017","研究論文／文獻","資訊安全與個人資料","","pdf","3647214","2023-03-02T00:41:10.000Z","classified_candidate","0.35"
"2e19395c2ec9c11f","医院信息平台应用功能指引.pdf","18信息科法規\医院信息平台应用功能指引.pdf","UNKNOWN","地區待確認","年份待確認","","研究論文／文獻","資訊安全與個人資料","","pdf","14825223","2023-03-02T00:40:46.000Z","classified_candidate","0.35"
"8a14af11fc22cf52","医院信息系统管理要求(1).docx","18信息科法規\医院信息系统管理要求(1).docx","CN","地區待確認","年份待確認","","醫院評鑑／認證標準","醫院評鑑與醫療品質","資訊安全與個人資料；護理管理；醫技、檢驗與病理；手術、麻醉與疼痛管理；急診與緊急醫療；臨床研究與人體試驗；醫療器材與設備；消防、治安與應急管理；環境、能源與醫療廢棄物；臨床診療與醫療技術；醫院評鑑與醫療品質；後勤、建築與設施安全","docx","73017","2026-01-07T01:18:50.000Z","classified_candidate","0.75"
"ce2ce66fb2651117","医院信息系统管理要求.docx","18信息科法規\医院信息系统管理要求.docx","CN","地區待確認","年份待確認","","醫院評鑑／認證標準","醫院評鑑與醫療品質","資訊安全與個人資料；護理管理；醫技、檢驗與病理；手術、麻醉與疼痛管理；急診與緊急醫療；臨床研究與人體試驗；醫療器材與設備；消防、治安與應急管理；環境、能源與醫療廢棄物；臨床診療與醫療技術；醫院評鑑與醫療品質；後勤、建築與設施安全","docx","83432","2023-04-09T13:43:42.000Z","classified_candidate","0.75"
"5082c1ed09a0d142","医院信息系统管理要求.pdf","18信息科法規\医院信息系统管理要求.pdf","UNKNOWN","地區待確認","年份待確認","","待確認或非規範文件","資訊安全與個人資料","","pdf","3243805","2023-04-09T13:36:42.000Z","classified_candidate","0.35"
"5d6cb56891885888","卫生健康行业医疗机构场景密码应用与安全性评估实施指南.pdf","18信息科法規\卫生健康行业医疗机构场景密码应用与安全性评估实施指南.pdf","UNKNOWN","地區待確認","年份待確認","","研究論文／文獻","資訊安全與個人資料","醫療治理與依法執業","pdf","4551784","2026-03-03T08:09:30.000Z","classified_candidate","0.35"
"1c4e10b307b4027d","商用密码管理条例.pdf","18信息科法規\商用密码管理条例.pdf","UNKNOWN","地區待確認","年份待確認","","行政法規／條例","資訊安全與個人資料","","pdf","4274105","2024-06-25T07:35:04.000Z","classified_candidate","0.35"
"afe8c550fddf977e","电子病历系统应用水平分级评价标准.docx","18信息科法規\电子病历系统应用水平分级评价标准.docx","UNKNOWN","地區待確認","年份待確認","","醫院評鑑／認證標準","醫院評鑑與醫療品質","病歷、電子病歷與醫療資料；資訊安全與個人資料；藥事與藥品管理；感染預防與控制；護理管理；醫技、檢驗與病理；手術、麻醉與疼痛管理；輸血與器官移植；臨床研究與人體試驗；醫療器材與設備；環境、能源與醫療廢棄物；醫院評鑑與醫療品質；醫療治理與依法執業","docx","183547","2022-09-01T06:49:18.000Z","classified_candidate","0.35"
"371445b0edd5cdc4","运营管理信息化.doc","18信息科法規\运营管理信息化.doc","UNKNOWN","地區待確認","年份待確認","","待確認或非規範文件","資訊安全與個人資料","","doc","811233","2022-07-01T06:26:28.000Z","classified_candidate","0.35"
"c36448dcb9842aff","DB22_T 3106-2020医院图书馆管理规范.pdf","19.圖書館\DB22_T 3106-2020医院图书馆管理规范.pdf","UNKNOWN","地區待確認","2020","2020","國家或地方標準","圖書、教育與文件管理","","pdf","364800","2023-04-09T14:15:06.000Z","classified_candidate","0.35"
"56b6a169f734df02","广东省医院图书馆管理标准.docx","19.圖書館\广东省医院图书馆管理标准.docx","CN","廣東","年份待確認","","醫院評鑑／認證標準","資訊安全與個人資料","臨床研究與人體試驗；醫療器材與設備；圖書、教育與文件管理","docx","47718","2023-04-09T14:12:28.000Z","classified_candidate","0.75"
"1be8fd3756eff4f8","广东省医院图书馆管理标准.pdf","19.圖書館\广东省医院图书馆管理标准.pdf","CN","廣東","年份待確認","","待確認或非規範文件","圖書、教育與文件管理","","pdf","398149","2023-04-09T13:58:56.000Z","classified_candidate","0.75"
"88ecde9c9226ef2b","1739782079003_97106血液储存标准.pdf","1医技辅检\14輸血科法規\1739782079003_97106血液储存标准.pdf","UNKNOWN","地區待確認","2079","2079","待確認或非規範文件","醫技、檢驗與病理","輸血與器官移植","pdf","234438","2025-08-19T10:09:14.000Z","classified_candidate","0.35"
"eff66e4da030ddea","1739782080280_99788血液运输标准.pdf","1医技辅检\14輸血科法規\1739782080280_99788血液运输标准.pdf","UNKNOWN","地區待確認","2080","2080","待確認或非規範文件","醫技、檢驗與病理","輸血與器官移植","pdf","218709","2026-01-29T02:48:04.000Z","classified_candidate","0.35"
"2ec46ffab5759a0f","1739782081491_17207献血场所配置标准.pdf","1医技辅检\14輸血科法規\1739782081491_17207献血场所配置标准.pdf","UNKNOWN","地區待確認","2081","2081","待確認或非規範文件","醫技、檢驗與病理","輸血與器官移植","pdf","233465","2026-01-29T02:47:42.000Z","classified_candidate","0.35"
"f101eddfa55f94d4","2022输血相容性检测标准.pdf","1医技辅检\14輸血科法規\2022输血相容性检测标准.pdf","UNKNOWN","地區待確認","2022","2022","待確認或非規範文件","醫技、檢驗與病理","輸血與器官移植","pdf","305744","2022-02-25T06:58:40.000Z","classified_candidate","0.35"
"770f61125e1f3c53","3058-患者服務臨床用血.pdf","1医技辅检\14輸血科法規\3058-患者服務臨床用血.pdf","UNKNOWN","地區待確認","年份待確認","","待確認或非規範文件","醫技、檢驗與病理","輸血與器官移植","pdf","1222186","2022-07-19T02:56:10.000Z","classified_candidate","0.35"
"d60c0588f6359b47","DB12_T 751-2017 医疗机构输血科（血库）建设规范.pdf","1医技辅检\14輸血科法規\DB12_T 751-2017 医疗机构输血科（血库）建设规范.pdf","UNKNOWN","地區待確認","2017","2017","國家或地方標準","醫技、檢驗與病理","輸血與器官移植；醫療治理與依法執業","pdf","337876","2024-11-07T08:15:18.000Z","classified_candidate","0.35"
"bcdfd8a2a1578733","DB31_T 1227-2020 医疗机构输血科室设置规范.pdf","1医技辅检\14輸血科法規\DB31_T 1227-2020 医疗机构输血科室设置规范.pdf","UNKNOWN","地區待確認","2020","2020","國家或地方標準","醫技、檢驗與病理","輸血與器官移植；醫療治理與依法執業","pdf","3205566","2024-11-07T08:14:58.000Z","classified_candidate","0.35"
"2f8a906e7789ec85","T_SZSMDA 003-2022 深圳市医疗机构输血科设置规范.pdf","1医技辅检\14輸血科法規\T_SZSMDA 003-2022 深圳市医疗机构输血科设置规范.pdf","UNKNOWN","廣東","2022","2022","待確認或非規範文件","醫技、檢驗與病理","輸血與器官移植；醫療治理與依法執業","pdf","330924","2026-04-22T10:26:10.000Z","classified_candidate","0.35"
"09d7b06f34093cd7","WS 399-2023 血液储存标准.pdf","1医技辅检\14輸血科法規\WS 399-2023 血液储存标准.pdf","UNKNOWN","地區待確認","2023","2023","國家或地方標準","醫技、檢驗與病理","輸血與器官移植","pdf","225331","2025-08-19T09:52:10.000Z","classified_candidate","0.35"
"42cd239fa1d040ce","WST 865—2025-20250721162518834.pdf","1医技辅检\14輸血科法規\WST 865—2025-20250721162518834.pdf","UNKNOWN","地區待確認","2025","2025","國家或地方標準","醫技、檢驗與病理","輸血與器官移植","pdf","307842","2026-01-29T02:46:38.000Z","classified_candidate","0.35"
"477e6e0651157aab","WST 865—2025血站采供血基本数据集.pdf","1医技辅检\14輸血科法規\WST 865—2025血站采供血基本数据集.pdf","UNKNOWN","地區待確認","2025","2025","國家或地方標準","資訊安全與個人資料","醫技、檢驗與病理；輸血與器官移植","pdf","307842","2026-01-29T02:46:56.000Z","classified_candidate","0.35"
"ef00d80db33ce9f6","WST 866—2025-20250721162800289.pdf","1医技辅检\14輸血科法規\WST 866—2025-20250721162800289.pdf","UNKNOWN","地區待確認","2025","2025","國家或地方標準","醫技、檢驗與病理","輸血與器官移植","pdf","360797","2026-01-29T02:46:28.000Z","classified_candidate","0.35"
"fe1b52a5ae1ed6d2","WST 867—2025-20250721162955578.pdf","1医技辅检\14輸血科法規\WST 867—2025-20250721162955578.pdf","UNKNOWN","地區待確認","2025","2025","國家或地方標準","醫技、檢驗與病理","輸血與器官移植","pdf","245086","2026-01-29T02:43:26.000Z","classified_candidate","0.35"
"2fe3644d5f4c99e5","WST 869—2025一般血站设备配置基本标准.pdf","1医技辅检\14輸血科法規\WST 869—2025一般血站设备配置基本标准.pdf","UNKNOWN","地區待確認","2025","2025","國家或地方標準","醫技、檢驗與病理","輸血與器官移植；醫療器材與設備","pdf","241087","2026-01-29T02:47:18.000Z","classified_candidate","0.35"
"2db81a64b8e10ebd","WST 401—2023 献血场所配置标准（代替WST 401-2012）.pdf","1医技辅检\14輸血科法規\WST 401—2023 献血场所配置标准（代替WST 401-2012）.pdf","UNKNOWN","地區待確認","2023","2023；2012","國家或地方標準","醫技、檢驗與病理","輸血與器官移植","pdf","233465","2023-10-10T01:30:44.000Z","classified_candidate","0.35"
"f96953c0745abdd4","WST 825-2023 血站业务场所命名标准.pdf","1医技辅检\14輸血科法規\WST 825-2023 血站业务场所命名标准.pdf","UNKNOWN","地區待確認","2023","2023","國家或地方標準","醫技、檢驗與病理","輸血與器官移植","pdf","218709","2023-10-10T01:31:22.000Z","classified_candidate","0.35"
"ba3c010abd474010","WS 399—2023血液储存标准（代替WS 399—2012）.docx","1医技辅检\14輸血科法規\WS 399—2023血液储存标准（代替WS 399—2012）.docx","CN","地區待確認","2023","2023；2012","研究論文／文獻","感染預防與控制","醫技、檢驗與病理；急診與緊急醫療；輸血與器官移植；臨床研究與人體試驗；醫療器材與設備；消防、治安與應急管理；後勤、建築與設施安全；醫療治理與依法執業","docx","27130","2025-09-08T09:21:28.000Z","classified_candidate","0.75"
"9f9721fbfc5ebd77","WS 399—2023血液储存标准（代替WS 399—2012）.pdf","1医技辅检\14輸血科法規\WS 399—2023血液储存标准（代替WS 399—2012）.pdf","UNKNOWN","地區待確認","2023","2023；2012","國家或地方標準","醫技、檢驗與病理","輸血與器官移植","pdf","234438","2023-10-10T01:28:58.000Z","classified_candidate","0.35"
"e5bfd36bd53b24a4","WS 400-2023血液运输标准（代替WST 400-2012）.pdf","1医技辅检\14輸血科法規\WS 400-2023血液运输标准（代替WST 400-2012）.pdf","UNKNOWN","地區待確認","2023","2023；2012","國家或地方標準","醫技、檢驗與病理","輸血與器官移植","pdf","218709","2023-10-10T01:29:48.000Z","classified_candidate","0.35"
"f7febc6eac36880a","中华人民共和国献血法.docx","1医技辅检\14輸血科法規\中华人民共和国献血法.docx","CN","地區待確認","年份待確認","","研究論文／文獻","醫技、檢驗與病理","手術、麻醉與疼痛管理；急診與緊急醫療；輸血與器官移植；臨床研究與人體試驗；醫療器材與設備；消防、治安與應急管理；醫療治理與依法執業","docx","15220","2021-01-25T07:57:00.000Z","classified_candidate","0.75"
"acfa979d784c55c9","中国医院质量安全管理 第2-13部分 患者服务 临床用血.pdf","1医技辅检\14輸血科法規\中国医院质量安全管理 第2-13部分 患者服务 临床用血.pdf","CN","地區待確認","年份待確認","","待確認或非規範文件","醫技、檢驗與病理","輸血與器官移植","pdf","1222186","2021-10-25T10:13:30.000Z","classified_candidate","0.75"
"4fc30206866a6417","临床用血技术规范（2025年版）.pdf","1医技辅检\14輸血科法規\临床用血技术规范（2025年版）.pdf","UNKNOWN","地區待確認","2025","2025","技術規範／診療指南","醫技、檢驗與病理","輸血與器官移植","pdf","260262","2026-09-05T04:06:42.000Z","classified_candidate","0.35"
"d8bc4725859c9819","儿科输血指南.pdf","1医技辅检\14輸血科法規\儿科输血指南.pdf","UNKNOWN","地區待確認","年份待確認","","技術規範／診療指南","醫技、檢驗與病理","輸血與器官移植","pdf","415845","2022-08-26T08:31:52.000Z","classified_candidate","0.35"
"4578e3b0c356c4d0","关于印发血站新冠肺炎疫情常态化防控工作指引的通知.pdf","1医技辅检\14輸血科法規\关于印发血站新冠肺炎疫情常态化防控工作指引的通知.pdf","UNKNOWN","地區待確認","年份待確認","","公告／通知／函釋","醫技、檢驗與病理","輸血與器官移植","pdf","628733","2022-09-04T13:30:16.000Z","classified_candidate","0.35"
"cd2b1db64915c2ce","关于发布《血液储存标准》等4项卫生行业标准的通告(国卫通〔2023〕10号).pdf","1医技辅检\14輸血科法規\关于发布《血液储存标准》等4项卫生行业标准的通告(国卫通〔2023〕10号).pdf","UNKNOWN","地區待確認","2023","2023","待確認或非規範文件","醫技、檢驗與病理","輸血與器官移植","pdf","513907","2023-10-10T01:26:52.000Z","classified_candidate","0.35"
"98b8216b7dd599a2","医疗机构临床用血管理办法.doc","1医技辅检\14輸血科法規\医疗机构临床用血管理办法.doc","UNKNOWN","地區待確認","年份待確認","","院內制度／SOP","醫技、檢驗與病理","輸血與器官移植；醫療治理與依法執業","doc","59904","2022-06-01T05:05:28.000Z","classified_candidate","0.35"
"4c5b12063c61ca7e","医疗机构输血科(血库)基本标准.doc","1医技辅检\14輸血科法規\医疗机构输血科(血库)基本标准.doc","UNKNOWN","地區待確認","年份待確認","","待確認或非規範文件","醫技、檢驗與病理","輸血與器官移植；醫療治理與依法執業","doc","234496","2022-05-09T10:45:12.000Z","classified_candidate","0.35"
"b26c34e14b97c25f","围手术期患者血液管理指南.pdf","1医技辅检\14輸血科法規\围手术期患者血液管理指南.pdf","UNKNOWN","地區待確認","年份待確認","","技術規範／診療指南","醫技、檢驗與病理","手術、麻醉與疼痛管理；輸血與器官移植","pdf","239314","2022-08-26T08:31:34.000Z","classified_candidate","0.35"
"37e9661c1da7f2da","深圳市医疗机构输血科免疫学检测技术规范.pdf","1医技辅检\14輸血科法規\深圳市医疗机构输血科免疫学检测技术规范.pdf","UNKNOWN","廣東","年份待確認","","技術規範／診療指南","醫技、檢驗與病理","輸血與器官移植；醫療治理與依法執業","pdf","449331","2023-04-02T08:15:58.000Z","classified_candidate","0.35"
"76cc5a14823fbe58","深圳市医疗机构输血科设置规范.pdf","1医技辅检\14輸血科法規\深圳市医疗机构输血科设置规范.pdf","UNKNOWN","廣東","年份待確認","","待確認或非規範文件","醫技、檢驗與病理","輸血與器官移植；醫療治理與依法執業","pdf","407774","2023-04-02T08:15:28.000Z","classified_candidate","0.35"
"a5b24dd75c28b055","血站管理办法.doc","1医技辅检\14輸血科法規\血站管理办法.doc","UNKNOWN","地區待確認","年份待確認","","院內制度／SOP","醫技、檢驗與病理","輸血與器官移植","doc","87610","2022-09-04T13:16:32.000Z","classified_candidate","0.35"
"f2149a0658ad209b","血站质量管理规范 - 中华人民共和国国家卫生健康委员会.pdf","1医技辅检\14輸血科法規\血站质量管理规范 - 中华人民共和国国家卫生健康委员会.pdf","CN","地區待確認","年份待確認","","待確認或非規範文件","醫院評鑑與醫療品質","醫技、檢驗與病理；輸血與器官移植","pdf","521593","2022-09-04T13:59:04.000Z","classified_candidate","0.75"
"4da77bc9c67b75c5","输血反应分类.pdf","1医技辅检\14輸血科法規\输血反应分类.pdf","UNKNOWN","地區待確認","年份待確認","","待確認或非規範文件","醫技、檢驗與病理","輸血與器官移植","pdf","365408","2022-08-26T08:38:58.000Z","classified_candidate","0.35"
"762adfba81dc0c4d","输血相容性检测标准(1).docx","1医技辅检\14輸血科法規\输血相容性检测标准(1).docx","CN","地區待確認","年份待確認","","醫院評鑑／認證標準","醫院評鑑與醫療品質","病歷、電子病歷與醫療資料；資訊安全與個人資料；藥事與藥品管理；醫技、檢驗與病理；急診與緊急醫療；輸血與器官移植；醫療器材與設備；環境、能源與醫療廢棄物；臨床診療與醫療技術；醫院評鑑與醫療品質；醫療治理與依法執業","docx","36218","2022-05-25T06:08:30.000Z","classified_candidate","0.75"
"8ab5746f8473f804","输血相容性检测标准.docx","1医技辅检\14輸血科法規\输血相容性检测标准.docx","CN","地區待確認","年份待確認","","醫院評鑑／認證標準","醫院評鑑與醫療品質","病歷、電子病歷與醫療資料；資訊安全與個人資料；藥事與藥品管理；醫技、檢驗與病理；急診與緊急醫療；輸血與器官移植；醫療器材與設備；環境、能源與醫療廢棄物；臨床診療與醫療技術；醫院評鑑與醫療品質；醫療治理與依法執業","docx","36219","2022-05-25T04:49:48.000Z","classified_candidate","0.75"
"ec94f063202947aa","DB11T 1646-2019 核医学从业人员放射防护规范 (1).pdf","1医技辅检\24核醫學科\DB11T 1646-2019 核医学从业人员放射防护规范 (1).pdf","UNKNOWN","地區待確認","2019","2019","國家或地方標準","醫技、檢驗與病理","","pdf","129230","2023-10-25T04:07:58.000Z","classified_candidate","0.35"
"4a65e35606cf58d2","DB11T 1646-2019 核医学从业人员放射防护规范.pdf","1医技辅检\24核醫學科\DB11T 1646-2019 核医学从业人员放射防护规范.pdf","UNKNOWN","地區待確認","2019","2019","國家或地方標準","醫技、檢驗與病理","","pdf","129230","2023-10-25T04:06:52.000Z","classified_candidate","0.35"
"ca81c6955cdef66e","DB31_T 1052-2017 临床核医学工作场所放射防护与检测评价规.pdf","1医技辅检\24核醫學科\DB31_T 1052-2017 临床核医学工作场所放射防护与检测评价规.pdf","UNKNOWN","地區待確認","2017","2017","國家或地方標準","醫技、檢驗與病理","","pdf","4081700","2023-10-25T04:04:32.000Z","classified_candidate","0.35"
"5c46ec8642c929bd","GB 16361-2012 临床核医学的患者防护与质量控制规范.pdf","1医技辅检\24核醫學科\GB 16361-2012 临床核医学的患者防护与质量控制规范.pdf","UNKNOWN","地區待確認","2012","2012","國家或地方標準","醫院評鑑與醫療品質","醫技、檢驗與病理","pdf","15588097","2023-10-25T04:06:02.000Z","classified_candidate","0.35"
"06e2a9073919df9e","GBZ 120-2020 核医学放射防护要求.pdf","1医技辅检\24核醫學科\GBZ 120-2020 核医学放射防护要求.pdf","UNKNOWN","地區待確認","2020","2020","國家或地方標準","醫技、檢驗與病理","","pdf","8995103","2023-10-25T04:06:30.000Z","classified_candidate","0.35"
"7555b341ad5f2779","HJ 1188-2021 核医学辐射防护与安全要求.pdf","1医技辅检\24核醫學科\HJ 1188-2021 核医学辐射防护与安全要求.pdf","UNKNOWN","地區待確認","2021","2021","待確認或非規範文件","醫技、檢驗與病理","","pdf","711344","2023-10-25T04:05:32.000Z","classified_candidate","0.35"
"aea543fb0ffe6cac","T_SCIIA 1-2022 核医学智慧辐射安全智能机房系统技术规范.pdf","1医技辅检\24核醫學科\T_SCIIA 1-2022 核医学智慧辐射安全智能机房系统技术规范.pdf","UNKNOWN","地區待確認","2022","2022","技術規範／診療指南","醫技、檢驗與病理","","pdf","422494","2023-10-25T04:04:10.000Z","classified_candidate","0.35"
"8ddb5bbe5015a65e","WS 533-2017 临床核医学患者防护要求.pdf","1医技辅检\24核醫學科\WS 533-2017 临床核医学患者防护要求.pdf","UNKNOWN","地區待確認","2017","2017","國家或地方標準","醫技、檢驗與病理","","pdf","2220312","2023-10-25T04:09:22.000Z","classified_candidate","0.35"
"61ac9d8c01162585","WST 850—2025-20250923165252577.pdf","1医技辅检\24核醫學科\WST 850—2025-20250923165252577.pdf","UNKNOWN","地區待確認","2025","2025","國家或地方標準","醫技、檢驗與病理","","pdf","335830","2026-01-29T02:31:06.000Z","classified_candidate","0.35"
"c5739f6aeb0ec756","WS_T 467-2014 核和辐射事故医学响应程序.pdf","1医技辅检\24核醫學科\WS_T 467-2014 核和辐射事故医学响应程序.pdf","UNKNOWN","地區待確認","2014","2014","國家或地方標準","醫技、檢驗與病理","","pdf","13782486","2023-10-25T04:05:08.000Z","classified_candidate","0.35"
"9dc79d3d2e70c495","核与放射卫生应急准备与响应通用标准.pdf","1医技辅检\24核醫學科\核与放射卫生应急准备与响应通用标准.pdf","UNKNOWN","地區待確認","年份待確認","","待確認或非規範文件","醫技、檢驗與病理","急診與緊急醫療；消防、治安與應急管理","pdf","888073","2024-08-09T06:08:42.000Z","classified_candidate","0.35"
"caf4781387ce9ad3","核医学放射防护要求.pdf","1医技辅检\24核醫學科\核医学放射防护要求.pdf","UNKNOWN","地區待確認","年份待確認","","待確認或非規範文件","醫技、檢驗與病理","","pdf","5106529","2022-08-26T08:34:50.000Z","classified_candidate","0.35"
"d9c1d08bb25ef9e5","核医学放射防护要求2021.pdf","1医技辅检\24核醫學科\核医学放射防护要求2021.pdf","UNKNOWN","地區待確認","2021","2021","待確認或非規範文件","醫技、檢驗與病理","","pdf","5106529","2022-06-20T08:43:36.000Z","classified_candidate","0.35"
"a277d4cd34ae35be","核和辐射事故医学应急演练导则.pdf","1医技辅检\24核醫學科\核和辐射事故医学应急演练导则.pdf","UNKNOWN","地區待確認","年份待確認","","待確認或非規範文件","醫技、檢驗與病理","急診與緊急醫療；消防、治安與應急管理","pdf","271977","2022-08-26T08:40:42.000Z","classified_candidate","0.35"
"2cc356a85892b0b2","核醫學防護標準.pdf","1医技辅检\24核醫學科\核醫學防護標準.pdf","UNKNOWN","地區待確認","年份待確認","","待確認或非規範文件","醫技、檢驗與病理","","pdf","770531","2022-06-20T08:41:32.000Z","classified_candidate","0.35"
"7a231108e9348a45","2020年昆明市民营及公立医院超声质量控制现状分析.pdf","1医技辅检\25超聲\2020年昆明市民营及公立医院超声质量控制现状分析.pdf","UNKNOWN","雲南","2020","2020","待確認或非規範文件","醫院評鑑與醫療品質","醫技、檢驗與病理","pdf","854441","2022-07-06T10:39:36.000Z","classified_candidate","0.35"
"87dbc1043644d6f5","DB31_T 1343-2022 医用超声探头消毒卫生要求.pdf","1医技辅检\25超聲\DB31_T 1343-2022 医用超声探头消毒卫生要求.pdf","UNKNOWN","地區待確認","2022","2022","國家或地方標準","感染預防與控制","醫技、檢驗與病理","pdf","982965","2023-08-11T08:55:54.000Z","classified_candidate","0.35"
"c5b5768f8213569e","DB32_T 4451.10-2023 医用影像设备临床使用管理与质量控.pdf","1医技辅检\25超聲\DB32_T 4451.10-2023 医用影像设备临床使用管理与质量控.pdf","UNKNOWN","地區待確認","2023","2023","國家或地方標準","醫技、檢驗與病理","醫療器材與設備","pdf","815031","2023-10-25T04:14:16.000Z","classified_candidate","0.35"
"f7183291b3a4369f","T_ZGCMITT 005-2022 聚焦超声消融手术临床管理与应用要求.pdf","1医技辅检\25超聲\T_ZGCMITT 005-2022 聚焦超声消融手术临床管理与应用要求.pdf","UNKNOWN","地區待確認","2022","2022","研究論文／文獻","醫技、檢驗與病理","手術、麻醉與疼痛管理","pdf","561256","2023-10-25T04:14:46.000Z","classified_candidate","0.35"
"e89730d3a7ea5232","YY_T 0938-2014 B型超声诊断设备核查指南.pdf","1医技辅检\25超聲\YY_T 0938-2014 B型超声诊断设备核查指南.pdf","UNKNOWN","地區待確認","2014","2014","技術規範／診療指南","醫技、檢驗與病理","醫療器材與設備","pdf","4236590","2023-08-11T08:59:00.000Z","classified_candidate","0.35"
"e776c18329e5b8aa","YY_T 1420-2016 医用超声设备环境要求及试验方法.pdf","1医技辅检\25超聲\YY_T 1420-2016 医用超声设备环境要求及试验方法.pdf","UNKNOWN","地區待確認","2016","2016","待確認或非規範文件","醫技、檢驗與病理","醫療器材與設備；環境、能源與醫療廢棄物","pdf","2462566","2023-08-11T08:58:14.000Z","classified_candidate","0.35"
"d11d72b164869204","东莞市二级及三级医院超声基线情况调查与质量指标分析.pdf","1医技辅检\25超聲\东莞市二级及三级医院超声基线情况调查与质量指标分析.pdf","UNKNOWN","地區待確認","年份待確認","","醫院評鑑／認證標準","醫技、檢驗與病理","","pdf","947773","2022-07-06T10:39:50.000Z","classified_candidate","0.35"
"d7b8d53109be685a","从_医疗质量安全核心制度_浅析超声医学专业的质量安全与管理.pdf","1医技辅检\25超聲\从_医疗质量安全核心制度_浅析超声医学专业的质量安全与管理.pdf","UNKNOWN","地區待確認","年份待確認","","院內制度／SOP","醫院評鑑與醫療品質","醫技、檢驗與病理；醫院評鑑與醫療品質","pdf","874815","2022-07-06T10:21:34.000Z","classified_candidate","0.35"
"0b405859e5e23df1","全面腹部超声检查对急腹症诊断的漏诊误诊发生率影响分析.pdf","1医技辅检\25超聲\全面腹部超声检查对急腹症诊断的漏诊误诊发生率影响分析.pdf","UNKNOWN","地區待確認","年份待確認","","待確認或非規範文件","醫技、檢驗與病理","","pdf","2050214","2022-07-06T10:39:52.000Z","classified_candidate","0.35"
"8314a9c46fd4fd7d","基层医院超声科医师误诊漏诊原因分析.pdf","1医技辅检\25超聲\基层医院超声科医师误诊漏诊原因分析.pdf","UNKNOWN","地區待確認","年份待確認","","待確認或非規範文件","醫技、檢驗與病理","","pdf","79314","2022-07-06T11:00:06.000Z","classified_candidate","0.35"
"5db0b5fd94d39ccf","基层医院超声科医师误诊漏诊原因分析及对策探讨.pdf","1医技辅检\25超聲\基层医院超声科医师误诊漏诊原因分析及对策探讨.pdf","UNKNOWN","地區待確認","年份待確認","","研究論文／文獻","醫技、檢驗與病理","","pdf","1743495","2022-07-06T11:00:54.000Z","classified_candidate","0.35"
"767f3ae085d4cd99","河南省超声医学质量控制与管理模式探讨.pdf","1医技辅检\25超聲\河南省超声医学质量控制与管理模式探讨.pdf","CN","河南","年份待確認","","研究論文／文獻","醫院評鑑與醫療品質","醫技、檢驗與病理","pdf","1085149","2022-07-06T10:47:22.000Z","classified_candidate","0.75"
"a73d8f8e15a9bada","浅谈医院超声科室质量控制与管理常见问题及政策建议.pdf","1医技辅检\25超聲\浅谈医院超声科室质量控制与管理常见问题及政策建议.pdf","UNKNOWN","地區待確認","年份待確認","","待確認或非規範文件","醫院評鑑與醫療品質","醫技、檢驗與病理","pdf","1174346","2022-07-06T10:39:42.000Z","classified_candidate","0.35"
"230cec2118acacad","胎儿脐带绕颈的超声诊断准确率探讨及其误漏诊原因分析.pdf","1医技辅检\25超聲\胎儿脐带绕颈的超声诊断准确率探讨及其误漏诊原因分析.pdf","UNKNOWN","地區待確認","年份待確認","","研究論文／文獻","醫技、檢驗與病理","","pdf","127582","2022-07-06T10:39:54.000Z","classified_candidate","0.35"
"ed7b3cbd3f0f3f10","质量控制专项管理在提升超声科医疗质量中的作用.pdf","1医技辅检\25超聲\质量控制专项管理在提升超声科医疗质量中的作用.pdf","UNKNOWN","地區待確認","年份待確認","","待確認或非規範文件","醫院評鑑與醫療品質","醫技、檢驗與病理；醫院評鑑與醫療品質","pdf","1950267","2022-07-06T10:39:38.000Z","classified_candidate","0.35"
"edf2ceaa4ecc4d60","超声医学图像及报告质量管理系统设计与应用.pdf","1医技辅检\25超聲\超声医学图像及报告质量管理系统设计与应用.pdf","UNKNOWN","地區待確認","年份待確認","","研究論文／文獻","醫院評鑑與醫療品質","醫技、檢驗與病理","pdf","1503012","2022-07-06T10:39:32.000Z","classified_candidate","0.35"
"475158ab3916c86f","超声检查诊断子宫内膜病变的符合率与漏诊率分析.pdf","1医技辅检\25超聲\超声检查诊断子宫内膜病变的符合率与漏诊率分析.pdf","UNKNOWN","地區待確認","年份待確認","","待確認或非規範文件","醫技、檢驗與病理","","pdf","1188360","2022-07-06T10:45:04.000Z","classified_candidate","0.35"
"77e654c5fcf4c277","超声诊断专业医疗质量控制指标.pdf","1医技辅检\25超聲\超声诊断专业医疗质量控制指标.pdf","UNKNOWN","地區待確認","年份待確認","","待確認或非規範文件","醫院評鑑與醫療品質","醫技、檢驗與病理；醫院評鑑與醫療品質","pdf","500558","2022-07-06T02:12:00.000Z","classified_candidate","0.35"
"c87faadc3c1f8d51","2020年昆明市民营及公立医院超声质量控制现状分析.pdf","1医技辅检\25超聲\超声诊断率及漏报率相关文献\2020年昆明市民营及公立医院超声质量控制现状分析.pdf","UNKNOWN","雲南","2020","2020","研究論文／文獻","醫院評鑑與醫療品質","醫技、檢驗與病理","pdf","854441","2022-07-06T10:39:36.000Z","classified_candidate","0.35"
"1f01d1866eb1946e","东莞市二级及三级医院超声基线情况调查与质量指标分析.pdf","1医技辅检\25超聲\超声诊断率及漏报率相关文献\东莞市二级及三级医院超声基线情况调查与质量指标分析.pdf","UNKNOWN","地區待確認","年份待確認","","醫院評鑑／認證標準","醫技、檢驗與病理","","pdf","947773","2022-07-06T10:39:50.000Z","classified_candidate","0.35"
"7b4963d229eb07da","从_医疗质量安全核心制度_浅析超声医学专业的质量安全与管理.pdf","1医技辅检\25超聲\超声诊断率及漏报率相关文献\从_医疗质量安全核心制度_浅析超声医学专业的质量安全与管理.pdf","UNKNOWN","地區待確認","年份待確認","","研究論文／文獻","醫院評鑑與醫療品質","醫技、檢驗與病理；醫院評鑑與醫療品質","pdf","874815","2022-07-06T10:21:34.000Z","classified_candidate","0.35"
"9af6c05ba580a452","全面腹部超声检查对急腹症诊断的漏诊误诊发生率影响分析.pdf","1医技辅检\25超聲\超声诊断率及漏报率相关文献\全面腹部超声检查对急腹症诊断的漏诊误诊发生率影响分析.pdf","UNKNOWN","地區待確認","年份待確認","","研究論文／文獻","醫技、檢驗與病理","","pdf","2050214","2022-07-06T10:39:52.000Z","classified_candidate","0.35"
"acd11eafa8962d99","基层医院超声科医师误诊漏诊原因分析.pdf","1医技辅检\25超聲\超声诊断率及漏报率相关文献\基层医院超声科医师误诊漏诊原因分析.pdf","UNKNOWN","地區待確認","年份待確認","","研究論文／文獻","醫技、檢驗與病理","","pdf","79314","2022-07-06T11:00:06.000Z","classified_candidate","0.35"
"c3b132702a1bc7ae","基层医院超声科医师误诊漏诊原因分析及对策探讨.pdf","1医技辅检\25超聲\超声诊断率及漏报率相关文献\基层医院超声科医师误诊漏诊原因分析及对策探讨.pdf","UNKNOWN","地區待確認","年份待確認","","研究論文／文獻","醫技、檢驗與病理","","pdf","1743495","2022-07-06T11:00:54.000Z","classified_candidate","0.35"
"198be162ea821bd3","河南省超声医学质量控制与管理模式探讨.pdf","1医技辅检\25超聲\超声诊断率及漏报率相关文献\河南省超声医学质量控制与管理模式探讨.pdf","CN","河南","年份待確認","","研究論文／文獻","醫院評鑑與醫療品質","醫技、檢驗與病理","pdf","1085149","2022-07-06T10:47:22.000Z","classified_candidate","0.75"
"b9099766509a03f0","浅谈医院超声科室质量控制与管理常见问题及政策建议.pdf","1医技辅检\25超聲\超声诊断率及漏报率相关文献\浅谈医院超声科室质量控制与管理常见问题及政策建议.pdf","UNKNOWN","地區待確認","年份待確認","","研究論文／文獻","醫院評鑑與醫療品質","醫技、檢驗與病理","pdf","1174346","2022-07-06T10:39:42.000Z","classified_candidate","0.35"
"da7978008699a0b9","胎儿脐带绕颈的超声诊断准确率探讨及其误漏诊原因分析.pdf","1医技辅检\25超聲\超声诊断率及漏报率相关文献\胎儿脐带绕颈的超声诊断准确率探讨及其误漏诊原因分析.pdf","UNKNOWN","地區待確認","年份待確認","","研究論文／文獻","醫技、檢驗與病理","","pdf","127582","2022-07-06T10:39:54.000Z","classified_candidate","0.35"
"696bdc9ed23a8ac6","质量控制专项管理在提升超声科医疗质量中的作用.pdf","1医技辅检\25超聲\超声诊断率及漏报率相关文献\质量控制专项管理在提升超声科医疗质量中的作用.pdf","UNKNOWN","地區待確認","年份待確認","","研究論文／文獻","醫院評鑑與醫療品質","醫技、檢驗與病理；醫院評鑑與醫療品質","pdf","1950267","2022-07-06T10:39:38.000Z","classified_candidate","0.35"
"275288fb4fdf8f75","超声医学图像及报告质量管理系统设计与应用.pdf","1医技辅检\25超聲\超声诊断率及漏报率相关文献\超声医学图像及报告质量管理系统设计与应用.pdf","UNKNOWN","地區待確認","年份待確認","","研究論文／文獻","醫院評鑑與醫療品質","醫技、檢驗與病理","pdf","1503012","2022-07-06T10:39:32.000Z","classified_candidate","0.35"
"90c60a6d731f824d","超声检查诊断子宫内膜病变的符合率与漏诊率分析.pdf","1医技辅检\25超聲\超声诊断率及漏报率相关文献\超声检查诊断子宫内膜病变的符合率与漏诊率分析.pdf","UNKNOWN","地區待確認","年份待確認","","研究論文／文獻","醫技、檢驗與病理","","pdf","1188360","2022-07-06T10:45:04.000Z","classified_candidate","0.35"
"60b0b81c12a61c37","DB22T 2854-2017 内镜超声引导下细针穿刺吸取活检术技术规程.pdf","1医技辅检\27內鏡\DB22T 2854-2017 内镜超声引导下细针穿刺吸取活检术技术规程.pdf","UNKNOWN","地區待確認","2017","2017","國家或地方標準","醫技、檢驗與病理","","pdf","271799","2024-05-29T11:11:00.000Z","classified_candidate","0.35"
"3cf2017a9c8ab9ea","DB22T 3263-2021 内镜逆行胰胆管造影术操作规程.pdf","1医技辅检\27內鏡\DB22T 3263-2021 内镜逆行胰胆管造影术操作规程.pdf","UNKNOWN","地區待確認","2021","2021","國家或地方標準","醫技、檢驗與病理","","pdf","380984","2024-05-29T11:10:28.000Z","classified_candidate","0.35"
"d8d66afbcff80090","DB22_T 3570-2023 消化内镜诊查隔离规程.pdf","1医技辅检\27內鏡\DB22_T 3570-2023 消化内镜诊查隔离规程.pdf","UNKNOWN","地區待確認","2023","2023","國家或地方標準","感染預防與控制","醫技、檢驗與病理","pdf","363568","2024-05-29T11:07:52.000Z","classified_candidate","0.35"
"e0573684eb56fa33","T_SCGS 313002-2023 医用内窥镜 内窥镜荧光摄像系统影像.pdf","1医技辅检\27內鏡\T_SCGS 313002-2023 医用内窥镜 内窥镜荧光摄像系统影像.pdf","UNKNOWN","地區待確認","2023","2023","待確認或非規範文件","醫技、檢驗與病理","","pdf","1663280","2024-05-29T11:11:58.000Z","classified_candidate","0.35"
"0d0a455ec1528fa9","T_SHNA 0003-2023 消化内镜诊疗前消化道准备.pdf","1医技辅检\27內鏡\T_SHNA 0003-2023 消化内镜诊疗前消化道准备.pdf","UNKNOWN","地區待確認","2023","2023","待確認或非規範文件","醫技、檢驗與病理","","pdf","373538","2024-05-29T11:07:36.000Z","classified_candidate","0.35"
"55648f6363874433","T_WSJD 21-2022 内镜储存干燥柜卫生要求.pdf","1医技辅检\27內鏡\T_WSJD 21-2022 内镜储存干燥柜卫生要求.pdf","UNKNOWN","地區待確認","2022","2022","待確認或非規範文件","醫技、檢驗與病理","","pdf","305756","2024-05-29T11:09:02.000Z","classified_candidate","0.35"
"11fcd8db99173945","儿科呼吸内镜诊疗技术临床应用管理规范.pdf","1医技辅检\27內鏡\儿科呼吸内镜诊疗技术临床应用管理规范.pdf","UNKNOWN","地區待確認","年份待確認","","研究論文／文獻","醫技、檢驗與病理","","pdf","183302","2024-05-29T11:15:04.000Z","classified_candidate","0.35"
"a3e629d4d4a8ab28","儿科消化内镜诊疗技术临床应用管理规范.pdf","1医技辅检\27內鏡\儿科消化内镜诊疗技术临床应用管理规范.pdf","UNKNOWN","地區待確認","年份待確認","","研究論文／文獻","醫技、檢驗與病理","","pdf","181278","2024-05-29T11:15:10.000Z","classified_candidate","0.35"
"b73c7b9509ff903f","关节镜诊疗技术临床应用管理规范.pdf","1医技辅检\27內鏡\关节镜诊疗技术临床应用管理规范.pdf","UNKNOWN","地區待確認","年份待確認","","研究論文／文獻","醫技、檢驗與病理","","pdf","178181","2024-05-29T11:14:14.000Z","classified_candidate","0.35"
"c33508ef79b5d89a","内镜诊疗技术临床应用管理规定.pdf","1医技辅检\27內鏡\内镜诊疗技术临床应用管理规定.pdf","UNKNOWN","地區待確認","年份待確認","","研究論文／文獻","醫技、檢驗與病理","","pdf","120339","2024-05-29T11:13:38.000Z","classified_candidate","0.35"
"8a16d552581dfaaa","呼吸内镜诊疗技术临床应用管理规范.pdf","1医技辅检\27內鏡\呼吸内镜诊疗技术临床应用管理规范.pdf","UNKNOWN","地區待確認","年份待確認","","研究論文／文獻","醫技、檢驗與病理","","pdf","183361","2024-05-29T11:13:48.000Z","classified_candidate","0.35"
"c7610f3a79a8e114","咽喉科内镜诊疗技术临床应用管理规范.pdf","1医技辅检\27內鏡\咽喉科内镜诊疗技术临床应用管理规范.pdf","UNKNOWN","地區待確認","年份待確認","","研究論文／文獻","醫技、檢驗與病理","","pdf","179540","2024-05-29T11:15:42.000Z","classified_candidate","0.35"
"f14fcd4d89fd061e","妇科内镜诊疗技术临床应用管理规范.pdf","1医技辅检\27內鏡\妇科内镜诊疗技术临床应用管理规范.pdf","UNKNOWN","地區待確認","年份待確認","","研究論文／文獻","醫技、檢驗與病理","","pdf","174825","2024-05-29T11:14:48.000Z","classified_candidate","0.35"
"5c4c33e9238a25e1","小儿外科内镜诊疗技术临床应用管理规范.pdf","1医技辅检\27內鏡\小儿外科内镜诊疗技术临床应用管理规范.pdf","UNKNOWN","地區待確認","年份待確認","","研究論文／文獻","醫技、檢驗與病理","","pdf","195346","2024-05-29T11:15:28.000Z","classified_candidate","0.35"
"ce79aa9529b62056","普通外科内镜诊疗技术临床应用管理规范.pdf","1医技辅检\27內鏡\普通外科内镜诊疗技术临床应用管理规范.pdf","UNKNOWN","地區待確認","年份待確認","","研究論文／文獻","醫技、檢驗與病理","","pdf","173802","2024-05-29T11:14:02.000Z","classified_candidate","0.35"
"d60f06b30eef0d64","泌尿外科内镜诊疗技术临床应用管理规范.pdf","1医技辅检\27內鏡\泌尿外科内镜诊疗技术临床应用管理规范.pdf","UNKNOWN","地區待確認","年份待確認","","研究論文／文獻","醫技、檢驗與病理","","pdf","206604","2024-05-29T11:14:32.000Z","classified_candidate","0.35"
"b849fc6b414cb17a","消化内镜诊疗技术临床应用管理规范.pdf","1医技辅检\27內鏡\消化内镜诊疗技术临床应用管理规范.pdf","UNKNOWN","地區待確認","年份待確認","","研究論文／文獻","醫技、檢驗與病理","","pdf","171810","2024-05-29T11:13:56.000Z","classified_candidate","0.35"
"842a3a4a5ad70a90","消化内镜诊疗技术医疗质量控制指标.pdf","1医技辅检\27內鏡\消化内镜诊疗技术医疗质量控制指标.pdf","UNKNOWN","地區待確認","年份待確認","","待確認或非規範文件","醫院評鑑與醫療品質","醫技、檢驗與病理；醫院評鑑與醫療品質","pdf","267484","2024-05-29T11:17:48.000Z","classified_candidate","0.35"
"04b096ddbb64950a","胸外科内镜诊疗技术临床应用管理规范.pdf","1医技辅检\27內鏡\胸外科内镜诊疗技术临床应用管理规范.pdf","UNKNOWN","地區待確認","年份待確認","","研究論文／文獻","醫技、檢驗與病理","","pdf","160680","2024-05-29T11:14:56.000Z","classified_candidate","0.35"
"292d79c001ccf9c1","脊柱内镜诊疗技术临床应用管理规范.pdf","1医技辅检\27內鏡\脊柱内镜诊疗技术临床应用管理规范.pdf","UNKNOWN","地區待確認","年份待確認","","研究論文／文獻","醫技、檢驗與病理","","pdf","179810","2024-05-29T11:14:24.000Z","classified_candidate","0.35"
"e8e3ad6bb30a1ff6","鼻科内镜诊疗技术临床应用管理规范.pdf","1医技辅检\27內鏡\鼻科内镜诊疗技术临床应用管理规范.pdf","UNKNOWN","地區待確認","年份待確認","","研究論文／文獻","醫技、檢驗與病理","","pdf","163211","2024-05-29T11:15:36.000Z","classified_candidate","0.35"
"87cb66fdff75b0ef","DB32_T 3906-2020 介入放射学和临床核医学放射工作人员 职.pdf","1医技辅检\28介入\DB32_T 3906-2020 介入放射学和临床核医学放射工作人员 职.pdf","UNKNOWN","地區待確認","2020","2020","國家或地方標準","醫技、檢驗與病理","","pdf","3265064","2024-06-21T01:42:02.000Z","classified_candidate","0.35"
"e9d99df8f9a0bae5","DB52_T 1781-2024 介入诊疗医务人员辐射防护规范.pdf","1医技辅检\28介入\DB52_T 1781-2024 介入诊疗医务人员辐射防护规范.pdf","UNKNOWN","地區待確認","2024","2024","國家或地方標準","醫技、檢驗與病理","","pdf","1623940","2024-06-21T01:22:18.000Z","classified_candidate","0.35"
"4e98cf4423a2902d","T_CHAS 10-2-18-2022 中国医院质量安全患者服务 介入治疗.pdf","1医技辅检\28介入\T_CHAS 10-2-18-2022 中国医院质量安全患者服务 介入治疗.pdf","CN","地區待確認","2022","2022","待確認或非規範文件","醫技、檢驗與病理","","pdf","406509","2024-06-09T02:40:10.000Z","classified_candidate","0.75"
"ebdb34bd57e11e57","T_NAHIEM 164-2026 医院介入中心（导管室）建设与设备配置.pdf","1医技辅检\28介入\T_NAHIEM 164-2026 医院介入中心（导管室）建设与设备配置.pdf","UNKNOWN","地區待確認","2026","2026","待確認或非規範文件","醫技、檢驗與病理","醫療器材與設備","pdf","1148368","2026-02-05T04:36:52.000Z","classified_candidate","0.35"
"4448ebea6f844f8a","DB14_T 772-2013 医用氧舱设备操作规程.pdf","1医技辅检\33高壓氧\DB14_T 772-2013 医用氧舱设备操作规程.pdf","UNKNOWN","地區待確認","2013","2013","國家或地方標準","醫技、檢驗與病理","醫療器材與設備","pdf","230548","2024-11-22T01:16:00.000Z","classified_candidate","0.35"
"0b54194b9ea04fd8","DB14_T 773-2013 医用氧舱设备安全管理规范.pdf","1医技辅检\33高壓氧\DB14_T 773-2013 医用氧舱设备安全管理规范.pdf","UNKNOWN","地區待確認","2013","2013","國家或地方標準","醫技、檢驗與病理","醫療器材與設備","pdf","277663","2024-11-22T01:15:52.000Z","classified_candidate","0.35"
"e4cdd827cb7af5ba","DB37T 3884-2020医用空气加压氧舱安全风险分级管控.pdf","1医技辅检\33高壓氧\DB37T 3884-2020医用空气加压氧舱安全风险分级管控.pdf","UNKNOWN","地區待確認","2020","2020","國家或地方標準","醫技、檢驗與病理","","pdf","493570","2024-11-22T01:12:36.000Z","classified_candidate","0.35"
"9c2acbbab20a6a4b","DB41T 847-2019 医用氧舱安装监督检验规程.pdf","1医技辅检\33高壓氧\DB41T 847-2019 医用氧舱安装监督检验规程.pdf","UNKNOWN","地區待確認","2019","2019","國家或地方標準","醫技、檢驗與病理","","pdf","370237","2024-11-22T01:18:02.000Z","classified_candidate","0.35"
"251145068f0865d6","TCAAP 004-2019 微高压氧舱.pdf","1医技辅检\33高壓氧\TCAAP 004-2019 微高压氧舱.pdf","UNKNOWN","地區待確認","2019","2019","待確認或非規範文件","醫技、檢驗與病理","","pdf","675352","2024-11-22T01:14:52.000Z","classified_candidate","0.35"
"3a596f2d511d2a79","TGDASE 0026-2021 氧舱维护保养实际操作技能考试规范.pdf","1医技辅检\33高壓氧\TGDASE 0026-2021 氧舱维护保养实际操作技能考试规范.pdf","UNKNOWN","地區待確認","2021","2021","待確認或非規範文件","醫技、檢驗與病理","","pdf","670615","2024-11-22T01:17:26.000Z","classified_candidate","0.35"
"6e63e2c44657b1ce","TSDQE 003-2019 泰山品质 医用空气加压氧舱.pdf","1医技辅检\33高壓氧\TSDQE 003-2019 泰山品质 医用空气加压氧舱.pdf","UNKNOWN","地區待確認","2019","2019","待確認或非規範文件","醫技、檢驗與病理","","pdf","443209","2024-11-22T01:17:38.000Z","classified_candidate","0.35"
"57387694084efac0","T_CHAS 10-2-23-2022质量安全管理患者服务 高压氧治疗.pdf","1医技辅检\33高壓氧\T_CHAS 10-2-23-2022质量安全管理患者服务 高压氧治疗.pdf","UNKNOWN","地區待確認","2022","2022","待確認或非規範文件","醫技、檢驗與病理","","pdf","397048","2024-11-22T01:14:22.000Z","classified_candidate","0.35"
"414c72892c4a877d","T_GDMDMA 0006-2022 可移动式智能高压供氧系统.pdf","1医技辅检\33高壓氧\T_GDMDMA 0006-2022 可移动式智能高压供氧系统.pdf","UNKNOWN","地區待確認","2022","2022","待確認或非規範文件","醫技、檢驗與病理","","pdf","333081","2024-11-22T01:14:40.000Z","classified_candidate","0.35"
"b0348e3e673cba2f","T_ZJASE 023-2023 医用氧舱使用安全管理导则.pdf","1医技辅检\33高壓氧\T_ZJASE 023-2023 医用氧舱使用安全管理导则.pdf","UNKNOWN","地區待確認","2023","2023","待確認或非規範文件","醫技、檢驗與病理","","pdf","2043318","2024-10-15T07:07:20.000Z","classified_candidate","0.35"
"2b3131b17f0649f4","2021—2024年湖南省病原微生物实验室生物安全培训现状及对策分析.pdf","1医技辅检\36生物安全\2021—2024年湖南省病原微生物实验室生物安全培训现状及对策分析.pdf","UNKNOWN","湖南","2024","2024；2021","教材／簡報／參考資料","醫技、檢驗與病理","","pdf","897065","2026-03-28T08:18:06.000Z","classified_candidate","0.35"
"0e595f0e8d8b6e23","2023年湖南省病原微生物实验室生物安全调查结果分析 (1).pdf","1医技辅检\36生物安全\2023年湖南省病原微生物实验室生物安全调查结果分析 (1).pdf","UNKNOWN","湖南","2023","2023","待確認或非規範文件","醫技、檢驗與病理","","pdf","1194552","2026-03-28T08:17:58.000Z","classified_candidate","0.35"
"08ce2c2b8b23c074","2023年湖南省病原微生物实验室生物安全调查结果分析.pdf","1医技辅检\36生物安全\2023年湖南省病原微生物实验室生物安全调查结果分析.pdf","UNKNOWN","湖南","2023","2023","待確認或非規範文件","醫技、檢驗與病理","","pdf","1194552","2026-03-28T03:44:28.000Z","classified_candidate","0.35"
"6af34f035d36cbcb","DB1306_T 296-2025 微生物实验室安全防护工作规范.pdf","1医技辅检\36生物安全\DB1306_T 296-2025 微生物实验室安全防护工作规范.pdf","UNKNOWN","地區待確認","2025","2025","國家或地方標準","醫技、檢驗與病理","","pdf","189615","2026-03-24T07:47:56.000Z","classified_candidate","0.35"
"590ee88cf013d13a","DB32_T 4659.9-2024 医院公共卫生工作规范 第9部分：生.pdf","1医技辅检\36生物安全\DB32_T 4659.9-2024 医院公共卫生工作规范 第9部分：生.pdf","UNKNOWN","地區待確認","2024","2024","國家或地方標準","醫技、檢驗與病理","","pdf","568339","2025-08-04T02:24:30.000Z","classified_candidate","0.35"
"97ea0e6bc40e6b2e","DB36_T 1687-2022 医疗卫生机构二级生物安全实验室管理规范.pdf","1医技辅检\36生物安全\DB36_T 1687-2022 医疗卫生机构二级生物安全实验室管理规范.pdf","UNKNOWN","地區待確認","2022","2022","國家或地方標準","醫技、檢驗與病理","","pdf","1091892","2026-03-30T03:57:12.000Z","classified_candidate","0.35"
"3c0d10fba2bfa175","DB65_T 4773-2024 生物安全实验室消毒技术指南.pdf","1医技辅检\36生物安全\DB65_T 4773-2024 生物安全实验室消毒技术指南.pdf","UNKNOWN","地區待確認","2024","2024","技術規範／診療指南","感染預防與控制","醫技、檢驗與病理","pdf","2273848","2025-08-04T02:22:38.000Z","classified_candidate","0.35"
"11894ca1b7e20aa9","GB 41918-2022 生物安全柜.pdf","1医技辅检\36生物安全\GB 41918-2022 生物安全柜.pdf","UNKNOWN","地區待確認","2022","2022；1918","國家或地方標準","醫技、檢驗與病理","","pdf","1096671","2026-03-30T03:47:04.000Z","classified_candidate","0.35"
"194ed6258ff475e2","T_CAS 887-2024 输血医学实验室生物安全防控技术规范.pdf","1医技辅检\36生物安全\T_CAS 887-2024 输血医学实验室生物安全防控技术规范.pdf","UNKNOWN","地區待確認","2024","2024","技術規範／診療指南","醫技、檢驗與病理","輸血與器官移植","pdf","559912","2026-03-30T03:58:40.000Z","classified_candidate","0.35"
"f4f7536b63fa4ee3","T_CAV 002-2023 预防性生物制品用病原微生物菌（毒）种 低温.pdf","1医技辅检\36生物安全\T_CAV 002-2023 预防性生物制品用病原微生物菌（毒）种 低温.pdf","UNKNOWN","地區待確認","2023","2023","待確認或非規範文件","醫技、檢驗與病理","","pdf","1008553","2026-03-24T10:41:18.000Z","classified_candidate","0.35"
"cfef512f3729e1f1","T_CITS 0114-2024 生物安全二级实验室建设程序指南.pdf","1医技辅检\36生物安全\T_CITS 0114-2024 生物安全二级实验室建设程序指南.pdf","UNKNOWN","地區待確認","2024","2024","技術規範／診療指南","醫技、檢驗與病理","","pdf","250725","2025-08-04T02:21:06.000Z","classified_candidate","0.35"
"0ed7b00842bef962","T_CITS 0115-2024 生物安全实验室备案信息指南.pdf","1医技辅检\36生物安全\T_CITS 0115-2024 生物安全实验室备案信息指南.pdf","UNKNOWN","地區待確認","2024","2024","技術規範／診療指南","醫技、檢驗與病理","","pdf","307177","2025-08-04T02:20:40.000Z","classified_candidate","0.35"
"365123667cec27ed","T_CMBA 024-2024 生物安全二级实验室运行管理通用要求.pdf","1医技辅检\36生物安全\T_CMBA 024-2024 生物安全二级实验室运行管理通用要求.pdf","UNKNOWN","地區待確認","2024","2024","待確認或非規範文件","醫技、檢驗與病理","","pdf","681972","2025-08-04T02:23:18.000Z","classified_candidate","0.35"
"2efa27b5578465c7","T_CPAPE 05-2025 生物安全设施中空间消毒技术标准.pdf","1医技辅检\36生物安全\T_CPAPE 05-2025 生物安全设施中空间消毒技术标准.pdf","UNKNOWN","地區待確認","2025","2025","待確認或非規範文件","感染預防與控制","醫技、檢驗與病理；後勤、建築與設施安全","pdf","335278","2026-03-24T07:48:32.000Z","classified_candidate","0.35"
"c786a968e70e7ed8","T_CPMA 029-2023 病原微生物菌（毒）种保藏 编号规则.pdf","1医技辅检\36生物安全\T_CPMA 029-2023 病原微生物菌（毒）种保藏 编号规则.pdf","UNKNOWN","地區待確認","2023","2023","待確認或非規範文件","醫技、檢驗與病理","","pdf","941125","2026-03-24T10:41:10.000Z","classified_candidate","0.35"
"2cea0e0eb01752d2","T_NAHIEM 123-2024 生物安全实验室自动化工程设计标准.pdf","1医技辅检\36生物安全\T_NAHIEM 123-2024 生物安全实验室自动化工程设计标准.pdf","UNKNOWN","地區待確認","2024","2024","待確認或非規範文件","醫技、檢驗與病理","","pdf","565331","2025-08-04T02:22:10.000Z","classified_candidate","0.35"
"ec7b8d1814b86ee1","T_SIPAQLHH 0004-2025 生物医药研发企业实验室安全管理.pdf","1医技辅检\36生物安全\T_SIPAQLHH 0004-2025 生物医药研发企业实验室安全管理.pdf","UNKNOWN","地區待確認","2025","2025","待確認或非規範文件","醫技、檢驗與病理","","pdf","592112","2026-03-24T07:51:44.000Z","classified_candidate","0.35"
"6ada85b391a66a73","T_SMA 0046-2024 生物安全二级实验室人员生物安全能力要求.pdf","1医技辅检\36生物安全\T_SMA 0046-2024 生物安全二级实验室人员生物安全能力要求.pdf","UNKNOWN","地區待確認","2024","2024","待確認或非規範文件","醫技、檢驗與病理","","pdf","333466","2025-08-04T02:22:58.000Z","classified_candidate","0.35"
"6b7f070ce6d2bb7b","WS 315-2025 人间传染的病原微生物菌（毒）种保藏 机构设置技术.pdf","1医技辅检\36生物安全\WS 315-2025 人间传染的病原微生物菌（毒）种保藏 机构设置技术.pdf","UNKNOWN","地區待確認","2025","2025","國家或地方標準","感染預防與控制","醫技、檢驗與病理","pdf","283866","2026-03-24T10:40:54.000Z","classified_candidate","0.35"
"513af1d0ff17da61","WS_T 442-2024 临床实验室生物安全指南.pdf","1医技辅检\36生物安全\WS_T 442-2024 临床实验室生物安全指南.pdf","UNKNOWN","地區待確認","2024","2024","技術規範／診療指南","醫技、檢驗與病理","","pdf","1016519","2024-10-05T07:41:18.000Z","classified_candidate","0.35"
"a493aba6ae93accc","专科医院非结核分枝杆菌肺病患者超说明书用药情况的调查及其安全性分析 (1).pdf","1医技辅检\36生物安全\专科医院非结核分枝杆菌肺病患者超说明书用药情况的调查及其安全性分析 (1).pdf","UNKNOWN","地區待確認","年份待確認","","待確認或非規範文件","藥事與藥品管理","醫技、檢驗與病理","pdf","1706392","2026-03-24T10:54:58.000Z","classified_candidate","0.35"
"a0a4c2906d31cf43","专科医院非结核分枝杆菌肺病患者超说明书用药情况的调查及其安全性分析.pdf","1医技辅检\36生物安全\专科医院非结核分枝杆菌肺病患者超说明书用药情况的调查及其安全性分析.pdf","UNKNOWN","地區待確認","年份待確認","","待確認或非規範文件","藥事與藥品管理","醫技、檢驗與病理","pdf","1706392","2026-03-24T10:49:32.000Z","classified_candidate","0.35"
"a1d34f9e5f6675ad","中华人民共和国生物安全法.pdf","1医技辅检\36生物安全\中华人民共和国生物安全法.pdf","CN","地區待確認","年份待確認","","待確認或非規範文件","醫技、檢驗與病理","","pdf","6339075","2024-07-26T09:05:34.000Z","classified_candidate","0.75"
"db4374b4a5fdf832","基于人为因素实验室获得性感染风险与生物安全应对策略.pdf","1医技辅检\36生物安全\基于人为因素实验室获得性感染风险与生物安全应对策略.pdf","UNKNOWN","地區待確認","年份待確認","","待確認或非規範文件","感染預防與控制","醫技、檢驗與病理","pdf","1346744","2026-03-24T04:25:38.000Z","classified_candidate","0.35"
"fea280b3fbba123f","山西省生物安全二级临床实验室生物安全现况调查 (1).pdf","1医技辅检\36生物安全\山西省生物安全二级临床实验室生物安全现况调查 (1).pdf","UNKNOWN","山西","年份待確認","","待確認或非規範文件","醫技、檢驗與病理","","pdf","1722990","2026-03-24T04:19:58.000Z","classified_candidate","0.35"
"21a1b71b48284bf8","山西省生物安全二级临床实验室生物安全现况调查.pdf","1医技辅检\36生物安全\山西省生物安全二级临床实验室生物安全现况调查.pdf","UNKNOWN","山西","年份待確認","","待確認或非規範文件","醫技、檢驗與病理","","pdf","1722990","2026-03-24T04:02:36.000Z","classified_candidate","0.35"
"7cf80349ef2523fe","平急结合视角下医疗机构重大突发公共卫生事件实验室生物安全评估指标体系构建.pdf","1医技辅检\36生物安全\平急结合视角下医疗机构重大突发公共卫生事件实验室生物安全评估指标体系构建.pdf","UNKNOWN","地區待確認","年份待確認","","待確認或非規範文件","醫技、檢驗與病理","急診與緊急醫療；醫療治理與依法執業","pdf","1773336","2026-03-28T02:47:12.000Z","classified_candidate","0.35"
"6db3364111db980a","广东省138家结核病防治机构结核病实验室生物安全现状调查分析.pdf","1医技辅检\36生物安全\广东省138家结核病防治机构结核病实验室生物安全现状调查分析.pdf","CN","廣東","年份待確認","","待確認或非規範文件","醫技、檢驗與病理","","pdf","851578","2026-03-24T04:23:50.000Z","classified_candidate","0.75"
"663bf747ba9f3c78","异种移植免疫学、生理学与生物安全挑战.pdf","1医技辅检\36生物安全\异种移植免疫学、生理学与生物安全挑战.pdf","UNKNOWN","地區待確認","年份待確認","","待確認或非規範文件","醫技、檢驗與病理","","pdf","1090592","2026-03-28T02:45:50.000Z","classified_candidate","0.35"
"a1bae5f8dc5bce33","病原微生物实验室生物安全标准体系框架研究.pdf","1医技辅检\36生物安全\病原微生物实验室生物安全标准体系框架研究.pdf","UNKNOWN","地區待確認","年份待確認","","研究論文／文獻","醫技、檢驗與病理","臨床研究與人體試驗","pdf","1286537","2026-03-28T02:44:58.000Z","classified_candidate","0.35"
"82720471e93c2ec6","病原微生物实验室生物安全管理条例.pdf","1医技辅检\36生物安全\病原微生物实验室生物安全管理条例.pdf","UNKNOWN","地區待確認","年份待確認","","行政法規／條例","醫技、檢驗與病理","","pdf","3683653","2024-07-26T09:06:02.000Z","classified_candidate","0.35"
"d956100c896614b6","病原微生物实验室生物安全通用准则.pdf","1医技辅检\36生物安全\病原微生物实验室生物安全通用准则.pdf","UNKNOWN","地區待確認","年份待確認","","待確認或非規範文件","醫技、檢驗與病理","","pdf","708801","2022-10-18T05:34:48.000Z","classified_candidate","0.35"
"aaf7b604ed902a39","病原微生物菌(毒)种标准株　艾滋病病毒毒株建立技术规范团体标准解读.pdf","1医技辅检\36生物安全\病原微生物菌(毒)种标准株　艾滋病病毒毒株建立技术规范团体标准解读.pdf","UNKNOWN","地區待確認","年份待確認","","技術規範／診療指南","醫技、檢驗與病理","","pdf","1493716","2026-03-24T04:26:00.000Z","classified_candidate","0.35"
"fc7dd18365469f50","结核病临床检验实验室生物安全管理指标体系构建.pdf","1医技辅检\36生物安全\结核病临床检验实验室生物安全管理指标体系构建.pdf","UNKNOWN","地區待確認","年份待確認","","待確認或非規範文件","醫技、檢驗與病理","","pdf","997120","2026-03-24T04:20:54.000Z","classified_candidate","0.35"
"6400b208f66ed790","耳念珠菌医院感染预防与控制专家共识.pdf","1医技辅检\36生物安全\耳念珠菌医院感染预防与控制专家共识.pdf","UNKNOWN","地區待確認","年份待確認","","專家共識","感染預防與控制","醫技、檢驗與病理","pdf","2091938","2026-03-24T10:48:14.000Z","classified_candidate","0.35"
"eac42c54f70cec5b","运用PDCA循环提升医院病原微生物实验室生物安全管理的策略.pdf","1医技辅检\36生物安全\运用PDCA循环提升医院病原微生物实验室生物安全管理的策略.pdf","UNKNOWN","地區待確認","年份待確認","","待確認或非規範文件","醫技、檢驗與病理","","pdf","2418538","2026-03-24T04:22:20.000Z","classified_candidate","0.35"
"cd278a8a2ce493b1","DB34_T 5118-2025 医疗机构活体组织病理标本分析前阶段管理.pdf","1医技辅检\6病理科法規\DB34_T 5118-2025 医疗机构活体组织病理标本分析前阶段管理.pdf","UNKNOWN","地區待確認","2025","2025","國家或地方標準","醫技、檢驗與病理","醫療治理與依法執業","pdf","325365","2025-04-02T06:35:34.000Z","classified_candidate","0.35"
"8a50e28c28b84b67","TCNMIA 0032-2021 独立病理诊断中心病理检验所能力评价标准.pdf","1医技辅检\6病理科法規\TCNMIA 0032-2021 独立病理诊断中心病理检验所能力评价标准.pdf","UNKNOWN","地區待確認","2021","2021","待確認或非規範文件","醫技、檢驗與病理","","pdf","1026299","2025-08-14T05:26:00.000Z","classified_candidate","0.35"
"521d6e8cb3283da4","T_CHAS 10-2-15-2023 中国医院质量安全管理 第2-15.pdf","1医技辅检\6病理科法規\T_CHAS 10-2-15-2023 中国医院质量安全管理 第2-15.pdf","CN","地區待確認","2023","2023","待確認或非規範文件","醫技、檢驗與病理","","pdf","961392","2025-08-14T05:21:40.000Z","classified_candidate","0.75"
"575f87f48ba6d65e","T_CHAS 2023 中国医院质量安全管理 第2-15临床病理.pdf","1医技辅检\6病理科法規\T_CHAS 2023 中国医院质量安全管理 第2-15临床病理.pdf","CN","地區待確認","2023","2023","待確認或非規範文件","醫技、檢驗與病理","","pdf","961392","2025-08-14T05:21:40.000Z","classified_candidate","0.75"
"577bfeec04c6e1fb","T_GDPMAA 0011-2022 医疗机构分子病理实验室建设规范.pdf","1医技辅检\6病理科法規\T_GDPMAA 0011-2022 医疗机构分子病理实验室建设规范.pdf","UNKNOWN","地區待確認","2022","2022","待確認或非規範文件","醫技、檢驗與病理","醫療治理與依法執業","pdf","1487166","2025-08-14T05:24:38.000Z","classified_candidate","0.35"
"1a6de0dee5a83109","T_NAHIEM 98-2023 病理科（中心）建设与配置标准.pdf","1医技辅检\6病理科法規\T_NAHIEM 98-2023 病理科（中心）建设与配置标准.pdf","UNKNOWN","地區待確認","2023","2023","待確認或非規範文件","醫技、檢驗與病理","","pdf","607789","2025-08-14T05:23:56.000Z","classified_candidate","0.35"
"053977cfd48c9c14","三级医院病理科医疗质量控制指标评审规范.pdf","1医技辅检\6病理科法規\三级医院病理科医疗质量控制指标评审规范.pdf","UNKNOWN","地區待確認","年份待確認","","醫院評鑑／認證標準","醫院評鑑與醫療品質","醫技、檢驗與病理；醫院評鑑與醫療品質","pdf","327311","2023-02-12T09:01:12.000Z","classified_candidate","0.35"
"dbca789a9063a2ca","卫生部办公厅关于印发《病理科建设及管理指导(试行)》的通知.doc","1医技辅检\6病理科法規\卫生部办公厅关于印发《病理科建设及管理指导(试行)》的通知.doc","UNKNOWN","地區待確認","年份待確認","","公告／通知／函釋","醫技、檢驗與病理","","doc","31749","2022-01-06T07:06:36.000Z","classified_candidate","0.35"
"1894375ac8e6a041","对31个省市自治区3 831家医院病理科现状的调查与思考.pdf","1医技辅检\6病理科法規\对31个省市自治区3 831家医院病理科现状的调查与思考.pdf","UNKNOWN","地區待確認","年份待確認","","待確認或非規範文件","醫技、檢驗與病理","","pdf","1285424","2025-08-14T05:31:58.000Z","classified_candidate","0.35"
"d418e875bccfadcd","某医院病理科职业病危害因素现状调查.pdf","1医技辅检\6病理科法規\某医院病理科职业病危害因素现状调查.pdf","UNKNOWN","地區待確認","年份待確認","","待確認或非規範文件","醫技、檢驗與病理","職業安全與員工健康","pdf","328048","2025-08-14T05:32:40.000Z","classified_candidate","0.35"
"6bdbdfd83a375a32","某市13家医疗机构病理科医务人员职业危害认知及职业卫生管理状况分析.pdf","1医技辅检\6病理科法規\某市13家医疗机构病理科医务人员职业危害认知及职业卫生管理状况分析.pdf","UNKNOWN","地區待確認","年份待確認","","待確認或非規範文件","醫技、檢驗與病理","醫療治理與依法執業","pdf","592458","2025-08-14T05:31:02.000Z","classified_candidate","0.35"
"8434d2de5d804e1f","浙江省二级及以下医院病理科质量控制现状的调研及对中小医院病理科发展的思考.pdf","1医技辅检\6病理科法規\浙江省二级及以下医院病理科质量控制现状的调研及对中小医院病理科发展的思考.pdf","CN","浙江","年份待確認","","研究論文／文獻","醫院評鑑與醫療品質","醫技、檢驗與病理","pdf","216882","2025-08-14T05:31:28.000Z","classified_candidate","0.75"
"50136a81933a3c06","病理会诊服务规范.pdf","1医技辅检\6病理科法規\病理会诊服务规范.pdf","UNKNOWN","地區待確認","年份待確認","","待確認或非規範文件","醫技、檢驗與病理","","pdf","355102","2022-08-15T08:59:06.000Z","classified_candidate","0.35"
"9439b838426a163d","病理标本处理管理规范.pdf","1医技辅检\6病理科法規\病理标本处理管理规范.pdf","UNKNOWN","地區待確認","年份待確認","","待確認或非規範文件","醫技、檢驗與病理","","pdf","466966","2022-08-15T09:00:08.000Z","classified_candidate","0.35"
"da37d0603785bde1","病理科化学危险品的安全使用和管理.pdf","1医技辅检\6病理科法規\病理科化学危险品的安全使用和管理.pdf","UNKNOWN","地區待確認","年份待確認","","待確認或非規範文件","醫技、檢驗與病理","","pdf","245841","2025-08-14T05:29:20.000Z","classified_candidate","0.35"
"8824cda9ea0791ad","病理科建设之科室设置及要求.pdf","1医技辅检\6病理科法規\病理科建设之科室设置及要求.pdf","UNKNOWN","地區待確認","年份待確認","","待確認或非規範文件","醫技、檢驗與病理","","pdf","166643","2022-05-07T07:49:38.000Z","classified_candidate","0.35"
"b66a65a927a3560d","14.质子和重离子加速器放射治疗技术临床应用质量控制指标（2017版）.docx","1医技辅检\7放射科法規\14.质子和重离子加速器放射治疗技术临床应用质量控制指标（2017版）.docx","UNKNOWN","地區待確認","2017","2017","研究論文／文獻","醫院評鑑與醫療品質","藥事與藥品管理；醫技、檢驗與病理；醫療器材與設備；後勤、建築與設施安全；醫療治理與依法執業","docx","24522","2021-01-01T01:10:54.000Z","classified_candidate","0.35"
"f3b2fd7673da828a","16.放射性粒子植入治疗技术临床应用质量控制指标（2017版）.docx","1医技辅检\7放射科法規\16.放射性粒子植入治疗技术临床应用质量控制指标（2017版）.docx","UNKNOWN","地區待確認","2017","2017","研究論文／文獻","醫院評鑑與醫療品質","藥事與藥品管理；感染預防與控制；醫技、檢驗與病理；手術、麻醉與疼痛管理；臨床診療與醫療技術；醫院評鑑與醫療品質；醫療治理與依法執業","docx","24368","2021-01-01T01:11:28.000Z","classified_candidate","0.35"
"7200795447363549","1739782167462_75584.pdf","1医技辅检\7放射科法規\1739782167462_75584.pdf","UNKNOWN","地區待確認","年份待確認","","待確認或非規範文件","醫技、檢驗與病理","","pdf","833800","2026-01-29T02:33:08.000Z","classified_candidate","0.35"
"bf78eb0152f3c0fa","1739782168763_43903.pdf","1医技辅检\7放射科法規\1739782168763_43903.pdf","UNKNOWN","地區待確認","年份待確認","","待確認或非規範文件","醫技、檢驗與病理","","pdf","708777","2026-01-29T02:32:52.000Z","classified_candidate","0.35"
"353bc783d02440c5","DB32_T 4659.7-2024 医院公共卫生工作规范 第7部分：放.pdf","1医技辅检\7放射科法規\DB32_T 4659.7-2024 医院公共卫生工作规范 第7部分：放.pdf","UNKNOWN","地區待確認","2024","2024","國家或地方標準","醫技、檢驗與病理","","pdf","590213","2024-03-18T05:07:04.000Z","classified_candidate","0.35"
"62fc9866367eae5b","DB41_T 2805-2025 医疗机构放射诊疗场所建设指南.pdf","1医技辅检\7放射科法規\DB41_T 2805-2025 医疗机构放射诊疗场所建设指南.pdf","UNKNOWN","地區待確認","2025","2025","技術規範／診療指南","醫技、檢驗與病理","醫療治理與依法執業","pdf","725899","2025-04-02T06:37:34.000Z","classified_candidate","0.35"
"ba9d75485665e41b","GBZ 215—2025-20250923164921712.pdf","1医技辅检\7放射科法規\GBZ 215—2025-20250923164921712.pdf","UNKNOWN","地區待確認","2025","2025","國家或地方標準","醫技、檢驗與病理","","pdf","262253","2026-01-29T02:30:32.000Z","classified_candidate","0.35"
"6fa13a26d7ef79d8","T_CHAS 10-2-17-2023 中国医院质量安全患者服务 放射治疗.pdf","1医技辅检\7放射科法規\T_CHAS 10-2-17-2023 中国医院质量安全患者服务 放射治疗.pdf","CN","地區待確認","2023","2023","待確認或非規範文件","醫技、檢驗與病理","","pdf","501852","2024-06-09T02:39:54.000Z","classified_candidate","0.75"
"69f4f4c80efb2260","T_NAHIEM 119-2024 医用辐射诊断机房设计与安装标准.pdf","1医技辅检\7放射科法規\T_NAHIEM 119-2024 医用辐射诊断机房设计与安装标准.pdf","UNKNOWN","地區待確認","2024","2024","待確認或非規範文件","醫技、檢驗與病理","","pdf","626089","2024-10-15T07:05:52.000Z","classified_candidate","0.35"
"a8bca7390dcb7214","T_NAHIEM 56-2022 医疗机构放疗中心建设标准.pdf","1医技辅检\7放射科法規\T_NAHIEM 56-2022 医疗机构放疗中心建设标准.pdf","UNKNOWN","地區待確認","2022","2022","待確認或非規範文件","醫技、檢驗與病理","醫療治理與依法執業","pdf","13015473","2023-08-11T09:12:26.000Z","classified_candidate","0.35"
"8a5058b03a00dba4","T_WSJD 55-2024 医疗机构放射卫生监督指南 (1).pdf","1医技辅检\7放射科法規\T_WSJD 55-2024 医疗机构放射卫生监督指南 (1).pdf","UNKNOWN","地區待確認","2024","2024","技術規範／診療指南","醫技、檢驗與病理","醫療治理與依法執業","pdf","873891","2024-10-15T06:47:48.000Z","classified_candidate","0.35"
"fdbd3f318b25379e","T_WSJD 66-2024 放射工作人员职业健康检查技术指南.pdf","1医技辅检\7放射科法規\T_WSJD 66-2024 放射工作人员职业健康检查技术指南.pdf","UNKNOWN","地區待確認","2024","2024","技術規範／診療指南","醫技、檢驗與病理","","pdf","395945","2024-11-07T08:12:04.000Z","classified_candidate","0.35"
"0d21898d87083fa9","WS T 873—2025-乡镇卫生院和社区卫生服务中心DR常见检.pdf","1医技辅检\7放射科法規\WS T 873—2025-乡镇卫生院和社区卫生服务中心DR常见检.pdf","UNKNOWN","地區待確認","2025","2025","國家或地方標準","醫技、檢驗與病理","","pdf","395629","2025-10-08T02:26:20.000Z","classified_candidate","0.35"
"ce04b33548dfd94c","WS T 874—2025-社区卫生服务中心CT常见检.pdf","1医技辅检\7放射科法規\WS T 874—2025-社区卫生服务中心CT常见检.pdf","UNKNOWN","地區待確認","2025","2025","國家或地方標準","醫技、檢驗與病理","","pdf","379555","2025-10-08T02:26:38.000Z","classified_candidate","0.35"
"1571641bdad5e68d","WS_T 831-2024 医用电离辐射放射防护名词术语标准.pdf","1医技辅检\7放射科法規\WS_T 831-2024 医用电离辐射放射防护名词术语标准.pdf","UNKNOWN","地區待確認","2024","2024","國家或地方標準","醫技、檢驗與病理","","pdf","1566368","2024-06-21T01:19:36.000Z","classified_candidate","0.35"
"9bec20e50f825808","临床脑电图技术操作指南.pdf","1医技辅检\7放射科法規\临床脑电图技术操作指南.pdf","UNKNOWN","地區待確認","年份待確認","","技術規範／診療指南","醫技、檢驗與病理","","pdf","3682008","2022-07-19T09:40:12.000Z","classified_candidate","0.35"
"5cb922adb8339f13","人体体表放射性核素污染处理标准.pdf","1医技辅检\7放射科法規\人体体表放射性核素污染处理标准.pdf","UNKNOWN","地區待確認","年份待確認","","待確認或非規範文件","醫技、檢驗與病理","","pdf","524751","2024-08-09T06:04:28.000Z","classified_candidate","0.35"
"e96add1d163a731a","低能射线装置放射防护标准.pdf","1医技辅检\7放射科法規\低能射线装置放射防护标准.pdf","UNKNOWN","地區待確認","年份待確認","","待確認或非規範文件","醫技、檢驗與病理","","pdf","452670","2024-08-09T06:10:30.000Z","classified_candidate","0.35"
"a3b2adf875c1f563","医用电离辐射放射防护名词术语标准.pdf","1医技辅检\7放射科法規\医用电离辐射放射防护名词术语标准.pdf","UNKNOWN","地區待確認","年份待確認","","待確認或非規範文件","醫技、檢驗與病理","","pdf","1567994","2024-08-09T06:04:58.000Z","classified_candidate","0.35"
"694a074d447b4768","外照射放射防护剂量转换系数标准.pdf","1医技辅检\7放射科法規\外照射放射防护剂量转换系数标准.pdf","UNKNOWN","地區待確認","年份待確認","","待確認或非規範文件","醫技、檢驗與病理","","pdf","1102628","2024-08-09T06:04:46.000Z","classified_candidate","0.35"
"aa1a3a718d61ecc3","建设项目放射性职业病危害评价报告编制标准.pdf","1医技辅检\7放射科法規\建设项目放射性职业病危害评价报告编制标准.pdf","UNKNOWN","地區待確認","年份待確認","","待確認或非規範文件","醫技、檢驗與病理","職業安全與員工健康","pdf","459066","2024-08-09T06:04:12.000Z","classified_candidate","0.35"
"b2f594d1a741df3d","放射工作人员健康要求及监护规范.pdf","1医技辅检\7放射科法規\放射工作人员健康要求及监护规范.pdf","UNKNOWN","地區待確認","年份待確認","","待確認或非規範文件","醫技、檢驗與病理","","pdf","404769","2022-06-20T08:44:06.000Z","classified_candidate","0.35"
"9600ec9d3daef48d","放射影像专业医疗质量控制指标（2024年版）.pdf","1医技辅检\7放射科法規\放射影像专业医疗质量控制指标（2024年版）.pdf","UNKNOWN","地區待確認","2024","2024","待確認或非規範文件","醫院評鑑與醫療品質","醫技、檢驗與病理；醫院評鑑與醫療品質","pdf","1217026","2025-06-27T02:43:46.000Z","classified_candidate","0.35"
"8e1d94e9ffe1b4d4","放射性药品管理办法.pdf","1医技辅检\7放射科法規\放射性药品管理办法.pdf","UNKNOWN","地區待確認","年份待確認","","院內制度／SOP","藥事與藥品管理","醫技、檢驗與病理","pdf","280957","2022-06-20T08:48:08.000Z","classified_candidate","0.35"
"c416670f0d041488","放射治疗放射防护要求.pdf","1医技辅检\7放射科法規\放射治疗放射防护要求.pdf","UNKNOWN","地區待確認","年份待確認","","待確認或非規範文件","醫技、檢驗與病理","","pdf","593279","2022-08-26T08:34:26.000Z","classified_candidate","0.35"
"db8bf2165fcbb42c","放射诊疗管理规定.pdf","1医技辅检\7放射科法規\放射诊疗管理规定.pdf","UNKNOWN","地區待確認","年份待確認","","行政法規／條例","醫技、檢驗與病理","","pdf","437942","2022-06-20T08:47:28.000Z","classified_candidate","0.35"
"08e4c188b4fe698f","调整放射卫生技术服务机构资质管理.doc","1医技辅检\7放射科法規\调整放射卫生技术服务机构资质管理.doc","UNKNOWN","地區待確認","年份待確認","","待確認或非規範文件","醫技、檢驗與病理","","doc","225792","2022-07-01T06:23:52.000Z","classified_candidate","0.35"
"6da87e9974e544fa","1739781649253_10389便携式血糖仪临床操作和质量管理指南.pdf","1医技辅检\8檢驗科法規\1739781649253_10389便携式血糖仪临床操作和质量管理指南.pdf","UNKNOWN","地區待確認","年份待確認","","技術規範／診療指南","醫院評鑑與醫療品質","醫技、檢驗與病理","pdf","310770","2026-01-29T02:42:34.000Z","classified_candidate","0.35"
"9e7da74133ab951c","1739781668101_79991临床实验室生物安全指南.pdf","1医技辅检\8檢驗科法規\1739781668101_79991临床实验室生物安全指南.pdf","UNKNOWN","地區待確認","年份待確認","","技術規範／診療指南","醫技、檢驗與病理","","pdf","843205","2026-01-29T02:41:54.000Z","classified_candidate","0.35"
"f0f2596c0f938e4d","1739781689270_72981临床化学检验常用项目分析质量标准.pdf","1医技辅检\8檢驗科法規\1739781689270_72981临床化学检验常用项目分析质量标准.pdf","UNKNOWN","地區待確認","年份待確認","","待確認或非規範文件","醫技、檢驗與病理","","pdf","265280","2026-01-29T02:41:12.000Z","classified_candidate","0.35"
"eaffb2d6985f8018","1739781690556_81927临床血液检验常用项目分析质量标准.pdf","1医技辅检\8檢驗科法規\1739781690556_81927临床血液检验常用项目分析质量标准.pdf","UNKNOWN","地區待確認","1927","1927","待確認或非規範文件","醫技、檢驗與病理","","pdf","1293092","2026-01-29T02:40:50.000Z","classified_candidate","0.35"
"53c7077db6950b82","1739781694751_49579室间质量评价不合格原因分析.pdf","1医技辅检\8檢驗科法規\1739781694751_49579室间质量评价不合格原因分析.pdf","UNKNOWN","地區待確認","年份待確認","","待確認或非規範文件","醫技、檢驗與病理","","pdf","263677","2026-01-29T02:39:52.000Z","classified_candidate","0.35"
"440d22bd38968b4a","1739781696015_86899无室间质量评价时的临床检验质量评价.pdf","1医技辅检\8檢驗科法規\1739781696015_86899无室间质量评价时的临床检验质量评价.pdf","UNKNOWN","地區待確認","年份待確認","","待確認或非規範文件","醫技、檢驗與病理","","pdf","1236463","2026-01-29T02:40:22.000Z","classified_candidate","0.35"
"31893a6ac59aaf88","1739781697425_31711受委托医学实验室选择指南.pdf","1医技辅检\8檢驗科法規\1739781697425_31711受委托医学实验室选择指南.pdf","UNKNOWN","地區待確認","年份待確認","","技術規範／診療指南","醫技、檢驗與病理","","pdf","280161","2026-01-29T02:39:34.000Z","classified_candidate","0.35"
"e869df791847a3af","1739781701461_72989.pdf","1医技辅检\8檢驗科法規\1739781701461_72989.pdf","UNKNOWN","地區待確認","年份待確認","","待確認或非規範文件","醫技、檢驗與病理","","pdf","493807","2026-01-29T02:39:06.000Z","classified_candidate","0.35"
"3b6edc6e05ccd682","1739781702797_89500.pdf","1医技辅检\8檢驗科法規\1739781702797_89500.pdf","UNKNOWN","地區待確認","年份待確認","","待確認或非規範文件","醫技、檢驗與病理","","pdf","453511","2026-01-29T02:38:52.000Z","classified_candidate","0.35"
"4552bacfdcea32a3","1746698291311_96289感染性物质运输标准.pdf","1医技辅检\8檢驗科法規\1746698291311_96289感染性物质运输标准.pdf","UNKNOWN","地區待確認","年份待確認","","待確認或非規範文件","感染預防與控制","醫技、檢驗與病理","pdf","20830439","2026-01-29T02:55:04.000Z","classified_candidate","0.35"
"f7d7ccfe8c3a2775","1746698296999_79788人间传染的病原微生物菌（毒）种保藏机构设置技术标准.pdf","1医技辅检\8檢驗科法規\1746698296999_79788人间传染的病原微生物菌（毒）种保藏机构设置技术标准.pdf","UNKNOWN","地區待確認","年份待確認","","待確認或非規範文件","感染預防與控制","醫技、檢驗與病理","pdf","284634","2026-01-29T02:53:48.000Z","classified_candidate","0.35"
"85406182eecc1b02","2019-2021年全国15项临床检验质量指标室间质量评价结果分析.pdf","1医技辅检\8檢驗科法規\2019-2021年全国15项临床检验质量指标室间质量评价结果分析.pdf","UNKNOWN","地區待確認","2021","2021；2019","待確認或非規範文件","醫技、檢驗與病理","","pdf","1047494","2024-08-21T02:41:22.000Z","classified_candidate","0.35"
"b7f829a1ed49cad9","26山東省公共衛生中心.POCT登记本(血糖).doc","1医技辅检\8檢驗科法規\26山東省公共衛生中心.POCT登记本(血糖).doc","CN","山東","年份待確認","","待確認或非規範文件","醫技、檢驗與病理","","doc","243712","2022-07-11T14:16:00.000Z","classified_candidate","0.75"
"2e8cf2538bd7b7f7","597064.pdf","1医技辅检\8檢驗科法規\597064.pdf","UNKNOWN","地區待確認","年份待確認","","待確認或非規範文件","醫技、檢驗與病理","","pdf","45658384","2024-06-12T08:24:20.000Z","classified_candidate","0.35"
"2d0ea926d5775ab9","GB 1588-2024 医用玻璃体温计.pdf","1医技辅检\8檢驗科法規\GB 1588-2024 医用玻璃体温计.pdf","UNKNOWN","地區待確認","2024","2024","國家或地方標準","醫技、檢驗與病理","","pdf","1024288","2024-06-21T01:20:32.000Z","classified_candidate","0.35"
"246f0143954ed222","GB-T 29790-2020.pdf","1医技辅检\8檢驗科法規\GB-T 29790-2020.pdf","UNKNOWN","地區待確認","2020","2020","國家或地方標準","醫技、檢驗與病理","","pdf","4479672","2022-09-25T04:43:24.000Z","classified_candidate","0.35"
"359ef5c3134009a3","GB-T 29790-2020poct.pdf","1医技辅检\8檢驗科法規\GB-T 29790-2020poct.pdf","UNKNOWN","地區待確認","2020","2020","國家或地方標準","醫技、檢驗與病理","","pdf","4479603","2022-09-25T04:30:32.000Z","classified_candidate","0.35"
"239af07ccfa209d2","POCT信息化共識.pdf","1医技辅检\8檢驗科法規\POCT信息化共識.pdf","UNKNOWN","地區待確認","年份待確認","","待確認或非規範文件","醫技、檢驗與病理","","pdf","1816968","2024-04-18T05:40:48.000Z","classified_candidate","0.35"
"2f5bfd15fcad77b4","POCT報告共識.pdf","1医技辅检\8檢驗科法規\POCT報告共識.pdf","UNKNOWN","地區待確認","年份待確認","","待確認或非規範文件","醫技、檢驗與病理","","pdf","1095990","2024-04-18T05:39:58.000Z","classified_candidate","0.35"
"4b8da091502f13ff","T_CITS 322-2025 县级医院检验科建设和管理.pdf","1医技辅检\8檢驗科法規\T_CITS 322-2025 县级医院检验科建设和管理.pdf","UNKNOWN","地區待確認","2025","2025","待確認或非規範文件","醫技、檢驗與病理","","pdf","571952","2025-05-30T02:26:40.000Z","classified_candidate","0.35"
"b3b249f095942969","T_CMBA 023-2024 生物医学中心实验室建设与管理要求.pdf","1医技辅检\8檢驗科法規\T_CMBA 023-2024 生物医学中心实验室建设与管理要求.pdf","UNKNOWN","地區待確認","2024","2024","待確認或非規範文件","醫技、檢驗與病理","","pdf","448958","2024-06-21T01:17:20.000Z","classified_candidate","0.35"
"754405b428625b9d","WST 848-2025末梢血标本采集指南-20250819171016881.pdf","1医技辅检\8檢驗科法規\WST 848-2025末梢血标本采集指南-20250819171016881.pdf","UNKNOWN","地區待確認","2025","2025；1917","技術規範／診療指南","醫技、檢驗與病理","","pdf","440285","2026-01-29T02:38:40.000Z","classified_candidate","0.35"
"3eb7524e2cabcc8b","WS_T 225-2024 临床化学检验血液标本的采集与处理.pdf","1医技辅检\8檢驗科法規\WS_T 225-2024 临床化学检验血液标本的采集与处理.pdf","UNKNOWN","地區待確認","2024","2024","國家或地方標準","醫技、檢驗與病理","","pdf","1390776","2024-07-03T14:19:04.000Z","classified_candidate","0.35"
"950b7261bf3ceb5c","WS_T 403-2024 临床化学检验常用项目分析质量标准.pdf","1医技辅检\8檢驗科法規\WS_T 403-2024 临床化学检验常用项目分析质量标准.pdf","UNKNOWN","地區待確認","2024","2024","國家或地方標準","醫技、檢驗與病理","","pdf","264656","2024-10-05T07:40:42.000Z","classified_candidate","0.35"
"7c2620b1b18d72e4","WS_T 406-2024 临床血液检验常用项目分析质量标准.pdf","1医技辅检\8檢驗科法規\WS_T 406-2024 临床血液检验常用项目分析质量标准.pdf","UNKNOWN","地區待確認","2024","2024","國家或地方標準","醫技、檢驗與病理","","pdf","1291840","2024-10-05T07:40:20.000Z","classified_candidate","0.35"
"a0480e4948710199","《四川省医疗机构即时检验临床应用管理指南》解读.ppt","1医技辅检\8檢驗科法規\《四川省医疗机构即时检验临床应用管理指南》解读.ppt","UNKNOWN","四川","年份待確認","","研究論文／文獻","醫技、檢驗與病理","醫療治理與依法執業","ppt","301568","2024-04-18T05:55:14.000Z","classified_candidate","0.35"
"d37b69a6ddd4304a","临床体液检验技术要求.pdf","1医技辅检\8檢驗科法規\临床体液检验技术要求.pdf","UNKNOWN","地區待確認","年份待確認","","待確認或非規範文件","醫技、檢驗與病理","","pdf","427488","2022-08-26T08:37:00.000Z","classified_candidate","0.35"
"7ca8f8f3c52a562c","临床化学检验血液标本的采集与处理.pdf","1医技辅检\8檢驗科法規\临床化学检验血液标本的采集与处理.pdf","UNKNOWN","地區待確認","年份待確認","","待確認或非規範文件","醫技、檢驗與病理","","pdf","1392023","2024-08-09T06:01:20.000Z","classified_candidate","0.35"
"b4999415e44108ad","临床检验项目标准操作程序编写要求.pdf","1医技辅检\8檢驗科法規\临床检验项目标准操作程序编写要求.pdf","UNKNOWN","地區待確認","年份待確認","","待確認或非規範文件","醫技、檢驗與病理","","pdf","1553042","2024-08-09T06:01:36.000Z","classified_candidate","0.35"
"53711be3cef901e4","人间传染的病原微生物目录.docx","1医技辅检\8檢驗科法規\人间传染的病原微生物目录.docx","CN","地區待確認","年份待確認","","待確認或非規範文件","感染預防與控制","醫技、檢驗與病理；生殖、婦幼與月子服務","docx","192956","2024-07-26T09:04:00.000Z","classified_candidate","0.75"
"1e86f223cd3cff98","便携式血糖仪临床操作和质量管理指南.pdf","1医技辅检\8檢驗科法規\便携式血糖仪临床操作和质量管理指南.pdf","UNKNOWN","地區待確認","年份待確認","","技術規範／診療指南","醫院評鑑與醫療品質","醫技、檢驗與病理","pdf","310770","2022-08-26T08:33:34.000Z","classified_candidate","0.35"
"c1a08c8f48b251ca","关于印发医疗卫生机构检验实验室建筑技术导则（试行）的通知.pdf","1医技辅检\8檢驗科法規\关于印发医疗卫生机构检验实验室建筑技术导则（试行）的通知.pdf","UNKNOWN","地區待確認","年份待確認","","公告／通知／函釋","醫技、檢驗與病理","後勤、建築與設施安全","pdf","305762","2022-08-24T01:44:48.000Z","classified_candidate","0.35"
"dfa9e34ac21b0d64","关于印发河南省医学检验实验室管理暂行办法实施细则的通知-河南省卫生健康委员会.pdf","1医技辅检\8檢驗科法規\关于印发河南省医学检验实验室管理暂行办法实施细则的通知-河南省卫生健康委员会.pdf","CN","河南","年份待確認","","公告／通知／函釋","醫技、檢驗與病理","","pdf","418763","2022-09-18T09:21:30.000Z","classified_candidate","0.75"
"f2c0d4ecbecabbe0","关于印发进一步规范医疗行为促进合理医疗检查的指导意见的通知.pdf","1医技辅检\8檢驗科法規\关于印发进一步规范医疗行为促进合理医疗检查的指导意见的通知.pdf","UNKNOWN","地區待確認","年份待確認","","公告／通知／函釋","醫技、檢驗與病理","","pdf","339993","2022-06-04T09:21:42.000Z","classified_candidate","0.35"
"11e7fb63829beef7","北京檢驗結果互認.pdf","1医技辅检\8檢驗科法規\北京檢驗結果互認.pdf","UNKNOWN","北京","年份待確認","","待確認或非規範文件","醫技、檢驗與病理","","pdf","1137998","2024-05-10T00:38:10.000Z","classified_candidate","0.35"
"fa87df176addd570","医学检验实验室管理暂行办法.docx","1医技辅检\8檢驗科法規\医学检验实验室管理暂行办法.docx","UNKNOWN","地區待確認","年份待確認","","查檢表／稽核表","醫院評鑑與醫療品質","病歷、電子病歷與醫療資料；資訊安全與個人資料；感染預防與控制；醫技、檢驗與病理；急診與緊急醫療；生殖、婦幼與月子服務；職業安全與員工健康；醫療器材與設備；消防、治安與應急管理；環境、能源與醫療廢棄物；財務、採購與內部稽核；醫院評鑑與醫療品質；後勤、建築與設施安全；醫療治理與依法執業","docx","20667","2023-09-21T07:38:04.000Z","classified_candidate","0.35"
"592a54d5ef5cdd35","医学检验实验室管理规范.pdf","1医技辅检\8檢驗科法規\医学检验实验室管理规范.pdf","UNKNOWN","地區待確認","年份待確認","","待確認或非規範文件","醫技、檢驗與病理","","pdf","3164270","2022-08-24T01:58:08.000Z","classified_candidate","0.35"
"f1a2476e7ac7f347","医用 X 射线诊断设备质量控制检测规范.pdf","1医技辅检\8檢驗科法規\医用 X 射线诊断设备质量控制检测规范.pdf","UNKNOWN","地區待確認","年份待確認","","待確認或非規範文件","醫院評鑑與醫療品質","醫技、檢驗與病理；醫療器材與設備","pdf","2306499","2022-08-26T08:34:02.000Z","classified_candidate","0.35"
"2945f64fda4c5a2d","卫生部关于印发《医疗机构临床实验室管理办法》的通知 - 中华人民共和国国家卫生健康委员会.docx","1医技辅检\8檢驗科法規\卫生部关于印发《医疗机构临床实验室管理办法》的通知 - 中华人民共和国国家卫生健康委员会.docx","CN","地區待確認","年份待確認","","研究論文／文獻","醫院評鑑與醫療品質","病歷、電子病歷與醫療資料；資訊安全與個人資料；感染預防與控制；醫技、檢驗與病理；急診與緊急醫療；醫療器材與設備；消防、治安與應急管理；醫院評鑑與醫療品質；後勤、建築與設施安全；醫療治理與依法執業","docx","43085","2025-08-04T02:18:22.000Z","classified_candidate","0.75"
"29a7c440112d9e13","卫生部关于印发《医疗机构临床实验室管理办法》的通知 - 中华人民共和国国家卫生健康委员会.pdf","1医技辅检\8檢驗科法規\卫生部关于印发《医疗机构临床实验室管理办法》的通知 - 中华人民共和国国家卫生健康委员会.pdf","CN","地區待確認","年份待確認","","公告／通知／函釋","醫技、檢驗與病理","醫療治理與依法執業","pdf","376627","2022-09-04T06:37:00.000Z","classified_candidate","0.75"
"1ad5a3fd54ebba37","即时检验在医院规范化管理中的常见问题与对策.pdf","1医技辅检\8檢驗科法規\即时检验在医院规范化管理中的常见问题与对策.pdf","UNKNOWN","地區待確認","年份待確認","","待確認或非規範文件","醫技、檢驗與病理","","pdf","502553","2024-04-17T06:45:08.000Z","classified_candidate","0.35"
"c59e44734cd964a4","国家卫生计生委关于印发医学检验实验室基本标准和管理规范（试行）的通知.pdf","1医技辅检\8檢驗科法規\国家卫生计生委关于印发医学检验实验室基本标准和管理规范（试行）的通知.pdf","UNKNOWN","地區待確認","年份待確認","","公告／通知／函釋","醫技、檢驗與病理","","pdf","469898","2022-09-07T13:20:12.000Z","classified_candidate","0.35"
"e620ef0ad55fac33","室间质量评价不合格原因分析.pdf","1医技辅检\8檢驗科法規\室间质量评价不合格原因分析.pdf","UNKNOWN","地區待確認","年份待確認","","待確認或非規範文件","醫技、檢驗與病理","","pdf","263677","2024-08-09T06:03:02.000Z","classified_candidate","0.35"
"9ee6585b4691cd96","尿液标本临床微生物实验室检验操作指南.pdf","1医技辅检\8檢驗科法規\尿液标本临床微生物实验室检验操作指南.pdf","UNKNOWN","地區待確認","年份待確認","","技術規範／診療指南","醫技、檢驗與病理","","pdf","493807","2024-08-09T06:03:22.000Z","classified_candidate","0.35"
"a4dad1ae5dfb36dd","尿液标本的采集与处理.pdf","1医技辅检\8檢驗科法規\尿液标本的采集与处理.pdf","UNKNOWN","地區待確認","年份待確認","","待確認或非規範文件","醫技、檢驗與病理","","pdf","576717","2024-08-09T06:02:06.000Z","classified_candidate","0.35"
"dae6130470d3fa6b","尿液理学、化学和有形成分检验.pdf","1医技辅检\8檢驗科法規\尿液理学、化学和有形成分检验.pdf","UNKNOWN","地區待確認","年份待確認","","待確認或非規範文件","醫技、檢驗與病理","","pdf","352359","2024-08-09T06:01:48.000Z","classified_candidate","0.35"
"8f6ef4c2ff101e51","急诊检验实验室能力建设与规范专家共识（2025版）.pdf","1医技辅检\8檢驗科法規\急诊检验实验室能力建设与规范专家共识（2025版）.pdf","UNKNOWN","地區待確認","2025","2025","專家共識","醫技、檢驗與病理","急診與緊急醫療","pdf","2387902","2026-02-05T04:24:56.000Z","classified_candidate","0.35"
"da8eb923cc1dd83a","无室间质量评价时的临床检验质量评价.pdf","1医技辅检\8檢驗科法規\无室间质量评价时的临床检验质量评价.pdf","UNKNOWN","地區待確認","年份待確認","","待確認或非規範文件","醫技、檢驗與病理","","pdf","1236463","2024-08-09T06:02:50.000Z","classified_candidate","0.35"
"4e5db404594245f4","检测实验室安全 第1部分：总则.pdf","1医技辅检\8檢驗科法規\检测实验室安全 第1部分：总则.pdf","UNKNOWN","地區待確認","年份待確認","","待確認或非規範文件","醫技、檢驗與病理","","pdf","2038196","2023-04-08T12:24:32.000Z","classified_candidate","0.35"
"b72942968557dbce","江西醫療機構二級生物實驗室管理規範.pdf","1医技辅检\8檢驗科法規\江西醫療機構二級生物實驗室管理規範.pdf","UNKNOWN","江西","年份待確認","","待確認或非規範文件","醫技、檢驗與病理","醫療治理與依法執業","pdf","1094435","2023-04-02T08:13:26.000Z","classified_candidate","0.35"
"2df6ab23c7b388ad","现场督查在POCT质量管理中的作用探讨 (1).pdf","1医技辅检\8檢驗科法規\现场督查在POCT质量管理中的作用探讨 (1).pdf","UNKNOWN","地區待確認","年份待確認","","研究論文／文獻","醫院評鑑與醫療品質","醫技、檢驗與病理","pdf","1428634","2024-04-16T12:20:48.000Z","classified_candidate","0.35"
"7d111192892eb099","现场督查在POCT质量管理中的作用探讨.pdf","1医技辅检\8檢驗科法規\现场督查在POCT质量管理中的作用探讨.pdf","UNKNOWN","地區待確認","年份待確認","","研究論文／文獻","醫院評鑑與醫療品質","醫技、檢驗與病理","pdf","1428634","2024-04-16T12:19:36.000Z","classified_candidate","0.35"
"6a2fff6a094ec2db","职业性皮肤放射性污染个人监测标准.pdf","1医技辅检\8檢驗科法規\职业性皮肤放射性污染个人监测标准.pdf","UNKNOWN","地區待確認","年份待確認","","待確認或非規範文件","醫技、檢驗與病理","","pdf","1495355","2024-08-09T06:03:48.000Z","classified_candidate","0.35"
"fc20d055bf23915c","静脉血液标本采集指南.pdf","1医技辅检\8檢驗科法規\静脉血液标本采集指南.pdf","UNKNOWN","地區待確認","年份待確認","","技術規範／診療指南","醫技、檢驗與病理","","pdf","362825","2022-08-26T08:36:44.000Z","classified_candidate","0.35"
"de9c02411322cee5","AQ T 9008-2012安全生产应急管理人员.pdf","1應急\AQ T 9008-2012安全生产应急管理人员.pdf","UNKNOWN","地區待確認","2012","2012","待確認或非規範文件","急診與緊急醫療","消防、治安與應急管理","pdf","157495","2022-08-16T06:03:34.000Z","classified_candidate","0.35"
"4655bbd29fd6dd49","DB 14T 3231—2025安全风险分级管控和隐患排查治理双重预.pdf","1應急\DB 14T 3231—2025安全风险分级管控和隐患排查治理双重预.pdf","UNKNOWN","地區待確認","2025","2025","待確認或非規範文件","急診與緊急醫療","消防、治安與應急管理","pdf","1089871","2026-02-26T14:19:46.000Z","classified_candidate","0.35"
"af93cdba2eecf7aa","DB11T 1599-2018 政务部门信息安全应急预案编制指南.pdf","1應急\DB11T 1599-2018 政务部门信息安全应急预案编制指南.pdf","UNKNOWN","地區待確認","2018","2018","技術規範／診療指南","急診與緊急醫療","消防、治安與應急管理","pdf","349147","2025-03-30T08:23:52.000Z","classified_candidate","0.35"
"6613371e8fee32af","DB11T 2104—2023消防控制室火警处置规范.pdf","1應急\DB11T 2104—2023消防控制室火警处置规范.pdf","UNKNOWN","地區待確認","2023","2023","國家或地方標準","急診與緊急醫療","消防、治安與應急管理","pdf","391351","2026-02-23T06:29:52.000Z","classified_candidate","0.35"
"dc9716668168b104","DB11_T 1481-2024 生产经营单位生产安全事故应急预案评审规.pdf","1應急\DB11_T 1481-2024 生产经营单位生产安全事故应急预案评审规.pdf","UNKNOWN","地區待確認","2024","2024","醫院評鑑／認證標準","急診與緊急醫療","消防、治安與應急管理；醫院評鑑與醫療品質","pdf","610055","2024-10-10T13:14:42.000Z","classified_candidate","0.35"
"262777234def26b3","DB11_T 1498-2026 卫生应急样本采集技术规范.pdf","1應急\DB11_T 1498-2026 卫生应急样本采集技术规范.pdf","UNKNOWN","地區待確認","2026","2026","技術規範／診療指南","急診與緊急醫療","消防、治安與應急管理","pdf","367958","2026-08-03T13:07:24.000Z","classified_candidate","0.35"
"95a36ac7a571e0bf","DB11_T 2316-2024 重大活动应急预案编制指南.pdf","1應急\DB11_T 2316-2024 重大活动应急预案编制指南.pdf","UNKNOWN","地區待確認","2024","2024","技術規範／診療指南","急診與緊急醫療","消防、治安與應急管理","pdf","521468","2024-10-10T13:14:26.000Z","classified_candidate","0.35"
"e717ac736821cdca","DB11_T 2537-2026 突发事件应急预案体系评估指南.pdf","1應急\DB11_T 2537-2026 突发事件应急预案体系评估指南.pdf","UNKNOWN","地區待確認","2026","2026","技術規範／診療指南","急診與緊急醫療","消防、治安與應急管理","pdf","143402","2026-08-03T13:07:42.000Z","classified_candidate","0.35"
"32cb942054cdfd70","DB12_T 1340-2024 高层住宅建筑灭火和应急疏散预案编制及演.pdf","1應急\DB12_T 1340-2024 高层住宅建筑灭火和应急疏散预案编制及演.pdf","UNKNOWN","地區待確認","2024","2024","國家或地方標準","急診與緊急醫療","消防、治安與應急管理；後勤、建築與設施安全","pdf","725919","2024-11-06T08:16:12.000Z","classified_candidate","0.35"
"0875c32f7ca17bcd","DB1409_T 59-2024 学校及托幼机构突发公共卫生事件应急预案.pdf","1應急\DB1409_T 59-2024 学校及托幼机构突发公共卫生事件应急预案.pdf","UNKNOWN","地區待確認","2024","2024","國家或地方標準","急診與緊急醫療","消防、治安與應急管理","pdf","516558","2025-03-30T08:22:54.000Z","classified_candidate","0.35"
"7c07f766f6db8a7b","DB23T 2574-2020 应急演练脚本设计规范.pdf","1應急\DB23T 2574-2020 应急演练脚本设计规范.pdf","UNKNOWN","地區待確認","2020","2020","國家或地方標準","急診與緊急醫療","消防、治安與應急管理","pdf","287974","2024-11-12T07:52:38.000Z","classified_candidate","0.35"
"ec25d73249db7ce6","DB3202_T 1061-2024 应急物资储备基本规范.pdf","1應急\DB3202_T 1061-2024 应急物资储备基本规范.pdf","UNKNOWN","地區待確認","2024","2024","國家或地方標準","急診與緊急醫療","消防、治安與應急管理","pdf","236522","2024-11-28T11:46:38.000Z","classified_candidate","0.35"
"562c65b1573e7181","DB32_T 4590-2023 突发事件应急演练评估规范.pdf","1應急\DB32_T 4590-2023 突发事件应急演练评估规范.pdf","UNKNOWN","地區待確認","2023","2023","國家或地方標準","急診與緊急醫療","消防、治安與應急管理","pdf","992417","2024-11-06T08:16:58.000Z","classified_candidate","0.35"
"7e41fcbbf994ea87","DB32_T 4766-2024 疾控机构卫生应急物资储备 目录与管理规.pdf","1應急\DB32_T 4766-2024 疾控机构卫生应急物资储备 目录与管理规.pdf","UNKNOWN","地區待確認","2024","2024","國家或地方標準","急診與緊急醫療","消防、治安與應急管理","pdf","640966","2024-11-07T08:05:24.000Z","classified_candidate","0.35"
"0040f20679b5cbff","DB32_T 5060-2025 医疗机构门诊应急实战演练技术规范 (1).pdf","1應急\DB32_T 5060-2025 医疗机构门诊应急实战演练技术规范 (1).pdf","UNKNOWN","地區待確認","2025","2025","技術規範／診療指南","急診與緊急醫療","消防、治安與應急管理；醫療治理與依法執業","pdf","757503","2025-03-30T08:19:34.000Z","classified_candidate","0.35"
"c6a7d13aaf2db591","DB32_T 5060-2025 医疗机构门诊应急实战演练技术规范.pdf","1應急\DB32_T 5060-2025 医疗机构门诊应急实战演练技术规范.pdf","UNKNOWN","地區待確認","2025","2025","技術規範／診療指南","急診與緊急醫療","消防、治安與應急管理；醫療治理與依法執業","pdf","757503","2025-03-30T08:19:32.000Z","classified_candidate","0.35"
"e39ed75cd96665eb","DB34_T 4745-2024 养老机构应急预案演练指南.pdf","1應急\DB34_T 4745-2024 养老机构应急预案演练指南.pdf","UNKNOWN","地區待確認","2024","2024","技術規範／診療指南","急診與緊急醫療","消防、治安與應急管理","pdf","456956","2024-11-06T08:14:32.000Z","classified_candidate","0.35"
"04da2cc36793e8bb","DB34_T 5351-2025 蛇伤应急处置规范.pdf","1應急\DB34_T 5351-2025 蛇伤应急处置规范.pdf","UNKNOWN","地區待確認","2025","2025","國家或地方標準","急診與緊急醫療","消防、治安與應急管理","pdf","197747","2026-08-03T13:09:28.000Z","classified_candidate","0.35"
"c1e5f59e20f303b4","DB41_T 2798-2024 综合性应急演练指南.pdf","1應急\DB41_T 2798-2024 综合性应急演练指南.pdf","UNKNOWN","地區待確認","2024","2024","技術規範／診療指南","急診與緊急醫療","消防、治安與應急管理","pdf","840040","2025-03-30T08:20:42.000Z","classified_candidate","0.35"
"8988846f6a7836ee","DB41_T 2799-2024 综合性应急救援队伍建设规范.pdf","1應急\DB41_T 2799-2024 综合性应急救援队伍建设规范.pdf","UNKNOWN","地區待確認","2024","2024","國家或地方標準","急診與緊急醫療","消防、治安與應急管理","pdf","2015140","2025-03-30T08:20:20.000Z","classified_candidate","0.35"
"4303b128fb7887e6","DB41_T 3057-2025 突发地质灾害应急处置技术规范.pdf","1應急\DB41_T 3057-2025 突发地质灾害应急处置技术规范.pdf","UNKNOWN","地區待確認","2025","2025","技術規範／診療指南","急診與緊急醫療","消防、治安與應急管理","pdf","1334413","2026-08-03T13:08:42.000Z","classified_candidate","0.35"
"90a7d862a8194323","DB4403_T 255-2022 台风暴雨室内应急避难场所运行管理指南.pdf","1應急\DB4403_T 255-2022 台风暴雨室内应急避难场所运行管理指南.pdf","UNKNOWN","地區待確認","2022","2022","技術規範／診療指南","急診與緊急醫療","消防、治安與應急管理","pdf","1947379","2025-10-10T09:31:20.000Z","classified_candidate","0.35"
"534bd1fbd5e80d38","DB44_T 2520-2024 核应急物资储备标准.pdf","1應急\DB44_T 2520-2024 核应急物资储备标准.pdf","UNKNOWN","地區待確認","2024","2024","國家或地方標準","急診與緊急醫療","消防、治安與應急管理","pdf","1131414","2024-11-07T07:18:20.000Z","classified_candidate","0.35"
"a5172a91d8ed44b2","DB45_T 2889-2024 突发事件应急预案与应急演练评估规范.pdf","1應急\DB45_T 2889-2024 突发事件应急预案与应急演练评估规范.pdf","UNKNOWN","地區待確認","2024","2024","國家或地方標準","急診與緊急醫療","消防、治安與應急管理","pdf","1212118","2025-03-30T08:22:20.000Z","classified_candidate","0.35"
"2fdfd65103f30f79","DB50_T 10014-2025 川渝地区电梯突发事件应急处置规范.pdf","1應急\DB50_T 10014-2025 川渝地区电梯突发事件应急处置规范.pdf","UNKNOWN","地區待確認","2025","2025","國家或地方標準","急診與緊急醫療","消防、治安與應急管理","pdf","666067","2026-08-03T13:09:58.000Z","classified_candidate","0.35"
"bbb1ec6d0fd8d87d","DB50_T 1929-2025 疾控机构卫生应急物资储备管理规范.pdf","1應急\DB50_T 1929-2025 疾控机构卫生应急物资储备管理规范.pdf","UNKNOWN","地區待確認","2025","2025；1929","國家或地方標準","急診與緊急醫療","消防、治安與應急管理","pdf","928665","2026-08-03T13:08:54.000Z","classified_candidate","0.35"
"aab744e009b142a5","DB6101_T 3213-2024 应急物资储备种类数量规范.pdf","1應急\DB6101_T 3213-2024 应急物资储备种类数量规范.pdf","UNKNOWN","地區待確認","2024","2024","國家或地方標準","急診與緊急醫療","消防、治安與應急管理","pdf","1328316","2024-11-07T07:18:10.000Z","classified_candidate","0.35"
"0cb1f993a5b495c6","GBT+29639-2020.pdf","1應急\GBT+29639-2020.pdf","UNKNOWN","地區待確認","2020","2020","國家或地方標準","急診與緊急醫療","消防、治安與應急管理","pdf","991026","2026-02-23T06:19:56.000Z","classified_candidate","0.35"
"bd3bf23d08ce312f","GBT+339422017.pdf","1應急\GBT+339422017.pdf","UNKNOWN","地區待確認","2017","2017","國家或地方標準","急診與緊急醫療","消防、治安與應急管理","pdf","1035184","2026-02-23T06:21:04.000Z","classified_candidate","0.35"
"2c6b8396196a86af","GBT+38315-2019.pdf","1應急\GBT+38315-2019.pdf","UNKNOWN","地區待確認","2019","2019","國家或地方標準","急診與緊急醫療","消防、治安與應急管理","pdf","1310161","2026-02-23T06:20:32.000Z","classified_candidate","0.35"
"531b577301008358","SL 611-2012 防台风应急预案编制导则.pdf","1應急\SL 611-2012 防台风应急预案编制导则.pdf","UNKNOWN","地區待確認","2012","2012","待確認或非規範文件","急診與緊急醫療","消防、治安與應急管理","pdf","3151424","2025-10-10T09:32:06.000Z","classified_candidate","0.35"
"50ef153096fdb758","TBJWSA 0001—2022医院应急管理体系建设规范.pdf","1應急\TBJWSA 0001—2022医院应急管理体系建设规范.pdf","UNKNOWN","地區待確認","2022","2022","待確認或非規範文件","急診與緊急醫療","消防、治安與應急管理","pdf","301720","2023-03-31T13:15:10.000Z","classified_candidate","0.35"
"c0fc6e32a20becf2","TBJXF 006-2016 应急物资储备仓库消防管理规范.pdf","1應急\TBJXF 006-2016 应急物资储备仓库消防管理规范.pdf","UNKNOWN","地區待確認","2016","2016","待確認或非規範文件","急診與緊急醫療","消防、治安與應急管理","pdf","383444","2025-08-16T05:12:24.000Z","classified_candidate","0.35"
"c3215c59e03fc143","TCADERM 5020—2023医院卫生应急能力建设要求.pdf","1應急\TCADERM 5020—2023医院卫生应急能力建设要求.pdf","UNKNOWN","地區待確認","2023","2023","待確認或非規範文件","急診與緊急醫療","消防、治安與應急管理","pdf","318324","2023-04-09T13:47:18.000Z","classified_candidate","0.35"
"1d020a39fbe48f55","T_BJWSA 0001-2022 医院应急管理体系建设规范.pdf","1應急\T_BJWSA 0001-2022 医院应急管理体系建设规范.pdf","UNKNOWN","地區待確認","2022","2022","待確認或非規範文件","急診與緊急醫療","消防、治安與應急管理","pdf","318468","2023-02-12T08:44:26.000Z","classified_candidate","0.35"
"0c9240a952771d45","T_CADERM 8016-2025 灾害事故院前医疗急救处置要求.pdf","1應急\T_CADERM 8016-2025 灾害事故院前医疗急救处置要求.pdf","UNKNOWN","地區待確認","2025","2025","待確認或非規範文件","急診與緊急醫療","消防、治安與應急管理","pdf","548124","2025-07-16T02:27:44.000Z","classified_candidate","0.35"
"66da130e87ff9134","T_CSEM 00010-2021 应急志愿服务管理指南.pdf","1應急\T_CSEM 00010-2021 应急志愿服务管理指南.pdf","UNKNOWN","地區待確認","2021","2021","技術規範／診療指南","急診與緊急醫療","消防、治安與應急管理","pdf","456513","2024-11-28T11:49:58.000Z","classified_candidate","0.35"
"1b36c1ffa3902187","T_GAZE 3001-2022 突发事件应急演练实施指南.pdf","1應急\T_GAZE 3001-2022 突发事件应急演练实施指南.pdf","UNKNOWN","地區待確認","2022","2022","技術規範／診療指南","急診與緊急醫療","消防、治安與應急管理","pdf","355648","2024-11-06T08:17:50.000Z","classified_candidate","0.35"
"98d4fe3d9d3481cb","T_GDSX 002-2025 实验室应急喷淋和洗眼设备技术规范.pdf","1應急\T_GDSX 002-2025 实验室应急喷淋和洗眼设备技术规范.pdf","UNKNOWN","地區待確認","2025","2025","技術規範／診療指南","醫技、檢驗與病理","急診與緊急醫療；醫療器材與設備；消防、治安與應急管理","pdf","1378949","2025-03-30T08:21:00.000Z","classified_candidate","0.35"
"6633b53e3f2c55b5","WS 599.3—2018医院物资管理.pdf","1應急\WS 599.3—2018医院物资管理.pdf","UNKNOWN","地區待確認","2018","2018","國家或地方標準","急診與緊急醫療","消防、治安與應急管理","pdf","1053765","2023-05-28T05:25:12.000Z","classified_candidate","0.35"
"da7b9fcbc14480c3","WST 679—2020突发中毒事件卫生应急处置.pdf","1應急\WST 679—2020突发中毒事件卫生应急处置.pdf","UNKNOWN","地區待確認","2020","2020","國家或地方標準","急診與緊急醫療","消防、治安與應急管理","pdf","519600","2022-08-26T08:35:48.000Z","classified_candidate","0.35"
"605989d7929a0114","WS_T 10038-2025 突发饮用水污染事件应急供水水质卫生标准.pdf","1應急\WS_T 10038-2025 突发饮用水污染事件应急供水水质卫生标准.pdf","UNKNOWN","地區待確認","2025","2025","國家或地方標準","急診與緊急醫療","消防、治安與應急管理","pdf","862982","2026-08-03T13:10:26.000Z","classified_candidate","0.35"
"f425edd19166df22","YJ_T 26-2024 应急避难场所 设施设备及物资配置.pdf","1應急\YJ_T 26-2024 应急避难场所 设施设备及物资配置.pdf","UNKNOWN","地區待確認","2024","2024","待確認或非規範文件","急診與緊急醫療","醫療器材與設備；消防、治安與應急管理","pdf","5346140","2024-11-07T08:05:44.000Z","classified_candidate","0.35"
"be9cf3db5f470b1d","“十四五”应急物资保障规划》.pdf","1應急\“十四五”应急物资保障规划》.pdf","UNKNOWN","地區待確認","年份待確認","","待確認或非規範文件","急診與緊急醫療","消防、治安與應急管理","pdf","4415332","2023-05-28T05:06:48.000Z","classified_candidate","0.35"
"36d073ac6fc22097","《清河县地震应急预案》-清河县人民政府.pdf","1應急\《清河县地震应急预案》-清河县人民政府.pdf","UNKNOWN","地區待確認","年份待確認","","待確認或非規範文件","急診與緊急醫療","消防、治安與應急管理","pdf","800804","2022-09-18T11:26:44.000Z","classified_candidate","0.35"
"60f6354d2755e804","中华人民共和国国务院令（第376号）突发公共卫生事件应急条例.docx","1應急\中华人民共和国国务院令（第376号）突发公共卫生事件应急条例.docx","CN","地區待確認","年份待確認","","研究論文／文獻","病歷、電子病歷與醫療資料","資訊安全與個人資料；藥事與藥品管理；感染預防與控制；醫技、檢驗與病理；急診與緊急醫療；生殖、婦幼與月子服務；臨床研究與人體試驗；醫療器材與設備；消防、治安與應急管理；醫療治理與依法執業","docx","27269","2022-06-29T06:09:48.000Z","classified_candidate","0.75"
"9425ac26737191f3","中央应急抢险救灾物资储备管理暂行办法.pdf","1應急\中央应急抢险救灾物资储备管理暂行办法.pdf","UNKNOWN","地區待確認","年份待確認","","行政法規／條例","急診與緊急醫療","消防、治安與應急管理","pdf","190170","2023-03-21T08:36:10.000Z","classified_candidate","0.35"
"1884ccd2543548bd","国卫应急发〔2017〕36号突发事件卫生应急预案管理办法.docx","1應急\国卫应急发〔2017〕36号突发事件卫生应急预案管理办法.docx","CN","地區待確認","2017","2017","醫院評鑑／認證標準","感染預防與控制","急診與緊急醫療；消防、治安與應急管理；醫院評鑑與醫療品質；後勤、建築與設施安全","docx","17622","2022-08-24T07:02:04.000Z","classified_candidate","0.75"
"7bb0b70f8d6fbd19","应急演练評估規範.pdf","1應急\应急演练評估規範.pdf","UNKNOWN","地區待確認","年份待確認","","待確認或非規範文件","急診與緊急醫療","消防、治安與應急管理","pdf","1213594","2022-08-16T06:42:46.000Z","classified_candidate","0.35"
"aa7cc5e153e9acd9","应急物资保障.pdf","1應急\应急物资保障.pdf","UNKNOWN","地區待確認","年份待確認","","待確認或非規範文件","急診與緊急醫療","消防、治安與應急管理","pdf","727232","2023-05-28T05:05:16.000Z","classified_candidate","0.35"
"83ee3669123930fa","河北省应急避难场所管理办法.pdf","1應急\河北省应急避难场所管理办法.pdf","UNKNOWN","河北","年份待確認","","院內制度／SOP","急診與緊急醫療","消防、治安與應急管理","pdf","1136142","2023-04-09T13:15:14.000Z","classified_candidate","0.35"
"da5ed35dbb4b91bf","河北省特种设备事故应急预案.pdf","1應急\河北省特种设备事故应急预案.pdf","UNKNOWN","河北","年份待確認","","待確認或非規範文件","急診與緊急醫療","醫療器材與設備；消防、治安與應急管理","pdf","1667837","2023-04-09T13:24:14.000Z","classified_candidate","0.35"
"c3f30229cd41def2","河南省人民政府办公厅关于印发河南省突发公共卫生事件应急预案的通知_豫政办_河南省人民政府门户网站.pdf","1應急\河南省人民政府办公厅关于印发河南省突发公共卫生事件应急预案的通知_豫政办_河南省人民政府门户网站.pdf","CN","河南","年份待確認","","公告／通知／函釋","急診與緊急醫療","消防、治安與應急管理","pdf","491776","2022-08-29T14:35:10.000Z","classified_candidate","0.75"
"a03e41e13b043b95","清河县人民政府关于印发清河县食品安全突发事件应急预案的通知-清河县人民政府.pdf","1應急\清河县人民政府关于印发清河县食品安全突发事件应急预案的通知-清河县人民政府.pdf","UNKNOWN","地區待確認","年份待確認","","公告／通知／函釋","急診與緊急醫療","消防、治安與應急管理","pdf","501518","2022-09-18T11:28:32.000Z","classified_candidate","0.35"
"4d85c16e44656c51","清河县人民政府办公室关于印发《清河县突发公共事件医疗卫生救援应急预案》的通知-清河县人民政府.pdf","1應急\清河县人民政府办公室关于印发《清河县突发公共事件医疗卫生救援应急预案》的通知-清河县人民政府.pdf","UNKNOWN","地區待確認","年份待確認","","公告／通知／函釋","急診與緊急醫療","消防、治安與應急管理","pdf","387367","2022-09-18T11:29:06.000Z","classified_candidate","0.35"
"57c69df59bdc3b9c","清河县人民政府办公室关于印发清河县药品（疫苗）和医疗器械安全突发事件应急预案的通知-清河县人民政府.pdf","1應急\清河县人民政府办公室关于印发清河县药品（疫苗）和医疗器械安全突发事件应急预案的通知-清河县人民政府.pdf","UNKNOWN","地區待確認","年份待確認","","公告／通知／函釋","藥事與藥品管理","急診與緊急醫療；生殖、婦幼與月子服務；醫療器材與設備；消防、治安與應急管理","pdf","297226","2022-09-18T11:27:28.000Z","classified_candidate","0.35"
"e5e5a120aa8347ae","生产安全事故应急演练评估规范.docx","1應急\生产安全事故应急演练评估规范.docx","CN","地區待確認","年份待確認","","醫院評鑑／認證標準","資訊安全與個人資料","藥事與藥品管理；醫技、檢驗與病理；急診與緊急醫療；生殖、婦幼與月子服務；臨床研究與人體試驗；醫療器材與設備；消防、治安與應急管理；環境、能源與醫療廢棄物；醫院評鑑與醫療品質；後勤、建築與設施安全","docx","65524","2022-08-16T06:41:36.000Z","classified_candidate","0.75"
"a02699a5ac97fde1","生产安全事故应急演练评估规范.pdf","1應急\生产安全事故应急演练评估规范.pdf","UNKNOWN","地區待確認","年份待確認","","待確認或非規範文件","急診與緊急醫療","消防、治安與應急管理","pdf","1179756","2026-02-23T06:24:28.000Z","classified_candidate","0.35"
"eb0563e358e299ca","醫院緊急災害應變措施計畫審查表.pdf","1應急\醫院緊急災害應變措施計畫審查表.pdf","UNKNOWN","地區待確認","年份待確認","","待確認或非規範文件","急診與緊急醫療","消防、治安與應急管理","pdf","193308","2022-12-14T04:37:54.000Z","classified_candidate","0.35"
"182015e4662ebea4","DB34_T 4620-2023 疼痛科治疗室建设规范.pdf","1疼痛科\DB34_T 4620-2023 疼痛科治疗室建设规范.pdf","UNKNOWN","地區待確認","2023","2023","國家或地方標準","手術、麻醉與疼痛管理","","pdf","151958","2026-04-29T05:19:20.000Z","classified_candidate","0.35"
"0913f2d74564dcc3","TCAWAORG 002-2021 中国疼痛科专业团体标准.pdf","1疼痛科\TCAWAORG 002-2021 中国疼痛科专业团体标准.pdf","CN","地區待確認","2021","2021","待確認或非規範文件","手術、麻醉與疼痛管理","","pdf","403854","2026-04-29T05:19:32.000Z","classified_candidate","0.75"
"28838124978490a0","慢性癌性疼痛中医诊疗规范专家共识.pdf","1疼痛科\慢性癌性疼痛中医诊疗规范专家共识.pdf","UNKNOWN","地區待確認","年份待確認","","專家共識","手術、麻醉與疼痛管理","","pdf","1686249","2026-04-29T05:23:38.000Z","classified_candidate","0.35"
"a55195d004691c67","智慧医养研究动态.pdf","1疼痛科\智慧医养研究动态.pdf","UNKNOWN","地區待確認","年份待確認","","研究論文／文獻","手術、麻醉與疼痛管理","臨床研究與人體試驗","pdf","1655960","2026-04-29T05:39:02.000Z","classified_candidate","0.35"
"ecbd24870edf6278","泰山医学 第二十卷 第二期 总第76期 2021年6月30日出版.pdf","1疼痛科\泰山医学 第二十卷 第二期 总第76期 2021年6月30日出版.pdf","UNKNOWN","地區待確認","2021","2021","待確認或非規範文件","手術、麻醉與疼痛管理","","pdf","35954814","2026-04-29T05:27:08.000Z","classified_candidate","0.35"
"ac328373b2c9fcaf","泰山医学.pdf","1疼痛科\泰山医学.pdf","UNKNOWN","地區待確認","年份待確認","","待確認或非規範文件","手術、麻醉與疼痛管理","","pdf","22689337","2026-04-29T05:27:14.000Z","classified_candidate","0.35"
"3c8f43d9ea64a0c1","疼痛护理路径在癌症疼痛治疗中的临床应用价值.pdf","1疼痛科\疼痛护理路径在癌症疼痛治疗中的临床应用价值.pdf","UNKNOWN","地區待確認","年份待確認","","研究論文／文獻","護理管理","手術、麻醉與疼痛管理","pdf","337219","2026-04-29T05:40:06.000Z","classified_candidate","0.35"
"097102358357563f","神经病理性疼痛诊疗专家共识.pdf","1疼痛科\神经病理性疼痛诊疗专家共识.pdf","UNKNOWN","地區待確認","年份待確認","","專家共識","醫技、檢驗與病理","手術、麻醉與疼痛管理","pdf","647002","2026-04-29T05:23:20.000Z","classified_candidate","0.35"
"f060e11790092896","老年骨质疏松性疼痛诊疗与管理中国专家共识（2024版）.pdf","1疼痛科\老年骨质疏松性疼痛诊疗与管理中国专家共识（2024版）.pdf","CN","地區待確認","2024","2024","專家共識","手術、麻醉與疼痛管理","","pdf","757160","2026-04-29T05:23:48.000Z","classified_candidate","0.75"
"e300e7736f809c02","药政参考 Reference for Pharmaceutical Administration.pdf","1疼痛科\药政参考 Reference for Pharmaceutical Administration.pdf","UNKNOWN","地區待確認","年份待確認","","教材／簡報／參考資料","手術、麻醉與疼痛管理","","pdf","3605832","2026-04-29T05:39:48.000Z","classified_candidate","0.35"
"8b32d59190aa0c31","论医院设立疼痛科的重要性和必要性.pdf","1疼痛科\论医院设立疼痛科的重要性和必要性.pdf","UNKNOWN","地區待確認","年份待確認","","待確認或非規範文件","手術、麻醉與疼痛管理","","pdf","472819","2026-04-29T05:22:36.000Z","classified_candidate","0.35"
"c93e61d8af8195fa","2010病历书写基本规范.pdf","1病案管理法規(病歷 電子病歷)\2010病历书写基本规范.pdf","UNKNOWN","地區待確認","2010","2010","待確認或非規範文件","病歷、電子病歷與醫療資料","","pdf","384006","2022-09-07T13:38:28.000Z","classified_candidate","0.35"
"6b5522ba33ba8dbd","2022年度运行病历质量考核方案.pdf","1病案管理法規(病歷 電子病歷)\2022年度运行病历质量考核方案.pdf","UNKNOWN","地區待確認","2022","2022","待確認或非規範文件","病歷、電子病歷與醫療資料","","pdf","908783","2022-07-11T14:14:00.000Z","classified_candidate","0.35"
"81a6a92109d3f375","DB3212_T 1157-2024 病案库房建设规范.pdf","1病案管理法規(病歷 電子病歷)\DB3212_T 1157-2024 病案库房建设规范.pdf","UNKNOWN","地區待確認","2024","2024","國家或地方標準","病歷、電子病歷與醫療資料","","pdf","236686","2025-04-02T06:34:00.000Z","classified_candidate","0.35"
"5d2f21ef4bcd1029","DB4403_T 513-2024 妇幼保健住院病历质量评价规范.pdf","1病案管理法規(病歷 電子病歷)\DB4403_T 513-2024 妇幼保健住院病历质量评价规范.pdf","UNKNOWN","地區待確認","2024","2024","國家或地方標準","病歷、電子病歷與醫療資料","生殖、婦幼與月子服務","pdf","243315","2024-11-07T06:35:38.000Z","classified_candidate","0.35"
"077dda06638207e8","THENANPA 002-2022 住院患者药历书写基本规范.pdf","1病案管理法規(病歷 電子病歷)\THENANPA 002-2022 住院患者药历书写基本规范.pdf","UNKNOWN","地區待確認","2022","2022","待確認或非規範文件","病歷、電子病歷與醫療資料","","pdf","1457510","2024-11-07T06:38:08.000Z","classified_candidate","0.35"
"701e7205bad09fc3","关于印发《医疗机构病历管理规定(2013年版）》的通知.pdf","1病案管理法規(病歷 電子病歷)\关于印发《医疗机构病历管理规定(2013年版）》的通知.pdf","UNKNOWN","地區待確認","2013","2013","公告／通知／函釋","病歷、電子病歷與醫療資料","醫療治理與依法執業","pdf","288528","2022-07-12T08:38:02.000Z","classified_candidate","0.35"
"baebc5ac4b399c2c","关于印发电子病历应用管理规范（试行）的通知.pdf","1病案管理法規(病歷 電子病歷)\关于印发电子病历应用管理规范（试行）的通知.pdf","UNKNOWN","地區待確認","年份待確認","","研究論文／文獻","病歷、電子病歷與醫療資料","","pdf","343237","2022-06-01T04:58:18.000Z","classified_candidate","0.35"
"21e0e45600e0c163","医疗机构病历管理规定.pdf","1病案管理法規(病歷 電子病歷)\医疗机构病历管理规定.pdf","UNKNOWN","地區待確認","年份待確認","","行政法規／條例","病歷、電子病歷與醫療資料","醫療治理與依法執業","pdf","262195","2022-06-01T04:54:56.000Z","classified_candidate","0.35"
"09f0085a08390a73","卫生部发布关于印发《病历书写基本规范》的通知.pdf","1病案管理法規(病歷 電子病歷)\卫生部发布关于印发《病历书写基本规范》的通知.pdf","UNKNOWN","地區待確認","年份待確認","","公告／通知／函釋","病歷、電子病歷與醫療資料","","pdf","912264","2022-09-07T10:12:52.000Z","classified_candidate","0.35"
"0b7633491c293c22","国家卫生计生委办公厅关于印发住院病案首页数据填写质量规范（暂行）和_br_住院病案首页数据质量管理与控制指标（2016版）的通知.pdf","1病案管理法規(病歷 電子病歷)\国家卫生计生委办公厅关于印发住院病案首页数据填写质量规范（暂行）和_br_住院病案首页数据质量管理与控制指标（2016版）的通知.pdf","UNKNOWN","地區待確認","2016","2016","公告／通知／函釋","醫院評鑑與醫療品質","病歷、電子病歷與醫療資料；資訊安全與個人資料","pdf","297679","2022-07-12T08:36:00.000Z","classified_candidate","0.35"
"a35d725c2c5d57f5","电子病历系统应用水平分级评价标准.docx","1病案管理法規(病歷 電子病歷)\电子病历系统应用水平分级评价标准.docx","UNKNOWN","地區待確認","年份待確認","","醫院評鑑／認證標準","醫院評鑑與醫療品質","病歷、電子病歷與醫療資料；資訊安全與個人資料；藥事與藥品管理；感染預防與控制；護理管理；醫技、檢驗與病理；手術、麻醉與疼痛管理；輸血與器官移植；臨床研究與人體試驗；醫療器材與設備；環境、能源與醫療廢棄物；醫院評鑑與醫療品質；醫療治理與依法執業","docx","183294","2022-07-12T07:57:34.000Z","classified_candidate","0.35"
"78f52e1ae11a8195","电子病历系统应用水平分级评价管理办法.doc","1病案管理法規(病歷 電子病歷)\电子病历系统应用水平分级评价管理办法.doc","UNKNOWN","地區待確認","年份待確認","","研究論文／文獻","病歷、電子病歷與醫療資料","","doc","14336","2022-07-12T07:56:26.000Z","classified_candidate","0.35"
"a495320d4db4e2cb","门（急）诊诊疗信息页质量管理规定（试行）.pdf","1病案管理法規(病歷 電子病歷)\门（急）诊诊疗信息页质量管理规定（试行）.pdf","UNKNOWN","地區待確認","年份待確認","","行政法規／條例","醫院評鑑與醫療品質","病歷、電子病歷與醫療資料","pdf","2629004","2024-10-16T02:41:04.000Z","classified_candidate","0.35"
"bce707eec256c8b6","2020年职业卫生技术服务机构国家随机监督抽查计划.doc","1職業安全員工健康\2020年职业卫生技术服务机构国家随机监督抽查计划.doc","UNKNOWN","地區待確認","2020","2020","待確認或非規範文件","職業安全與員工健康","","doc","65536","2022-06-28T00:52:18.000Z","classified_candidate","0.35"
"e531e8f9a6e07cf6","DB32_T 3906-2020 介入放射学和临床核医学放射工作人员 职.pdf","1職業安全員工健康\DB32_T 3906-2020 介入放射学和临床核医学放射工作人员 职.pdf","UNKNOWN","地區待確認","2020","2020","國家或地方標準","職業安全與員工健康","","pdf","3265064","2024-10-06T07:48:18.000Z","classified_candidate","0.35"
"550128bf6ec258d6","DB32_T 4779-2024 职业健康监护工作规范.pdf","1職業安全員工健康\DB32_T 4779-2024 职业健康监护工作规范.pdf","UNKNOWN","地區待確認","2024","2024","國家或地方標準","職業安全與員工健康","","pdf","999911","2024-06-21T01:41:28.000Z","classified_candidate","0.35"
"d675e2fe6ffc338d","DB32_T 4780-2024 职业健康检查机构卫生监督执法工作规范.pdf","1職業安全員工健康\DB32_T 4780-2024 职业健康检查机构卫生监督执法工作规范.pdf","UNKNOWN","地區待確認","2024","2024","國家或地方標準","職業安全與員工健康","","pdf","509754","2024-06-21T01:40:24.000Z","classified_candidate","0.35"
"7f7c5b6c6f2fbef3","DB32_T 4781-2024 职业健康生物监测工作规范.pdf","1職業安全員工健康\DB32_T 4781-2024 职业健康生物监测工作规范.pdf","UNKNOWN","地區待確認","2024","2024","國家或地方標準","職業安全與員工健康","","pdf","657218","2024-10-06T07:47:22.000Z","classified_candidate","0.35"
"f90e1503f3b89af8","DB34T 2751-2016 用人单位职业健康基本工作要求与评估.pdf","1職業安全員工健康\DB34T 2751-2016 用人单位职业健康基本工作要求与评估.pdf","UNKNOWN","地區待確認","2016","2016","國家或地方標準","職業安全與員工健康","","pdf","584919","2024-10-06T07:48:30.000Z","classified_candidate","0.35"
"404acbdeb13d21c5","DB3702_T 36-2023 工会职工心理健康服务规范.pdf","1職業安全員工健康\DB3702_T 36-2023 工会职工心理健康服务规范.pdf","UNKNOWN","地區待確認","2023","2023","國家或地方標準","職業安全與員工健康","","pdf","748112","2025-05-08T07:01:54.000Z","classified_candidate","0.35"
"3539bb905eb6ede7","GBZ 188—2025职业健康监护技术规范.pdf","1職業安全員工健康\GBZ 188—2025职业健康监护技术规范.pdf","UNKNOWN","地區待確認","2025","2025","技術規範／診療指南","職業安全與員工健康","","pdf","1553783","2025-09-06T02:57:52.000Z","classified_candidate","0.35"
"b746f93947dcd383","GBZ 24—2025-20250923160021585职业性减压病诊断标准.pdf","1職業安全員工健康\GBZ 24—2025-20250923160021585职业性减压病诊断标准.pdf","UNKNOWN","地區待確認","2025","2025","國家或地方標準","職業安全與員工健康","","pdf","391281","2025-10-08T02:34:44.000Z","classified_candidate","0.35"
"11ddf325e27e87ae","GBZ 42—2025-20250923160037787职业性急性四氯化碳中毒诊断标准.pdf","1職業安全員工健康\GBZ 42—2025-20250923160037787职业性急性四氯化碳中毒诊断标准.pdf","UNKNOWN","地區待確認","2025","2025","國家或地方標準","職業安全與員工健康","","pdf","276657","2025-10-08T02:34:36.000Z","classified_candidate","0.35"
"409f4a6a7889865d","GBZ 83—2025-20250923160049284职业性砷中毒诊断标准.pdf","1職業安全員工健康\GBZ 83—2025-20250923160049284职业性砷中毒诊断标准.pdf","UNKNOWN","地區待確認","2025","2025","國家或地方標準","職業安全與員工健康","","pdf","310933","2025-10-08T02:34:30.000Z","classified_candidate","0.35"
"79554862b7b447f4","GBZT 192.1—2025-20250923160120704工作场所空气中粉尘测定标准.pdf","1職業安全員工健康\GBZT 192.1—2025-20250923160120704工作场所空气中粉尘测定标准.pdf","UNKNOWN","地區待確認","2070","2070；2025","國家或地方標準","職業安全與員工健康","","pdf","303679","2025-10-08T02:28:16.000Z","classified_candidate","0.35"
"3d3e309f362c00b6","GBZT 192.2—2025-20250923160131172粉尘测定标准.pdf","1職業安全員工健康\GBZT 192.2—2025-20250923160131172粉尘测定标准.pdf","UNKNOWN","地區待確認","2025","2025","國家或地方標準","職業安全與員工健康","","pdf","308820","2025-10-08T02:28:08.000Z","classified_candidate","0.35"
"78cbcdf8f6ba5e03","GBZT 196—2025建设项目职业病危害预评价技术标准.pdf","1職業安全員工健康\GBZT 196—2025建设项目职业病危害预评价技术标准.pdf","UNKNOWN","地區待確認","2025","2025","國家或地方標準","職業安全與員工健康","","pdf","382323","2025-09-06T02:57:42.000Z","classified_candidate","0.35"
"a0cb46cfa584dc42","GBZT 229.1—2025第 1 部分：生产性粉尘.pdf","1職業安全員工健康\GBZT 229.1—2025第 1 部分：生产性粉尘.pdf","UNKNOWN","地區待確認","2025","2025","國家或地方標準","職業安全與員工健康","","pdf","317556","2025-09-06T02:57:36.000Z","classified_candidate","0.35"
"e74d975cc43d46bd","GBZT 229.2—2025第 2 部分：化学物.pdf","1職業安全員工健康\GBZT 229.2—2025第 2 部分：化学物.pdf","UNKNOWN","地區待確認","2025","2025","國家或地方標準","職業安全與員工健康","","pdf","604450","2025-09-06T02:57:30.000Z","classified_candidate","0.35"
"c3b059b80ace2fe5","GBZT 229.3—2025 (1).pdf","1職業安全員工健康\GBZT 229.3—2025 (1).pdf","UNKNOWN","地區待確認","2025","2025","國家或地方標準","職業安全與員工健康","","pdf","1293726","2025-09-06T02:57:22.000Z","classified_candidate","0.35"
"795344f6989b80be","GBZT 229.3—2025第 3 部分：高温作业.pdf","1職業安全員工健康\GBZT 229.3—2025第 3 部分：高温作业.pdf","UNKNOWN","地區待確認","2025","2025","國家或地方標準","職業安全與員工健康","","pdf","1293726","2025-09-06T02:57:12.000Z","classified_candidate","0.35"
"746dea0cf9c9e10e","GBZT 298-2017 工作场所化学有害因素职业健康风险评估技术导则.pdf","1職業安全員工健康\GBZT 298-2017 工作场所化学有害因素职业健康风险评估技术导则.pdf","UNKNOWN","地區待確認","2017","2017","國家或地方標準","職業安全與員工健康","","pdf","1402319","2024-10-06T07:48:52.000Z","classified_candidate","0.35"
"eeb1b48ed88ab5ab","GBZT 300.166—2025第 166 部分：2-氨基吡啶.pdf","1職業安全員工健康\GBZT 300.166—2025第 166 部分：2-氨基吡啶.pdf","UNKNOWN","地區待確認","2025","2025","國家或地方標準","職業安全與員工健康","","pdf","1291194","2025-09-06T02:57:04.000Z","classified_candidate","0.35"
"d6f6c61e2c79470f","GBZT 338—2025-20250923160236464尿中汞测定标准.pdf","1職業安全員工健康\GBZT 338—2025-20250923160236464尿中汞测定标准.pdf","UNKNOWN","地區待確認","2025","2025","國家或地方標準","職業安全與員工健康","","pdf","356549","2025-10-08T02:27:52.000Z","classified_candidate","0.35"
"99b5a45130837a6d","GBZT 340—2025工作场所粉尘危害预防控制指南.pdf","1職業安全員工健康\GBZT 340—2025工作场所粉尘危害预防控制指南.pdf","UNKNOWN","地區待確認","2025","2025","技術規範／診療指南","職業安全與員工健康","","pdf","1525228","2025-09-06T02:56:58.000Z","classified_candidate","0.35"
"4c6f5b4c6b9813bc","GBZT 341—2025工程爆破炮烟职业病危害预防控制指南.pdf","1職業安全員工健康\GBZT 341—2025工程爆破炮烟职业病危害预防控制指南.pdf","UNKNOWN","地區待確認","2025","2025","技術規範／診療指南","職業安全與員工健康","","pdf","569986","2025-09-06T02:56:52.000Z","classified_candidate","0.35"
"abc9a0b1f119470e","GBZT 342—2025工作场所空气中呼吸性粉尘分级管理标准.pdf","1職業安全員工健康\GBZT 342—2025工作场所空气中呼吸性粉尘分级管理标准.pdf","UNKNOWN","地區待確認","2025","2025","國家或地方標準","職業安全與員工健康","","pdf","392102","2025-09-06T02:56:44.000Z","classified_candidate","0.35"
"9c46f6b0d7602ea6","T_NAHIEM 116-2024 医疗机构医用气体供应系统从业人员职业.pdf","1職業安全員工健康\T_NAHIEM 116-2024 医疗机构医用气体供应系统从业人员职业.pdf","UNKNOWN","地區待確認","2024","2024","待確認或非規範文件","職業安全與員工健康","醫療治理與依法執業","pdf","471366","2024-10-15T06:45:10.000Z","classified_candidate","0.35"
"4762098085216a1c","T_WSJD 66-2024 放射工作人员职业健康检查技术指南.pdf","1職業安全員工健康\T_WSJD 66-2024 放射工作人员职业健康检查技术指南.pdf","UNKNOWN","地區待確認","2024","2024","技術規範／診療指南","職業安全與員工健康","","pdf","395945","2024-10-06T07:47:02.000Z","classified_candidate","0.35"
"6b7b49d2f736cdc8","WST 880—2025-20251226160441251.pdf","1職業安全員工健康\WST 880—2025-20251226160441251.pdf","UNKNOWN","地區待確認","2025","2025","國家或地方標準","職業安全與員工健康","","pdf","347536","2026-01-29T02:29:32.000Z","classified_candidate","0.35"
"be1f2a1d749d8120","上海市医务职工健康休息室建设标准.doc","1職業安全員工健康\上海市医务职工健康休息室建设标准.doc","UNKNOWN","上海","年份待確認","","待確認或非規範文件","職業安全與員工健康","","doc","409626","2023-05-16T04:26:44.000Z","classified_candidate","0.35"
"1d9cfecb545b6147","上海市医务职工健康办公室建设标准.doc","1職業安全員工健康\上海市医务职工健康办公室建设标准.doc","UNKNOWN","上海","年份待確認","","待確認或非規範文件","職業安全與員工健康","","doc","409626","2023-05-22T02:59:56.000Z","classified_candidate","0.35"
"30885f71a2b733fe","中华人民共和国职业病防治法(2018年修订版).pdf","1職業安全員工健康\中华人民共和国职业病防治法(2018年修订版).pdf","CN","地區待確認","2018","2018","待確認或非規範文件","職業安全與員工健康","","pdf","387693","2022-07-06T09:41:42.000Z","classified_candidate","0.75"
"4ef305eae99e0817","中华人民共和国职业病防治法.docx","1職業安全員工健康\中华人民共和国职业病防治法.docx","CN","地區待確認","年份待確認","","查檢表／稽核表","醫院評鑑與醫療品質","急診與緊急醫療；臨床研究與人體試驗；職業安全與員工健康；醫療保險與支付；醫療器材與設備；消防、治安與應急管理；環境、能源與醫療廢棄物；醫療治理與依法執業","docx","32136","2021-01-25T09:04:06.000Z","classified_candidate","0.75"
"a5ec35f2c60d7b62","关于制定职业病诊断鉴定费和预防接种异常反应鉴定费收费标准的函.docx","1職業安全員工健康\关于制定职业病诊断鉴定费和预防接种异常反应鉴定费收费标准的函.docx","UNKNOWN","地區待確認","年份待確認","","研究論文／文獻","生殖、婦幼與月子服務","臨床研究與人體試驗；職業安全與員工健康","docx","12327","2022-05-25T09:30:02.000Z","classified_candidate","0.35"
"0e360c0d6f2de42b","医务人员艾滋病病毒职业暴露防护工作指导原则（试行）.doc","1職業安全員工健康\医务人员艾滋病病毒职业暴露防护工作指导原则（试行）.doc","UNKNOWN","地區待確認","年份待確認","","待確認或非規範文件","職業安全與員工健康","","doc","24064","2022-06-29T08:22:56.000Z","classified_candidate","0.35"
"e1abd1b5ca260881","国务院办公厅关于加强传染病防治人员安全防护的意见.pdf","1職業安全員工健康\国务院办公厅关于加强传染病防治人员安全防护的意见.pdf","UNKNOWN","地區待確認","年份待確認","","待確認或非規範文件","感染預防與控制","職業安全與員工健康","pdf","277860","2022-07-06T09:40:34.000Z","classified_candidate","0.35"
"affb1af4d59b0a76","工作场所有害因素职业接触限值.pdf","1職業安全員工健康\工作场所有害因素职业接触限值.pdf","UNKNOWN","地區待確認","年份待確認","","待確認或非規範文件","職業安全與員工健康","","pdf","2135026","2022-07-06T09:40:02.000Z","classified_candidate","0.35"
"d691dc598c91463e","工作场所职业卫生管理规定.doc","1職業安全員工健康\工作场所职业卫生管理规定.doc","UNKNOWN","地區待確認","年份待確認","","行政法規／條例","職業安全與員工健康","","doc","70202","2023-03-01T09:22:52.000Z","classified_candidate","0.35"
"d7f5b96c3cba5148","工作场所职业卫生管理规定.pdf","1職業安全員工健康\工作场所职业卫生管理规定.pdf","UNKNOWN","地區待確認","年份待確認","","行政法規／條例","職業安全與員工健康","","pdf","334274","2022-07-06T09:22:24.000Z","classified_candidate","0.35"
"bd313f5cd89732f1","建设项目放射性职业病危害评价报告编制标准.pdf","1職業安全員工健康\建设项目放射性职业病危害评价报告编制标准.pdf","UNKNOWN","地區待確認","年份待確認","","待確認或非規範文件","職業安全與員工健康","","pdf","459066","2024-08-09T06:04:12.000Z","classified_candidate","0.35"
"57550ab78f6f3cd4","放射工作人员职业健康检查和受照剂量估算.pdf","1職業安全員工健康\放射工作人员职业健康检查和受照剂量估算.pdf","UNKNOWN","地區待確認","年份待確認","","待確認或非規範文件","職業安全與員工健康","","pdf","669010","2023-04-02T07:58:36.000Z","classified_candidate","0.35"
"0f31c2b6c7facce2","疑似职业病界定标准.pdf","1職業安全員工健康\疑似职业病界定标准.pdf","UNKNOWN","地區待確認","年份待確認","","待確認或非規範文件","職業安全與員工健康","","pdf","238379","2022-08-26T08:25:16.000Z","classified_candidate","0.35"
"f791804fbd3c405c","职业健康检查管理办法.doc","1職業安全員工健康\职业健康检查管理办法.doc","UNKNOWN","地區待確認","年份待確認","","院內制度／SOP","職業安全與員工健康","","doc","48128","2022-07-05T13:49:44.000Z","classified_candidate","0.35"
"70c3135897c99882","职业健康检查管理办法.pdf","1職業安全員工健康\职业健康检查管理办法.pdf","UNKNOWN","地區待確認","年份待確認","","院內制度／SOP","職業安全與員工健康","","pdf","172444","2022-07-06T09:46:24.000Z","classified_candidate","0.35"
"cd9f5776b46cbbf9","职业卫生技术服务工作规范.pdf","1職業安全員工健康\职业卫生技术服务工作规范.pdf","UNKNOWN","地區待確認","年份待確認","","待確認或非規範文件","職業安全與員工健康","","pdf","2689735","2024-08-09T06:00:06.000Z","classified_candidate","0.35"
"3625732f6659da80","职业卫生技术服务机构监督执法工作规范.pdf","1職業安全員工健康\职业卫生技术服务机构监督执法工作规范.pdf","UNKNOWN","地區待確認","年份待確認","","待確認或非規範文件","職業安全與員工健康","","pdf","1658509","2023-12-06T13:01:08.000Z","classified_candidate","0.35"
"a9c9e18d9d97a6b8","职业性放射性甲状腺疾病诊断.pdf","1職業安全員工健康\职业性放射性甲状腺疾病诊断.pdf","UNKNOWN","地區待確認","年份待確認","","待確認或非規範文件","職業安全與員工健康","","pdf","305005","2022-08-24T07:22:18.000Z","classified_candidate","0.35"
"b7adb847a955ef74","职业性皮肤放射性污染个人监测标准.pdf","1職業安全員工健康\职业性皮肤放射性污染个人监测标准.pdf","UNKNOWN","地區待確認","年份待確認","","待確認或非規範文件","職業安全與員工健康","","pdf","1495355","2024-08-09T06:03:48.000Z","classified_candidate","0.35"
"8c22b1ddbccc6764","职业病诊断与鉴定管理办法.docx","1職業安全員工健康\职业病诊断与鉴定管理办法.docx","CN","地區待確認","年份待確認","","公告／通知／函釋","醫院評鑑與醫療品質","資訊安全與個人資料；醫技、檢驗與病理；職業安全與員工健康；醫療器材與設備；醫療治理與依法執業","docx","21162","2022-05-25T09:31:46.000Z","classified_candidate","0.75"
"355184f848bba9f6","2024年医保基金违法违规问题专项整治工作方案.wps","1醫保\2024年医保基金违法违规问题专项整治工作方案.wps","UNKNOWN","地區待確認","2024","2024","待確認或非規範文件","醫療保險與支付","","wps","57781","2024-05-23T05:11:46.000Z","classified_candidate","0.35"
"1480cba8d94a4fea","2024年医疗保障基金飞行检查工作方案.docm","1醫保\2024年医疗保障基金飞行检查工作方案.docm","CN","地區待確認","2024","2024","公告／通知／函釋","病歷、電子病歷與醫療資料","資訊安全與個人資料；藥事與藥品管理；醫技、檢驗與病理；手術、麻醉與疼痛管理；醫療保險與支付；醫療器材與設備；臨床診療與醫療技術；財務、採購與內部稽核；醫療治理與依法執業","docm","34001","2024-05-23T05:11:48.000Z","classified_candidate","0.75"
"04b67c175818f7b6","2024年医疗保障基金飞行检查工作方案.wps","1醫保\2024年医疗保障基金飞行检查工作方案.wps","UNKNOWN","地區待確認","2024","2024","待確認或非規範文件","醫療保險與支付","","wps","41472","2024-05-23T05:11:46.000Z","classified_candidate","0.35"
"e8ceee9a0ec6f3ea","DB1310_T 350-2024 医疗保障窗口服务规范.pdf","1醫保\DB1310_T 350-2024 医疗保障窗口服务规范.pdf","UNKNOWN","地區待確認","2024","2024","國家或地方標準","醫療保險與支付","","pdf","576803","2024-10-15T07:01:34.000Z","classified_candidate","0.35"
"9ee27e8603d068dd","DB41_T 2701-2024 医疗保障经办服务规范.pdf","1醫保\DB41_T 2701-2024 医疗保障经办服务规范.pdf","UNKNOWN","地區待確認","2024","2024","國家或地方標準","醫療保險與支付","","pdf","861082","2024-10-15T07:02:08.000Z","classified_candidate","0.35"
"458868406898bb79","T_CHAS 10-4-11-2023 中国医院医疗管理 医保费用管理.pdf","1醫保\T_CHAS 10-4-11-2023 中国医院医疗管理 医保费用管理.pdf","CN","地區待確認","2023","2023","待確認或非規範文件","醫療保險與支付","醫療治理與依法執業","pdf","372360","2024-06-09T02:39:40.000Z","classified_candidate","0.75"
"d00ecaf6d4000694","《违法违规使用医疗保障基金举报奖励办法》政策解读.wps","1醫保\《违法违规使用医疗保障基金举报奖励办法》政策解读.wps","UNKNOWN","地區待確認","年份待確認","","行政法規／條例","醫療保險與支付","","wps","27136","2024-05-23T05:11:46.000Z","classified_candidate","0.35"
"d2a8a903b94027fd","医疗保障基金飞行检查管理暂行办法.docm","1醫保\医疗保障基金飞行检查管理暂行办法.docm","CN","地區待確認","年份待確認","","查檢表／稽核表","病歷、電子病歷與醫療資料","資訊安全與個人資料；醫療保險與支付；醫療器材與設備；財務、採購與內部稽核","docm","36522","2024-05-23T05:11:48.000Z","classified_candidate","0.75"
"14976ae2904155aa","医疗保障基金飞行检查管理暂行办法.wps","1醫保\医疗保障基金飞行检查管理暂行办法.wps","UNKNOWN","地區待確認","年份待確認","","行政法規／條例","醫療保險與支付","","wps","43008","2024-05-23T05:11:46.000Z","classified_candidate","0.35"
"b06cf278eea72de9","DRG付费改革对某专科医院医疗服务及住院费用的影响分析.pdf","1醫保\8.DRG DIP 付費\DRG付费改革对某专科医院医疗服务及住院费用的影响分析.pdf","UNKNOWN","地區待確認","年份待確認","","待確認或非規範文件","醫療保險與支付","","pdf","1457935","2024-08-22T06:54:32.000Z","classified_candidate","0.35"
"d88775c949805084","DRG点数付费对恶性肿瘤手术患者住院费用和住院天数的影响分析.pdf","1醫保\8.DRG DIP 付費\DRG点数付费对恶性肿瘤手术患者住院费用和住院天数的影响分析.pdf","UNKNOWN","地區待確認","年份待確認","","待確認或非規範文件","手術、麻醉與疼痛管理","醫療保險與支付；臨床診療與醫療技術","pdf","1659113","2024-08-22T07:45:14.000Z","classified_candidate","0.35"
"db1d2078fbd117d3","ISO质量管理体系在护理管理中运行后的内部审核.pdf","1醫保\8.DRG DIP 付費\ISO质量管理体系在护理管理中运行后的内部审核.pdf","UNKNOWN","地區待確認","年份待確認","","國家或地方標準","醫院評鑑與醫療品質","護理管理；醫療保險與支付","pdf","353815","2024-08-22T07:09:48.000Z","classified_candidate","0.35"
"78c151ba214eebb6","国家医疗保障局 政策解读 《关于印发按病组（DRG）和病种分值（DIP）付费2.0版分组方案并深入推进相关工作的通知》政策解读.pdf","1醫保\8.DRG DIP 付費\国家医疗保障局 政策解读 《关于印发按病组（DRG）和病种分值（DIP）付费2.0版分组方案并深入推进相关工作的通知》政策解读.pdf","UNKNOWN","地區待確認","年份待確認","","公告／通知／函釋","醫療保險與支付","","pdf","364543","2024-08-19T04:21:34.000Z","classified_candidate","0.35"
"867e16777e2e132d","按病种分值（DIP）付费2.0版病种库介绍.docx","1醫保\8.DRG DIP 付費\按病种分值（DIP）付费2.0版病种库介绍.docx","UNKNOWN","地區待確認","年份待確認","","研究論文／文獻","資訊安全與個人資料","手術、麻醉與疼痛管理；臨床研究與人體試驗；醫療保險與支付；臨床診療與醫療技術；醫療治理與依法執業","docx","440669","2024-08-19T04:21:08.000Z","classified_candidate","0.35"
"618ef77bbc3c87e6","按病组（DRG）付费2.0版分组方案介绍.docx","1醫保\8.DRG DIP 付費\按病组（DRG）付费2.0版分组方案介绍.docx","UNKNOWN","地區待確認","年份待確認","","研究論文／文獻","資訊安全與個人資料","感染預防與控制；手術、麻醉與疼痛管理；醫療保險與支付；臨床診療與醫療技術；醫療治理與依法執業","docx","415421","2024-08-19T04:21:06.000Z","classified_candidate","0.35"
"3eef9c0c37628ede","数据驱动的DRG-DIP-临床路径多维融合分析评价.pdf","1醫保\8.DRG DIP 付費\数据驱动的DRG-DIP-临床路径多维融合分析评价.pdf","UNKNOWN","地區待確認","年份待確認","","待確認或非規範文件","資訊安全與個人資料","醫療保險與支付","pdf","1611840","2024-08-22T06:52:30.000Z","classified_candidate","0.35"
"e695a4c13d5519de","CEC-15-Dec-2022.pdf","22.財務\CEC-15-Dec-2022.pdf","UNKNOWN","地區待確認","2022","2022","待確認或非規範文件","財務、採購與內部稽核","","pdf","2526621","2023-11-27T05:30:06.000Z","classified_candidate","0.35"
"470b31a85e407b59","GPRs-1-Sep-2023.pdf","22.財務\GPRs-1-Sep-2023.pdf","UNKNOWN","地區待確認","2023","2023","待確認或非規範文件","財務、採購與內部稽核","","pdf","536346","2023-11-27T05:30:48.000Z","classified_candidate","0.35"
"204ac348e1c2843a","T_GDWJ 016-2023 公立医院全面预算管理工作指南.pdf","22.財務\T_GDWJ 016-2023 公立医院全面预算管理工作指南.pdf","UNKNOWN","地區待確認","2023","2023","技術規範／診療指南","財務、採購與內部稽核","","pdf","1735268","2023-09-24T06:26:54.000Z","classified_candidate","0.35"
"9d0ee1ca61be0313","八项规定严格禁止的财务行为80条详细解析（收藏）.xlsx","22.財務\八项规定严格禁止的财务行为80条详细解析（收藏）.xlsx","CN","地區待確認","年份待確認","","醫院評鑑／認證標準","感染預防與控制","醫療保險與支付；財務、採購與內部稽核；醫院評鑑與醫療品質；醫療治理與依法執業","xlsx","42265","2024-05-23T05:11:44.000Z","classified_candidate","0.75"
"3641b4ebf11f4319","(2018年版)二级中医医院评审专家手册.doc","29內審員\(2018年版)二级中医医院评审专家手册.doc","UNKNOWN","地區待確認","2018","2018","醫院評鑑／認證標準","財務、採購與內部稽核","醫院評鑑與醫療品質","doc","2801145","2023-08-31T12:09:30.000Z","classified_candidate","0.35"
"e327dd34535f508f","04-2-內部稽核技巧.pdf","29內審員\04-2-內部稽核技巧.pdf","UNKNOWN","地區待確認","年份待確認","","查檢表／稽核表","財務、採購與內部稽核","","pdf","862435","2023-11-27T05:01:26.000Z","classified_candidate","0.35"
"07df06d380b0b2e3","2020年三级综合医院现场评审评审员职责与纪律.docx","29內審員\2020年三级综合医院现场评审评审员职责与纪律.docx","UNKNOWN","地區待確認","2020","2020","醫院評鑑／認證標準","臨床研究與人體試驗","醫療保險與支付；財務、採購與內部稽核；醫院評鑑與醫療品質","docx","26923","2023-09-06T06:01:44.000Z","classified_candidate","0.35"
"a86abffd95afcfb8","医政（管理）评审专家培训讲义2.5[最终定稿].docx","29內審員\医政（管理）评审专家培训讲义2.5[最终定稿].docx","CN","地區待確認","年份待確認","","查檢表／稽核表","醫院評鑑與醫療品質","病歷、電子病歷與醫療資料；資訊安全與個人資料；藥事與藥品管理；感染預防與控制；護理管理；醫技、檢驗與病理；手術、麻醉與疼痛管理；急診與緊急醫療；輸血與器官移植；生殖、婦幼與月子服務；生殖、婦幼與月子服務；臨床研究與人體試驗；醫療保險與支付；醫療器材與設備；消防、治安與應急管理；環境、能源與醫療廢棄物；財務、採購與內部稽核；醫院評鑑與醫療品質；後勤、建築與設施安全；圖書、教育與文件管理；醫療治理與依法執業","docx","53574","2023-08-31T12:49:16.000Z","classified_candidate","0.75"
"8cec22e379129afc","医院评审专家库管理办法（全文）.docx","29內審員\医院评审专家库管理办法（全文）.docx","UNKNOWN","地區待確認","年份待確認","","醫院評鑑／認證標準","臨床研究與人體試驗","醫療保險與支付；財務、採購與內部稽核；醫院評鑑與醫療品質；醫療治理與依法執業","docx","17473","2023-08-31T12:00:44.000Z","classified_candidate","0.35"
"631e41cdedbfa052","医院评审现场评价工作手册工作手册.doc","29內審員\医院评审现场评价工作手册工作手册.doc","UNKNOWN","地區待確認","年份待確認","","醫院評鑑／認證標準","財務、採購與內部稽核","醫院評鑑與醫療品質","doc","78964","2023-09-06T06:00:20.000Z","classified_candidate","0.35"
"52b3ab3fe05c01b1","卫生部三甲医院评审员手册(新版).doc","29內審員\卫生部三甲医院评审员手册(新版).doc","UNKNOWN","地區待確認","年份待確認","","醫院評鑑／認證標準","財務、採購與內部稽核","醫院評鑑與醫療品質","doc","88104","2023-09-06T06:02:16.000Z","classified_candidate","0.35"
"390efbf98ef320ed","江苏省三级综合医院评审标准实施细则.pdf","29內審員\江苏省三级综合医院评审标准实施细则.pdf","CN","江蘇","年份待確認","","醫院評鑑／認證標準","財務、採購與內部稽核","醫院評鑑與醫療品質","pdf","12842182","2024-04-18T07:19:30.000Z","classified_candidate","0.75"
"b448e1f2d126af62","评审员工作手册.doc","29內審員\评审员工作手册.doc","UNKNOWN","地區待確認","年份待確認","","醫院評鑑／認證標準","財務、採購與內部稽核","醫院評鑑與醫療品質","doc","60928","2023-09-06T06:00:38.000Z","classified_candidate","0.35"
"934b8b7915c9a714","醫院評鑑及教學醫院評鑑委員遴聘要點1080211修訂.pdf","29內審員\醫院評鑑及教學醫院評鑑委員遴聘要點1080211修訂.pdf","UNKNOWN","地區待確認","年份待確認","","醫院評鑑／認證標準","財務、採購與內部稽核","醫院評鑑與醫療品質","pdf","200037","2023-07-27T12:42:04.000Z","classified_candidate","0.35"
"73201b5782fa06aa","01老年虚证脐灸技术（联合）.pdf","2护理标准法规\01老年虚证脐灸技术（联合）.pdf","UNKNOWN","地區待確認","年份待確認","","待確認或非規範文件","護理管理","","pdf","1110787","2025-07-30T04:02:12.000Z","classified_candidate","0.35"
"0a66e7e912f69998","02腰椎间盘突出症火龙罐灸技术（联合）.pdf","2护理标准法规\02腰椎间盘突出症火龙罐灸技术（联合）.pdf","UNKNOWN","地區待確認","年份待確認","","待確認或非規範文件","護理管理","","pdf","1371897","2025-07-30T04:02:50.000Z","classified_candidate","0.35"
"0c63da14fc239f70","110-关于印发《湖南省护理学会团体标准申投诉管理制度》等制度性文件的通知.pdf","2护理标准法规\110-关于印发《湖南省护理学会团体标准申投诉管理制度》等制度性文件的通知.pdf","UNKNOWN","湖南","年份待確認","","公告／通知／函釋","護理管理","","pdf","97729","2026-01-29T03:05:36.000Z","classified_candidate","0.35"
"84ea7eef0e35452b","1739783480846_74444.pdf","2护理标准法规\1739783480846_74444.pdf","UNKNOWN","地區待確認","年份待確認","","待確認或非規範文件","護理管理","","pdf","203309","2026-01-29T02:38:10.000Z","classified_candidate","0.35"
"7b946a2d4d3cc694","1739783482145_64567.pdf","2护理标准法规\1739783482145_64567.pdf","UNKNOWN","地區待確認","年份待確認","","待確認或非規範文件","護理管理","","pdf","289590","2026-01-29T02:37:56.000Z","classified_candidate","0.35"
"a8477ed643fef9ff","DB34_T 5466-2026 血液透析护理服务规范.pdf","2护理标准法规\DB34_T 5466-2026 血液透析护理服务规范.pdf","UNKNOWN","地區待確認","2026","2026","國家或地方標準","護理管理","","pdf","233513","2026-08-04T07:33:58.000Z","classified_candidate","0.35"
"729113fb6c5cb336","DB44_T 2862-2026 妇科围手术期中医护理服务规范.pdf","2护理标准法规\DB44_T 2862-2026 妇科围手术期中医护理服务规范.pdf","UNKNOWN","地區待確認","2026","2026","國家或地方標準","護理管理","手術、麻醉與疼痛管理","pdf","690494","2026-08-04T07:34:10.000Z","classified_candidate","0.35"
"82156c8678e8c087","T_CNAS 56-2026 成人ICU有创机械通气患者早期活动评估和护.pdf","2护理标准法规\T_CNAS 56-2026 成人ICU有创机械通气患者早期活动评估和护.pdf","UNKNOWN","地區待確認","2026","2026","待確認或非規範文件","護理管理","","pdf","494327","2026-08-04T07:35:22.000Z","classified_candidate","0.35"
"3cfae89c67f98422","T_CNAS 59-2026 患者自控镇痛护理.pdf","2护理标准法规\T_CNAS 59-2026 患者自控镇痛护理.pdf","UNKNOWN","地區待確認","2026","2026","待確認或非規範文件","護理管理","","pdf","466633","2026-08-04T07:35:08.000Z","classified_candidate","0.35"
"8f6093304e9da961","T_CNAS 61-2026 女性盆底功能障碍性疾病患者康复护理.pdf","2护理标准法规\T_CNAS 61-2026 女性盆底功能障碍性疾病患者康复护理.pdf","UNKNOWN","地區待確認","2026","2026","待確認或非規範文件","護理管理","","pdf","517489","2026-08-04T07:34:54.000Z","classified_candidate","0.35"
"f5cf9cc5a7875b1a","T_CNAS 64-2026 儿童造血干细胞回输护理.pdf","2护理标准法规\T_CNAS 64-2026 儿童造血干细胞回输护理.pdf","UNKNOWN","地區待確認","2026","2026","待確認或非規範文件","護理管理","","pdf","369789","2026-08-04T07:34:44.000Z","classified_candidate","0.35"
"4350966ffc159e10","T_GXAS 1375-2026 地中海贫血患者造血干细胞移植术后护理规.pdf","2护理标准法规\T_GXAS 1375-2026 地中海贫血患者造血干细胞移植术后护理规.pdf","UNKNOWN","地區待確認","2026","2026","待確認或非規範文件","護理管理","","pdf","2032340","2026-08-04T07:33:46.000Z","classified_candidate","0.35"
"fe45ac312c2ef9fb","T_NAHIEM 87-2023 新生儿病房建设与设备配置标准.pdf","2护理标准法规\T_NAHIEM 87-2023 新生儿病房建设与设备配置标准.pdf","UNKNOWN","地區待確認","2023","2023","待確認或非規範文件","護理管理","醫療器材與設備","pdf","799126","2025-08-06T04:28:08.000Z","classified_candidate","0.35"
"1dcc6629b27d910f","WST 848-2025末梢血标本采集指南.pdf","2护理标准法规\WST 848-2025末梢血标本采集指南.pdf","UNKNOWN","地區待確認","2025","2025","技術規範／診療指南","護理管理","","pdf","440285","2025-08-26T04:49:52.000Z","classified_candidate","0.35"
"23ba0956961a3e3c","WST 856-2025安全注射标准.pdf","2护理标准法规\WST 856-2025安全注射标准.pdf","UNKNOWN","地區待確認","2025","2025","國家或地方標準","護理管理","","pdf","329937","2025-08-26T06:34:04.000Z","classified_candidate","0.35"
"0e99c65adfc7f870","WST 862-2025导尿管相关尿路感染预防与控制标准.pdf","2护理标准法规\WST 862-2025导尿管相关尿路感染预防与控制标准.pdf","UNKNOWN","地區待確認","2025","2025","國家或地方標準","感染預防與控制","護理管理","pdf","269638","2025-08-26T06:34:16.000Z","classified_candidate","0.35"
"447288be5244a3e1","WST 863-2025呼吸机相关肺炎预防与控制标准.pdf","2护理标准法规\WST 863-2025呼吸机相关肺炎预防与控制标准.pdf","UNKNOWN","地區待確認","2025","2025","國家或地方標準","護理管理","","pdf","275845","2025-08-26T06:35:42.000Z","classified_candidate","0.35"
"4640c9b7a9d868fa","WS_T 840-2025 患者身份识别管理标准.pdf","2护理标准法规\WS_T 840-2025 患者身份识别管理标准.pdf","UNKNOWN","地區待確認","2025","2025","國家或地方標準","護理管理","","pdf","361723","2025-08-15T12:37:30.000Z","classified_candidate","0.35"
"ee08691cad70f476","WS_T 859-2025 新生儿病区医院感染预防与控制标准.pdf","2护理标准法规\WS_T 859-2025 新生儿病区医院感染预防与控制标准.pdf","UNKNOWN","地區待確認","2025","2025","國家或地方標準","感染預防與控制","護理管理","pdf","649518","2025-08-13T09:05:06.000Z","classified_candidate","0.35"
"9b13c222909c5c31","YY_T 0086-2020 医用冷藏箱.pdf","2护理标准法规\YY_T 0086-2020 医用冷藏箱.pdf","UNKNOWN","地區待確認","2020","2020","待確認或非規範文件","護理管理","","pdf","8059975","2025-09-08T05:58:50.000Z","classified_candidate","0.35"
"c905cf67b469b560","附件1-团体标准申投诉管理制度.docx","2护理标准法规\附件1-团体标准申投诉管理制度.docx","UNKNOWN","地區待確認","年份待確認","","研究論文／文獻","護理管理","臨床研究與人體試驗","docx","194140","2026-01-29T03:05:40.000Z","classified_candidate","0.35"
"958de9ba233c544b","附件2-团体标准知识产权管理制度.docx","2护理标准法规\附件2-团体标准知识产权管理制度.docx","CN","地區待確認","年份待確認","","研究論文／文獻","護理管理","醫療器材與設備","docx","468826","2026-01-29T03:05:42.000Z","classified_candidate","0.75"
"b663c46c14cd227f","附件3-标准化文件管理制度.docx","2护理标准法规\附件3-标准化文件管理制度.docx","UNKNOWN","地區待確認","年份待確認","","醫院評鑑／認證標準","資訊安全與個人資料","護理管理；醫院評鑑與醫療品質；圖書、教育與文件管理","docx","252319","2026-01-29T03:05:44.000Z","classified_candidate","0.35"
"4a6f5f61bfe0fd5e","3住院成人高血糖患者血糖监测医护协议处方共识.pdf","2护理标准法规\1.中华护理杂志\专家共识\3住院成人高血糖患者血糖监测医护协议处方共识.pdf","UNKNOWN","地區待確認","年份待確認","","專家共識","藥事與藥品管理","護理管理","pdf","2143351","2024-08-19T01:19:42.000Z","classified_candidate","0.35"
"55551b7889801472","含碘对比剂静脉外渗护理管理实践指南.pdf","2护理标准法规\1.中华护理杂志\指南\含碘对比剂静脉外渗护理管理实践指南.pdf","UNKNOWN","地區待確認","年份待確認","","技術規範／診療指南","護理管理","","pdf","1244887","2024-08-19T01:19:30.000Z","classified_candidate","0.35"
"7cd0401a0f1451a1","多发性骨髓瘤护理实践指南.pdf","2护理标准法规\1.中华护理杂志\指南\多发性骨髓瘤护理实践指南.pdf","UNKNOWN","地區待確認","年份待確認","","技術規範／診療指南","護理管理","","pdf","1167224","2024-08-19T01:19:30.000Z","classified_candidate","0.35"
"a6fcc39242a000e3","急性缺血性脑卒中静脉溶栓护理指南.pdf","2护理标准法规\1.中华护理杂志\指南\急性缺血性脑卒中静脉溶栓护理指南.pdf","UNKNOWN","地區待確認","年份待確認","","技術規範／診療指南","護理管理","","pdf","985478","2024-08-19T01:19:32.000Z","classified_candidate","0.35"
"8a6c1220b156efa9","糖尿病患者胰岛素无针注射操作指引.pdf","2护理标准法规\1.中华护理杂志\指南\糖尿病患者胰岛素无针注射操作指引.pdf","UNKNOWN","地區待確認","年份待確認","","技術規範／診療指南","護理管理","","pdf","1066977","2024-08-19T01:19:32.000Z","classified_candidate","0.35"
"46fc4026deb9951c","《PICC尖端心腔内电图定位技术》团体标准解读.pdf","2护理标准法规\2.中国护理管理\《PICC尖端心腔内电图定位技术》团体标准解读.pdf","CN","地區待確認","年份待確認","","待確認或非規範文件","護理管理","臨床診療與醫療技術","pdf","3014784","2024-08-19T01:19:28.000Z","classified_candidate","0.75"
"ba2f5ee9398bd827","《儿童动脉血气分析临床操作实践标准》 要点解读.pdf","2护理标准法规\2.中国护理管理\《儿童动脉血气分析临床操作实践标准》 要点解读.pdf","CN","地區待確認","年份待確認","","待確認或非規範文件","護理管理","","pdf","1752223","2024-08-19T01:19:28.000Z","classified_candidate","0.75"
"e5239e274a39fb75","《儿童动脉血气分析临床操作实践标准》采血流程的实施研究.pdf","2护理标准法规\2.中国护理管理\《儿童动脉血气分析临床操作实践标准》采血流程的实施研究.pdf","CN","地區待確認","年份待確認","","研究論文／文獻","護理管理","臨床研究與人體試驗","pdf","4222028","2024-08-19T01:19:28.000Z","classified_candidate","0.75"
"272b0376046d4915","《国际造口指南(第2版)》解读.pdf","2护理标准法规\2.中国护理管理\《国际造口指南(第2版)》解读.pdf","CN","地區待確認","年份待確認","","技術規範／診療指南","護理管理","","pdf","1905728","2024-08-19T01:19:28.000Z","classified_candidate","0.75"
"dc0800c4a14e7c3c","《成人动脉血气分析临床操作实践标准（第二版）》解读.pdf","2护理标准法规\2.中国护理管理\《成人动脉血气分析临床操作实践标准（第二版）》解读.pdf","CN","地區待確認","年份待確認","","待確認或非規範文件","護理管理","","pdf","3404017","2024-08-19T01:19:28.000Z","classified_candidate","0.75"
"0135281f0a88eb8d","多参数监护仪临床警报管理实践指南(2020版）简版.pdf","2护理标准法规\2.中国护理管理\多参数监护仪临床警报管理实践指南(2020版）简版.pdf","CN","地區待確認","2020","2020","技術規範／診療指南","護理管理","","pdf","2990996","2024-08-19T01:19:30.000Z","classified_candidate","0.75"
"c6dacf32c278956b","1.静脉导管常见并发症临床护理实践指南.pdf","2护理标准法规\3.中华现代护理杂志\1. 指南\1.静脉导管常见并发症临床护理实践指南.pdf","UNKNOWN","地區待確認","年份待確認","","技術規範／診療指南","護理管理","","pdf","1555539","2024-08-19T01:19:44.000Z","classified_candidate","0.35"
"073f67ce1ffacf8d","1.加拿大安大略护士协会2013年第2版《营造并维持护理领导力》临床实践指南解读.pdf","2护理标准法规\3.中华现代护理杂志\1. 指南\3. 指南解读\1.加拿大安大略护士协会2013年第2版《营造并维持护理领导力》临床实践指南解读.pdf","UNKNOWN","地區待確認","2013","2013","技術規範／診療指南","護理管理","","pdf","574260","2024-08-19T01:20:04.000Z","classified_candidate","0.35"
"64b7a35c0483e84f","10.世界造口治疗师协会《国际造口指南（第2版）》要点解读.pdf","2护理标准法规\3.中华现代护理杂志\1. 指南\3. 指南解读\10.世界造口治疗师协会《国际造口指南（第2版）》要点解读.pdf","UNKNOWN","地區待確認","年份待確認","","技術規範／診療指南","護理管理","","pdf","16016363","2024-08-19T01:20:08.000Z","classified_candidate","0.35"
"11cf958aaf205246","2.《跨专业团队压力性损伤的评估与管理》指南解析：评估与计划.pdf","2护理标准法规\3.中华现代护理杂志\1. 指南\3. 指南解读\2.《跨专业团队压力性损伤的评估与管理》指南解析：评估与计划.pdf","UNKNOWN","地區待確認","年份待確認","","技術規範／診療指南","護理管理","","pdf","476980","2024-08-19T01:20:08.000Z","classified_candidate","0.35"
"e99a007641001c0e","3.《成人造口患者术前术后的护理支持（第2版）》最佳实践指南解读.pdf","2护理标准法规\3.中华现代护理杂志\1. 指南\3. 指南解读\3.《成人造口患者术前术后的护理支持（第2版）》最佳实践指南解读.pdf","UNKNOWN","地區待確認","年份待確認","","技術規範／診療指南","護理管理","","pdf","411283","2024-08-19T01:20:10.000Z","classified_candidate","0.35"
"51fde7efef830b6c","4.2020 版 ICFSR 老年衰弱指南解读.pdf","2护理标准法规\3.中华现代护理杂志\1. 指南\3. 指南解读\4.2020 版 ICFSR 老年衰弱指南解读.pdf","UNKNOWN","地區待確認","2020","2020","技術規範／診療指南","護理管理","","pdf","491803","2024-08-19T01:20:10.000Z","classified_candidate","0.35"
"62c06f694d767006","5.《2021 NICE 医患共同决策指南》要点解读.pdf","2护理标准法规\3.中华现代护理杂志\1. 指南\3. 指南解读\5.《2021 NICE 医患共同决策指南》要点解读.pdf","UNKNOWN","地區待確認","2021","2021","技術規範／診療指南","護理管理","","pdf","446189","2024-08-19T01:20:12.000Z","classified_candidate","0.35"
"6d6cfec50848684d","6.《最佳实践建议：卒中后过渡和社会参与》指南解读.pdf","2护理标准法规\3.中华现代护理杂志\1. 指南\3. 指南解读\6.《最佳实践建议：卒中后过渡和社会参与》指南解读.pdf","UNKNOWN","地區待確認","年份待確認","","技術規範／診療指南","護理管理","","pdf","19134340","2024-08-19T01:20:16.000Z","classified_candidate","0.35"
"9f9dacb592545c86","7.2020版《NICE成人围手术期护理》指南解读.pdf","2护理标准法规\3.中华现代护理杂志\1. 指南\3. 指南解读\7.2020版《NICE成人围手术期护理》指南解读.pdf","UNKNOWN","地區待確認","2020","2020","技術規範／診療指南","護理管理","手術、麻醉與疼痛管理","pdf","1367802","2024-08-19T01:20:14.000Z","classified_candidate","0.35"
"1773e62a29d4cb15","10.医疗机构护理员工作内容的专家建议.pdf","2护理标准法规\3.中华现代护理杂志\2. 共识\10.医疗机构护理员工作内容的专家建议.pdf","UNKNOWN","地區待確認","年份待確認","","待確認或非規範文件","護理管理","醫療治理與依法執業","pdf","16007280","2024-08-19T01:19:50.000Z","classified_candidate","0.35"
"cb9e4587a6adc743","11.山东省成人体外膜肺氧合技术护理建议.pdf","2护理标准法规\3.中华现代护理杂志\2. 共识\11.山东省成人体外膜肺氧合技术护理建议.pdf","CN","山東","年份待確認","","待確認或非規範文件","護理管理","","pdf","32202666","2024-08-19T01:37:20.000Z","classified_candidate","0.75"
"6754da02c2cebd88","1592816665044055264.pdf","2护理标准法规\4.护理学会标准\1592816665044055264.pdf","UNKNOWN","地區待確認","年份待確認","","待確認或非規範文件","護理管理","","pdf","460183","2021-09-13T04:39:20.000Z","classified_candidate","0.35"
"2352357f9ff04f07","1592816676128083099.pdf","2护理标准法规\4.护理学会标准\1592816676128083099.pdf","UNKNOWN","地區待確認","年份待確認","","待確認或非規範文件","護理管理","","pdf","449182","2021-09-13T04:39:24.000Z","classified_candidate","0.35"
"a6bd0d5fa1dc630d","1592816686248095493.pdf","2护理标准法规\4.护理学会标准\1592816686248095493.pdf","UNKNOWN","地區待確認","年份待確認","","待確認或非規範文件","護理管理","","pdf","328583","2021-09-13T04:39:24.000Z","classified_candidate","0.35"
"d376416ae9fd94e3","1592816696001016485.pdf","2护理标准法规\4.护理学会标准\1592816696001016485.pdf","UNKNOWN","地區待確認","年份待確認","","待確認或非規範文件","護理管理","","pdf","420952","2021-09-13T04:39:30.000Z","classified_candidate","0.35"
"476e88d1e00d7a7e","1592816707454021233.pdf","2护理标准法规\4.护理学会标准\1592816707454021233.pdf","UNKNOWN","地區待確認","年份待確認","","待確認或非規範文件","護理管理","","pdf","542012","2021-09-13T04:39:56.000Z","classified_candidate","0.35"
"e55e03cdd9e6cff3","1592816717650026057.pdf","2护理标准法规\4.护理学会标准\1592816717650026057.pdf","UNKNOWN","地區待確認","年份待確認","","待確認或非規範文件","護理管理","","pdf","476807","2021-09-13T04:40:00.000Z","classified_candidate","0.35"
"c98206ba1c4ec038","1592816728226034823.pdf","2护理标准法规\4.护理学会标准\1592816728226034823.pdf","UNKNOWN","地區待確認","年份待確認","","待確認或非規範文件","護理管理","","pdf","314739","2021-09-13T04:40:04.000Z","classified_candidate","0.35"
"7f14a74b1c6cd3cf","PICC 尖端心腔内电图定位技术.pdf","2护理标准法规\4.护理学会标准\PICC 尖端心腔内电图定位技术.pdf","UNKNOWN","地區待確認","年份待確認","","待確認或非規範文件","護理管理","臨床診療與醫療技術","pdf","784812","2021-09-13T04:47:56.000Z","classified_candidate","0.35"
"49de861043a3c3d1","便秘的耳穴贴压技术.pdf","2护理标准法规\4.护理学会标准\便秘的耳穴贴压技术.pdf","UNKNOWN","地區待確認","年份待確認","","待確認或非規範文件","護理管理","","pdf","626068","2021-09-13T04:39:14.000Z","classified_candidate","0.35"
"1fc8e672a6700057","成人住院患者跌倒风险评估及预防.pdf","2护理标准法规\4.护理学会标准\成人住院患者跌倒风险评估及预防.pdf","UNKNOWN","地區待確認","年份待確認","","待確認或非規範文件","護理管理","","pdf","325777","2021-09-13T04:47:30.000Z","classified_candidate","0.35"
"c7624674af39fc9c","成人有创机械通气气道内吸引技术操作.pdf","2护理标准法规\4.护理学会标准\成人有创机械通气气道内吸引技术操作.pdf","UNKNOWN","地區待確認","年份待確認","","待確認或非規範文件","護理管理","","pdf","372607","2021-09-13T04:47:20.000Z","classified_candidate","0.35"
"f7b841a6bf6a1818","成人癌性疼痛护理.pdf","2护理标准法规\4.护理学会标准\成人癌性疼痛护理.pdf","UNKNOWN","地區待確認","年份待確認","","待確認或非規範文件","護理管理","手術、麻醉與疼痛管理","pdf","639386","2021-09-13T04:39:08.000Z","classified_candidate","0.35"
"a9abba7b4e1cd63c","成人经口气管插管机械通气患者口腔护理.pdf","2护理标准法规\4.护理学会标准\成人经口气管插管机械通气患者口腔护理.pdf","UNKNOWN","地區待確認","年份待確認","","待確認或非規範文件","護理管理","","pdf","1813334","2021-09-13T04:47:58.000Z","classified_candidate","0.35"
"1600412886679e2a","成人肠内营养支持的护理.pdf","2护理标准法规\4.护理学会标准\成人肠内营养支持的护理.pdf","UNKNOWN","地區待確認","年份待確認","","待確認或非規範文件","護理管理","","pdf","406803","2021-09-13T04:47:26.000Z","classified_candidate","0.35"
"0fc65f1f743a819d","成年女性压力性尿失禁护理干预.pdf","2护理标准法规\4.护理学会标准\成年女性压力性尿失禁护理干预.pdf","UNKNOWN","地區待確認","年份待確認","","待確認或非規範文件","護理管理","","pdf","352733","2021-09-13T04:47:40.000Z","classified_candidate","0.35"
"4388359c17a8cac6","放化疗相关口腔黏膜炎预防及护理.pdf","2护理标准法规\4.护理学会标准\放化疗相关口腔黏膜炎预防及护理.pdf","UNKNOWN","地區待確認","年份待確認","","待確認或非規範文件","護理管理","","pdf","336330","2021-09-13T04:47:54.000Z","classified_candidate","0.35"
"239cddfc3eed1584","缺血性脑卒中静脉溶栓护理.pdf","2护理标准法规\4.护理学会标准\缺血性脑卒中静脉溶栓护理.pdf","UNKNOWN","地區待確認","年份待確認","","待確認或非規範文件","護理管理","","pdf","975669","2021-09-13T04:47:52.000Z","classified_candidate","0.35"
"1f3bf441170ac0f0","认知障碍患者进食问题评估与处理.pdf","2护理标准法规\4.护理学会标准\认知障碍患者进食问题评估与处理.pdf","UNKNOWN","地區待確認","年份待確認","","待確認或非規範文件","護理管理","","pdf","333826","2021-09-13T04:47:44.000Z","classified_candidate","0.35"
"7e76172d7dac367f","T-CNAS 10-2020 成人有创机械通气气道内吸引技术操作.pdf","2护理标准法规\中华护理学会行业标准\中华护理学会行业标准\T-CNAS 10-2020 成人有创机械通气气道内吸引技术操作.pdf","UNKNOWN","地區待確認","2020","2020","待確認或非規範文件","護理管理","","pdf","372607","2024-02-20T14:41:38.000Z","classified_candidate","0.35"
"62b470fdbe524182","T-CNAS 11-2020 PICC尖端心腔内电图定位技术.pdf","2护理标准法规\中华护理学会行业标准\中华护理学会行业标准\T-CNAS 11-2020 PICC尖端心腔内电图定位技术.pdf","UNKNOWN","地區待確認","2020","2020","待確認或非規範文件","護理管理","臨床診療與醫療技術","pdf","784812","2024-02-20T14:41:50.000Z","classified_candidate","0.35"
"de1368cc8bb07809","T-CNAS 12-2020 成人经口气管插管机械通气患者口腔护理.pdf","2护理标准法规\中华护理学会行业标准\中华护理学会行业标准\T-CNAS 12-2020 成人经口气管插管机械通气患者口腔护理.pdf","UNKNOWN","地區待確認","2020","2020","待確認或非規範文件","護理管理","","pdf","1813334","2024-02-20T14:42:04.000Z","classified_candidate","0.35"
"125a1f4645b92ec7","T-CNAS 13-2020 缺血性脑卒中静脉溶栓护理.pdf","2护理标准法规\中华护理学会行业标准\中华护理学会行业标准\T-CNAS 13-2020 缺血性脑卒中静脉溶栓护理.pdf","UNKNOWN","地區待確認","2020","2020","待確認或非規範文件","護理管理","","pdf","975669","2024-02-20T14:42:28.000Z","classified_candidate","0.35"
"f3dfced125577d41","T-CNAS 14-2020 乳腺癌术后淋巴水肿预防和护理.pdf","2护理标准法规\中华护理学会行业标准\中华护理学会行业标准\T-CNAS 14-2020 乳腺癌术后淋巴水肿预防和护理.pdf","UNKNOWN","地區待確認","2020","2020","待確認或非規範文件","護理管理","","pdf","446458","2024-02-20T14:42:46.000Z","classified_candidate","0.35"
"b35b7442975bd63c","T-CNAS 15-2020 放化疗相关口腔黏膜炎预防及护理.pdf","2护理标准法规\中华护理学会行业标准\中华护理学会行业标准\T-CNAS 15-2020 放化疗相关口腔黏膜炎预防及护理.pdf","UNKNOWN","地區待確認","2020","2020","待確認或非規範文件","護理管理","","pdf","336330","2024-02-20T14:42:58.000Z","classified_candidate","0.35"
"0c31ae1b3ca1bd9d","T-CNAS 16-2020 认知障碍患者进食问题评估与处理.pdf","2护理标准法规\中华护理学会行业标准\中华护理学会行业标准\T-CNAS 16-2020 认知障碍患者进食问题评估与处理.pdf","UNKNOWN","地區待確認","2020","2020","待確認或非規範文件","護理管理","","pdf","333826","2024-02-20T14:43:40.000Z","classified_candidate","0.35"
"11d81f651c00472c","T-CNAS 17-2020 成年女性压力性尿失禁护理干预.pdf","2护理标准法规\中华护理学会行业标准\中华护理学会行业标准\T-CNAS 17-2020 成年女性压力性尿失禁护理干预.pdf","UNKNOWN","地區待確認","2020","2020","待確認或非規範文件","護理管理","","pdf","352733","2024-02-20T14:44:06.000Z","classified_candidate","0.35"
"ea84f1f94f5fff94","T-CNAS 18-2020 成人住院患者跌倒风险评估及预防.pdf","2护理标准法规\中华护理学会行业标准\中华护理学会行业标准\T-CNAS 18-2020 成人住院患者跌倒风险评估及预防.pdf","UNKNOWN","地區待確認","2020","2020","待確認或非規範文件","護理管理","","pdf","370225","2024-02-20T14:44:24.000Z","classified_candidate","0.35"
"442cb40dcd4b9960","T-CNAS 19-2020 成人肠内营养支持的护理.pdf","2护理标准法规\中华护理学会行业标准\中华护理学会行业标准\T-CNAS 19-2020 成人肠内营养支持的护理.pdf","UNKNOWN","地區待確認","2020","2020","待確認或非規範文件","護理管理","","pdf","406803","2024-02-20T14:44:42.000Z","classified_candidate","0.35"
"a0df327a705f749b","TCNAS 41－2024 针刺伤预防与处理.pdf","2护理标准法规\中华护理学会行业标准\中华护理学会行业标准\TCNAS 41－2024 针刺伤预防与处理.pdf","UNKNOWN","地區待確認","2024","2024","待確認或非規範文件","護理管理","","pdf","400051","2025-02-16T02:24:20.000Z","classified_candidate","0.35"
"3b330ea18ee41a6e","TCNAS 42－2024 成人脑室外引流护理.pdf","2护理标准法规\中华护理学会行业标准\中华护理学会行业标准\TCNAS 42－2024 成人脑室外引流护理.pdf","UNKNOWN","地區待確認","2024","2024","待確認或非規範文件","護理管理","","pdf","270277","2025-02-16T02:24:40.000Z","classified_candidate","0.35"
"58ce1d0ddaca4b25","TCNAS 43－2024 放射性皮肤损伤的护理.pdf","2护理标准法规\中华护理学会行业标准\中华护理学会行业标准\TCNAS 43－2024 放射性皮肤损伤的护理.pdf","UNKNOWN","地區待確認","2024","2024","待確認或非規範文件","護理管理","","pdf","360477","2025-02-16T02:25:00.000Z","classified_candidate","0.35"
"aee86b6c346e20fb","TCNAS 44－2024 成人手术患者低体温的预防与护理.pdf","2护理标准法规\中华护理学会行业标准\中华护理学会行业标准\TCNAS 44－2024 成人手术患者低体温的预防与护理.pdf","UNKNOWN","地區待確認","2024","2024","待確認或非規範文件","護理管理","手術、麻醉與疼痛管理","pdf","668443","2025-02-16T02:25:16.000Z","classified_candidate","0.35"
"9f258bea2648863d","TCNAS 45－2024 危重症儿童管饲喂养护理.pdf","2护理标准法规\中华护理学会行业标准\中华护理学会行业标准\TCNAS 45－2024 危重症儿童管饲喂养护理.pdf","UNKNOWN","地區待確認","2024","2024","待確認或非規範文件","護理管理","","pdf","417562","2025-02-16T02:25:32.000Z","classified_candidate","0.35"
"2489fec0192d0738","TCNAS 46－2024 口腔癌术后口腔冲洗技术.pdf","2护理标准法规\中华护理学会行业标准\中华护理学会行业标准\TCNAS 46－2024 口腔癌术后口腔冲洗技术.pdf","UNKNOWN","地區待確認","2024","2024","待確認或非規範文件","護理管理","","pdf","264075","2025-02-16T02:25:48.000Z","classified_candidate","0.35"
"a8cc0df647bbbc7f","TCNAS47─2025无创正压通气护理技术.pdf","2护理标准法规\中华护理学会行业标准\中华护理学会行业标准\TCNAS47─2025无创正压通气护理技术.pdf","UNKNOWN","地區待確認","2025","2025","待確認或非規範文件","護理管理","","pdf","512015","2025-10-15T01:03:12.000Z","classified_candidate","0.35"
"58f27dbe38656013","TCNAS48─2025成人留置导尿的护理及并发症处理.pdf","2护理标准法规\中华护理学会行业标准\中华护理学会行业标准\TCNAS48─2025成人留置导尿的护理及并发症处理.pdf","UNKNOWN","地區待確認","2025","2025","待確認或非規範文件","護理管理","","pdf","492801","2025-10-15T01:03:10.000Z","classified_candidate","0.35"
"00b836f9ae6d5ca5","TCNAS49─2025-成人泌尿造口护理.pdf","2护理标准法规\中华护理学会行业标准\中华护理学会行业标准\TCNAS49─2025-成人泌尿造口护理.pdf","UNKNOWN","地區待確認","2025","2025","待確認或非規範文件","護理管理","","pdf","429547","2025-10-15T01:03:10.000Z","classified_candidate","0.35"
"02a6a8dd3359ad37","TCNAS50─2025成人吞咽障碍患者口服给药护理.pdf","2护理标准法规\中华护理学会行业标准\中华护理学会行业标准\TCNAS50─2025成人吞咽障碍患者口服给药护理.pdf","UNKNOWN","地區待確認","2025","2025","待確認或非規範文件","護理管理","","pdf","435706","2025-10-15T01:03:10.000Z","classified_candidate","0.35"
"83129dc48491b5bc","TCNAS51─2025成人患者医用粘胶相关性皮肤损伤的预防及护理.pdf","2护理标准法规\中华护理学会行业标准\中华护理学会行业标准\TCNAS51─2025成人患者医用粘胶相关性皮肤损伤的预防及护理.pdf","UNKNOWN","地區待確認","2025","2025","待確認或非規範文件","護理管理","","pdf","744580","2025-10-15T01:03:10.000Z","classified_candidate","0.35"
"4c67001e96d62ab5","TCNAS52─2025腹腔内压力经膀胱间接测量技术.pdf","2护理标准法规\中华护理学会行业标准\中华护理学会行业标准\TCNAS52─2025腹腔内压力经膀胱间接测量技术.pdf","UNKNOWN","地區待確認","2025","2025","待確認或非規範文件","護理管理","","pdf","354288","2025-10-15T01:03:12.000Z","classified_candidate","0.35"
"b51802afbd552698","TCNAS53-2025抗肿瘤药物静脉给药技术.pdf","2护理标准法规\中华护理学会行业标准\中华护理学会行业标准\TCNAS53-2025抗肿瘤药物静脉给药技术.pdf","UNKNOWN","地區待確認","2025","2025","待確認或非規範文件","護理管理","臨床診療與醫療技術","pdf","418730","2025-10-15T01:03:10.000Z","classified_candidate","0.35"
"01bc689faed9e814","TCNAS54─2025泪道冲洗技术.pdf","2护理标准法规\中华护理学会行业标准\中华护理学会行业标准\TCNAS54─2025泪道冲洗技术.pdf","UNKNOWN","地區待確認","2025","2025","待確認或非規範文件","護理管理","","pdf","338269","2025-10-15T01:03:10.000Z","classified_candidate","0.35"
"5c2cc97a0793ea84","T_CNAS 01-2019 成人癌性疼痛护理.pdf","2护理标准法规\中华护理学会行业标准\中华护理学会行业标准\T_CNAS 01-2019 成人癌性疼痛护理.pdf","UNKNOWN","地區待確認","2019","2019","待確認或非規範文件","護理管理","手術、麻醉與疼痛管理","pdf","639386","2024-02-20T14:49:06.000Z","classified_candidate","0.35"
"5e673e7dca6dcbcc","T_CNAS 02-2019 便秘的耳穴贴压技术.pdf","2护理标准法规\中华护理学会行业标准\中华护理学会行业标准\T_CNAS 02-2019 便秘的耳穴贴压技术.pdf","UNKNOWN","地區待確認","2019","2019","待確認或非規範文件","護理管理","","pdf","626068","2024-02-20T14:49:20.000Z","classified_candidate","0.35"
"d87de8080103fbbb","T_CNAS 03-2019 气管切开非机械通气患者气道护理.pdf","2护理标准法规\中华护理学会行业标准\中华护理学会行业标准\T_CNAS 03-2019 气管切开非机械通气患者气道护理.pdf","UNKNOWN","地區待確認","2019","2019","待確認或非規範文件","護理管理","","pdf","460183","2024-02-20T14:49:34.000Z","classified_candidate","0.35"
"241ef9d925c4bd30","T_CNAS 04-2019 住院患者身体约束护理.pdf","2护理标准法规\中华护理学会行业标准\中华护理学会行业标准\T_CNAS 04-2019 住院患者身体约束护理.pdf","UNKNOWN","地區待確認","2019","2019","待確認或非規範文件","護理管理","","pdf","449182","2024-02-20T14:49:48.000Z","classified_candidate","0.35"
"2440a6f429630979","T_CNAS 05-2019 化疗药物外渗预防及处理.pdf","2护理标准法规\中华护理学会行业标准\中华护理学会行业标准\T_CNAS 05-2019 化疗药物外渗预防及处理.pdf","UNKNOWN","地區待確認","2019","2019","待確認或非規範文件","護理管理","","pdf","328583","2024-02-20T14:50:02.000Z","classified_candidate","0.35"
"ca7261e303aac3f0","T_CNAS 06-2019 认知障碍老年人激越行为非药物管理.pdf","2护理标准法规\中华护理学会行业标准\中华护理学会行业标准\T_CNAS 06-2019 认知障碍老年人激越行为非药物管理.pdf","UNKNOWN","地區待確認","2019","2019","待確認或非規範文件","護理管理","","pdf","420952","2024-02-20T14:50:14.000Z","classified_candidate","0.35"
"317acf61c3f182e6","T_CNAS 07-2019 成人肠造口护理.pdf","2护理标准法规\中华护理学会行业标准\中华护理学会行业标准\T_CNAS 07-2019 成人肠造口护理.pdf","UNKNOWN","地區待確認","2019","2019","待確認或非規範文件","護理管理","","pdf","542012","2024-02-20T14:50:32.000Z","classified_candidate","0.35"
"35bb3f990e7f703b","T_CNAS 08-2019 成人氧气吸入疗法护理.pdf","2护理标准法规\中华护理学会行业标准\中华护理学会行业标准\T_CNAS 08-2019 成人氧气吸入疗法护理.pdf","UNKNOWN","地區待確認","2019","2019","待確認或非規範文件","護理管理","","pdf","476807","2024-02-20T14:50:44.000Z","classified_candidate","0.35"
"8f17abb0031a05d4","T_CNAS 09-2019 医疗器械清洗技术操作.pdf","2护理标准法规\中华护理学会行业标准\中华护理学会行业标准\T_CNAS 09-2019 医疗器械清洗技术操作.pdf","UNKNOWN","地區待確認","2019","2019","待確認或非規範文件","護理管理","醫療器材與設備","pdf","314739","2024-02-20T14:50:56.000Z","classified_candidate","0.35"
"4c976fbf2c8644e6","T_CNAS 20-2021 成人鼻肠管的留置与维护.pdf","2护理标准法规\中华护理学会行业标准\中华护理学会行业标准\T_CNAS 20-2021 成人鼻肠管的留置与维护.pdf","UNKNOWN","地區待確認","2021","2021","待確認或非規範文件","護理管理","","pdf","246583","2024-02-20T14:35:58.000Z","classified_candidate","0.35"
"1c7ec4df28cef82b","T_CNAS 20-3-7-1-2023药学保障服务 重点药品管理高警示药品.pdf","2护理标准法规\中华护理学会行业标准\中华护理学会行业标准\T_CNAS 20-3-7-1-2023药学保障服务 重点药品管理高警示药品.pdf","UNKNOWN","地區待確認","2023","2023","待確認或非規範文件","藥事與藥品管理","護理管理","pdf","742469","2024-03-06T16:10:12.000Z","classified_candidate","0.35"
"e2bc8078b3ce8f5b","T_CNAS 21-2021 胰岛素皮下注射.pdf","2护理标准法规\中华护理学会行业标准\中华护理学会行业标准\T_CNAS 21-2021 胰岛素皮下注射.pdf","UNKNOWN","地區待確認","2021","2021","待確認或非規範文件","護理管理","","pdf","402884","2024-02-20T14:36:14.000Z","classified_candidate","0.35"
"f606793dadacc6d2","T_CNAS 22-2021 血管活性药物静脉输注护理.pdf","2护理标准法规\中华护理学会行业标准\中华护理学会行业标准\T_CNAS 22-2021 血管活性药物静脉输注护理.pdf","UNKNOWN","地區待確認","2021","2021","待確認或非規範文件","護理管理","","pdf","546900","2024-02-20T14:36:26.000Z","classified_candidate","0.35"
"c77f5cdb6fc95250","T_CNAS 23-2023 成人机械通气患者俯卧位护理.pdf","2护理标准法规\中华护理学会行业标准\中华护理学会行业标准\T_CNAS 23-2023 成人机械通气患者俯卧位护理.pdf","UNKNOWN","地區待確認","2023","2023","待確認或非規範文件","護理管理","","pdf","644416","2024-02-20T14:32:22.000Z","classified_candidate","0.35"
"3d3716f27c1758c1","T_CNAS 24-2023 成人雾化吸入护理.pdf","2护理标准法规\中华护理学会行业标准\中华护理学会行业标准\T_CNAS 24-2023 成人雾化吸入护理.pdf","UNKNOWN","地區待確認","2023","2023","待確認或非規範文件","護理管理","","pdf","356579","2024-02-20T14:32:38.000Z","classified_candidate","0.35"
"88d606f81b230495","T_CNAS 25-2023 胸腔闭式引流护理.pdf","2护理标准法规\中华护理学会行业标准\中华护理学会行业标准\T_CNAS 25-2023 胸腔闭式引流护理.pdf","UNKNOWN","地區待確認","2023","2023","待確認或非規範文件","護理管理","","pdf","443964","2024-02-20T14:32:56.000Z","classified_candidate","0.35"
"fd92348075645e6c","T_CNAS 26-2023 连续性肾脏替代治疗的护理.pdf","2护理标准法规\中华护理学会行业标准\中华护理学会行业标准\T_CNAS 26-2023 连续性肾脏替代治疗的护理.pdf","UNKNOWN","地區待確認","2023","2023","待確認或非規範文件","護理管理","","pdf","327399","2024-02-20T14:33:18.000Z","classified_candidate","0.35"
"de46008366f11150","T_CNAS 27-2023 老年人误吸的预防.pdf","2护理标准法规\中华护理学会行业标准\中华护理学会行业标准\T_CNAS 27-2023 老年人误吸的预防.pdf","UNKNOWN","地區待確認","2023","2023","待確認或非規範文件","護理管理","","pdf","389556","2024-02-20T14:33:58.000Z","classified_candidate","0.35"
"04a48bbb1eb2f0e8","T_CNAS 28-2023 成人住院患者静脉血栓栓塞症的预防护理.pdf","2护理标准法规\中华护理学会行业标准\中华护理学会行业标准\T_CNAS 28-2023 成人住院患者静脉血栓栓塞症的预防护理.pdf","UNKNOWN","地區待確認","2023","2023","待確認或非規範文件","護理管理","","pdf","428499","2024-02-20T14:34:14.000Z","classified_candidate","0.35"
"7b4d6638191c33cf","T_CNAS 29-2023 术中获得性压力性损伤预防.pdf","2护理标准法规\中华护理学会行业标准\中华护理学会行业标准\T_CNAS 29-2023 术中获得性压力性损伤预防.pdf","UNKNOWN","地區待確認","2023","2023","待確認或非規範文件","護理管理","","pdf","363171","2024-02-20T14:34:30.000Z","classified_candidate","0.35"
"f2bcb4b938722747","T_CNAS 30-2023 住院精神疾病患者攻击行为预防.pdf","2护理标准法规\中华护理学会行业标准\中华护理学会行业标准\T_CNAS 30-2023 住院精神疾病患者攻击行为预防.pdf","UNKNOWN","地區待確認","2023","2023","待確認或非規範文件","護理管理","","pdf","328827","2024-02-20T14:34:46.000Z","classified_candidate","0.35"
"16f8516f00b1bf9b","T_CNAS 31-2023 鼻腔冲洗护理技术.pdf","2护理标准法规\中华护理学会行业标准\中华护理学会行业标准\T_CNAS 31-2023 鼻腔冲洗护理技术.pdf","UNKNOWN","地區待確認","2023","2023","待確認或非規範文件","護理管理","","pdf","359257","2024-02-20T14:35:02.000Z","classified_candidate","0.35"
"abe89dd31440b02d","T_CNAS 32-2023 注射相关感染预防与控制.pdf","2护理标准法规\中华护理学会行业标准\中华护理学会行业标准\T_CNAS 32-2023 注射相关感染预防与控制.pdf","UNKNOWN","地區待確認","2023","2023","待確認或非規範文件","感染預防與控制","護理管理","pdf","345223","2024-02-20T14:35:16.000Z","classified_candidate","0.35"
"36e6e92973c12e2f","T_CNAS 33-2023 植入式静脉给药装置护理技术.pdf","2护理标准法规\中华护理学会行业标准\中华护理学会行业标准\T_CNAS 33-2023 植入式静脉给药装置护理技术.pdf","UNKNOWN","地區待確認","2023","2023","待確認或非規範文件","護理管理","","pdf","271906","2024-02-20T14:27:58.000Z","classified_candidate","0.35"
"fcbdedfd8aa8056b","T_CNAS 34-2023 成人呼吸支持治疗器械相关压力性损伤的预防.pdf","2护理标准法规\中华护理学会行业标准\中华护理学会行业标准\T_CNAS 34-2023 成人呼吸支持治疗器械相关压力性损伤的预防.pdf","UNKNOWN","地區待確認","2023","2023","待確認或非規範文件","護理管理","","pdf","372048","2024-02-20T14:28:42.000Z","classified_candidate","0.35"
"58006dc1d04c8bbf","T_CNAS 35-2023 成人失禁相关性皮炎预防与护理.pdf","2护理标准法规\中华护理学会行业标准\中华护理学会行业标准\T_CNAS 35-2023 成人失禁相关性皮炎预防与护理.pdf","UNKNOWN","地區待確認","2023","2023","待確認或非規範文件","護理管理","","pdf","344971","2024-02-20T14:29:08.000Z","classified_candidate","0.35"
"422b4605999888c0","T_CNAS 36-2023 中心静脉压测量技术.pdf","2护理标准法规\中华护理学会行业标准\中华护理学会行业标准\T_CNAS 36-2023 中心静脉压测量技术.pdf","UNKNOWN","地區待確認","2023","2023","待確認或非規範文件","護理管理","","pdf","502254","2024-02-20T14:29:28.000Z","classified_candidate","0.35"
"8b9a7e8c743244ff","T_CNAS 37-2023 气道净化技术护理.pdf","2护理标准法规\中华护理学会行业标准\中华护理学会行业标准\T_CNAS 37-2023 气道净化技术护理.pdf","UNKNOWN","地區待確認","2023","2023","待確認或非規範文件","護理管理","","pdf","736596","2024-02-20T14:29:46.000Z","classified_candidate","0.35"
"f28be9654df25ea0","T_CNAS 38-2023 住院精神疾病患者自杀风险护理.pdf","2护理标准法规\中华护理学会行业标准\中华护理学会行业标准\T_CNAS 38-2023 住院精神疾病患者自杀风险护理.pdf","UNKNOWN","地區待確認","2023","2023","待確認或非規範文件","護理管理","","pdf","328077","2024-02-20T14:30:12.000Z","classified_candidate","0.35"
"6cdba10be315e30e","T_CNAS 39-2023 成人手术后疼痛评估与护理.pdf","2护理标准法规\中华护理学会行业标准\中华护理学会行业标准\T_CNAS 39-2023 成人手术后疼痛评估与护理.pdf","UNKNOWN","地區待確認","2023","2023","待確認或非規範文件","護理管理","手術、麻醉與疼痛管理","pdf","578787","2024-02-20T14:30:32.000Z","classified_candidate","0.35"
"057bcada827a5740","T_CNAS 40-2023 脑卒中吞咽障碍患者进食护理.pdf","2护理标准法规\中华护理学会行业标准\中华护理学会行业标准\T_CNAS 40-2023 脑卒中吞咽障碍患者进食护理.pdf","UNKNOWN","地區待確認","2023","2023","待確認或非規範文件","護理管理","","pdf","619956","2024-02-20T14:30:56.000Z","classified_candidate","0.35"
"375508fc0957fdf1","j.issn.1672-2353.2005.12.052.pdf","2护理标准法规\文献\j.issn.1672-2353.2005.12.052.pdf","UNKNOWN","地區待確認","2005","2005","研究論文／文獻","護理管理","","pdf","41796","2025-08-05T07:26:10.000Z","classified_candidate","0.35"
"367fdc0037ce65d4","NICE指南导向下姑息护理对心力衰竭终末期患者的影响.pdf","2护理标准法规\文献\NICE指南导向下姑息护理对心力衰竭终末期患者的影响.pdf","UNKNOWN","地區待確認","年份待確認","","研究論文／文獻","護理管理","","pdf","10881515","2025-04-02T05:30:30.000Z","classified_candidate","0.35"
"078f8ded8165c405","PDCA护理模式在妊娠期疾病患者护理中的应用分析.pdf","2护理标准法规\文献\PDCA护理模式在妊娠期疾病患者护理中的应用分析.pdf","UNKNOWN","地區待確認","年份待確認","","研究論文／文獻","護理管理","","pdf","2076134","2025-04-02T05:37:06.000Z","classified_candidate","0.35"
"ab1f7df3ff282475","专科护理质量指标在血液内科静脉输血患者管理中的应用.pdf","2护理标准法规\文献\专科护理质量指标在血液内科静脉输血患者管理中的应用.pdf","UNKNOWN","地區待確認","年份待確認","","研究論文／文獻","護理管理","輸血與器官移植","pdf","1749619","2025-04-02T05:26:46.000Z","classified_candidate","0.35"
"57fb36f00bad73ea","中文版死亡抑郁量表修订版在临床护士中的信效度.pdf","2护理标准法规\文献\中文版死亡抑郁量表修订版在临床护士中的信效度.pdf","UNKNOWN","地區待確認","年份待確認","","研究論文／文獻","護理管理","","pdf","13748249","2025-04-02T05:28:40.000Z","classified_candidate","0.35"
"713dc15fffe25c1b","价值共创视角下数字赋能护理质量管理的研究进展.pdf","2护理标准法规\文献\价值共创视角下数字赋能护理质量管理的研究进展.pdf","UNKNOWN","地區待確認","年份待確認","","研究論文／文獻","醫院評鑑與醫療品質","護理管理；臨床研究與人體試驗","pdf","2127817","2025-08-05T07:22:12.000Z","classified_candidate","0.35"
"ce9d5078ef4e2d0a","动画活动问卷用于膝骨关节炎患者的信效度检验.pdf","2护理标准法规\文献\动画活动问卷用于膝骨关节炎患者的信效度检验.pdf","UNKNOWN","地區待確認","年份待確認","","研究論文／文獻","護理管理","醫技、檢驗與病理","pdf","7079442","2025-04-02T05:28:20.000Z","classified_candidate","0.35"
"79664250561bb96f","医疗卫生人员循证卫生保健相关能力测评量表的编制及信效度检验.pdf","2护理标准法规\文献\医疗卫生人员循证卫生保健相关能力测评量表的编制及信效度检验.pdf","UNKNOWN","地區待確認","年份待確認","","研究論文／文獻","護理管理","醫技、檢驗與病理","pdf","7257930","2025-04-02T05:27:22.000Z","classified_candidate","0.35"
"95b22c4c8b6ed1d8","华盛顿大学照顾者压力及益处感知量表的汉化及信效度检验.pdf","2护理标准法规\文献\华盛顿大学照顾者压力及益处感知量表的汉化及信效度检验.pdf","UNKNOWN","地區待確認","年份待確認","","研究論文／文獻","護理管理","醫技、檢驗與病理","pdf","1289226","2025-04-02T05:27:46.000Z","classified_candidate","0.35"
"9e8ce39ebfaf6ace","危机管理理论全局式护理对ICU重症心力衰竭患者预后的影响.pdf","2护理标准法规\文献\危机管理理论全局式护理对ICU重症心力衰竭患者预后的影响.pdf","UNKNOWN","地區待確認","年份待確認","","研究論文／文獻","護理管理","","pdf","2116615","2025-04-02T05:35:40.000Z","classified_candidate","0.35"
"039ff06efc5e81af","发育性髋关节发育不良患儿围手术期快速康复护理的最佳证据总结.pdf","2护理标准法规\文献\发育性髋关节发育不良患儿围手术期快速康复护理的最佳证据总结.pdf","UNKNOWN","地區待確認","年份待確認","","研究論文／文獻","護理管理","手術、麻醉與疼痛管理","pdf","1658478","2025-04-02T05:33:50.000Z","classified_candidate","0.35"
"21cfb048b69c75f8","在普外科护理人力资源配置中病例组合指数（Case Mix Index，CMI）的应用.pdf","2护理标准法规\文献\在普外科护理人力资源配置中病例组合指数（Case Mix Index，CMI）的应用.pdf","UNKNOWN","地區待確認","年份待確認","","研究論文／文獻","護理管理","","pdf","2376749","2025-04-02T05:25:44.000Z","classified_candidate","0.35"
"0a4933aac0735acf","基于六个环节的 PDCA 模式在手术室护理质量管理中的应用.pdf","2护理标准法规\文献\基于六个环节的 PDCA 模式在手术室护理质量管理中的应用.pdf","UNKNOWN","地區待確認","年份待確認","","研究論文／文獻","醫院評鑑與醫療品質","護理管理；手術、麻醉與疼痛管理","pdf","2150956","2025-04-02T05:25:58.000Z","classified_candidate","0.35"
"fc11726b87de23ea","基于循证的预防鼻胃管非计划性拔管护理方案的变革策略研究.pdf","2护理标准法规\文献\基于循证的预防鼻胃管非计划性拔管护理方案的变革策略研究.pdf","UNKNOWN","地區待確認","年份待確認","","研究論文／文獻","護理管理","臨床研究與人體試驗","pdf","7210908","2025-04-02T05:31:34.000Z","classified_candidate","0.35"
"3e6d4e30a2753554","基于循证证据谈我国产科的现状与发展.pdf","2护理标准法规\文献\基于循证证据谈我国产科的现状与发展.pdf","UNKNOWN","地區待確認","年份待確認","","研究論文／文獻","護理管理","生殖、婦幼與月子服務","pdf","1219090","2024-08-24T06:30:22.000Z","classified_candidate","0.35"
"eff52cf1f94dadae","基于护理信息平台的护理关键质控点干预对护理质量管理的影响.pdf","2护理标准法规\文献\基于护理信息平台的护理关键质控点干预对护理质量管理的影响.pdf","UNKNOWN","地區待確認","年份待確認","","研究論文／文獻","醫院評鑑與醫療品質","護理管理；醫院評鑑與醫療品質","pdf","6281224","2025-04-02T05:25:24.000Z","classified_candidate","0.35"
"de458e34dcc1a1e0","基于虚拟现实技术的分娩镇痛法在自然分娩产妇中应用的范围综述.pdf","2护理标准法规\文献\基于虚拟现实技术的分娩镇痛法在自然分娩产妇中应用的范围综述.pdf","UNKNOWN","地區待確認","年份待確認","","研究論文／文獻","護理管理","","pdf","1921045","2024-08-24T08:51:38.000Z","classified_candidate","0.35"
"33c284e660c16961","孕妇静脉血栓栓塞风险感知与健康行为决策评估量表的编制.pdf","2护理标准法规\文献\孕妇静脉血栓栓塞风险感知与健康行为决策评估量表的编制.pdf","UNKNOWN","地區待確認","年份待確認","","研究論文／文獻","護理管理","","pdf","19187178","2025-04-02T05:27:00.000Z","classified_candidate","0.35"
"9f8716de88db4461","左心室辅助装置植入患者围手术期的循证护理实践.pdf","2护理标准法规\文献\左心室辅助装置植入患者围手术期的循证护理实践.pdf","UNKNOWN","地區待確認","年份待確認","","研究論文／文獻","護理管理","手術、麻醉與疼痛管理","pdf","6806319","2025-04-02T05:32:16.000Z","classified_candidate","0.35"
"546567873523a240","急诊专科护理临床辅助决策系统的应用与研究.pdf","2护理标准法规\文献\急诊专科护理临床辅助决策系统的应用与研究.pdf","UNKNOWN","地區待確認","年份待確認","","研究論文／文獻","護理管理","急診與緊急醫療；臨床研究與人體試驗","pdf","1718734","2025-04-02T05:33:36.000Z","classified_candidate","0.35"
"96d9afda747d961f","护士直觉患者病情恶化量表的汉化及信效度检验.pdf","2护理标准法规\文献\护士直觉患者病情恶化量表的汉化及信效度检验.pdf","UNKNOWN","地區待確認","年份待確認","","研究論文／文獻","護理管理","醫技、檢驗與病理","pdf","17503988","2025-04-02T05:28:00.000Z","classified_candidate","0.35"
"3b0db572b7933bcb","护理专业小组在护理质量管理中的实践和效果_钟润芳.pdf","2护理标准法规\文献\护理专业小组在护理质量管理中的实践和效果_钟润芳.pdf","UNKNOWN","地區待確認","年份待確認","","研究論文／文獻","醫院評鑑與醫療品質","護理管理","pdf","138225","2025-08-05T07:32:04.000Z","classified_candidate","0.35"
"71323f9b51b09888","护理安全检查表在护理过程管理中的应用_李燕娥.pdf","2护理标准法规\文献\护理安全检查表在护理过程管理中的应用_李燕娥.pdf","UNKNOWN","地區待確認","年份待確認","","查檢表／稽核表","護理管理","","pdf","130531","2025-08-05T07:31:38.000Z","classified_candidate","0.35"
"202048b21dbab095","护理安全管理对口腔门诊护理质量的影响.pdf","2护理标准法规\文献\护理安全管理对口腔门诊护理质量的影响.pdf","UNKNOWN","地區待確認","年份待確認","","研究論文／文獻","護理管理","","pdf","904573","2025-04-02T05:25:06.000Z","classified_candidate","0.35"
"8f26b1dcd5560acd","护理管理者领导力培训课程的构建.pdf","2护理标准法规\文献\护理管理者领导力培训课程的构建.pdf","UNKNOWN","地區待確認","年份待確認","","研究論文／文獻","護理管理","","pdf","17264101","2025-04-02T05:31:52.000Z","classified_candidate","0.35"
"68613423e38226f4","护理质量控制表格的设计及应用_许颖.pdf","2护理标准法规\文献\护理质量控制表格的设计及应用_许颖.pdf","UNKNOWN","地區待確認","年份待確認","","研究論文／文獻","醫院評鑑與醫療品質","護理管理","pdf","42117","2025-08-05T07:31:18.000Z","classified_candidate","0.35"
"1e3643aeb5dd9028","探究 PDCA 循环法在静脉用药调配中心护理管理中的应用.pdf","2护理标准法规\文献\探究 PDCA 循环法在静脉用药调配中心护理管理中的应用.pdf","UNKNOWN","地區待確認","年份待確認","","研究論文／文獻","藥事與藥品管理","護理管理","pdf","1232034","2025-04-02T05:26:28.000Z","classified_candidate","0.35"
"b6771d5aa0ee42c6","消化内镜护士人体工效学负荷评价量表的研制与评价.pdf","2护理标准法规\文献\消化内镜护士人体工效学负荷评价量表的研制与评价.pdf","UNKNOWN","地區待確認","年份待確認","","研究論文／文獻","護理管理","","pdf","13525704","2025-04-02T05:28:58.000Z","classified_candidate","0.35"
"c744d36c82216281","环节质量控制联合改良查对方法在儿科病房.pdf","2护理标准法规\文献\环节质量控制联合改良查对方法在儿科病房.pdf","UNKNOWN","地區待確認","年份待確認","","研究論文／文獻","醫院評鑑與醫療品質","護理管理","pdf","1538552","2025-04-02T03:52:12.000Z","classified_candidate","0.35"
"77eba1a9a21f1c72","生成式人工智能技术在整形外科科普中的应用.pdf","2护理标准法规\文献\生成式人工智能技术在整形外科科普中的应用.pdf","UNKNOWN","地區待確認","年份待確認","","研究論文／文獻","護理管理","","pdf","1195837","2024-08-24T08:40:20.000Z","classified_candidate","0.35"
"dfdff95bd77f0fcd","疼痛护理在四肢骨折患者术后疼痛控制及改善睡眠质量中的应用分析.pdf","2护理标准法规\文献\疼痛护理在四肢骨折患者术后疼痛控制及改善睡眠质量中的应用分析.pdf","UNKNOWN","地區待確認","年份待確認","","研究論文／文獻","護理管理","手術、麻醉與疼痛管理","pdf","2057255","2025-04-02T05:35:06.000Z","classified_candidate","0.35"
"4e301d382a59bdea","羊水栓塞的早期识别与预防.pdf","2护理标准法规\文献\羊水栓塞的早期识别与预防.pdf","UNKNOWN","地區待確認","年份待確認","","研究論文／文獻","護理管理","生殖、婦幼與月子服務","pdf","3191583","2025-03-30T11:45:38.000Z","classified_candidate","0.35"
"4f2239224d0101c4","脑卒中病人上肢痉挛预防及护理的中西医证据总结.pdf","2护理标准法规\文献\脑卒中病人上肢痉挛预防及护理的中西医证据总结.pdf","UNKNOWN","地區待確認","年份待確認","","研究論文／文獻","護理管理","","pdf","1411786","2025-04-02T05:33:06.000Z","classified_candidate","0.35"
"9807e91c24f28433","袋鼠式护理与抚触疗法在NICU早产儿成长支持中的效果.pdf","2护理标准法规\文献\袋鼠式护理与抚触疗法在NICU早产儿成长支持中的效果.pdf","UNKNOWN","地區待確認","年份待確認","","研究論文／文獻","護理管理","","pdf","2116542","2025-04-02T05:37:26.000Z","classified_candidate","0.35"
"bebb58659e6139ac","视频监控应用于血液净化中心护理管理中的效果探讨.pdf","2护理标准法规\文献\视频监控应用于血液净化中心护理管理中的效果探讨.pdf","UNKNOWN","地區待確認","年份待確認","","研究論文／文獻","護理管理","","pdf","1339900","2025-04-02T05:25:18.000Z","classified_candidate","0.35"
"54a85be58568013a","重点场景视频监控辅助质控在急诊输液室质量管理中的应用效果.pdf","2护理标准法规\文献\重点场景视频监控辅助质控在急诊输液室质量管理中的应用效果.pdf","UNKNOWN","地區待確認","年份待確認","","研究論文／文獻","醫院評鑑與醫療品質","護理管理；急診與緊急醫療；醫院評鑑與醫療品質","pdf","8262604","2025-04-02T05:27:12.000Z","classified_candidate","0.35"
"de3ae4c3ddabb0f3","1-标准化工作指南.pdf","2护理标准法规\标准\1-标准化工作指南.pdf","UNKNOWN","地區待確認","年份待確認","","技術規範／診療指南","護理管理","","pdf","507840","2022-06-20T04:01:04.000Z","classified_candidate","0.35"
"f7695e7c2f508b1b","184310_375针刺伤预防与处理.pdf","2护理标准法规\标准\184310_375针刺伤预防与处理.pdf","UNKNOWN","地區待確認","年份待確認","","待確認或非規範文件","護理管理","","pdf","400051","2025-03-07T07:09:10.000Z","classified_candidate","0.35"
"27573f6e2cfe7532","184803_613成人脑室外引流护理.pdf","2护理标准法规\标准\184803_613成人脑室外引流护理.pdf","UNKNOWN","地區待確認","年份待確認","","待確認或非規範文件","護理管理","","pdf","270277","2025-03-07T07:09:30.000Z","classified_candidate","0.35"
"2297d13d5a0aa5e7","185654_726放射性皮肤损伤的护理.pdf","2护理标准法规\标准\185654_726放射性皮肤损伤的护理.pdf","UNKNOWN","地區待確認","年份待確認","","待確認或非規範文件","護理管理","","pdf","360477","2025-03-07T07:09:52.000Z","classified_candidate","0.35"
"a1d746ad51952844","185744_603成人术中非计划低体温预防与护理.pdf","2护理标准法规\标准\185744_603成人术中非计划低体温预防与护理.pdf","UNKNOWN","地區待確認","年份待確認","","待確認或非規範文件","護理管理","","pdf","668443","2025-03-07T07:10:12.000Z","classified_candidate","0.35"
"4b473a91f7e6f6cb","185808_304危重症患儿管饲喂养护理.pdf","2护理标准法规\标准\185808_304危重症患儿管饲喂养护理.pdf","UNKNOWN","地區待確認","年份待確認","","待確認或非規範文件","護理管理","","pdf","417562","2025-03-07T07:10:28.000Z","classified_candidate","0.35"
"921f1c0efe7f6eb9","185833_637口腔癌术后口腔冲洗技术.pdf","2护理标准法规\标准\185833_637口腔癌术后口腔冲洗技术.pdf","UNKNOWN","地區待確認","年份待確認","","待確認或非規範文件","護理管理","","pdf","264075","2025-03-07T07:10:44.000Z","classified_candidate","0.35"
"08b51e11a2719246","2-患者服务 住院服务住院服务标准.pdf","2护理标准法规\标准\2-患者服务 住院服务住院服务标准.pdf","UNKNOWN","地區待確認","年份待確認","","待確認或非規範文件","護理管理","","pdf","1026798","2022-06-20T04:00:56.000Z","classified_candidate","0.35"
"b5f03936bca4cac2","2024 年国家医疗质量安全改进目标.pdf","2护理标准法规\标准\2024 年国家医疗质量安全改进目标.pdf","UNKNOWN","地區待確認","2024","2024","待確認或非規範文件","醫院評鑑與醫療品質","護理管理；醫院評鑑與醫療品質","pdf","201562","2024-09-01T11:48:44.000Z","classified_candidate","0.35"
"09bdcd7582dfbaaf","3058-医疗保障 消毒供应.pdf","2护理标准法规\标准\3058-医疗保障 消毒供应.pdf","UNKNOWN","地區待確認","年份待確認","","待確認或非規範文件","感染預防與控制","護理管理","pdf","828481","2022-07-19T02:55:30.000Z","classified_candidate","0.35"
"5c3330a939473326","DB11_T 2110-2023 保安服务规范 医院北京.pdf","2护理标准法规\标准\DB11_T 2110-2023 保安服务规范 医院北京.pdf","UNKNOWN","北京","2023","2023","國家或地方標準","護理管理","","pdf","159791","2023-11-15T01:49:18.000Z","classified_candidate","0.35"
"f27b1ab5a3c0e878","DB1303_T 377-2024 儿科优质护理服务规范.pdf","2护理标准法规\标准\DB1303_T 377-2024 儿科优质护理服务规范.pdf","UNKNOWN","地區待確認","2024","2024","國家或地方標準","護理管理","","pdf","988158","2025-03-07T06:56:06.000Z","classified_candidate","0.35"
"c92586051b376374","DB1303_T 379-2024 妇科病区优质护理服务规范.pdf","2护理标准法规\标准\DB1303_T 379-2024 妇科病区优质护理服务规范.pdf","UNKNOWN","地區待確認","2024","2024","國家或地方標準","護理管理","","pdf","806304","2025-03-07T06:55:48.000Z","classified_candidate","0.35"
"12aac96d58a06288","DB1409_T 59-2024 学校及托幼机构突发公共卫生事件应急预案.pdf","2护理标准法规\标准\DB1409_T 59-2024 学校及托幼机构突发公共卫生事件应急预案.pdf","UNKNOWN","地區待確認","2024","2024","國家或地方標準","護理管理","急診與緊急醫療；消防、治安與應急管理","pdf","516558","2025-03-30T08:22:54.000Z","classified_candidate","0.35"
"d8a3aa6249af620b","DB22_T 3469-2023 医疗机构护理文书书写规范.pdf","2护理标准法规\标准\DB22_T 3469-2023 医疗机构护理文书书写规范.pdf","UNKNOWN","地區待確認","2023","2023","國家或地方標準","護理管理","醫療治理與依法執業","pdf","2362025","2023-06-09T05:33:36.000Z","classified_candidate","0.35"
"9cf6776e1fb11546","DB3201T 1105-2022 公共安全视频监控系统建设规范.pdf","2护理标准法规\标准\DB3201T 1105-2022 公共安全视频监控系统建设规范.pdf","UNKNOWN","地區待確認","2022","2022","國家或地方標準","護理管理","","pdf","596438","2024-11-11T10:24:10.000Z","classified_candidate","0.35"
"d4a0f0dd864cce24","DB32_T 3906-2020 介入放射学和临床核医学放射工作人员 职.pdf","2护理标准法规\标准\DB32_T 3906-2020 介入放射学和临床核医学放射工作人员 职.pdf","UNKNOWN","地區待確認","2020","2020","國家或地方標準","護理管理","","pdf","3265064","2024-06-21T01:42:02.000Z","classified_candidate","0.35"
"3acc5b93b61203eb","DB32_T 4779-2024 职业健康监护工作规范.pdf","2护理标准法规\标准\DB32_T 4779-2024 职业健康监护工作规范.pdf","UNKNOWN","地區待確認","2024","2024","國家或地方標準","護理管理","","pdf","999911","2024-06-21T01:41:28.000Z","classified_candidate","0.35"
"23e06f3ce1840d2c","DB32_T 4780-2024 职业健康检查机构卫生监督执法工作规范.pdf","2护理标准法规\标准\DB32_T 4780-2024 职业健康检查机构卫生监督执法工作规范.pdf","UNKNOWN","地區待確認","2024","2024","國家或地方標準","護理管理","","pdf","509754","2024-06-21T01:40:24.000Z","classified_candidate","0.35"
"3c63a7c8d953953e","DB32_T 5060-2025 医疗机构门诊应急实战演练技术规范.pdf","2护理标准法规\标准\DB32_T 5060-2025 医疗机构门诊应急实战演练技术规范.pdf","UNKNOWN","地區待確認","2025","2025","技術規範／診療指南","護理管理","急診與緊急醫療；消防、治安與應急管理；醫療治理與依法執業","pdf","757503","2025-03-30T08:19:32.000Z","classified_candidate","0.35"
"a93ba448824000db","DB32_T 5063-2025 三级医疗机构门诊服务规范.pdf","2护理标准法规\标准\DB32_T 5063-2025 三级医疗机构门诊服务规范.pdf","UNKNOWN","地區待確認","2025","2025","國家或地方標準","護理管理","醫療治理與依法執業","pdf","430227","2025-04-02T06:36:06.000Z","classified_candidate","0.35"
"4ef0ab67e383f4b8","DB32_T 5124.6-2025 临床护理技术规范 第6部分：成人危.pdf","2护理标准法规\标准\DB32_T 5124.6-2025 临床护理技术规范 第6部分：成人危.pdf","UNKNOWN","地區待確認","2025","2025","技術規範／診療指南","護理管理","","pdf","608388","2025-08-05T06:40:42.000Z","classified_candidate","0.35"
"1aac828607f0c51e","DB3401_T 342-2024 围术期预防静脉血栓栓塞症护理服务规范.pdf","2护理标准法规\标准\DB3401_T 342-2024 围术期预防静脉血栓栓塞症护理服务规范.pdf","UNKNOWN","地區待確認","2024","2024","國家或地方標準","護理管理","手術、麻醉與疼痛管理","pdf","1112798","2025-03-07T06:56:50.000Z","classified_candidate","0.35"
"dabb96c49c545720","DB34_T 4865-2024 医院门诊投诉处置规范.pdf","2护理标准法规\标准\DB34_T 4865-2024 医院门诊投诉处置规范.pdf","UNKNOWN","地區待確認","2024","2024","國家或地方標準","護理管理","","pdf","448542","2025-02-28T01:34:32.000Z","classified_candidate","0.35"
"dcea6f2881459779","DB34_T 4960-2024 儿科居家延续护理规范.pdf","2护理标准法规\标准\DB34_T 4960-2024 儿科居家延续护理规范.pdf","UNKNOWN","地區待確認","2024","2024","國家或地方標準","護理管理","","pdf","469512","2024-11-07T08:07:36.000Z","classified_candidate","0.35"
"96dde2388ff193a3","DB34_T 5118-2025 医疗机构活体组织病理标本分析前阶段管理.pdf","2护理标准法规\标准\DB34_T 5118-2025 医疗机构活体组织病理标本分析前阶段管理.pdf","UNKNOWN","地區待確認","2025","2025","國家或地方標準","護理管理","醫技、檢驗與病理；醫療治理與依法執業","pdf","325365","2025-04-02T06:35:34.000Z","classified_candidate","0.35"
"ba55c5cad4fa3495","DB34_T 5208-2025 优质护理服务病区建设规范.pdf","2护理标准法规\标准\DB34_T 5208-2025 优质护理服务病区建设规范.pdf","UNKNOWN","地區待確認","2025","2025","國家或地方標準","護理管理","","pdf","186935","2025-08-05T06:40:12.000Z","classified_candidate","0.35"
"976059540652033e","DB42_T 2265.1-2024 医疗护理员 第1部分：培训规范.pdf","2护理标准法规\标准\DB42_T 2265.1-2024 医疗护理员 第1部分：培训规范.pdf","UNKNOWN","地區待確認","2024","2024","國家或地方標準","護理管理","","pdf","2076412","2024-10-28T00:26:46.000Z","classified_candidate","0.35"
"f91286fee860f904","DB43_T 2995-2024 综合医院分级心理护理规范.pdf","2护理标准法规\标准\DB43_T 2995-2024 综合医院分级心理护理规范.pdf","UNKNOWN","地區待確認","2024","2024","國家或地方標準","護理管理","","pdf","2812628","2024-06-21T01:19:54.000Z","classified_candidate","0.35"
"a613754f3d087a7d","DB4401T 105.11-2021单位内部安全防范要求 第 11 部分：医院.docx","2护理标准法规\标准\DB4401T 105.11-2021单位内部安全防范要求 第 11 部分：医院.docx","UNKNOWN","地區待確認","2021","2021","醫院評鑑／認證標準","醫院評鑑與醫療品質","病歷、電子病歷與醫療資料；感染預防與控制；護理管理；醫技、檢驗與病理；手術、麻醉與疼痛管理；急診與緊急醫療；臨床研究與人體試驗；醫療器材與設備；消防、治安與應急管理；環境、能源與醫療廢棄物；財務、採購與內部稽核；後勤、建築與設施安全；醫療治理與依法執業","docx","228346","2023-05-27T01:58:50.000Z","classified_candidate","0.35"
"4ddc39022961ff81","DB4401_T 277.1-2024 医疗设备预防性维护管理规范 第1.pdf","2护理标准法规\标准\DB4401_T 277.1-2024 医疗设备预防性维护管理规范 第1.pdf","UNKNOWN","地區待確認","2024","2024","國家或地方標準","護理管理","醫療器材與設備","pdf","342691","2024-10-28T00:15:08.000Z","classified_candidate","0.35"
"9c56f7dcc31aa1ec","DB4403T 182-2021 医疗卫生机构卫生间建设与管理指南.pdf","2护理标准法规\标准\DB4403T 182-2021 医疗卫生机构卫生间建设与管理指南.pdf","UNKNOWN","地區待確認","2021","2021","技術規範／診療指南","護理管理","後勤、建築與設施安全","pdf","4190491","2022-09-03T08:49:36.000Z","classified_candidate","0.35"
"cdc870f87f89a614","DB4403_T 332-2023 医疗机构安宁疗护护理技术规范.pdf","2护理标准法规\标准\DB4403_T 332-2023 医疗机构安宁疗护护理技术规范.pdf","UNKNOWN","地區待確認","2023","2023","技術規範／診療指南","護理管理","醫療治理與依法執業","pdf","1982832","2023-06-09T05:27:26.000Z","classified_candidate","0.35"
"297f3ece34889ae1","DB4501_T 0039-2024 银质针治疗护理规范.pdf","2护理标准法规\标准\DB4501_T 0039-2024 银质针治疗护理规范.pdf","UNKNOWN","地區待確認","2024","2024","國家或地方標準","護理管理","","pdf","494791","2025-03-07T06:53:28.000Z","classified_candidate","0.35"
"43c47b31761b4f48","DB45_T 2889-2024 突发事件应急预案与应急演练评估规范.pdf","2护理标准法规\标准\DB45_T 2889-2024 突发事件应急预案与应急演练评估规范.pdf","UNKNOWN","地區待確認","2024","2024","國家或地方標準","護理管理","急診與緊急醫療；消防、治安與應急管理","pdf","1212118","2025-03-30T08:22:20.000Z","classified_candidate","0.35"
"5b5e97c8a588b966","DB50_T 1556.3-2024 医疗护理员服务等级评定 第3部分：.pdf","2护理标准法规\标准\DB50_T 1556.3-2024 医疗护理员服务等级评定 第3部分：.pdf","UNKNOWN","地區待確認","2024","2024","國家或地方標準","護理管理","","pdf","683093","2024-06-21T01:14:44.000Z","classified_candidate","0.35"
"1a7069748cd33e05","DB52_T 1781-2024 介入诊疗医务人员辐射防护规范.pdf","2护理标准法规\标准\DB52_T 1781-2024 介入诊疗医务人员辐射防护规范.pdf","UNKNOWN","地區待確認","2024","2024","國家或地方標準","護理管理","","pdf","1623940","2024-06-21T01:22:18.000Z","classified_candidate","0.35"
"0cace08f75c65144","DB61_T 1798-2023 医院保洁服务规范.pdf","2护理标准法规\标准\DB61_T 1798-2023 医院保洁服务规范.pdf","UNKNOWN","地區待確認","2023","2023","國家或地方標準","護理管理","","pdf","473794","2024-02-19T08:22:48.000Z","classified_candidate","0.35"
"46aabd2995c1d4ec","GB+15979-2024一次性使用卫生用品卫生要求.pdf","2护理标准法规\标准\GB+15979-2024一次性使用卫生用品卫生要求.pdf","UNKNOWN","地區待確認","2024","2024","國家或地方標準","護理管理","","pdf","1957437","2024-08-22T04:49:24.000Z","classified_candidate","0.35"
"0db1fd82a25d4675","PDCA循环提高脓毒症患者集束化治疗完成率的效果研究.pdf","2护理标准法规\标准\PDCA循环提高脓毒症患者集束化治疗完成率的效果研究.pdf","UNKNOWN","地區待確認","年份待確認","","研究論文／文獻","護理管理","臨床研究與人體試驗","pdf","1558515","2024-08-24T05:55:58.000Z","classified_candidate","0.35"
"96b97fb2b79bcfc6","TCFLP 0023-2019 医药产品医院院内物流服务规范.pdf","2护理标准法规\标准\TCFLP 0023-2019 医药产品医院院内物流服务规范.pdf","UNKNOWN","地區待確認","2019","2019","待確認或非規範文件","護理管理","後勤、建築與設施安全","pdf","2672394","2022-08-24T02:24:04.000Z","classified_candidate","0.35"
"fcfdaf34fe25a6fb","TCNAS 04-2019 住院患者身体约束护理.pdf","2护理标准法规\标准\TCNAS 04-2019 住院患者身体约束护理.pdf","UNKNOWN","地區待確認","2019","2019","待確認或非規範文件","護理管理","","pdf","366496","2024-03-25T06:45:20.000Z","classified_candidate","0.35"
"f688569ea37ea4d1","T_CALC 04-2024 卒中单元住院患者人文关怀护理规范.pdf","2护理标准法规\标准\T_CALC 04-2024 卒中单元住院患者人文关怀护理规范.pdf","UNKNOWN","地區待確認","2024","2024","待確認或非規範文件","護理管理","","pdf","452655","2025-03-07T06:57:54.000Z","classified_candidate","0.35"
"5fd8ce6b5e0f7a16","T_CAME 1-2019 家庭式产房建设标准.pdf","2护理标准法规\标准\T_CAME 1-2019 家庭式产房建设标准.pdf","UNKNOWN","地區待確認","2019","2019","待確認或非規範文件","護理管理","","pdf","10533097","2025-04-02T02:56:02.000Z","classified_candidate","0.35"
"8165c7c735234032","T_CAME 2-2019 医院洁净手术部运行维护与管理规范.pdf","2护理标准法规\标准\T_CAME 2-2019 医院洁净手术部运行维护与管理规范.pdf","UNKNOWN","地區待確認","2019","2019","待確認或非規範文件","護理管理","手術、麻醉與疼痛管理","pdf","5136170","2023-06-09T05:43:42.000Z","classified_candidate","0.35"
"d7eb9ef47a608d66","T_CHAS 10-2-18-2022 中国医院质量安全患者服务 介入治疗.pdf","2护理标准法规\标准\T_CHAS 10-2-18-2022 中国医院质量安全患者服务 介入治疗.pdf","CN","地區待確認","2022","2022","待確認或非規範文件","護理管理","","pdf","406509","2024-06-09T02:40:10.000Z","classified_candidate","0.75"
"5d665e07a68e34c7","T_CNAS 28-2023 成人住院患者静脉血栓栓塞症的预防护理.pdf","2护理标准法规\标准\T_CNAS 28-2023 成人住院患者静脉血栓栓塞症的预防护理.pdf","UNKNOWN","地區待確認","2023","2023","待確認或非規範文件","護理管理","","pdf","345077","2024-07-25T02:35:24.000Z","classified_candidate","0.35"
"c990ee6abfe06c8d","T_CNAS 29-2023 术中获得性压力性损伤预防.pdf","2护理标准法规\标准\T_CNAS 29-2023 术中获得性压力性损伤预防.pdf","UNKNOWN","地區待確認","2023","2023","待確認或非規範文件","護理管理","","pdf","294612","2025-03-13T02:20:58.000Z","classified_candidate","0.35"
"459a147efc587f45","T_CNAS 30-2023 住院精神疾病患者攻击行为预防.pdf","2护理标准法规\标准\T_CNAS 30-2023 住院精神疾病患者攻击行为预防.pdf","UNKNOWN","地區待確認","2023","2023","待確認或非規範文件","護理管理","","pdf","279532","2024-07-25T02:37:16.000Z","classified_candidate","0.35"
"da1459fb94d4310b","T_CNAS 38-2023 住院精神疾病患者自杀风险护理.pdf","2护理标准法规\标准\T_CNAS 38-2023 住院精神疾病患者自杀风险护理.pdf","UNKNOWN","地區待確認","2023","2023","待確認或非規範文件","護理管理","","pdf","277189","2024-10-11T05:02:32.000Z","classified_candidate","0.35"
"862d31e00a1a1b26","T_CNAS 44-2024 成人手术患者低体温的预防与护理.pdf","2护理标准法规\标准\T_CNAS 44-2024 成人手术患者低体温的预防与护理.pdf","UNKNOWN","地區待確認","2024","2024","待確認或非規範文件","護理管理","手術、麻醉與疼痛管理","pdf","668798","2024-11-07T08:07:58.000Z","classified_candidate","0.35"
"2bb43c892b25bfe0","T_CPASE G035-2024 医疗机构特种设备使用合规管理要求.pdf","2护理标准法规\标准\T_CPASE G035-2024 医疗机构特种设备使用合规管理要求.pdf","UNKNOWN","地區待確認","2024","2024","待確認或非規範文件","護理管理","醫療器材與設備；醫療治理與依法執業","pdf","789686","2025-04-02T06:37:14.000Z","classified_candidate","0.35"
"fc69ba408f0cc135","T_CRHA 028-2023 成人住院患者静脉血栓栓塞症风险评估技术.pdf","2护理标准法规\标准\T_CRHA 028-2023 成人住院患者静脉血栓栓塞症风险评估技术.pdf","UNKNOWN","地區待確認","2023","2023","待確認或非規範文件","護理管理","","pdf","347596","2024-07-25T02:35:36.000Z","classified_candidate","0.35"
"c795feddf23914e9","T_CRHA 038-2024 成人重症患者俯卧位机械通气压力性损伤预防.pdf","2护理标准法规\标准\T_CRHA 038-2024 成人重症患者俯卧位机械通气压力性损伤预防.pdf","UNKNOWN","地區待確認","2024","2024","待確認或非規範文件","護理管理","","pdf","358478","2025-03-13T02:21:28.000Z","classified_candidate","0.35"
"0a8b3f2ee9ab9a50","T_CRHA 076-2024 安宁疗护护理指引.pdf","2护理标准法规\标准\T_CRHA 076-2024 安宁疗护护理指引.pdf","UNKNOWN","地區待確認","2024","2024","待確認或非規範文件","護理管理","","pdf","441356","2024-11-07T08:08:46.000Z","classified_candidate","0.35"
"c809a45b87524fe5","T_CRHA 089-2024 成人床旁心电监测护理规程.pdf","2护理标准法规\标准\T_CRHA 089-2024 成人床旁心电监测护理规程.pdf","UNKNOWN","地區待確認","2024","2024","院內制度／SOP","護理管理","","pdf","428944","2025-03-07T06:58:16.000Z","classified_candidate","0.35"
"c8b8254193e2cf30","T_GDACM 0116-2022 中医护理门诊建设规范.pdf","2护理标准法规\标准\T_GDACM 0116-2022 中医护理门诊建设规范.pdf","UNKNOWN","地區待確認","2022","2022","待確認或非規範文件","護理管理","","pdf","620566","2023-06-09T05:41:42.000Z","classified_candidate","0.35"
"146b1046daff7e5f","T_GDMDMA 0012.16-2022 医用气体系统使用管理.pdf","2护理标准法规\标准\T_GDMDMA 0012.16-2022 医用气体系统使用管理.pdf","UNKNOWN","地區待確認","2022","2022","待確認或非規範文件","護理管理","","pdf","288836","2024-11-22T01:11:36.000Z","classified_candidate","0.35"
"84370ff1cab33e8f","T_GDMDMA 0012.16-2022 医院医疗器械管理规范 第16.pdf","2护理标准法规\标准\T_GDMDMA 0012.16-2022 医院医疗器械管理规范 第16.pdf","UNKNOWN","地區待確認","2022","2022","待確認或非規範文件","護理管理","醫療器材與設備","pdf","288836","2024-07-02T04:33:16.000Z","classified_candidate","0.35"
"9f64a8cba81c3918","T_GDMDMA 0012.8-2022 医院医疗器械管理规范 第8部分.pdf","2护理标准法规\标准\T_GDMDMA 0012.8-2022 医院医疗器械管理规范 第8部分.pdf","UNKNOWN","地區待確認","2022","2022","待確認或非規範文件","護理管理","醫療器材與設備","pdf","270905","2023-06-25T03:53:18.000Z","classified_candidate","0.35"
"89fe7b140ecb8ed6","T_GDNAS 051-2024 急性Stanford A型主动脉夹层患.pdf","2护理标准法规\标准\T_GDNAS 051-2024 急性Stanford A型主动脉夹层患.pdf","UNKNOWN","地區待確認","2024","2024","待確認或非規範文件","護理管理","","pdf","340980","2024-11-07T08:10:22.000Z","classified_candidate","0.35"
"d8b8c975e045e94f","T_GDSX 002-2025 实验室应急喷淋和洗眼设备技术规范.pdf","2护理标准法规\标准\T_GDSX 002-2025 实验室应急喷淋和洗眼设备技术规范.pdf","UNKNOWN","地區待確認","2025","2025","技術規範／診療指南","護理管理","醫技、檢驗與病理；急診與緊急醫療；醫療器材與設備；消防、治安與應急管理","pdf","1378949","2025-03-30T08:21:00.000Z","classified_candidate","0.35"
"d9706e7b764c36fb","T_GXAS 928-2025 婴幼儿CT检查护理规范.pdf","2护理标准法规\标准\T_GXAS 928-2025 婴幼儿CT检查护理规范.pdf","UNKNOWN","地區待確認","2025","2025","待確認或非規範文件","護理管理","","pdf","682917","2025-08-05T06:41:26.000Z","classified_candidate","0.35"
"e8cadbf4bc6e8b94","T_KT SYL2402-2025 医疗机构集中空调通风系统清洗消毒技术.pdf","2护理标准法规\标准\T_KT SYL2402-2025 医疗机构集中空调通风系统清洗消毒技术.pdf","UNKNOWN","地區待確認","2025","2025","待確認或非規範文件","感染預防與控制","護理管理；醫療治理與依法執業","pdf","843231","2025-04-02T06:38:14.000Z","classified_candidate","0.35"
"eea49834da3f9768","T_NAHIEM 142-2025 医院可复用手术器械管理规范.pdf","2护理标准法规\标准\T_NAHIEM 142-2025 医院可复用手术器械管理规范.pdf","UNKNOWN","地區待確認","2025","2025","待確認或非規範文件","護理管理","手術、麻醉與疼痛管理","pdf","1437339","2025-02-28T01:22:18.000Z","classified_candidate","0.35"
"75217646e00b75f4","T_NXBX 007-2023 压力性损伤老年人护理规范.pdf","2护理标准法规\标准\T_NXBX 007-2023 压力性损伤老年人护理规范.pdf","UNKNOWN","地區待確認","2023","2023","待確認或非規範文件","護理管理","","pdf","288515","2025-03-13T02:20:40.000Z","classified_candidate","0.35"
"a54967df6d6a9599","T_SCNA 0001-2022 日间手术中心护理质量安全管理.pdf","2护理标准法规\标准\T_SCNA 0001-2022 日间手术中心护理质量安全管理.pdf","UNKNOWN","地區待確認","2022","2022","待確認或非規範文件","護理管理","手術、麻醉與疼痛管理","pdf","493227","2023-06-09T05:39:38.000Z","classified_candidate","0.35"
"91d667f69bde5187","T_SHWSHQ 04-2025 医院生活垃圾分类及收集规范.pdf","2护理标准法规\标准\T_SHWSHQ 04-2025 医院生活垃圾分类及收集规范.pdf","UNKNOWN","地區待確認","2025","2025","待確認或非規範文件","護理管理","","pdf","276977","2025-04-02T06:08:14.000Z","classified_candidate","0.35"
"6836218a87bdcd90","T_SHWSHQ 10-2022 医疗卫生机构医用气体系统安全管理规范.pdf","2护理标准法规\标准\T_SHWSHQ 10-2022 医疗卫生机构医用气体系统安全管理规范.pdf","UNKNOWN","地區待確認","2022","2022","待確認或非規範文件","護理管理","","pdf","500117","2024-11-22T01:11:52.000Z","classified_candidate","0.35"
"3dfbe750abed5a31","T_SISTB T_SISTBOO7-2022 医院护工护理服务标准.pdf","2护理标准法规\标准\T_SISTB T_SISTBOO7-2022 医院护工护理服务标准.pdf","UNKNOWN","地區待確認","2022","2022","待確認或非規範文件","護理管理","","pdf","439825","2023-09-24T06:28:24.000Z","classified_candidate","0.35"
"22ada4468b28cf66","T_WSJD 51-2024 医疗机构消毒供应中心用水卫生要求.pdf","2护理标准法规\标准\T_WSJD 51-2024 医疗机构消毒供应中心用水卫生要求.pdf","UNKNOWN","地區待確認","2024","2024","待確認或非規範文件","感染預防與控制","護理管理；醫療治理與依法執業","pdf","354149","2024-07-15T09:00:28.000Z","classified_candidate","0.35"
"bf9ab10340010376","WS_T 311-2023 医院隔离技术标准.docx","2护理标准法规\标准\WS_T 311-2023 医院隔离技术标准.docx","CN","地區待確認","2023","2023","研究論文／文獻","病歷、電子病歷與醫療資料","感染預防與控制；護理管理；醫技、檢驗與病理；手術、麻醉與疼痛管理；急診與緊急醫療；臨床研究與人體試驗；醫療器材與設備；環境、能源與醫療廢棄物；後勤、建築與設施安全；圖書、教育與文件管理；醫療治理與依法執業","docx","350943","2024-06-10T10:03:40.000Z","classified_candidate","0.75"
"2aa3cae8abffd53f","WS_T 311-2023 医院隔离技术标准.pdf","2护理标准法规\标准\WS_T 311-2023 医院隔离技术标准.pdf","UNKNOWN","地區待確認","2023","2023","國家或地方標準","感染預防與控制","護理管理","pdf","1225576","2023-09-05T12:37:02.000Z","classified_candidate","0.35"
"6453b65ae8900c12","WS_T 836-2024 手术室医学装备配置标准.pdf","2护理标准法规\标准\WS_T 836-2024 手术室医学装备配置标准.pdf","UNKNOWN","地區待確認","2024","2024","國家或地方標準","護理管理","手術、麻醉與疼痛管理","pdf","1293233","2024-06-21T01:22:56.000Z","classified_candidate","0.35"
"9fa8ef812f435078","个性化约束在降低重症病人非计划拔管率中的应用效果分析.pdf","2护理标准法规\标准\个性化约束在降低重症病人非计划拔管率中的应用效果分析.pdf","UNKNOWN","地區待確認","年份待確認","","研究論文／文獻","護理管理","","pdf","929684","2024-03-26T06:01:14.000Z","classified_candidate","0.35"
"ff4bd6fccb9273f2","产后母婴服务珠海.pdf","2护理标准法规\标准\产后母婴服务珠海.pdf","UNKNOWN","地區待確認","年份待確認","","待確認或非規範文件","護理管理","生殖、婦幼與月子服務","pdf","1027569","2023-07-13T02:48:56.000Z","classified_candidate","0.35"
"d641d8d1dad4a927","住院患者身体约束护理.pdf","2护理标准法规\标准\住院患者身体约束护理.pdf","UNKNOWN","地區待確認","年份待確認","","待確認或非規範文件","護理管理","","pdf","449182","2024-03-25T06:49:28.000Z","classified_candidate","0.35"
"99f67b6d4bd7ee12","医务人员手卫生规范.pdf","2护理标准法规\标准\医务人员手卫生规范.pdf","UNKNOWN","地區待確認","年份待確認","","待確認或非規範文件","護理管理","","pdf","360986","2022-08-26T08:38:14.000Z","classified_candidate","0.35"
"29e6f1c1c4e3628f","医疗和疾控机构后勤安全生产工作管理指南2023 年版.pdf","2护理标准法规\标准\医疗和疾控机构后勤安全生产工作管理指南2023 年版.pdf","UNKNOWN","地區待確認","2023","2023","技術規範／診療指南","護理管理","後勤、建築與設施安全","pdf","3430909","2023-11-24T02:04:18.000Z","classified_candidate","0.35"
"017e179c9f55030b","医疗管理 护理质量管理.pdf","2护理标准法规\标准\医疗管理 护理质量管理.pdf","UNKNOWN","地區待確認","年份待確認","","待確認或非規範文件","醫院評鑑與醫療品質","護理管理；醫療治理與依法執業","pdf","652581","2022-06-20T04:02:58.000Z","classified_candidate","0.35"
"e6f0214c07a8159c","医院护工护理服务标准.pdf","2护理标准法规\标准\医院护工护理服务标准.pdf","UNKNOWN","地區待確認","年份待確認","","待確認或非規範文件","護理管理","","pdf","492510","2023-03-31T13:15:38.000Z","classified_candidate","0.35"
"67bfce9b0314d442","医院消毒供应中心 第1部分：管理规范.pdf","2护理标准法规\标准\医院消毒供应中心 第1部分：管理规范.pdf","UNKNOWN","地區待確認","年份待確認","","待確認或非規範文件","感染預防與控制","護理管理","pdf","255326","2022-07-01T15:50:56.000Z","classified_candidate","0.35"
"aeefcedf85c432f9","国家卫生计生委办公厅关于加强医疗机构卫生间管理工作的通知.pdf","2护理标准法规\标准\国家卫生计生委办公厅关于加强医疗机构卫生间管理工作的通知.pdf","UNKNOWN","地區待確認","年份待確認","","公告／通知／函釋","護理管理","後勤、建築與設施安全；醫療治理與依法執業","pdf","259525","2022-09-03T08:42:44.000Z","classified_candidate","0.35"
"261daec6b4493459","孕产期保健工作管理办法及规范.pdf","2护理标准法规\标准\孕产期保健工作管理办法及规范.pdf","UNKNOWN","地區待確認","年份待確認","","院內制度／SOP","護理管理","生殖、婦幼與月子服務","pdf","4910991","2023-07-13T07:37:20.000Z","classified_candidate","0.35"
"90f53d0d9616dcea","成人ICU患者身体约束临床实践指南.pdf","2护理标准法规\标准\成人ICU患者身体约束临床实践指南.pdf","UNKNOWN","地區待確認","年份待確認","","技術規範／診療指南","護理管理","","pdf","3604029","2024-03-25T07:31:32.000Z","classified_candidate","0.35"
"f223dd62b5719925","托育机构卫生规范广州.pdf","2护理标准法规\标准\托育机构卫生规范广州.pdf","UNKNOWN","廣東","年份待確認","","待確認或非規範文件","護理管理","","pdf","1422089","2023-07-13T02:52:14.000Z","classified_candidate","0.35"
"32dffe3b526e4733","护士条例.docx","2护理标准法规\标准\护士条例.docx","UNKNOWN","地區待確認","年份待確認","","研究論文／文獻","資訊安全與個人資料","感染預防與控制；護理管理；急診與緊急醫療；臨床研究與人體試驗；職業安全與員工健康；消防、治安與應急管理","docx","18140","2021-01-25T08:01:32.000Z","classified_candidate","0.35"
"5eed239954abf98d","护理专业医疗质量控制指标（2020 年版） .pdf","2护理标准法规\标准\护理专业医疗质量控制指标（2020 年版） .pdf","UNKNOWN","地區待確認","2020","2020","待確認或非規範文件","醫院評鑑與醫療品質","護理管理；醫院評鑑與醫療品質","pdf","415135","2020-12-21T06:06:52.000Z","classified_candidate","0.35"
"00239905ae392716","护理分级标准.pdf","2护理标准法规\标准\护理分级标准.pdf","UNKNOWN","地區待確認","年份待確認","","待確認或非規範文件","護理管理","","pdf","203309","2024-08-09T06:07:52.000Z","classified_candidate","0.35"
"8d34de273802fb28","护理分级（2014）.PDF","2护理标准法规\标准\护理分级（2014）.PDF","UNKNOWN","地區待確認","2014","2014","待確認或非規範文件","護理管理","","pdf","484736","2022-06-29T06:44:06.000Z","classified_candidate","0.35"
"c3089eca4fb818e5","河北省应急避难场所管理办法.pdf","2护理标准法规\标准\河北省应急避难场所管理办法.pdf","UNKNOWN","河北","年份待確認","","院內制度／SOP","護理管理","急診與緊急醫療；消防、治安與應急管理","pdf","1136142","2023-04-09T13:15:14.000Z","classified_candidate","0.35"
"ae5d72080adc8051","河北省有限空间作业安全管理规定.pdf","2护理标准法规\标准\河北省有限空间作业安全管理规定.pdf","UNKNOWN","河北","年份待確認","","行政法規／條例","護理管理","後勤、建築與設施安全","pdf","1763342","2023-04-09T13:16:14.000Z","classified_candidate","0.35"
"4ace4bd49ad9d601","河北省特种设备事故应急预案.pdf","2护理标准法规\标准\河北省特种设备事故应急预案.pdf","UNKNOWN","河北","年份待確認","","待確認或非規範文件","護理管理","急診與緊急醫療；醫療器材與設備；消防、治安與應急管理","pdf","1667837","2023-04-09T13:24:14.000Z","classified_candidate","0.35"
"d21622cd26c2f179","河北省特种设备安全风险分级管控隐患排查治理指导手册.pdf","2护理标准法规\标准\河北省特种设备安全风险分级管控隐患排查治理指导手册.pdf","UNKNOWN","河北","年份待確認","","待確認或非規範文件","護理管理","醫療器材與設備","pdf","2524851","2023-04-09T13:22:16.000Z","classified_candidate","0.35"
"da61613fcacffd28","第 2 部分：清洗消毒及灭菌技术.pdf","2护理标准法规\标准\第 2 部分：清洗消毒及灭菌技术.pdf","UNKNOWN","地區待確認","年份待確認","","待確認或非規範文件","感染預防與控制","護理管理","pdf","318736","2022-07-01T15:00:54.000Z","classified_candidate","0.35"
"856dd45806bc43ff","第三部分清洗消毒滅菌監測標準.pdf","2护理标准法规\标准\第三部分清洗消毒滅菌監測標準.pdf","UNKNOWN","地區待確認","年份待確認","","待確認或非規範文件","感染預防與控制","護理管理","pdf","903956","2022-07-01T09:38:28.000Z","classified_candidate","0.35"
"b377c017d822a133","第二部分清洗消毒滅菌消毒規範.pdf","2护理标准法规\标准\第二部分清洗消毒滅菌消毒規範.pdf","UNKNOWN","地區待確認","年份待確認","","待確認或非規範文件","感染預防與控制","護理管理","pdf","1285410","2022-07-01T14:54:24.000Z","classified_candidate","0.35"
"110e83afce95c467","综合医院分级护理指导原则（试行）(2009).docx","2护理标准法规\标准\综合医院分级护理指导原则（试行）(2009).docx","UNKNOWN","地區待確認","2009","2009","研究論文／文獻","醫院評鑑與醫療品質","護理管理；手術、麻醉與疼痛管理；臨床研究與人體試驗；醫療治理與依法執業","docx","20462","2022-06-29T06:42:28.000Z","classified_candidate","0.35"
"72cb1965dd5a17cc","连续肾脏替代治疗装置性能技术指标检测与控制标准.pdf","2护理标准法规\标准\连续肾脏替代治疗装置性能技术指标检测与控制标准.pdf","UNKNOWN","地區待確認","年份待確認","","待確認或非規範文件","護理管理","","pdf","1284290","2024-08-09T06:06:30.000Z","classified_candidate","0.35"
"d25473f928c9ad57","重庆市护士规范化培训基地标准.pdf","2护理标准法规\标准\重庆市护士规范化培训基地标准.pdf","CN","重慶","年份待確認","","教材／簡報／參考資料","護理管理","","pdf","208370","2022-10-10T03:07:10.000Z","classified_candidate","0.75"
"42d1c9d9e607ab6d","重庆市护士规范化培训基地管理办法.pdf","2护理标准法规\标准\重庆市护士规范化培训基地管理办法.pdf","CN","重慶","年份待確認","","教材／簡報／參考資料","護理管理","","pdf","220342","2022-10-10T03:06:42.000Z","classified_candidate","0.75"
"b8a503499573db34","静脉治疗护理技术操作标准 2023 版.pdf","2护理标准法规\标准\静脉治疗护理技术操作标准 2023 版.pdf","UNKNOWN","地區待確認","2023","2023","待確認或非規範文件","護理管理","","pdf","286378","2023-09-27T03:47:34.000Z","classified_candidate","0.35"
"9b5ec77719448e23","静脉治疗护理技术操作标准.pdf","2护理标准法规\标准\静脉治疗护理技术操作标准.pdf","UNKNOWN","地區待確認","年份待確認","","待確認或非規範文件","護理管理","","pdf","289590","2024-08-09T06:08:04.000Z","classified_candidate","0.35"
"81fef6727ecab167","2018关于印发《使用青霉素的有关规定》的通知（有效）__上海市卫生健康委员会.pdf","2藥學相關法規\2018关于印发《使用青霉素的有关规定》的通知（有效）__上海市卫生健康委员会.pdf","UNKNOWN","上海","2018","2018","公告／通知／函釋","藥事與藥品管理","","pdf","266160","2022-09-25T03:29:10.000Z","classified_candidate","0.35"
"f96499412f42b87e","DB14T 2252-2020 医疗机构冷藏药品温控管理规范.pdf","2藥學相關法規\DB14T 2252-2020 医疗机构冷藏药品温控管理规范.pdf","UNKNOWN","地區待確認","2020","2020","國家或地方標準","藥事與藥品管理","醫療治理與依法執業","pdf","484427","2026-02-23T04:56:48.000Z","classified_candidate","0.35"
"a23df391cb805d87","DB14_T 3133-2024 药品质量管理标准体系.pdf","2藥學相關法規\DB14_T 3133-2024 药品质量管理标准体系.pdf","UNKNOWN","地區待確認","2024","2024","國家或地方標準","醫院評鑑與醫療品質","藥事與藥品管理","pdf","2402140","2024-10-28T00:34:54.000Z","classified_candidate","0.35"
"66fa23b80e7a15a3","DB31_T 1544-2025 麻醉医疗用特殊管理药品使用管理规范.pdf","2藥學相關法規\DB31_T 1544-2025 麻醉医疗用特殊管理药品使用管理规范.pdf","UNKNOWN","地區待確認","2025","2025","國家或地方標準","藥事與藥品管理","手術、麻醉與疼痛管理","pdf","3702339","2026-02-23T04:58:58.000Z","classified_candidate","0.35"
"a45ed2cf437f13c2","DB3209_T 1240-2023 医疗机构药物警戒工作指南.pdf","2藥學相關法規\DB3209_T 1240-2023 医疗机构药物警戒工作指南.pdf","UNKNOWN","地區待確認","2023","2023","技術規範／診療指南","藥事與藥品管理","醫療治理與依法執業","pdf","700242","2023-08-11T09:08:26.000Z","classified_candidate","0.35"
"26812e0ce6810d8c","DB34_T 4795-2024 医疗机构药物基因检测指导个体化药学服务.pdf","2藥學相關法規\DB34_T 4795-2024 医疗机构药物基因检测指导个体化药学服务.pdf","UNKNOWN","地區待確認","2024","2024","國家或地方標準","藥事與藥品管理","醫療治理與依法執業","pdf","618860","2024-06-21T01:18:02.000Z","classified_candidate","0.35"
"b7008f9a180db55a","DB41_T 2319-2022 医疗机构药品不良反应报告和监测工作规范.pdf","2藥學相關法規\DB41_T 2319-2022 医疗机构药品不良反应报告和监测工作规范.pdf","UNKNOWN","地區待確認","2022","2022","國家或地方標準","藥事與藥品管理","醫療治理與依法執業","pdf","658220","2023-12-03T06:53:26.000Z","classified_candidate","0.35"
"f97b6cb04165b896","DB52_T 1845-2024 医疗机构药物重整管理规范.pdf","2藥學相關法規\DB52_T 1845-2024 医疗机构药物重整管理规范.pdf","UNKNOWN","地區待確認","2024","2024","國家或地方標準","藥事與藥品管理","醫療治理與依法執業","pdf","469717","2024-10-28T00:33:22.000Z","classified_candidate","0.35"
"ba07091fd2c8e7c2","DB6101_T 3194-2024 急抢救药品配送服务规范.pdf","2藥學相關法規\DB6101_T 3194-2024 急抢救药品配送服务规范.pdf","UNKNOWN","地區待確認","2024","2024","國家或地方標準","藥事與藥品管理","","pdf","223886","2024-09-22T02:09:16.000Z","classified_candidate","0.35"
"01a7cdb1ec7a94c7","GB_T 28842-2021 药品冷链物流运作规范.pdf","2藥學相關法規\GB_T 28842-2021 药品冷链物流运作规范.pdf","UNKNOWN","地區待確認","2021","2021","國家或地方標準","藥事與藥品管理","後勤、建築與設施安全","pdf","601178","2023-12-03T06:44:32.000Z","classified_candidate","0.35"
"b2a1b903c71ccc7f","TCHAS 10-3-2-2019医疗保障 药品保障.pdf","2藥學相關法規\TCHAS 10-3-2-2019医疗保障 药品保障.pdf","UNKNOWN","地區待確認","2019","2019","待確認或非規範文件","藥事與藥品管理","","pdf","695625","2023-11-15T01:50:14.000Z","classified_candidate","0.35"
"33237597194572fa","T_CHAS 20-3-7-1-2023 高警示药品标准分册.pdf","2藥學相關法規\T_CHAS 20-3-7-1-2023 高警示药品标准分册.pdf","UNKNOWN","地區待確認","2023","2023","待確認或非規範文件","藥事與藥品管理","","pdf","333204","2024-03-03T07:49:18.000Z","classified_candidate","0.35"
"e86a2f3c2f4d67c9","T_CHAS 20-3-7-2-2024 医疗机构药事管理与药学服务 易混淆药品.pdf","2藥學相關法規\T_CHAS 20-3-7-2-2024 医疗机构药事管理与药学服务 易混淆药品.pdf","UNKNOWN","地區待確認","2024","2024","待確認或非規範文件","藥事與藥品管理","醫療治理與依法執業","pdf","392725","2024-09-22T02:10:20.000Z","classified_candidate","0.35"
"b429763368c67f07","T_CHAS 20-3-7-2-2024 医疗机构药事管理与药学服务 第.pdf","2藥學相關法規\T_CHAS 20-3-7-2-2024 医疗机构药事管理与药学服务 第.pdf","UNKNOWN","地區待確認","2024","2024","待確認或非規範文件","藥事與藥品管理","醫療治理與依法執業","pdf","392725","2024-09-22T02:10:20.000Z","classified_candidate","0.35"
"6fc670b930864bd4","T_CHAS 20-3-7-3-2024 医疗机构药事管理与药学服务 第.pdf","2藥學相關法規\T_CHAS 20-3-7-3-2024 医疗机构药事管理与药学服务 第.pdf","UNKNOWN","地區待確認","2024","2024","待確認或非規範文件","藥事與藥品管理","醫療治理與依法執業","pdf","296567","2024-09-22T02:07:14.000Z","classified_candidate","0.35"
"d0841a45bacc8240","T_CHAS 20-3-7-3-2024 抢救车与基数药品.pdf","2藥學相關法規\T_CHAS 20-3-7-3-2024 抢救车与基数药品.pdf","UNKNOWN","地區待確認","2024","2024","待確認或非規範文件","藥事與藥品管理","","pdf","296567","2024-09-22T02:07:14.000Z","classified_candidate","0.35"
"dd6d44f321639371","T_CHAS 20-4-10 药品使用监测与评价标准分册.pdf","2藥學相關法規\T_CHAS 20-4-10 药品使用监测与评价标准分册.pdf","UNKNOWN","地區待確認","年份待確認","","待確認或非規範文件","藥事與藥品管理","","pdf","906999","2023-12-03T06:47:40.000Z","classified_candidate","0.35"
"27488712d58d46c3","T_CHAS 20-4-11-3-2024 医疗机构药事管理与药学服务 .pdf","2藥學相關法規\T_CHAS 20-4-11-3-2024 医疗机构药事管理与药学服务 .pdf","UNKNOWN","地區待確認","2024","2024","待確認或非規範文件","藥事與藥品管理","醫療治理與依法執業","pdf","300297","2024-09-22T02:09:54.000Z","classified_candidate","0.35"
"5e48d33f339c901f","T_CHAS 20-4-12-1-2023 医疗机构药事管理与药学服务 .pdf","2藥學相關法規\T_CHAS 20-4-12-1-2023 医疗机构药事管理与药学服务 .pdf","UNKNOWN","地區待確認","2023","2023","待確認或非規範文件","藥事與藥品管理","醫療治理與依法執業","pdf","1256863","2024-09-22T02:13:16.000Z","classified_candidate","0.35"
"078f4f1c1d2e1393","T_CHAS 20-4-12-1-2023 医疗机构药事管理与药学服务 特殊管理药品.pdf","2藥學相關法規\T_CHAS 20-4-12-1-2023 医疗机构药事管理与药学服务 特殊管理药品.pdf","UNKNOWN","地區待確認","2023","2023","待確認或非規範文件","藥事與藥品管理","醫療治理與依法執業","pdf","1256863","2024-09-22T02:13:16.000Z","classified_candidate","0.35"
"593ad4139d3ff877","T_CHAS 20-4-12-2-2023 医疗机构药事管理与药学服务 .pdf","2藥學相關法規\T_CHAS 20-4-12-2-2023 医疗机构药事管理与药学服务 .pdf","UNKNOWN","地區待確認","2023","2023","待確認或非規範文件","藥事與藥品管理","醫療治理與依法執業","pdf","1031121","2024-09-22T02:12:54.000Z","classified_candidate","0.35"
"c95e645db90b8017","T_CHAS 20-4-12-2-2023 医疗机构药事管理与药学服务 抗菌药物.pdf","2藥學相關法規\T_CHAS 20-4-12-2-2023 医疗机构药事管理与药学服务 抗菌药物.pdf","UNKNOWN","地區待確認","2023","2023","待確認或非規範文件","藥事與藥品管理","醫療治理與依法執業","pdf","1031121","2024-09-22T02:12:54.000Z","classified_candidate","0.35"
"2c74a1750fc0f64a","T_CHAS 20-4-2-2022 医疗机构药事管理与药学服务 第 4.pdf","2藥學相關法規\T_CHAS 20-4-2-2022 医疗机构药事管理与药学服务 第 4.pdf","UNKNOWN","地區待確認","2022","2022","待確認或非規範文件","藥事與藥品管理","醫療治理與依法執業","pdf","1059177","2023-12-03T06:51:06.000Z","classified_candidate","0.35"
"85a42ba49f2f09f4","T_CPHARMA 008-2025 突发事件应急保障药品目录编制规范.pdf","2藥學相關法規\T_CPHARMA 008-2025 突发事件应急保障药品目录编制规范.pdf","UNKNOWN","地區待確認","2025","2025","待確認或非規範文件","藥事與藥品管理","急診與緊急醫療；消防、治安與應急管理","pdf","359657","2026-02-23T04:57:48.000Z","classified_candidate","0.35"
"f6b69c96d1b80b5e","T_HENANPA 010-2023 医疗机构他汀类药品评价指标体系.pdf","2藥學相關法規\T_HENANPA 010-2023 医疗机构他汀类药品评价指标体系.pdf","UNKNOWN","地區待確認","2023","2023","待確認或非規範文件","藥事與藥品管理","醫療治理與依法執業","pdf","765081","2023-12-03T06:48:02.000Z","classified_candidate","0.35"
"eb6d171d1f2e4201","T_SDLPA 0001-2025 医疗机构住院药学诊查服务规范.pdf","2藥學相關法規\T_SDLPA 0001-2025 医疗机构住院药学诊查服务规范.pdf","UNKNOWN","地區待確認","2025","2025","待確認或非規範文件","藥事與藥品管理","醫療治理與依法執業","pdf","588653","2025-12-21T00:15:44.000Z","classified_candidate","0.35"
"b84eb02f1e827a2e","T_YAIMH 001-2022 互联网医院高警示药品管理规范（试行）.pdf","2藥學相關法規\T_YAIMH 001-2022 互联网医院高警示药品管理规范（试行）.pdf","UNKNOWN","地區待確認","2022","2022","待確認或非規範文件","藥事與藥品管理","","pdf","319804","2023-12-03T06:54:18.000Z","classified_candidate","0.35"
"eb4c5497aab1e83c","T_ZCHSP 004-2023 药品分剂量操作规范.pdf","2藥學相關法規\T_ZCHSP 004-2023 药品分剂量操作规范.pdf","UNKNOWN","地區待確認","2023","2023","待確認或非規範文件","藥事與藥品管理","","pdf","1597454","2023-12-03T06:47:08.000Z","classified_candidate","0.35"
"a1ac38f1555c9ec4","WS_T 841-2024 全国公立医疗卫生机构药品使用监测管理标准.pdf","2藥學相關法規\WS_T 841-2024 全国公立医疗卫生机构药品使用监测管理标准.pdf","UNKNOWN","地區待確認","2024","2024","國家或地方標準","藥事與藥品管理","","pdf","746978","2024-09-22T02:11:44.000Z","classified_candidate","0.35"
"b41885c5ece41585","中华人民共和国药品管理法.docx","2藥學相關法規\中华人民共和国药品管理法.docx","CN","地區待確認","年份待確認","","醫院評鑑／認證標準","醫院評鑑與醫療品質","藥事與藥品管理；感染預防與控制；醫技、檢驗與病理；手術、麻醉與疼痛管理；急診與緊急醫療；生殖、婦幼與月子服務；臨床研究與人體試驗；醫療保險與支付；醫療器材與設備；環境、能源與醫療廢棄物；財務、採購與內部稽核；醫院評鑑與醫療品質；醫療治理與依法執業","docx","28341","2021-01-25T08:02:08.000Z","classified_candidate","0.75"
"572827a70a1062c4","中华人民共和国药品管理法.pdf","2藥學相關法規\中华人民共和国药品管理法.pdf","CN","地區待確認","年份待確認","","待確認或非規範文件","藥事與藥品管理","","pdf","457818","2022-09-04T13:37:06.000Z","classified_candidate","0.75"
"0c92c78e62dd05e8","中国抗菌药物临床应用管理.pdf","2藥學相關法規\中国抗菌药物临床应用管理.pdf","CN","地區待確認","年份待確認","","研究論文／文獻","藥事與藥品管理","","pdf","1288072","2023-09-14T03:24:44.000Z","classified_candidate","0.75"
"47e1c9c88b245fc9","中国抗菌药物临床应用管理和.pdf","2藥學相關法規\中国抗菌药物临床应用管理和.pdf","CN","地區待確認","年份待確認","","研究論文／文獻","藥事與藥品管理","","pdf","1288072","2023-09-14T03:24:44.000Z","classified_candidate","0.75"
"6492c4ad80c28903","中国抗菌药物管理和细菌耐药.pdf","2藥學相關法規\中国抗菌药物管理和细菌耐药.pdf","CN","地區待確認","年份待確認","","待確認或非規範文件","藥事與藥品管理","","pdf","2155867","2023-09-14T03:24:58.000Z","classified_candidate","0.75"
"7f74322dfff653bb","中国抗菌药物管理和细菌耐药现状.pdf","2藥學相關法規\中国抗菌药物管理和细菌耐药现状.pdf","CN","地區待確認","年份待確認","","待確認或非規範文件","藥事與藥品管理","","pdf","2418672","2023-09-14T03:24:50.000Z","classified_candidate","0.75"
"9403618186e6e403","中国药学会医院药学专业委员会高警示药品推荐目录2019版.docx","2藥學相關法規\中国药学会医院药学专业委员会高警示药品推荐目录2019版.docx","CN","地區待確認","2019","2019","待確認或非規範文件","藥事與藥品管理","","docx","25938","2024-04-07T07:34:36.000Z","classified_candidate","0.75"
"7e6d2428a743c532","临床药学服务 处方审核.pdf","2藥學相關法規\临床药学服务 处方审核.pdf","UNKNOWN","地區待確認","年份待確認","","待確認或非規範文件","藥事與藥品管理","","pdf","540767","2022-07-19T02:51:20.000Z","classified_candidate","0.35"
"f845126ea2731823","临床药学服务 居家药学服务.pdf","2藥學相關法規\临床药学服务 居家药学服务.pdf","UNKNOWN","地區待確認","年份待確認","","待確認或非規範文件","藥事與藥品管理","","pdf","1130119","2022-07-19T02:52:14.000Z","classified_candidate","0.35"
"3fd0330a8b2b18bd","临床药学服务 用药咨询.pdf","2藥學相關法規\临床药学服务 用药咨询.pdf","UNKNOWN","地區待確認","年份待確認","","待確認或非規範文件","藥事與藥品管理","","pdf","734637","2022-07-19T02:51:40.000Z","classified_candidate","0.35"
"dbb25373bf7b5931","临床药学服务 用药教育.pdf","2藥學相關法規\临床药学服务 用药教育.pdf","UNKNOWN","地區待確認","年份待確認","","待確認或非規範文件","藥事與藥品管理","","pdf","796721","2022-07-19T02:51:50.000Z","classified_candidate","0.35"
"4a2630af4efc1004","临床药学服务 药学查房.pdf","2藥學相關法規\临床药学服务 药学查房.pdf","UNKNOWN","地區待確認","年份待確認","","待確認或非規範文件","醫院評鑑與醫療品質","藥事與藥品管理","pdf","574382","2022-07-19T02:51:58.000Z","classified_candidate","0.35"
"58a84c8f6c3ad934","临床药学服务 药学监护.pdf","2藥學相關法規\临床药学服务 药学监护.pdf","UNKNOWN","地區待確認","年份待確認","","待確認或非規範文件","藥事與藥品管理","","pdf","571525","2022-07-19T02:52:08.000Z","classified_candidate","0.35"
"8a9e5ad288212867","临床药学服务 药物重整.pdf","2藥學相關法規\临床药学服务 药物重整.pdf","UNKNOWN","地區待確認","年份待確認","","待確認或非規範文件","藥事與藥品管理","","pdf","493052","2022-07-19T02:51:30.000Z","classified_candidate","0.35"
"5e11496dfd02dbc8","住院临床药师工作站建设规范--河南省药学会团体标准.pdf","2藥學相關法規\住院临床药师工作站建设规范--河南省药学会团体标准.pdf","CN","河南","年份待確認","","待確認或非規範文件","藥事與藥品管理","","pdf","661813","2022-08-11T01:00:52.000Z","classified_candidate","0.75"
"301550db8b0e6b6d","住院患者电子药历构建规范--河南省药学会团体标准.pdf","2藥學相關法規\住院患者电子药历构建规范--河南省药学会团体标准.pdf","CN","河南","年份待確認","","待確認或非規範文件","藥事與藥品管理","","pdf","412440","2022-08-11T01:00:54.000Z","classified_candidate","0.75"
"0fb89e1cecd930fe","关于印发《医院中药饮片管理规范》的通知.pdf","2藥學相關法規\关于印发《医院中药饮片管理规范》的通知.pdf","UNKNOWN","地區待確認","年份待確認","","公告／通知／函釋","藥事與藥品管理","","pdf","276856","2022-09-04T13:48:34.000Z","classified_candidate","0.35"
"916c1cffe5e4aee8","关于印发长期处方管理规范（试行）的通知.pdf","2藥學相關法規\关于印发长期处方管理规范（试行）的通知.pdf","UNKNOWN","地區待確認","年份待確認","","公告／通知／函釋","藥事與藥品管理","","pdf","259959","2022-07-15T02:17:52.000Z","classified_candidate","0.35"
"986e9ef2796e07a1","医疗保障药品保障.pdf","2藥學相關法規\医疗保障药品保障.pdf","UNKNOWN","地區待確認","年份待確認","","待確認或非規範文件","藥事與藥品管理","","pdf","713593","2022-06-20T04:01:46.000Z","classified_candidate","0.35"
"98299a31147edd03","医疗机构药事管理规定.doc","2藥學相關法規\医疗机构药事管理规定.doc","UNKNOWN","地區待確認","年份待確認","","行政法規／條例","藥事與藥品管理","醫療治理與依法執業","doc","33792","2022-06-29T05:00:22.000Z","classified_candidate","0.35"
"93934effc98721a2","医疗机构药品不良反应报告和监测工作规范.pdf","2藥學相關法規\医疗机构药品不良反应报告和监测工作规范.pdf","UNKNOWN","地區待確認","年份待確認","","待確認或非規範文件","藥事與藥品管理","醫療治理與依法執業","pdf","659144","2023-07-13T03:39:28.000Z","classified_candidate","0.35"
"3c1d6f32b50be9e9","医疗机构高警示药品风险管理规范-发布稿_20230928_140345.pdf","2藥學相關法規\医疗机构高警示药品风险管理规范-发布稿_20230928_140345.pdf","UNKNOWN","地區待確認","2023","2023","待確認或非規範文件","藥事與藥品管理","醫療治理與依法執業","pdf","363849","2024-03-03T07:50:22.000Z","classified_candidate","0.35"
"4c295f226b9647bf","医疗管理用药安全管理.pdf","2藥學相關法規\医疗管理用药安全管理.pdf","UNKNOWN","地區待確認","年份待確認","","待確認或非規範文件","藥事與藥品管理","醫療治理與依法執業","pdf","947740","2022-06-20T04:02:02.000Z","classified_candidate","0.35"
"f1b8787ada773e5b","医院处方评价规范.pdf","2藥學相關法規\医院处方评价规范.pdf","UNKNOWN","地區待確認","年份待確認","","待確認或非規範文件","藥事與藥品管理","","pdf","607423","2023-04-25T06:35:24.000Z","classified_candidate","0.35"
"aace356e7e9af922","医院药品盘点管理规范.pdf","2藥學相關法規\医院药品盘点管理规范.pdf","UNKNOWN","地區待確認","年份待確認","","待確認或非規範文件","藥事與藥品管理","","pdf","1652863","2023-04-25T06:34:32.000Z","classified_candidate","0.35"
"50baa69862e57683","卫生部关于印发二、三级综合医院药学部门基本标准（试行）的通知.pdf","2藥學相關法規\卫生部关于印发二、三级综合医院药学部门基本标准（试行）的通知.pdf","UNKNOWN","地區待確認","年份待確認","","公告／通知／函釋","藥事與藥品管理","","pdf","366492","2022-09-04T13:25:08.000Z","classified_candidate","0.35"
"63f75bf30212f282","卫生部国家中医药管理局总后勤部卫生部关于印发《医疗机构药事管理规定》的通知 - 中华人民共和国国家卫生健康委员会.pdf","2藥學相關法規\卫生部国家中医药管理局总后勤部卫生部关于印发《医疗机构药事管理规定》的通知 - 中华人民共和国国家卫生健康委员会.pdf","CN","地區待確認","年份待確認","","公告／通知／函釋","藥事與藥品管理","後勤、建築與設施安全；醫療治理與依法執業","pdf","399359","2022-09-04T13:45:06.000Z","classified_candidate","0.75"
"4df5178c2bc0d559","卫生部国家中医药管理局总后勤部卫生部关于印发《医疗机构药事管理规定》的通知.pdf","2藥學相關法規\卫生部国家中医药管理局总后勤部卫生部关于印发《医疗机构药事管理规定》的通知.pdf","UNKNOWN","地區待確認","年份待確認","","公告／通知／函釋","藥事與藥品管理","後勤、建築與設施安全；醫療治理與依法執業","pdf","373671","2022-09-04T13:27:02.000Z","classified_candidate","0.35"
"1c1e350be10f817d","国公立医疗卫生机构药品使用监测管理标准.pdf","2藥學相關法規\国公立医疗卫生机构药品使用监测管理标准.pdf","UNKNOWN","地區待確認","年份待確認","","待確認或非規範文件","藥事與藥品管理","","pdf","753616","2024-08-09T06:05:44.000Z","classified_candidate","0.35"
"11e672b179c489d5","国家卫生健康委办公厅关于印发静脉用药调配中心建设与管理指南（试行）的通知.pdf","2藥學相關法規\国家卫生健康委办公厅关于印发静脉用药调配中心建设与管理指南（试行）的通知.pdf","UNKNOWN","地區待確認","年份待確認","","技術規範／診療指南","藥事與藥品管理","","pdf","320425","2022-04-23T14:00:12.000Z","classified_candidate","0.35"
"78ca0c56c664f880","基于三级甲等综合医院复评的药事质量与安全监控体系构建.pdf","2藥學相關法規\基于三级甲等综合医院复评的药事质量与安全监控体系构建.pdf","UNKNOWN","地區待確認","年份待確認","","待確認或非規範文件","藥事與藥品管理","","pdf","1324906","2024-08-24T08:42:54.000Z","classified_candidate","0.35"
"6a286afd5a83698d","患者服务临床用药.pdf","2藥學相關法規\患者服务临床用药.pdf","UNKNOWN","地區待確認","年份待確認","","待確認或非規範文件","藥事與藥品管理","","pdf","1399247","2022-06-20T04:01:38.000Z","classified_candidate","0.35"
"87de25c971fdc507","抗菌药物临床应用管理办法.pdf","2藥學相關法規\抗菌药物临床应用管理办法.pdf","UNKNOWN","地區待確認","年份待確認","","研究論文／文獻","藥事與藥品管理","","pdf","238739","2023-09-14T03:29:50.000Z","classified_candidate","0.35"
"4293a3ecf5078c30","抗菌药物临床应用管理评价指标及要求.pdf","2藥學相關法規\抗菌药物临床应用管理评价指标及要求.pdf","UNKNOWN","地區待確認","年份待確認","","研究論文／文獻","藥事與藥品管理","","pdf","257360","2022-06-04T08:45:08.000Z","classified_candidate","0.35"
"48592ebd616279fe","抢救车的同质化管理.pdf","2藥學相關法規\抢救车的同质化管理.pdf","UNKNOWN","地區待確認","年份待確認","","待確認或非規範文件","藥事與藥品管理","","pdf","2054944","2022-06-30T13:21:48.000Z","classified_candidate","0.35"
"73e308955b01fa09","抢救车药品的规范化管理研究.pdf","2藥學相關法規\抢救车药品的规范化管理研究.pdf","UNKNOWN","地區待確認","年份待確認","","研究論文／文獻","藥事與藥品管理","臨床研究與人體試驗","pdf","726131","2022-06-29T06:17:24.000Z","classified_candidate","0.35"
"11305d80b6a9c452","新型抗肿瘤药物临床应用指导原则.docx","2藥學相關法規\新型抗肿瘤药物临床应用指导原则.docx","CN","地區待確認","年份待確認","","醫院評鑑／認證標準","醫院評鑑與醫療品質","資訊安全與個人資料；藥事與藥品管理；護理管理；醫技、檢驗與病理；生殖、婦幼與月子服務；臨床研究與人體試驗；醫療保險與支付；醫療器材與設備；臨床診療與醫療技術；財務、採購與內部稽核；醫院評鑑與醫療品質；醫療治理與依法執業","docx","119830","2022-06-19T06:44:52.000Z","classified_candidate","0.75"
"33f288d454bec885","新型抗肿瘤药物临床应用指导原则.pdf","2藥學相關法規\新型抗肿瘤药物临床应用指导原则.pdf","UNKNOWN","地區待確認","年份待確認","","研究論文／文獻","藥事與藥品管理","臨床診療與醫療技術","pdf","1860310","2025-03-03T01:42:54.000Z","classified_candidate","0.35"
"90810de16ee5d9ff","新式带锁抢救车的设计与临床应用.pdf","2藥學相關法規\新式带锁抢救车的设计与临床应用.pdf","UNKNOWN","地區待確認","年份待確認","","研究論文／文獻","藥事與藥品管理","","pdf","2119878","2022-06-30T13:22:04.000Z","classified_candidate","0.35"
"a007123b438c2d79","服药时足量饮水与用药风险防范.pdf","2藥學相關法規\服药时足量饮水与用药风险防范.pdf","UNKNOWN","地區待確認","年份待確認","","待確認或非規範文件","藥事與藥品管理","","pdf","1574035","2024-08-24T08:50:28.000Z","classified_candidate","0.35"
"d5e9ae4babdb4d90","消毒剂与抗抑菌剂中抗菌药物检测方法.pdf","2藥學相關法規\消毒剂与抗抑菌剂中抗菌药物检测方法.pdf","UNKNOWN","地區待確認","年份待確認","","待確認或非規範文件","藥事與藥品管理","感染預防與控制","pdf","770228","2023-09-14T03:26:00.000Z","classified_candidate","0.35"
"27128cf83216bc21","消毒剂与抗抑菌剂中抗菌药物检测方法与.pdf","2藥學相關法規\消毒剂与抗抑菌剂中抗菌药物检测方法与.pdf","UNKNOWN","地區待確認","年份待確認","","待確認或非規範文件","藥事與藥品管理","感染預防與控制","pdf","770228","2023-09-14T03:26:00.000Z","classified_candidate","0.35"
"6d1608e71ec16c08","第 2-12 部分：患者服务 临床用药.pdf","2藥學相關法規\第 2-12 部分：患者服务 临床用药.pdf","UNKNOWN","地區待確認","年份待確認","","待確認或非規範文件","藥事與藥品管理","","pdf","1397704","2022-06-29T05:01:20.000Z","classified_candidate","0.35"
"137c8203238d3529","第 3-2 部分：医疗保障 药品保障.pdf","2藥學相關法規\第 3-2 部分：医疗保障 药品保障.pdf","UNKNOWN","地區待確認","年份待確認","","待確認或非規範文件","藥事與藥品管理","","pdf","723954","2022-06-29T05:01:38.000Z","classified_candidate","0.35"
"b2f0fe1bd4e6ed59","第 4-5 部分：医疗管理 用药安全管理.pdf","2藥學相關法規\第 4-5 部分：医疗管理 用药安全管理.pdf","UNKNOWN","地區待確認","年份待確認","","待確認或非規範文件","藥事與藥品管理","醫療治理與依法執業","pdf","975968","2022-06-29T05:00:46.000Z","classified_candidate","0.35"
"32031dc4227c07a6","糖皮质激素.pdf","2藥學相關法規\糖皮质激素.pdf","UNKNOWN","地區待確認","年份待確認","","待確認或非規範文件","藥事與藥品管理","","pdf","1626711","2023-10-26T03:43:28.000Z","classified_candidate","0.35"
"589d7faa26d16b6b","糖皮质激素临床使用指南.doc","2藥學相關法規\糖皮质激素临床使用指南.doc","UNKNOWN","地區待確認","年份待確認","","技術規範／診療指南","藥事與藥品管理","","doc","213544","2023-10-26T04:27:24.000Z","classified_candidate","0.35"
"efd99124e43c92b5","糖皮质激素类药物临床应用指导原则（2023版）.docx","2藥學相關法規\糖皮质激素类药物临床应用指导原则（2023版）.docx","CN","地區待確認","2023","2023","研究論文／文獻","藥事與藥品管理","感染預防與控制；醫技、檢驗與病理；手術、麻醉與疼痛管理；急診與緊急醫療；輸血與器官移植；生殖、婦幼與月子服務；臨床研究與人體試驗；消防、治安與應急管理；臨床診療與醫療技術","docx","239042","2023-11-26T05:14:50.000Z","classified_candidate","0.75"
"0fbb8afcf1d528c5","糖皮质激素类药物临床应用指导原则（2023版）.pdf","2藥學相關法規\糖皮质激素类药物临床应用指导原则（2023版）.pdf","UNKNOWN","地區待確認","2023","2023","研究論文／文獻","藥事與藥品管理","","pdf","1626711","2023-11-26T05:13:58.000Z","classified_candidate","0.35"
"aafc29e08ffd05d0","糖皮质激素类药物使用管理办法.doc","2藥學相關法規\糖皮质激素类药物使用管理办法.doc","UNKNOWN","地區待確認","年份待確認","","院內制度／SOP","藥事與藥品管理","","doc","31272","2023-11-25T12:10:26.000Z","classified_candidate","0.35"
"13fa6b74f0e2f91a","细菌耐药2018.pdf","2藥學相關法規\细菌耐药2018.pdf","UNKNOWN","地區待確認","2018","2018","待確認或非規範文件","藥事與藥品管理","","pdf","2155867","2023-09-14T03:24:58.000Z","classified_candidate","0.35"
"37d5dd97cecbfe93","细菌耐药现状2017.pdf","2藥學相關法規\细菌耐药现状2017.pdf","UNKNOWN","地區待確認","2017","2017","待確認或非規範文件","藥事與藥品管理","","pdf","2418672","2023-09-14T03:24:50.000Z","classified_candidate","0.35"
"eed90ee507557c60","药品的调剂制度与操作规程.doc","2藥學相關法規\药品的调剂制度与操作规程.doc","UNKNOWN","地區待確認","年份待確認","","院內制度／SOP","藥事與藥品管理","","doc","23080","2023-11-25T12:10:02.000Z","classified_candidate","0.35"
"e1d439da517e4177","药品经营质量管理规范(卫生部令第90号).pdf","2藥學相關法規\药品经营质量管理规范(卫生部令第90号).pdf","UNKNOWN","地區待確認","年份待確認","","待確認或非規範文件","醫院評鑑與醫療品質","藥事與藥品管理","pdf","748700","2022-09-04T13:44:12.000Z","classified_candidate","0.35"
"4bd75580940066f0","药品经营质量管理规范.pdf","2藥學相關法規\药品经营质量管理规范.pdf","UNKNOWN","地區待確認","年份待確認","","待確認或非規範文件","醫院評鑑與醫療品質","藥事與藥品管理","pdf","6894453","2023-12-03T06:41:54.000Z","classified_candidate","0.35"
"20d34256c4262a0b","药物临床试验机构备案评估指南 及检查细则（试行.pdf","2藥學相關法規\药物临床试验机构备案评估指南 及检查细则（试行.pdf","UNKNOWN","地區待確認","年份待確認","","技術規範／診療指南","藥事與藥品管理","","pdf","312139","2022-08-26T08:23:12.000Z","classified_candidate","0.35"
"d1381ed43c3b5100","药物临床试验机构备案评估指南.pdf","2藥學相關法規\药物临床试验机构备案评估指南.pdf","UNKNOWN","地區待確認","年份待確認","","技術規範／診療指南","藥事與藥品管理","","pdf","312139","2022-08-26T08:23:20.000Z","classified_candidate","0.35"
"cdcdae7efc9605eb","附件4输液安全标准.pdf","2藥學相關法規\附件4输液安全标准.pdf","UNKNOWN","地區待確認","年份待確認","","待確認或非規範文件","藥事與藥品管理","","pdf","1045102","2022-06-20T03:59:14.000Z","classified_candidate","0.35"
"683daa524c77e9ed","静脉用药调配中心建设基本要求.docx","2藥學相關法規\静脉用药调配中心建设基本要求.docx","UNKNOWN","地區待確認","年份待確認","","研究論文／文獻","藥事與藥品管理","感染預防與控制；急診與緊急醫療；醫療器材與設備；消防、治安與應急管理；環境、能源與醫療廢棄物；後勤、建築與設施安全；醫療治理與依法執業","docx","22261","2022-04-23T14:01:42.000Z","classified_candidate","0.35"
"8aef94e5f0a544e6","静脉用药调配中心洁净环境检测指标及标准.docx","2藥學相關法規\静脉用药调配中心洁净环境检测指标及标准.docx","UNKNOWN","地區待確認","年份待確認","","行政法規／條例","藥事與藥品管理","醫療器材與設備；環境、能源與醫療廢棄物","docx","23608","2022-04-23T14:01:46.000Z","classified_candidate","0.35"
"6f6181d4e52dfbd0","2020人群聚集场所手卫生规范.pdf","2院感相關法規\2020人群聚集场所手卫生规范.pdf","UNKNOWN","地區待確認","2020","2020","待確認或非規範文件","感染預防與控制","","pdf","297887","2022-09-04T08:06:50.000Z","classified_candidate","0.35"
"190ed68c786e02fb","2020新冠肺炎疫情期间医学观察和救治临时特殊场所.pdf","2院感相關法規\2020新冠肺炎疫情期间医学观察和救治临时特殊场所.pdf","UNKNOWN","地區待確認","2020","2020","待確認或非規範文件","感染預防與控制","急診與緊急醫療","pdf","330068","2022-09-04T08:05:38.000Z","classified_candidate","0.35"
"d5f4271d955bbfe8","2020新冠肺炎疫情期间重点场所和单位卫生防护指南.pdf","2院感相關法規\2020新冠肺炎疫情期间重点场所和单位卫生防护指南.pdf","UNKNOWN","地區待確認","2020","2020","技術規範／診療指南","感染預防與控制","","pdf","726811","2022-09-04T08:06:44.000Z","classified_candidate","0.35"
"e65c1320b6c5226c","2023版隔离技术标准.pdf","2院感相關法規\2023版隔离技术标准.pdf","UNKNOWN","地區待確認","2023","2023","待確認或非規範文件","感染預防與控制","","pdf","1233147","2023-12-01T06:53:20.000Z","classified_candidate","0.35"
"97738a684860b3bf","3058-医疗保障 消毒供应.pdf","2院感相關法規\3058-医疗保障 消毒供应.pdf","UNKNOWN","地區待確認","年份待確認","","待確認或非規範文件","感染預防與控制","","pdf","828481","2022-07-19T02:55:30.000Z","classified_candidate","0.35"
"88258cec3d7ce753","DB13_T 5722-2023 医院感染应对策略与质量控制 (1).pdf","2院感相關法規\DB13_T 5722-2023 医院感染应对策略与质量控制 (1).pdf","UNKNOWN","地區待確認","2023","2023","國家或地方標準","醫院評鑑與醫療品質","感染預防與控制","pdf","1281059","2023-08-11T09:10:10.000Z","classified_candidate","0.35"
"aadf22910698c681","DB13_T 5722-2023 医院感染应对策略与质量控制.pdf","2院感相關法規\DB13_T 5722-2023 医院感染应对策略与质量控制.pdf","UNKNOWN","地區待確認","2023","2023","國家或地方標準","醫院評鑑與醫療品質","感染預防與控制","pdf","1281059","2024-06-09T04:13:56.000Z","classified_candidate","0.35"
"df4b3a04eb967fed","DB3209_T 1240-2023 医疗机构药物警戒工作指南 (1).pdf","2院感相關法規\DB3209_T 1240-2023 医疗机构药物警戒工作指南 (1).pdf","UNKNOWN","地區待確認","2023","2023","技術規範／診療指南","感染預防與控制","醫療治理與依法執業","pdf","700242","2023-08-11T09:08:38.000Z","classified_candidate","0.35"
"06392b7e653fb936","DB32_T 4659.9-2024 医院公共卫生工作规范 第9部分：生.pdf","2院感相關法規\DB32_T 4659.9-2024 医院公共卫生工作规范 第9部分：生.pdf","UNKNOWN","地區待確認","2024","2024","國家或地方標準","感染預防與控制","","pdf","568339","2024-03-18T05:06:44.000Z","classified_candidate","0.35"
"d264bfb0a0f0523e","DB50_T 1718-2024 母婴同室病区医院感染预防与控制规范.pdf","2院感相關法規\DB50_T 1718-2024 母婴同室病区医院感染预防与控制规范.pdf","UNKNOWN","地區待確認","2024","2024","國家或地方標準","感染預防與控制","生殖、婦幼與月子服務","pdf","718572","2025-02-28T01:22:38.000Z","classified_candidate","0.35"
"914975b483d84498","DB52_T 1856-2024 重病监护病房三管感染防控技术规程.pdf","2院感相關法規\DB52_T 1856-2024 重病监护病房三管感染防控技术规程.pdf","UNKNOWN","地區待確認","2024","2024","國家或地方標準","感染預防與控制","","pdf","1162429","2025-04-02T06:33:44.000Z","classified_candidate","0.35"
"fcfecccd221676db","f1430271233560.pdf","2院感相關法規\f1430271233560.pdf","UNKNOWN","地區待確認","年份待確認","","待確認或非規範文件","感染預防與控制","","pdf","788839","2023-05-22T02:29:58.000Z","classified_candidate","0.35"
"bcd93ec202208e24","ISO9001是什麼？ISO認證流程、取得方式4大重點一次看！.pdf","2院感相關法規\ISO9001是什麼？ISO認證流程、取得方式4大重點一次看！.pdf","UNKNOWN","地區待確認","年份待確認","","醫院評鑑／認證標準","感染預防與控制","醫院評鑑與醫療品質","pdf","1013070","2023-05-22T02:01:02.000Z","classified_candidate","0.35"
"03403f0a598b72c1","PDCA护理对降低老年肿瘤患者PICC相关性感染的作用.pdf","2院感相關法規\PDCA护理对降低老年肿瘤患者PICC相关性感染的作用.pdf","UNKNOWN","地區待確認","年份待確認","","待確認或非規範文件","感染預防與控制","護理管理；臨床診療與醫療技術","pdf","1112179","2024-08-24T06:15:16.000Z","classified_candidate","0.35"
"00fd4bdd0e53b873","T_CPMA 034-2023 医务人员医院感染预防与控制.pdf","2院感相關法規\T_CPMA 034-2023 医务人员医院感染预防与控制.pdf","UNKNOWN","地區待確認","2023","2023","待確認或非規範文件","感染預防與控制","","pdf","443667","2024-06-09T04:12:06.000Z","classified_candidate","0.35"
"105f5b624abf5f98","T_WSJD 51-2024 医疗机构消毒供应中心用水卫生要求.pdf","2院感相關法規\T_WSJD 51-2024 医疗机构消毒供应中心用水卫生要求.pdf","UNKNOWN","地區待確認","2024","2024","待確認或非規範文件","感染預防與控制","醫療治理與依法執業","pdf","354149","2024-07-15T09:00:28.000Z","classified_candidate","0.35"
"63523fed6e66733a","WST 368-2025医院空气净化管理标准-20250819171450656.pdf","2院感相關法規\WST 368-2025医院空气净化管理标准-20250819171450656.pdf","UNKNOWN","地區待確認","2025","2025；1917","國家或地方標準","感染預防與控制","","pdf","348294","2026-01-29T02:36:50.000Z","classified_candidate","0.35"
"a5568a776a0dcd0c","WST 508-2025医疗机构医用织物洗涤消毒技术标准-20250819171641497.pdf","2院感相關法規\WST 508-2025医疗机构医用织物洗涤消毒技术标准-20250819171641497.pdf","UNKNOWN","地區待確認","2025","2025；1917","國家或地方標準","感染預防與控制","醫療治理與依法執業","pdf","441732","2026-01-29T02:36:34.000Z","classified_candidate","0.35"
"57a8cd3f33c6ee97","WST 512-2025医疗机构环境表面清洁与消毒管理标准-20250819171849885.pdf","2院感相關法規\WST 512-2025医疗机构环境表面清洁与消毒管理标准-20250819171849885.pdf","UNKNOWN","地區待確認","2025","2025；1917","國家或地方標準","感染預防與控制","環境、能源與醫療廢棄物；醫療治理與依法執業","pdf","300354","2026-01-29T02:36:24.000Z","classified_candidate","0.35"
"c3a5dc12a2eaf683","WST 524-2025医院感染暴发控制标准-20250819172006991.pdf","2院感相關法規\WST 524-2025医院感染暴发控制标准-20250819172006991.pdf","UNKNOWN","地區待確認","2025","2025；2006；1917","國家或地方標準","感染預防與控制","","pdf","486850","2026-01-29T02:36:12.000Z","classified_candidate","0.35"
"863bab8a53d31e7d","WST 547—2025-20251226160214346.pdf","2院感相關法規\WST 547—2025-20251226160214346.pdf","UNKNOWN","地區待確認","2025","2025","國家或地方標準","感染預防與控制","","pdf","243886","2026-01-29T02:28:58.000Z","classified_candidate","0.35"
"5839aa1a5cab6afe","WST 823—2023产房医院感染预防与控制标准.pdf","2院感相關法規\WST 823—2023产房医院感染预防与控制标准.pdf","UNKNOWN","地區待確認","2023","2023","國家或地方標準","感染預防與控制","","pdf","310306","2026-01-29T02:37:26.000Z","classified_candidate","0.35"
"896682d55f4ea07f","WST 842—2024口腔门诊医院感染管理标准.pdf","2院感相關法規\WST 842—2024口腔门诊医院感染管理标准.pdf","UNKNOWN","地區待確認","2024","2024","國家或地方標準","感染預防與控制","","pdf","430757","2026-01-29T02:37:10.000Z","classified_candidate","0.35"
"49a261fb56740ec6","WST 853-2025器官移植病区医院感染预防与控制标准-20250819172158580.pdf","2院感相關法規\WST 853-2025器官移植病区医院感染预防与控制标准-20250819172158580.pdf","UNKNOWN","地區待確認","2025","2025；1917","國家或地方標準","感染預防與控制","輸血與器官移植","pdf","293963","2026-01-29T02:35:58.000Z","classified_candidate","0.35"
"7d1892402f780439","WST 854-2025血液透析部门（中心）医院感染预防与控制标准-20250819172314701.docx","2院感相關法規\WST 854-2025血液透析部门（中心）医院感染预防与控制标准-20250819172314701.docx","CN","地區待確認","2025","2025；1917","研究論文／文獻","醫院評鑑與醫療品質","病歷、電子病歷與醫療資料；感染預防與控制；護理管理；手術、麻醉與疼痛管理；急診與緊急醫療；生殖、婦幼與月子服務；職業安全與員工健康；醫療器材與設備；環境、能源與醫療廢棄物；環境、能源與醫療廢棄物；醫院評鑑與醫療品質；後勤、建築與設施安全；醫療治理與依法執業","docx","50933","2026-04-01T02:34:32.000Z","classified_candidate","0.75"
"b9ee946b091b3827","WST 854-2025血液透析部门（中心）医院感染预防与控制标准-20250819172314701.pdf","2院感相關法規\WST 854-2025血液透析部门（中心）医院感染预防与控制标准-20250819172314701.pdf","UNKNOWN","地區待確認","2025","2025；1917","國家或地方標準","感染預防與控制","","pdf","371640","2026-01-29T02:35:46.000Z","classified_candidate","0.35"
"0f5538970251f6e8","WST 855-2025手术部（室）医院感染控制标准-20250819172510108.pdf","2院感相關法規\WST 855-2025手术部（室）医院感染控制标准-20250819172510108.pdf","UNKNOWN","地區待確認","2025","2025；1917","國家或地方標準","感染預防與控制","手術、麻醉與疼痛管理","pdf","435413","2026-01-29T02:35:34.000Z","classified_candidate","0.35"
"2a21930a0023160b","WST 856-2025安全注射标准-20250819172720433.pdf","2院感相關法規\WST 856-2025安全注射标准-20250819172720433.pdf","UNKNOWN","地區待確認","2043","2043；2025；1917","國家或地方標準","感染預防與控制","","pdf","329937","2026-01-29T02:35:20.000Z","classified_candidate","0.35"
"f8cbdaf8c28097c2","WST 857-2025医院感染病例判定标准：通用原则-20250819173031968.pdf","2院感相關法規\WST 857-2025医院感染病例判定标准：通用原则-20250819173031968.pdf","UNKNOWN","地區待確認","2025","2025；1968；1917","國家或地方標準","感染預防與控制","","pdf","274379","2026-01-29T02:35:10.000Z","classified_candidate","0.35"
"2c421f3819bd8475","WST 859-2025新生儿病区医院感染预防与控制标准-20250819173229726 (1).pdf","2院感相關法規\WST 859-2025新生儿病区医院感染预防与控制标准-20250819173229726 (1).pdf","UNKNOWN","地區待確認","2025","2025；1917","國家或地方標準","感染預防與控制","","pdf","650570","2026-01-29T02:34:58.000Z","classified_candidate","0.35"
"d04563d5fcbd7b78","WST 859-2025新生儿病区医院感染预防与控制标准-20250819173229726.pdf","2院感相關法規\WST 859-2025新生儿病区医院感染预防与控制标准-20250819173229726.pdf","UNKNOWN","地區待確認","2025","2025；1917","國家或地方標準","感染預防與控制","","pdf","650570","2026-01-29T02:28:16.000Z","classified_candidate","0.35"
"a50a87597cb230ae","WST 860-2025医疗机构重点部门感染预防与控制通用标准-20250819173333369.pdf","2院感相關法規\WST 860-2025医疗机构重点部门感染预防与控制通用标准-20250819173333369.pdf","UNKNOWN","地區待確認","2025","2025；1917","國家或地方標準","感染預防與控制","醫療治理與依法執業","pdf","337651","2026-01-29T02:34:46.000Z","classified_candidate","0.35"
"b6afcac2a03a419c","WST 861-2025手术部位感染预防与控制标准-20250819173524855.pdf","2院感相關法規\WST 861-2025手术部位感染预防与控制标准-20250819173524855.pdf","UNKNOWN","地區待確認","2025","2025；1917","國家或地方標準","感染預防與控制","手術、麻醉與疼痛管理","pdf","266207","2026-01-29T02:34:36.000Z","classified_candidate","0.35"
"cc12eff1553e789b","WST 862-2025导尿管相关尿路感染预防与控制标准-20250819173634125.pdf","2院感相關法規\WST 862-2025导尿管相关尿路感染预防与控制标准-20250819173634125.pdf","UNKNOWN","地區待確認","2025","2025；1917","國家或地方標準","感染預防與控制","","pdf","269638","2026-01-29T02:34:26.000Z","classified_candidate","0.35"
"76435cae7e6de893","WST 863-2025呼吸机相关肺炎预防与控制标准-20250819173744929.pdf","2院感相關法規\WST 863-2025呼吸机相关肺炎预防与控制标准-20250819173744929.pdf","UNKNOWN","地區待確認","2025","2025；1917","國家或地方標準","感染預防與控制","","pdf","275845","2026-01-29T02:34:14.000Z","classified_candidate","0.35"
"ff4d8756088d5468","WST 879—2025-20251226160338284.pdf","2院感相關法規\WST 879—2025-20251226160338284.pdf","UNKNOWN","地區待確認","2025","2025","國家或地方標準","感染預防與控制","","pdf","243972","2026-01-29T02:28:44.000Z","classified_candidate","0.35"
"976855fdf09186ca","WST591-2018医疗机构门急诊医院感染管理规范.pdf","2院感相關法規\WST591-2018医疗机构门急诊医院感染管理规范.pdf","UNKNOWN","地區待確認","2018","2018","國家或地方標準","感染預防與控制","急診與緊急醫療；醫療治理與依法執業","pdf","307353","2022-06-30T07:38:34.000Z","classified_candidate","0.35"
"1996e2566522f740","WS_T 311-2023 医院隔离技术标准.docx","2院感相關法規\WS_T 311-2023 医院隔离技术标准.docx","CN","地區待確認","2023","2023","研究論文／文獻","病歷、電子病歷與醫療資料","感染預防與控制；護理管理；醫技、檢驗與病理；手術、麻醉與疼痛管理；急診與緊急醫療；臨床研究與人體試驗；醫療器材與設備；環境、能源與醫療廢棄物；後勤、建築與設施安全；圖書、教育與文件管理；醫療治理與依法執業","docx","350943","2024-06-10T10:03:40.000Z","classified_candidate","0.75"
"8d1c131653cc2dfa","WS_T 311-2023 医院隔离技术标准.pdf","2院感相關法規\WS_T 311-2023 医院隔离技术标准.pdf","UNKNOWN","地區待確認","2023","2023","國家或地方標準","感染預防與控制","","pdf","1225576","2023-09-05T12:37:02.000Z","classified_candidate","0.35"
"876343d82a4e13a7","WS_T 312-2023 医院感染监测标准.pdf","2院感相關法規\WS_T 312-2023 医院感染监测标准.pdf","UNKNOWN","地區待確認","2023","2023","國家或地方標準","感染預防與控制","","pdf","287614","2024-06-09T04:13:42.000Z","classified_candidate","0.35"
"d11ebe1d7083205f","WS_T 524-2016 医院感染暴发控制指南.docx","2院感相關法規\WS_T 524-2016 医院感染暴发控制指南.docx","CN","地區待確認","2016","2016","研究論文／文獻","病歷、電子病歷與醫療資料","資訊安全與個人資料；藥事與藥品管理；感染預防與控制；護理管理；醫技、檢驗與病理；手術、麻醉與疼痛管理；急診與緊急醫療；生殖、婦幼與月子服務；臨床研究與人體試驗；醫療器材與設備；消防、治安與應急管理；環境、能源與醫療廢棄物；臨床診療與醫療技術；醫療治理與依法執業","docx","42553","2025-07-03T07:29:04.000Z","classified_candidate","0.75"
"80e946aee51ec2b8","WS_T 524-2016 医院感染暴发控制指南.pdf","2院感相關法規\WS_T 524-2016 医院感染暴发控制指南.pdf","UNKNOWN","地區待確認","2016","2016","技術規範／診療指南","感染預防與控制","","pdf","356335","2016-09-12T05:47:12.000Z","classified_candidate","0.35"
"e9d3b61bbde41dcb","WS_T 823-2023 产房医院感染预防与控制标准.docx","2院感相關法規\WS_T 823-2023 产房医院感染预防与控制标准.docx","CN","地區待確認","2023","2023","研究論文／文獻","感染預防與控制","護理管理；醫技、檢驗與病理；手術、麻醉與疼痛管理；急診與緊急醫療；生殖、婦幼與月子服務；生殖、婦幼與月子服務；臨床研究與人體試驗；醫療器材與設備；消防、治安與應急管理；環境、能源與醫療廢棄物；後勤、建築與設施安全；醫療治理與依法執業","docx","28096","2024-08-23T06:54:14.000Z","classified_candidate","0.75"
"785afeac95a81deb","WS_T 823-2023 产房医院感染预防与控制标准.pdf","2院感相關法規\WS_T 823-2023 产房医院感染预防与控制标准.pdf","UNKNOWN","地區待確認","2023","2023","國家或地方標準","感染預防與控制","","pdf","309256","2023-08-11T09:01:12.000Z","classified_candidate","0.35"
"b2e975c805980645","WS_T 842-2024 口腔门诊医院感染管理标准.pdf","2院感相關法規\WS_T 842-2024 口腔门诊医院感染管理标准.pdf","UNKNOWN","地區待確認","2024","2024","國家或地方標準","感染預防與控制","","pdf","476068","2024-10-05T06:49:04.000Z","classified_candidate","0.35"
"c14f435ba055eea3","中华人民共和国传染病防治法.docx","2院感相關法規\中华人民共和国传染病防治法.docx","CN","地區待確認","年份待確認","","查檢表／稽核表","醫院評鑑與醫療品質","病歷、電子病歷與醫療資料；資訊安全與個人資料；藥事與藥品管理；感染預防與控制；醫技、檢驗與病理；急診與緊急醫療；生殖、婦幼與月子服務；臨床研究與人體試驗；醫療保險與支付；醫療器材與設備；消防、治安與應急管理；環境、能源與醫療廢棄物；後勤、建築與設施安全；醫療治理與依法執業","docx","30963","2021-01-25T08:16:06.000Z","classified_candidate","0.75"
"a899532e62289503","使用侵入性诊疗器械相关医院感染防控依从性监测方案.doc","2院感相關法規\使用侵入性诊疗器械相关医院感染防控依从性监测方案.doc","UNKNOWN","地區待確認","年份待確認","","待確認或非規範文件","感染預防與控制","","doc","29285","2022-06-02T08:46:40.000Z","classified_candidate","0.35"
"0535f92eda072483","侵入性醫療感染管制作業基準.pdf","2院感相關法規\侵入性醫療感染管制作業基準.pdf","UNKNOWN","地區待確認","年份待確認","","待確認或非規範文件","感染預防與控制","","pdf","3247201","2022-06-02T09:45:52.000Z","classified_candidate","0.35"
"c7b2ee6f0cc25471","关于加强多重耐药菌医院感染控制工作的通知.doc","2院感相關法規\关于加强多重耐药菌医院感染控制工作的通知.doc","UNKNOWN","地區待確認","年份待確認","","公告／通知／函釋","感染預防與控制","","doc","16896","2022-06-29T08:21:44.000Z","classified_candidate","0.35"
"67a1ab15e9b3de91","关于进一步重申加强新冠肺炎疫情期间医疗机构感染防控工作的通知.PDF","2院感相關法規\关于进一步重申加强新冠肺炎疫情期间医疗机构感染防控工作的通知.PDF","UNKNOWN","地區待確認","年份待確認","","公告／通知／函釋","感染預防與控制","醫療治理與依法執業","pdf","6930128","2022-09-18T09:23:38.000Z","classified_candidate","0.35"
"37e3336ab976aa93","医务人员手卫生规范.pdf","2院感相關法規\医务人员手卫生规范.pdf","UNKNOWN","地區待確認","年份待確認","","待確認或非規範文件","感染預防與控制","","pdf","360986","2022-08-26T08:38:14.000Z","classified_candidate","0.35"
"1c2e5f80679c0a6f","医疗保障 消毒供应.pdf","2院感相關法規\医疗保障 消毒供应.pdf","UNKNOWN","地區待確認","年份待確認","","待確認或非規範文件","感染預防與控制","","pdf","828481","2022-06-20T04:02:50.000Z","classified_candidate","0.35"
"183f27a2d045214d","医疗机构传染病预检分诊管理办法.doc","2院感相關法規\医疗机构传染病预检分诊管理办法.doc","UNKNOWN","地區待確認","年份待確認","","院內制度／SOP","感染預防與控制","醫療治理與依法執業","doc","31232","2022-10-08T05:38:32.000Z","classified_candidate","0.35"
"a4ea7451fb71e4bf","医疗机构内新型冠状病毒感染预防与控制.docx","2院感相關法規\医疗机构内新型冠状病毒感染预防与控制.docx","UNKNOWN","地區待確認","年份待確認","","研究論文／文獻","資訊安全與個人資料","藥事與藥品管理；感染預防與控制；醫技、檢驗與病理；手術、麻醉與疼痛管理；急診與緊急醫療；生殖、婦幼與月子服務；醫療器材與設備；消防、治安與應急管理；環境、能源與醫療廢棄物；後勤、建築與設施安全；醫療治理與依法執業","docx","21461","2021-08-01T04:51:04.000Z","classified_candidate","0.35"
"21a04c5f00fae4ef","医疗机构感染监测基本数据集.pdf","2院感相關法規\医疗机构感染监测基本数据集.pdf","UNKNOWN","地區待確認","年份待確認","","待確認或非規範文件","資訊安全與個人資料","感染預防與控制；醫療治理與依法執業","pdf","345369","2022-08-26T08:33:12.000Z","classified_candidate","0.35"
"f14bdb542adde61f","医疗机构感染预防与控制基本制度.docx","2院感相關法規\医疗机构感染预防与控制基本制度.docx","UNKNOWN","地區待確認","年份待確認","","研究論文／文獻","醫院評鑑與醫療品質","資訊安全與個人資料；藥事與藥品管理；感染預防與控制；護理管理；醫技、檢驗與病理；手術、麻醉與疼痛管理；急診與緊急醫療；生殖、婦幼與月子服務；臨床研究與人體試驗；醫療器材與設備；消防、治安與應急管理；環境、能源與醫療廢棄物；醫院評鑑與醫療品質；後勤、建築與設施安全；醫療治理與依法執業","docx","22536","2023-03-01T09:22:08.000Z","classified_candidate","0.35"
"4694a46af10d6c13","医疗管理 医院感染管理.pdf","2院感相關法規\医疗管理 医院感染管理.pdf","UNKNOWN","地區待確認","年份待確認","","待確認或非規範文件","感染預防與控制","醫療治理與依法執業","pdf","472401","2022-06-20T04:03:04.000Z","classified_candidate","0.35"
"566dd44f22798c6e","医院感染暴发控制指南.pdf","2院感相關法規\医院感染暴发控制指南.pdf","UNKNOWN","地區待確認","年份待確認","","技術規範／診療指南","感染預防與控制","","pdf","356335","2022-06-02T07:52:10.000Z","classified_candidate","0.35"
"6305fc13a841a97a","医院感染监测规范.pdf","2院感相關法規\医院感染监测规范.pdf","UNKNOWN","地區待確認","年份待確認","","待確認或非規範文件","感染預防與控制","","pdf","4332239","2022-06-29T07:18:52.000Z","classified_candidate","0.35"
"b23dfd49faf0a791","医院感染管理专业人员培训指南.pdf","2院感相關法規\医院感染管理专业人员培训指南.pdf","UNKNOWN","地區待確認","年份待確認","","技術規範／診療指南","感染預防與控制","","pdf","256684","2022-06-29T06:55:58.000Z","classified_candidate","0.35"
"2b8d3e21008d38fa","医院感染管理办法.doc","2院感相關法規\医院感染管理办法.doc","UNKNOWN","地區待確認","年份待確認","","院內制度／SOP","感染預防與控制","","doc","59904","2022-06-29T06:54:14.000Z","classified_candidate","0.35"
"53fbbcddc1c4872f","医院感染管理质量控制指标（2015年版）.docx","2院感相關法規\医院感染管理质量控制指标（2015年版）.docx","UNKNOWN","地區待確認","2015","2015","待確認或非規範文件","醫院評鑑與醫療品質","藥事與藥品管理；感染預防與控制；醫技、檢驗與病理；手術、麻醉與疼痛管理；生殖、婦幼與月子服務；醫療治理與依法執業","docx","24066","2020-12-21T06:38:54.000Z","classified_candidate","0.35"
"39c0d5c6fa4e6a2d","医院感染诊断标准(试行).doc","2院感相關法規\医院感染诊断标准(试行).doc","UNKNOWN","地區待確認","年份待確認","","待確認或非規範文件","感染預防與控制","","doc","71680","2022-06-29T08:33:16.000Z","classified_candidate","0.35"
"685735b5bca93de3","医院感染预防与控制评价规范.pdf","2院感相關法規\医院感染预防与控制评价规范.pdf","UNKNOWN","地區待確認","年份待確認","","待確認或非規範文件","感染預防與控制","","pdf","368159","2022-08-26T08:45:24.000Z","classified_candidate","0.35"
"5737abcb4689d5ac","医院消毒供应中心 第1部分：管理规范.pdf","2院感相關法規\医院消毒供应中心 第1部分：管理规范.pdf","UNKNOWN","地區待確認","年份待確認","","待確認或非規範文件","感染預防與控制","","pdf","255326","2022-07-01T15:50:56.000Z","classified_candidate","0.35"
"0fdebfbf2f00a4ce","医院细菌耐药监测与预警管理制度.docx","2院感相關法規\医院细菌耐药监测与预警管理制度.docx","UNKNOWN","地區待確認","年份待確認","","研究論文／文獻","醫院評鑑與醫療品質","資訊安全與個人資料；藥事與藥品管理；感染預防與控制；醫技、檢驗與病理；手術、麻醉與疼痛管理；醫院評鑑與醫療品質","docx","12230","2022-06-02T07:47:34.000Z","classified_candidate","0.35"
"1e4cf9a1861fb994","口腔门诊医院感染管理标准.pdf","2院感相關法規\口腔门诊医院感染管理标准.pdf","UNKNOWN","地區待確認","年份待確認","","待確認或非規範文件","感染預防與控制","","pdf","430757","2024-08-22T05:25:18.000Z","classified_candidate","0.35"
"dc76edd2e9696e7b","国家卫生健康委关于印发食源性疾病监测报告工作规范-试行-的通知.pdf","2院感相關法規\国家卫生健康委关于印发食源性疾病监测报告工作规范-试行-的通知.pdf","UNKNOWN","地區待確認","年份待確認","","公告／通知／函釋","感染預防與控制","","pdf","240148","2022-06-04T06:01:30.000Z","classified_candidate","0.35"
"a5da1127427a0195","国家卫生健康委办公厅关于进一步加强医疗机构感染预防与控制工作的通知.docx","2院感相關法規\国家卫生健康委办公厅关于进一步加强医疗机构感染预防与控制工作的通知.docx","UNKNOWN","地區待確認","年份待確認","","醫院評鑑／認證標準","醫院評鑑與醫療品質","資訊安全與個人資料；藥事與藥品管理；感染預防與控制；護理管理；醫技、檢驗與病理；手術、麻醉與疼痛管理；急診與緊急醫療；輸血與器官移植；生殖、婦幼與月子服務；臨床研究與人體試驗；醫療器材與設備；消防、治安與應急管理；環境、能源與醫療廢棄物；醫院評鑑與醫療品質；後勤、建築與設施安全；醫療治理與依法執業","docx","32364","2022-07-01T09:25:52.000Z","classified_candidate","0.35"
"94a2f989d9de94ec","建立健全医院感染管理组织的暂行办法.docx","2院感相關法規\建立健全医院感染管理组织的暂行办法.docx","UNKNOWN","地區待確認","年份待確認","","研究論文／文獻","感染預防與控制","護理管理；醫技、檢驗與病理；臨床研究與人體試驗；環境、能源與醫療廢棄物","docx","12184","2022-08-24T09:34:26.000Z","classified_candidate","0.35"
"fff5d7374f6866a2","新冠肺炎疫情期间公共交通工具消毒.pdf","2院感相關法規\新冠肺炎疫情期间公共交通工具消毒.pdf","UNKNOWN","地區待確認","年份待確認","","待確認或非規範文件","感染預防與控制","","pdf","232716","2022-09-04T08:06:06.000Z","classified_candidate","0.35"
"7f800d414bf57a02","新冠肺炎疫情期间特定人群个人防护指南.pdf","2院感相關法規\新冠肺炎疫情期间特定人群个人防护指南.pdf","UNKNOWN","地區待確認","年份待確認","","技術規範／診療指南","感染預防與控制","","pdf","321840","2022-09-04T08:06:36.000Z","classified_candidate","0.35"
"0b264a82af5a6fea","消毒供應中心管理規範.pdf","2院感相關法規\消毒供應中心管理規範.pdf","UNKNOWN","地區待確認","年份待確認","","待確認或非規範文件","感染預防與控制","","pdf","882185","2022-07-01T09:39:32.000Z","classified_candidate","0.35"
"42e3e1b67ccc8462","消毒剂消毒效果定性试验标准-应用稀释法.pdf","2院感相關法規\消毒剂消毒效果定性试验标准-应用稀释法.pdf","UNKNOWN","地區待確認","年份待確認","","研究論文／文獻","感染預防與控制","","pdf","266889","2022-02-25T06:58:38.000Z","classified_candidate","0.35"
"893a583ec61996f0","清洗消毒滅菌操作規範.pdf","2院感相關法規\清洗消毒滅菌操作規範.pdf","UNKNOWN","地區待確認","年份待確認","","待確認或非規範文件","感染預防與控制","","pdf","1282860","2022-07-01T09:39:02.000Z","classified_candidate","0.35"
"31a3daf9dba3ae2c","现场消毒评价标准.pdf","2院感相關法規\现场消毒评价标准.pdf","UNKNOWN","地區待確認","年份待確認","","待確認或非規範文件","感染預防與控制","","pdf","500036","2022-08-26T08:31:12.000Z","classified_candidate","0.35"
"447463e326dc0922","突发公共卫生事件与传染病疫情监测信息报告管理办法.doc","2院感相關法規\突发公共卫生事件与传染病疫情监测信息报告管理办法.doc","UNKNOWN","地區待確認","年份待確認","","院內制度／SOP","感染預防與控制","急診與緊急醫療","doc","56320","2022-10-08T05:40:00.000Z","classified_candidate","0.35"
"7fd49766bc4526af","第 2 部分：清洗消毒及灭菌技术.pdf","2院感相關法規\第 2 部分：清洗消毒及灭菌技术.pdf","UNKNOWN","地區待確認","年份待確認","","待確認或非規範文件","感染預防與控制","","pdf","318736","2022-07-01T15:00:54.000Z","classified_candidate","0.35"
"0a56b3a36edb8180","第三部分清洗消毒滅菌監測標準.pdf","2院感相關法規\第三部分清洗消毒滅菌監測標準.pdf","UNKNOWN","地區待確認","年份待確認","","待確認或非規範文件","感染預防與控制","","pdf","903956","2022-07-01T09:38:28.000Z","classified_candidate","0.35"
"1ca0bb3d50d7adac","第二部分清洗消毒滅菌消毒規範.pdf","2院感相關法規\第二部分清洗消毒滅菌消毒規範.pdf","UNKNOWN","地區待確認","年份待確認","","待確認或非規範文件","感染預防與控制","","pdf","1285410","2022-07-01T14:54:24.000Z","classified_candidate","0.35"
"376a35db65536a23","醫療機構因應COVID-19清潔人員管理原則.pdf","2院感相關法規\醫療機構因應COVID-19清潔人員管理原則.pdf","UNKNOWN","地區待確認","年份待確認","","待確認或非規範文件","感染預防與控制","醫療治理與依法執業","pdf","806183","2023-05-22T01:52:52.000Z","classified_candidate","0.35"
"c2137c4cc71961dd","醫療機構環境表面消毒規範.pdf","2院感相關法規\醫療機構環境表面消毒規範.pdf","UNKNOWN","地區待確認","年份待確認","","待確認或非規範文件","感染預防與控制","環境、能源與醫療廢棄物；醫療治理與依法執業","pdf","858697","2022-07-01T09:41:08.000Z","classified_candidate","0.35"
"13e9548886c7711c","醫療織物洗滌規範.pdf","2院感相關法規\醫療織物洗滌規範.pdf","UNKNOWN","地區待確認","年份待確認","","待確認或非規範文件","感染預防與控制","","pdf","1254066","2022-07-01T09:40:42.000Z","classified_candidate","0.35"
"764a5c437097e17c","食源性疾病监测报告工作规范（试行） .pdf","2院感相關法規\食源性疾病监测报告工作规范（试行） .pdf","UNKNOWN","地區待確認","年份待確認","","待確認或非規範文件","感染預防與控制","","pdf","1190079","2024-06-28T06:45:06.000Z","classified_candidate","0.35"
"18db9fd5e542809d","DB1306_T 225-2023 母婴护理员职业技能规范.pdf","31月子中心標準\DB1306_T 225-2023 母婴护理员职业技能规范.pdf","UNKNOWN","地區待確認","2023","2023","國家或地方標準","護理管理","生殖、婦幼與月子服務","pdf","466113","2024-08-22T05:34:24.000Z","classified_candidate","0.35"
"1a9e0141e7be11ef","DB1306_T 226-2023 母婴护理员星级评定标准.pdf","31月子中心標準\DB1306_T 226-2023 母婴护理员星级评定标准.pdf","UNKNOWN","地區待確認","2023","2023","國家或地方標準","護理管理","生殖、婦幼與月子服務","pdf","382181","2024-08-22T05:34:10.000Z","classified_candidate","0.35"
"d6a13c47396382f7","DB1310_T 292-2022 母婴护理员培训质量规范.pdf","31月子中心標準\DB1310_T 292-2022 母婴护理员培训质量规范.pdf","UNKNOWN","地區待確認","2022","2022","國家或地方標準","護理管理","生殖、婦幼與月子服務","pdf","1240130","2024-08-22T05:36:28.000Z","classified_candidate","0.35"
"caf9a3a77b13ead3","DB14T 2375-2021 月子中心基本服务规范.pdf","31月子中心標準\DB14T 2375-2021 月子中心基本服务规范.pdf","UNKNOWN","地區待確認","2021","2021","國家或地方標準","生殖、婦幼與月子服務","","pdf","243720","2024-08-22T05:30:08.000Z","classified_candidate","0.35"
"d43a5356edbb9ae3","DB15_T 3140-2023 母婴护理服务规范.pdf","31月子中心標準\DB15_T 3140-2023 母婴护理服务规范.pdf","UNKNOWN","地區待確認","2023","2023","國家或地方標準","護理管理","生殖、婦幼與月子服務","pdf","920584","2024-08-22T05:33:24.000Z","classified_candidate","0.35"
"5120f5876b5de6f4","DB21_T 3960-2024 家政职业技能培训规范 母婴护理员.pdf","31月子中心標準\DB21_T 3960-2024 家政职业技能培训规范 母婴护理员.pdf","UNKNOWN","地區待確認","2024","2024","國家或地方標準","護理管理","生殖、婦幼與月子服務","pdf","1087285","2024-08-22T05:32:38.000Z","classified_candidate","0.35"
"0bef9ca079b59369","DB4404_T 42.1-2023 产后母婴服务 第1部分：基本要求.pdf","31月子中心標準\DB4404_T 42.1-2023 产后母婴服务 第1部分：基本要求.pdf","UNKNOWN","地區待確認","2023","2023","國家或地方標準","生殖、婦幼與月子服務","","pdf","640611","2024-08-22T05:35:38.000Z","classified_candidate","0.35"
"e8d5f26f576a844e","DB4404_T 42.2-2023 产后母婴服务 第2部分：生活照料服.pdf","31月子中心標準\DB4404_T 42.2-2023 产后母婴服务 第2部分：生活照料服.pdf","UNKNOWN","地區待確認","2023","2023","國家或地方標準","生殖、婦幼與月子服務","","pdf","912622","2024-08-22T05:35:30.000Z","classified_candidate","0.35"
"e0ccc9b0a738085f","DB4404_T 42.3-2023 产后母婴服务 第3部分：护理服务质.pdf","31月子中心標準\DB4404_T 42.3-2023 产后母婴服务 第3部分：护理服务质.pdf","UNKNOWN","地區待確認","2023","2023","國家或地方標準","護理管理","生殖、婦幼與月子服務","pdf","929884","2024-08-22T05:35:20.000Z","classified_candidate","0.35"
"9dffc93daa0f3788","DB4404_T 42.4-2023 产后母婴服务 第4部分：康复服务质.pdf","31月子中心標準\DB4404_T 42.4-2023 产后母婴服务 第4部分：康复服务质.pdf","UNKNOWN","地區待確認","2023","2023","國家或地方標準","生殖、婦幼與月子服務","","pdf","791628","2024-08-22T05:35:08.000Z","classified_candidate","0.35"
"12c416d3c461df91","DB4404_T 42.5-2023 产后母婴服务 第5部分：婴儿喂养良.pdf","31月子中心標準\DB4404_T 42.5-2023 产后母婴服务 第5部分：婴儿喂养良.pdf","UNKNOWN","地區待確認","2023","2023","國家或地方標準","生殖、婦幼與月子服務","","pdf","850448","2024-08-22T05:34:54.000Z","classified_candidate","0.35"
"afd4a859479e62b9","TJSCC 020-2020 月子中心产妇餐饮服务规范.pdf","31月子中心標準\TJSCC 020-2020 月子中心产妇餐饮服务规范.pdf","UNKNOWN","地區待確認","2020","2020","待確認或非規範文件","生殖、婦幼與月子服務","","pdf","197675","2024-08-22T05:31:50.000Z","classified_candidate","0.35"
"1d7e718d7cb7471e","TLYYYS 01-2021 月子会所（中心）服务规范.pdf","31月子中心標準\TLYYYS 01-2021 月子会所（中心）服务规范.pdf","UNKNOWN","地區待確認","2021","2021","待確認或非規範文件","生殖、婦幼與月子服務","","pdf","969486","2024-08-22T05:30:22.000Z","classified_candidate","0.35"
"780382629ec65fd1","TNAHIEM 38-2021 母婴月子会所风险控制技术规范.pdf","31月子中心標準\TNAHIEM 38-2021 母婴月子会所风险控制技术规范.pdf","UNKNOWN","地區待確認","2021","2021","技術規範／診療指南","生殖、婦幼與月子服務","","pdf","462458","2024-08-22T05:31:30.000Z","classified_candidate","0.35"
"5f8d052da57cc491","T_CACM 1603-2024 手法通乳中医技术操作规范.pdf","31月子中心標準\T_CACM 1603-2024 手法通乳中医技术操作规范.pdf","UNKNOWN","地區待確認","2024","2024","待確認或非規範文件","醫技、檢驗與病理","生殖、婦幼與月子服務","pdf","509377","2024-10-06T03:32:24.000Z","classified_candidate","0.35"
"3a3ba30fdbc876ea","T_GDJX 1-2022 月子中心安全与服务管理规范.pdf","31月子中心標準\T_GDJX 1-2022 月子中心安全与服务管理规范.pdf","UNKNOWN","地區待確認","2022","2022","待確認或非規範文件","生殖、婦幼與月子服務","","pdf","582334","2024-08-22T05:29:24.000Z","classified_candidate","0.35"
"15e1f0fe0a273790","T_GZFSA 011-2023 家政服务员（母婴护理员）职业技能认定规.pdf","31月子中心標準\T_GZFSA 011-2023 家政服务员（母婴护理员）职业技能认定规.pdf","UNKNOWN","地區待確認","2023","2023","待確認或非規範文件","護理管理","生殖、婦幼與月子服務","pdf","209655","2024-08-22T05:33:10.000Z","classified_candidate","0.35"
"4830f4d5f44ff94e","T_ZGYSYJH 003-2022 产妇月子餐（汤品）食养药膳技术指南.pdf","31月子中心標準\T_ZGYSYJH 003-2022 产妇月子餐（汤品）食养药膳技术指南.pdf","UNKNOWN","地區待確認","2022","2022","技術規範／診療指南","生殖、婦幼與月子服務","","pdf","575125","2024-08-22T05:29:44.000Z","classified_candidate","0.35"
"99c05a2ebed80333","WS T 870-2025托育机构消防安全标准.pdf","31月子中心標準\WS T 870-2025托育机构消防安全标准.pdf","UNKNOWN","地區待確認","2025","2025","國家或地方標準","生殖、婦幼與月子服務","消防、治安與應急管理","pdf","338421","2026-01-29T02:52:46.000Z","classified_candidate","0.35"
"12ca9f44899dc3fe","PDCA循环提高脓毒症患者集束化治疗完成率的效果研究.pdf","32文獻探討\PDCA循环提高脓毒症患者集束化治疗完成率的效果研究.pdf","UNKNOWN","地區待確認","年份待確認","","研究論文／文獻","臨床研究與人體試驗","","pdf","1558515","2024-08-24T05:55:58.000Z","classified_candidate","0.35"
"e4aecf3bd2992fca","“千县工程”县医院医疗服务能力.pdf","32文獻探討\“千县工程”县医院医疗服务能力.pdf","UNKNOWN","地區待確認","年份待確認","","研究論文／文獻","其他／待確認","","pdf","108853","2024-07-30T11:04:18.000Z","classified_candidate","0.35"
"2d8903cf85025dde","医疗失效与效应分析模式对PCI患者术后并发症、不良事件发生率及护理满意度的影响.pdf","32文獻探討\医疗失效与效应分析模式对PCI患者术后并发症、不良事件发生率及护理满意度的影响.pdf","UNKNOWN","地區待確認","年份待確認","","研究論文／文獻","護理管理","","pdf","1313861","2024-08-24T08:48:50.000Z","classified_candidate","0.35"
"b6f864d7dfa4b80e","县医院医疗服务能力基本标准符合情况.pdf","32文獻探討\县医院医疗服务能力基本标准符合情况.pdf","UNKNOWN","地區待確認","年份待確認","","研究論文／文獻","其他／待確認","","pdf","87700","2024-07-30T11:03:48.000Z","classified_candidate","0.35"
"43a4df745b3e71db","县医院医疗服务能力推荐标准符合情况.pdf","32文獻探討\县医院医疗服务能力推荐标准符合情况.pdf","UNKNOWN","地區待確認","年份待確認","","研究論文／文獻","其他／待確認","","pdf","87989","2024-07-30T11:04:02.000Z","classified_candidate","0.35"
"adc13580d3a6f98b","县医院各科室服务能力符合情况.pdf","32文獻探討\县医院各科室服务能力符合情况.pdf","UNKNOWN","地區待確認","年份待確認","","研究論文／文獻","其他／待確認","","pdf","112475","2024-07-30T11:04:48.000Z","classified_candidate","0.35"
"0fe0c47003343d41","县医院各科室设置情况.pdf","32文獻探討\县医院各科室设置情况.pdf","UNKNOWN","地區待確認","年份待確認","","研究論文／文獻","其他／待確認","","pdf","99399","2024-07-30T11:05:10.000Z","classified_candidate","0.35"
"44e7b31d7e55cf89","县医院电子病历系统应用水平分级评价情况.pdf","32文獻探討\县医院电子病历系统应用水平分级评价情况.pdf","UNKNOWN","地區待確認","年份待確認","","研究論文／文獻","病歷、電子病歷與醫療資料","","pdf","108927","2024-07-30T11:05:24.000Z","classified_candidate","0.35"
"e53fd9e9450d4fd2","基于循证证据谈我国产科的现状与发展.pdf","32文獻探討\基于循证证据谈我国产科的现状与发展.pdf","UNKNOWN","地區待確認","年份待確認","","研究論文／文獻","生殖、婦幼與月子服務","","pdf","1219090","2024-08-24T06:30:22.000Z","classified_candidate","0.35"
"782c5213d190e936","基于虚拟现实技术的分娩镇痛法在自然分娩产妇中应用的范围综述.pdf","32文獻探討\基于虚拟现实技术的分娩镇痛法在自然分娩产妇中应用的范围综述.pdf","UNKNOWN","地區待確認","年份待確認","","研究論文／文獻","其他／待確認","","pdf","1921045","2024-08-24T08:51:38.000Z","classified_candidate","0.35"
"76fa047d75a37377","对口帮扶县医院医疗服务能力.pdf","32文獻探討\对口帮扶县医院医疗服务能力.pdf","UNKNOWN","地區待確認","年份待確認","","研究論文／文獻","其他／待確認","","pdf","113536","2024-07-30T11:04:32.000Z","classified_candidate","0.35"
"5b21e1e1f80552d2","生成式人工智能技术在整形外科科普中的应用.pdf","32文獻探討\生成式人工智能技术在整形外科科普中的应用.pdf","UNKNOWN","地區待確認","年份待確認","","研究論文／文獻","其他／待確認","","pdf","1195837","2024-08-24T08:40:20.000Z","classified_candidate","0.35"
"b3224dc6f00073f5","1.《临床静脉导管维护操作专家共识》解读.pdf","3专家共识指南\1.《临床静脉导管维护操作专家共识》解读.pdf","UNKNOWN","地區待確認","年份待確認","","專家共識","其他／待確認","","pdf","617871","2024-08-19T01:20:20.000Z","classified_candidate","0.35"
"d14ca10b8efba9f8","1.新型冠状病毒肺炎疫情期间手术室护士相关培训专家共识.pdf","3专家共识指南\1.新型冠状病毒肺炎疫情期间手术室护士相关培训专家共识.pdf","UNKNOWN","地區待確認","年份待確認","","專家共識","護理管理","手術、麻醉與疼痛管理","pdf","445842","2024-08-19T01:19:46.000Z","classified_candidate","0.35"
"e15d1e6f80bc7998","10.慢性呼吸疾病肺康复护理专家共识.pdf","3专家共识指南\10.慢性呼吸疾病肺康复护理专家共识.pdf","UNKNOWN","地區待確認","年份待確認","","專家共識","護理管理","","pdf","1268888","2024-08-19T01:19:34.000Z","classified_candidate","0.35"
"2819ca83852391e5","11新型冠状病毒肺炎疑似或确诊患者复用医疗器械物品处置流程专家共识.pdf","3专家共识指南\11新型冠状病毒肺炎疑似或确诊患者复用医疗器械物品处置流程专家共识.pdf","UNKNOWN","地區待確認","年份待確認","","專家共識","醫療器材與設備","","pdf","1407132","2024-08-19T01:19:34.000Z","classified_candidate","0.35"
"cd6f456ecb33fe66","12.手术室静脉血栓栓塞症预防与护理专家共识.pdf","3专家共识指南\12.手术室静脉血栓栓塞症预防与护理专家共识.pdf","UNKNOWN","地區待確認","年份待確認","","專家共識","護理管理","手術、麻醉與疼痛管理","pdf","1460629","2024-08-19T01:19:54.000Z","classified_candidate","0.35"
"b277a30dcaf31958","12成人新型冠状病毒肺炎患者静脉血栓栓塞症防控护理专家共识.pdf","3专家共识指南\12成人新型冠状病毒肺炎患者静脉血栓栓塞症防控护理专家共识.pdf","UNKNOWN","地區待確認","年份待確認","","專家共識","護理管理","","pdf","1115184","2024-08-19T01:19:34.000Z","classified_candidate","0.35"
"b080887e2d6c95d3","13.胶质母细胞瘤肿瘤电场治疗头皮护理专家共识.pdf","3专家共识指南\13.胶质母细胞瘤肿瘤电场治疗头皮护理专家共识.pdf","UNKNOWN","地區待確認","年份待確認","","專家共識","護理管理","臨床診療與醫療技術","pdf","1687379","2024-08-19T01:19:52.000Z","classified_candidate","0.35"
"0d99f4d0d8b6de8b","13新型冠状病毒肺炎发热门诊护理管理专家共识.pdf","3专家共识指南\13新型冠状病毒肺炎发热门诊护理管理专家共识.pdf","UNKNOWN","地區待確認","年份待確認","","專家共識","護理管理","","pdf","782411","2024-08-19T01:19:34.000Z","classified_candidate","0.35"
"dec264480fa48843","14.应用心肺复苏机救治院内心搏骤停患者护理专家共识.pdf","3专家共识指南\14.应用心肺复苏机救治院内心搏骤停患者护理专家共识.pdf","UNKNOWN","地區待確認","年份待確認","","研究論文／文獻","護理管理","急診與緊急醫療","pdf","1557692","2024-08-19T01:19:54.000Z","classified_candidate","0.35"
"f82750b66daf715e","14新型冠状病毒肺炎疫情下精神疾病医院防控护理专家共识.pdf","3专家共识指南\14新型冠状病毒肺炎疫情下精神疾病医院防控护理专家共识.pdf","UNKNOWN","地區待確認","年份待確認","","專家共識","護理管理","","pdf","1522888","2024-08-19T01:19:34.000Z","classified_candidate","0.35"
"faaedccb56498919","15.基于循证的儿童床旁超声护理专家共识.pdf","3专家共识指南\15.基于循证的儿童床旁超声护理专家共识.pdf","UNKNOWN","地區待確認","年份待確認","","專家共識","護理管理","","pdf","48033927","2024-08-19T01:37:28.000Z","classified_candidate","0.35"
"fead7b98425ca180","15新型冠状病毒肺炎患者机械通气护理管理专家共识.pdf","3专家共识指南\15新型冠状病毒肺炎患者机械通气护理管理专家共识.pdf","UNKNOWN","地區待確認","年份待確認","","專家共識","護理管理","","pdf","1087236","2024-08-19T01:19:36.000Z","classified_candidate","0.35"
"7af636ea1c213a62","16.成人癫痫持续状态护理专家共识.pdf","3专家共识指南\16.成人癫痫持续状态护理专家共识.pdf","UNKNOWN","地區待確認","年份待確認","","專家共識","護理管理","","pdf","1458476","2024-08-19T01:19:54.000Z","classified_candidate","0.35"
"644fce95f9e7e193","16婴幼儿尿布性皮炎护理实践专家共识.pdf","3专家共识指南\16婴幼儿尿布性皮炎护理实践专家共识.pdf","UNKNOWN","地區待確認","年份待確認","","專家共識","護理管理","","pdf","995642","2024-08-19T01:19:36.000Z","classified_candidate","0.35"
"4898edbb7b67a027","17.隧道式经外周静脉置入中心静脉导管置管技术专家共识（2022）.pdf","3专家共识指南\17.隧道式经外周静脉置入中心静脉导管置管技术专家共识（2022）.pdf","UNKNOWN","地區待確認","2022","2022","專家共識","其他／待確認","","pdf","1754368","2024-08-19T01:19:56.000Z","classified_candidate","0.35"
"7dfdf958d5c510f9","17肺部恶性肿瘤手术隔离技术专家共识.pdf","3专家共识指南\17肺部恶性肿瘤手术隔离技术专家共识.pdf","UNKNOWN","地區待確認","年份待確認","","專家共識","感染預防與控制","手術、麻醉與疼痛管理；臨床診療與醫療技術","pdf","981976","2024-08-19T01:19:38.000Z","classified_candidate","0.35"
"2c2f12cf9bc7984f","18.口腔癌全周期吞咽障碍筛查与评估专家共识.pdf","3专家共识指南\18.口腔癌全周期吞咽障碍筛查与评估专家共识.pdf","UNKNOWN","地區待確認","年份待確認","","專家共識","其他／待確認","","pdf","1506378","2024-08-19T01:19:56.000Z","classified_candidate","0.35"
"88be78b066f4996f","18儿童过敏原皮肤点刺试验护理实践专家共识.pdf","3专家共识指南\18儿童过敏原皮肤点刺试验护理实践专家共识.pdf","UNKNOWN","地區待確認","年份待確認","","專家共識","護理管理","","pdf","860829","2024-08-19T01:19:38.000Z","classified_candidate","0.35"
"917d4d3afb1b8ef3","19.致命性肺血栓栓塞症急救护理专家共识.pdf","3专家共识指南\19.致命性肺血栓栓塞症急救护理专家共识.pdf","UNKNOWN","地區待確認","年份待確認","","專家共識","護理管理","","pdf","32284600","2024-08-19T01:38:46.000Z","classified_candidate","0.35"
"8ee1290ac4740026","19呼吸道传染病产生气溶胶高风险护理操作防护专家共识.pdf","3专家共识指南\19呼吸道传染病产生气溶胶高风险护理操作防护专家共识.pdf","UNKNOWN","地區待確認","年份待確認","","專家共識","感染預防與控制","護理管理","pdf","824688","2024-08-19T01:19:38.000Z","classified_candidate","0.35"
"e9c141f2c24708bb","2.术中获得性压力性损伤预防与护理专家共识.pdf","3专家共识指南\2.术中获得性压力性损伤预防与护理专家共识.pdf","UNKNOWN","地區待確認","年份待確認","","專家共識","護理管理","","pdf","625899","2024-08-19T01:19:58.000Z","classified_candidate","0.35"
"b095117b15b84b48","2022年美国预防临床服务指南工作组《儿童和青少年抑郁症和自杀风险筛查推荐声明》解读.pdf","3专家共识指南\2022年美国预防临床服务指南工作组《儿童和青少年抑郁症和自杀风险筛查推荐声明》解读.pdf","UNKNOWN","地區待確認","2022","2022","專家共識","其他／待確認","","pdf","1059021","2025-04-02T05:33:42.000Z","classified_candidate","0.35"
"2290c5bf7bcd9e5d","2023版NICE《产时护理指南》要点解读.pdf","3专家共识指南\2023版NICE《产时护理指南》要点解读.pdf","UNKNOWN","地區待確認","2023","2023","專家共識","護理管理","","pdf","1239787","2025-04-02T05:30:22.000Z","classified_candidate","0.35"
"9511f7dfa8782aaf","21精神科保护性约束实施及解除专家共识.pdf","3专家共识指南\21精神科保护性约束实施及解除专家共识.pdf","UNKNOWN","地區待確認","年份待確認","","專家共識","其他／待確認","","pdf","759307","2024-08-19T01:19:38.000Z","classified_candidate","0.35"
"c86c7be2c590d3df","22神经重症患者肠内喂养护理专家共识.pdf","3专家共识指南\22神经重症患者肠内喂养护理专家共识.pdf","UNKNOWN","地區待確認","年份待確認","","專家共識","護理管理","","pdf","768948","2024-08-19T01:19:40.000Z","classified_candidate","0.35"
"4acff024a74c1575","23普通外科患者静脉血栓栓塞症风险评估与预防护理专家共识.pdf","3专家共识指南\23普通外科患者静脉血栓栓塞症风险评估与预防护理专家共识.pdf","UNKNOWN","地區待確認","年份待確認","","專家共識","護理管理","","pdf","772530","2024-08-19T01:19:40.000Z","classified_candidate","0.35"
"28848f6c98e386b0","24血液透析安全注射临床实践专家共识.pdf","3专家共识指南\24血液透析安全注射临床实践专家共识.pdf","UNKNOWN","地區待確認","年份待確認","","專家共識","其他／待確認","","pdf","1143687","2024-08-19T01:19:40.000Z","classified_candidate","0.35"
"1aae95ae7feb0fdf","25尿路结石腔内碎石患者围手术期并发尿脓毒症护理专家共识.pdf","3专家共识指南\25尿路结石腔内碎石患者围手术期并发尿脓毒症护理专家共识.pdf","UNKNOWN","地區待確認","年份待確認","","專家共識","護理管理","手術、麻醉與疼痛管理","pdf","797712","2024-08-19T01:19:40.000Z","classified_candidate","0.35"
"339f13654e45f4c0","26肠外营养安全输注专家共识.pdf","3专家共识指南\26肠外营养安全输注专家共识.pdf","UNKNOWN","地區待確認","年份待確認","","專家共識","其他／待確認","","pdf","992214","2024-08-19T01:19:40.000Z","classified_candidate","0.35"
"f6797ce6523ee281","27精神科住院抑郁症患者自杀预防及护理干预措施专家共识.pdf","3专家共识指南\27精神科住院抑郁症患者自杀预防及护理干预措施专家共识.pdf","UNKNOWN","地區待確認","年份待確認","","專家共識","護理管理","","pdf","930081","2024-08-19T01:19:40.000Z","classified_candidate","0.35"
"bbe078003f97fc1a","28输液连接装置安全管理专家共识.pdf","3专家共识指南\28输液连接装置安全管理专家共识.pdf","UNKNOWN","地區待確認","年份待確認","","專家共識","其他／待確認","","pdf","760953","2024-08-19T01:19:42.000Z","classified_candidate","0.35"
"134b3c8ae81ebb43","2成人失禁患者一次性吸收型护理用品临床应用专家共识.pdf","3专家共识指南\2成人失禁患者一次性吸收型护理用品临床应用专家共识.pdf","UNKNOWN","地區待確認","年份待確認","","研究論文／文獻","護理管理","","pdf","1076394","2024-08-19T01:19:42.000Z","classified_candidate","0.35"
"3ee6ecff10888824","3.重症护理超声专家共识.pdf","3专家共识指南\3.重症护理超声专家共识.pdf","UNKNOWN","地區待確認","年份待確認","","專家共識","護理管理","","pdf","552948","2024-08-19T01:19:58.000Z","classified_candidate","0.35"
"d0faed08389803d0","30重复使用医疗器械包装技术专家共识.pdf","3专家共识指南\30重复使用医疗器械包装技术专家共识.pdf","UNKNOWN","地區待確認","年份待確認","","專家共識","醫療器材與設備","","pdf","1437824","2024-08-19T01:19:42.000Z","classified_candidate","0.35"
"1e9205ea421fdde1","4.经皮肝穿刺胆道引流术管路护理专家共识.pdf","3专家共识指南\4.经皮肝穿刺胆道引流术管路护理专家共识.pdf","UNKNOWN","地區待確認","年份待確認","","專家共識","護理管理","","pdf","503967","2024-08-19T01:20:00.000Z","classified_candidate","0.35"
"ed48e592e9ee6da1","4临床静脉导管维护操作专家共识.pdf","3专家共识指南\4临床静脉导管维护操作专家共识.pdf","UNKNOWN","地區待確認","年份待確認","","專家共識","其他／待確認","","pdf","1175174","2024-08-19T01:19:42.000Z","classified_candidate","0.35"
"249624d1c177a8de","5.手术室锐器伤预防专家共识.pdf","3专家共识指南\5.手术室锐器伤预防专家共识.pdf","UNKNOWN","地區待確認","年份待確認","","專家共識","手術、麻醉與疼痛管理","","pdf","693483","2024-08-19T01:20:00.000Z","classified_candidate","0.35"
"d0e0cc59398b6b68","5认知训练护理门诊构建的专家共识.pdf","3专家共识指南\5认知训练护理门诊构建的专家共识.pdf","UNKNOWN","地區待確認","年份待確認","","專家共識","護理管理","","pdf","881049","2024-08-19T01:19:42.000Z","classified_candidate","0.35"
"378ebd83fec3cbd1","6.手术室医疗废物分类与收集方法专家共识.pdf","3专家共识指南\6.手术室医疗废物分类与收集方法专家共识.pdf","UNKNOWN","地區待確認","年份待確認","","專家共識","手術、麻醉與疼痛管理","","pdf","701448","2024-08-19T01:20:02.000Z","classified_candidate","0.35"
"bac46ff51b95156f","6老年患者出院准备服务专家共识 2019版 .pdf","3专家共识指南\6老年患者出院准备服务专家共识 2019版 .pdf","UNKNOWN","地區待確認","2019","2019","專家共識","其他／待確認","","pdf","1188293","2024-08-19T01:19:44.000Z","classified_candidate","0.35"
"7d8509b3274b8b17","7.中国重症血液净化护理专家共识（2021 年）.pdf","3专家共识指南\7.中国重症血液净化护理专家共识（2021 年）.pdf","CN","地區待確認","2021","2021","專家共識","護理管理","","pdf","543776","2024-08-19T01:20:02.000Z","classified_candidate","0.75"
"b18af950db7f73fe","7重型危重型新型冠状病毒肺炎患者整体护理专家共识.pdf","3专家共识指南\7重型危重型新型冠状病毒肺炎患者整体护理专家共识.pdf","UNKNOWN","地區待確認","年份待確認","","專家共識","護理管理","","pdf","1061786","2024-08-19T01:19:44.000Z","classified_candidate","0.35"
"9ab93c63ff76280c","8.下腔静脉滤器置入术及取出术护理规范专家共识.pdf","3专家共识指南\8.下腔静脉滤器置入术及取出术护理规范专家共识.pdf","UNKNOWN","地區待確認","年份待確認","","專家共識","護理管理","","pdf","905713","2024-08-19T01:20:04.000Z","classified_candidate","0.35"
"17701bee5d781869","86个罕见病病种诊疗指南（2025年版）-20250709181724664.pdf","3专家共识指南\86个罕见病病种诊疗指南（2025年版）-20250709181724664.pdf","UNKNOWN","地區待確認","2025","2025","專家共識","其他／待確認","","pdf","15611195","2025-07-16T02:32:22.000Z","classified_candidate","0.35"
"258cb6673dce8cc3","9.冠心病患者心脏康复健康教育处方护理专家共识.pdf","3专家共识指南\9.冠心病患者心脏康复健康教育处方护理专家共识.pdf","UNKNOWN","地區待確認","年份待確認","","專家共識","藥事與藥品管理","護理管理","pdf","464194","2024-08-19T01:20:04.000Z","classified_candidate","0.35"
"3da55a2ad44d555d","DB34_T 5290-2025 麻醉机临床使用管理与质量控制规范.pdf","3专家共识指南\DB34_T 5290-2025 麻醉机临床使用管理与质量控制规范.pdf","UNKNOWN","地區待確認","2025","2025","專家共識","醫院評鑑與醫療品質","手術、麻醉與疼痛管理","pdf","298636","2025-12-22T07:11:44.000Z","classified_candidate","0.35"
"ac4073f1a40c6fed","ERCP日间手术管理中国专家共识（2025版）.pdf","3专家共识指南\ERCP日间手术管理中国专家共识（2025版）.pdf","CN","地區待確認","2025","2025","專家共識","手術、麻醉與疼痛管理","","pdf","1905633","2025-08-23T02:44:34.000Z","classified_candidate","0.75"
"e4d99383bd0c2ec1","GB-T-19001-2016-质量管理体系-要求最新.pdf","3专家共识指南\GB-T-19001-2016-质量管理体系-要求最新.pdf","UNKNOWN","地區待確認","2016","2016；1900","專家共識","醫院評鑑與醫療品質","","pdf","1305342","2025-12-23T03:45:54.000Z","classified_candidate","0.35"
"c2493b869fd9de85","PIVAS临床试验用静脉输液类药品调配管理专家共识.pdf","3专家共识指南\PIVAS临床试验用静脉输液类药品调配管理专家共识.pdf","UNKNOWN","地區待確認","年份待確認","","專家共識","藥事與藥品管理","","pdf","1656861","2025-04-02T05:41:26.000Z","classified_candidate","0.35"
"142716d47c026c9a","T_CHSA 086-2024 口腔急诊预检分诊分级专家共识.pdf","3专家共识指南\T_CHSA 086-2024 口腔急诊预检分诊分级专家共识.pdf","UNKNOWN","地區待確認","2024","2024","專家共識","急診與緊急醫療","","pdf","485468","2025-04-21T00:57:54.000Z","classified_candidate","0.35"
"48f1eb59f92c9b76","T_GXAS 1002-2025 全身麻醉下行纤维支气管镜患者围手术期护.pdf","3专家共识指南\T_GXAS 1002-2025 全身麻醉下行纤维支气管镜患者围手术期护.pdf","UNKNOWN","地區待確認","2025","2025","專家共識","手術、麻醉與疼痛管理","","pdf","903356","2025-12-22T07:12:04.000Z","classified_candidate","0.35"
"2ef11c216a83629a","《呼吸机相关肺炎、呼吸机相关事件和非呼吸机相关医院获得性肺炎预防策略指南_2022版》要点解读.pdf","3专家共识指南\《呼吸机相关肺炎、呼吸机相关事件和非呼吸机相关医院获得性肺炎预防策略指南_2022版》要点解读.pdf","UNKNOWN","地區待確認","2022","2022","專家共識","其他／待確認","","pdf","2765056","2025-04-02T05:34:06.000Z","classified_candidate","0.35"
"9b952c6c1f48731a","下肢深静脉血栓形成介入治疗护理实践指南.pdf","3专家共识指南\下肢深静脉血栓形成介入治疗护理实践指南.pdf","UNKNOWN","地區待確認","年份待確認","","專家共識","護理管理","","pdf","19718435","2025-04-02T05:30:14.000Z","classified_candidate","0.35"
"45943ac95212f49a","世界卫生组织《全球100项核心健康指标》之一_围手术期死亡率.pdf","3专家共识指南\世界卫生组织《全球100项核心健康指标》之一_围手术期死亡率.pdf","UNKNOWN","地區待確認","年份待確認","","專家共識","手術、麻醉與疼痛管理","","pdf","978813","2025-10-13T07:26:00.000Z","classified_candidate","0.35"
"681f615dc7434ca8","丛状神经纤维瘤的全病程管理专家共识（2025版）.pdf","3专家共识指南\丛状神经纤维瘤的全病程管理专家共识（2025版）.pdf","UNKNOWN","地區待確認","2025","2025","專家共識","其他／待確認","","pdf","2505427","2025-06-03T03:53:56.000Z","classified_candidate","0.35"
"2d1db351f8e6843d","个性化、规范化急救护理在毒蛇咬伤患者中的应用效果.pdf","3专家共识指南\个性化、规范化急救护理在毒蛇咬伤患者中的应用效果.pdf","UNKNOWN","地區待確認","年份待確認","","研究論文／文獻","護理管理","","pdf","1047138","2025-08-12T02:49:20.000Z","classified_candidate","0.35"
"af5fa609b9433209","个案管理师国内外发展现状及展望.pdf","3专家共识指南\个案管理师国内外发展现状及展望.pdf","UNKNOWN","地區待確認","年份待確認","","專家共識","其他／待確認","","pdf","1648718","2025-06-03T04:39:12.000Z","classified_candidate","0.35"
"dcb9062c630e8920","个案管理师在鼻咽癌患者全病程个案管理中的临床实践效果.pdf","3专家共识指南\个案管理师在鼻咽癌患者全病程个案管理中的临床实践效果.pdf","UNKNOWN","地區待確認","年份待確認","","專家共識","其他／待確認","","pdf","1244074","2025-06-03T04:40:34.000Z","classified_candidate","0.35"
"14a4ee73717fa176","中国乳腺癌个案管理模式专家共识.pdf","3专家共识指南\中国乳腺癌个案管理模式专家共识.pdf","CN","地區待確認","年份待確認","","專家共識","其他／待確認","","pdf","832592","2025-06-03T04:41:34.000Z","classified_candidate","0.35"
"97ac910c68b6a916","中国儿童眼外伤救治专家共识（2024年）.pdf","3专家共识指南\中国儿童眼外伤救治专家共识（2024年）.pdf","CN","地區待確認","2024","2024","專家共識","急診與緊急醫療","","pdf","1720136","2025-08-23T02:43:42.000Z","classified_candidate","0.75"
"1e1b943b215fd7c7","中国儿童雷暴哮喘专家共识.pdf","3专家共识指南\中国儿童雷暴哮喘专家共识.pdf","CN","地區待確認","年份待確認","","專家共識","其他／待確認","","pdf","1613952","2025-09-10T02:44:32.000Z","classified_candidate","0.35"
"67d0a8ab9f6cc339","中国县级医院急诊科建设规范专家共识.pdf","3专家共识指南\中国县级医院急诊科建设规范专家共识.pdf","CN","地區待確認","年份待確認","","專家共識","急診與緊急醫療","","pdf","1113374","2022-07-18T08:00:26.000Z","classified_candidate","0.75"
"0d034e6db616a796","中国糖尿病行为与生活方式干预指南(2024版).pdf","3专家共识指南\中国糖尿病行为与生活方式干预指南(2024版).pdf","CN","地區待確認","2024","2024","專家共識","其他／待確認","","pdf","1378964","2025-04-02T05:34:32.000Z","classified_candidate","0.35"
"05b22d27d9f56e80","中国肾脏移植围手术期处理临床诊疗指南.pdf","3专家共识指南\中国肾脏移植围手术期处理临床诊疗指南.pdf","CN","地區待確認","年份待確認","","專家共識","手術、麻醉與疼痛管理","","pdf","1455103","2025-04-02T05:34:28.000Z","classified_candidate","0.75"
"6c9196ccd2102dd0","临床科研中的数据安全管理方法探讨.pdf","3专家共识指南\临床科研中的数据安全管理方法探讨.pdf","UNKNOWN","地區待確認","年份待確認","","研究論文／文獻","資訊安全與個人資料","臨床研究與人體試驗","pdf","1330797","2025-07-27T12:33:42.000Z","classified_candidate","0.35"
"9d99500fab50886c","乳腺癌靶向药物皮下注射护理专家共识.pdf","3专家共识指南\乳腺癌靶向药物皮下注射护理专家共识.pdf","UNKNOWN","地區待確認","年份待確認","","專家共識","護理管理","","pdf","6105074","2025-04-02T05:39:54.000Z","classified_candidate","0.35"
"9580b300172c74c7","产科危重孕产妇早期预警评估的应用现状及进展.pdf","3专家共识指南\产科危重孕产妇早期预警评估的应用现状及进展.pdf","UNKNOWN","地區待確認","年份待確認","","研究論文／文獻","生殖、婦幼與月子服務","生殖、婦幼與月子服務","pdf","1539048","2025-08-11T09:26:26.000Z","classified_candidate","0.35"
"caafc33b797dba74","人类体外受精-胚胎移植实验室操作专家共识(完整版).doc","3专家共识指南\人类体外受精-胚胎移植实验室操作专家共识(完整版).doc","UNKNOWN","地區待確認","年份待確認","","專家共識","醫技、檢驗與病理","","doc","64552","2023-10-09T05:55:30.000Z","classified_candidate","0.35"
"eaa15100c8588548","以基于内审机制下的医疗质量提升行动实践.pdf","3专家共识指南\以基于内审机制下的医疗质量提升行动实践.pdf","UNKNOWN","地區待確認","年份待確認","","專家共識","醫院評鑑與醫療品質","財務、採購與內部稽核；醫院評鑑與醫療品質","pdf","455098","2025-07-09T03:26:26.000Z","classified_candidate","0.35"
"69b33361590accee","传染科护理指南.pdf","3专家共识指南\传染科护理指南.pdf","UNKNOWN","地區待確認","年份待確認","","專家共識","感染預防與控制","護理管理","pdf","1058564","2025-04-02T05:31:06.000Z","classified_candidate","0.35"
"cc0e536d08b5dd61","低级别浆液性卵巢癌诊治中国专家共识(2024年版).pdf","3专家共识指南\低级别浆液性卵巢癌诊治中国专家共识(2024年版).pdf","CN","地區待確認","2024","2024","專家共識","其他／待確認","","pdf","16242410","2025-04-02T05:41:50.000Z","classified_candidate","0.35"
"f5901b476f70fd6d","儿童呼吸道合胞病毒感染临床诊治中国专家共识(2023年版).pdf","3专家共识指南\儿童呼吸道合胞病毒感染临床诊治中国专家共识(2023年版).pdf","CN","地區待確認","2023","2023","專家共識","感染預防與控制","","pdf","760131","2025-03-26T02:29:42.000Z","classified_candidate","0.75"
"19c24a2d1e6fd267","儿童肺血栓栓塞症诊断与治疗专家共识.docx","3专家共识指南\儿童肺血栓栓塞症诊断与治疗专家共识.docx","CN","地區待確認","年份待確認","","研究論文／文獻","資訊安全與個人資料","藥事與藥品管理；感染預防與控制；護理管理；醫技、檢驗與病理；手術、麻醉與疼痛管理；急診與緊急醫療；生殖、婦幼與月子服務；臨床研究與人體試驗；臨床診療與醫療技術；後勤、建築與設施安全；醫療治理與依法執業","docx","1318106","2025-07-14T10:30:50.000Z","classified_candidate","0.75"
"f0b06b29f814fff0","儿童肺血栓栓塞症诊断与治疗专家共识.pdf","3专家共识指南\儿童肺血栓栓塞症诊断与治疗专家共识.pdf","UNKNOWN","地區待確認","年份待確認","","專家共識","其他／待確認","","pdf","2342556","2025-06-03T03:57:26.000Z","classified_candidate","0.35"
"2d9f3c0a759cd41d","儿童脓毒性休克管理专家共识（2025）.pdf","3专家共识指南\儿童脓毒性休克管理专家共识（2025）.pdf","UNKNOWN","地區待確認","2025","2025","專家共識","其他／待確認","","pdf","1741064","2025-07-22T09:05:14.000Z","classified_candidate","0.35"
"c2b3adfa42696327","儿童过敏免疫诊疗中心_过敏免疫门诊规范化建设专家共识.docx","3专家共识指南\儿童过敏免疫诊疗中心_过敏免疫门诊规范化建设专家共识.docx","CN","地區待確認","年份待確認","","醫院評鑑／認證標準","病歷、電子病歷與醫療資料","資訊安全與個人資料；藥事與藥品管理；感染預防與控制；護理管理；醫技、檢驗與病理；急診與緊急醫療；生殖、婦幼與月子服務；臨床研究與人體試驗；醫療器材與設備；消防、治安與應急管理；環境、能源與醫療廢棄物；醫院評鑑與醫療品質","docx","178190","2025-06-08T05:34:40.000Z","classified_candidate","0.75"
"ceee5d12074a7bfd","儿童过敏免疫诊疗中心_过敏免疫门诊规范化建设专家共识.pdf","3专家共识指南\儿童过敏免疫诊疗中心_过敏免疫门诊规范化建设专家共识.pdf","UNKNOWN","地區待確認","年份待確認","","專家共識","其他／待確認","","pdf","2700466","2025-06-03T03:58:06.000Z","classified_candidate","0.35"
"c8587902561ef71e","儿童青少年超重肥胖的医学体重管理专家共识.pdf","3专家共识指南\儿童青少年超重肥胖的医学体重管理专家共识.pdf","UNKNOWN","地區待確認","年份待確認","","專家共識","臨床診療與醫療技術","","pdf","2275328","2025-04-14T01:53:14.000Z","classified_candidate","0.35"
"ca22fb193d84a554","全生命周期主动健康科普框架中国专家共识.pdf","3专家共识指南\全生命周期主动健康科普框架中国专家共识.pdf","CN","地區待確認","年份待確認","","專家共識","其他／待確認","","pdf","19797370","2025-04-02T05:42:08.000Z","classified_candidate","0.35"
"b9cb329203a5e662","全程护理模式应用于毒蛇咬伤患者的效果分析.pdf","3专家共识指南\全程护理模式应用于毒蛇咬伤患者的效果分析.pdf","UNKNOWN","地區待確認","年份待確認","","研究論文／文獻","護理管理","","pdf","933416","2025-08-12T02:50:10.000Z","classified_candidate","0.35"
"cb8770cdc7b37fa0","关于制订泌尿外科指南和专家共识的思考.pdf","3专家共识指南\关于制订泌尿外科指南和专家共识的思考.pdf","UNKNOWN","地區待確認","年份待確認","","專家共識","其他／待確認","","pdf","11554631","2025-04-02T05:39:50.000Z","classified_candidate","0.35"
"5c4b9b991ca1b90a","关于推荐使用《医疗机构急危重患者抢救流程制定方法（专家共识）》（2023年版）的通知_20230912220623A061.pdf","3专家共识指南\关于推荐使用《医疗机构急危重患者抢救流程制定方法（专家共识）》（2023年版）的通知_20230912220623A061.pdf","UNKNOWN","地區待確認","2062","2062；2023","專家共識","醫療治理與依法執業","","pdf","645914","2023-09-20T10:42:24.000Z","classified_candidate","0.35"
"2599fe1233299e79","内分泌性高血压筛查专家共识（2025版）.pdf","3专家共识指南\内分泌性高血压筛查专家共识（2025版）.pdf","UNKNOWN","地區待確認","2025","2025","專家共識","其他／待確認","","pdf","2288711","2025-04-02T05:52:26.000Z","classified_candidate","0.35"
"7ce8ef44078c0078","内审员队伍在医院感染管理质量控制中的作用——等级医院评审中的实践与探索.pdf","3专家共识指南\内审员队伍在医院感染管理质量控制中的作用——等级医院评审中的实践与探索.pdf","UNKNOWN","地區待確認","年份待確認","","醫院評鑑／認證標準","醫院評鑑與醫療品質","感染預防與控制；財務、採購與內部稽核；醫院評鑑與醫療品質","pdf","854161","2025-07-08T14:29:30.000Z","classified_candidate","0.35"
"a4284121ab11911c","创伤弧菌感染诊治、预防专家共识.pdf","3专家共识指南\创伤弧菌感染诊治、预防专家共识.pdf","UNKNOWN","地區待確認","年份待確認","","專家共識","感染預防與控制","","pdf","1544269","2025-09-10T02:45:42.000Z","classified_candidate","0.35"
"302e3d26d347e9e2","北京协和医院西单院区医疗安全体系构建与应用.pdf","3专家共识指南\北京协和医院西单院区医疗安全体系构建与应用.pdf","UNKNOWN","北京","年份待確認","","研究論文／文獻","其他／待確認","","pdf","1580148","2025-12-24T08:24:36.000Z","classified_candidate","0.35"
"43fa6fc82b6873cb","医疗机构处方药品外配与使用管理专家共识.pdf","3专家共识指南\医疗机构处方药品外配与使用管理专家共识.pdf","UNKNOWN","地區待確認","年份待確認","","專家共識","藥事與藥品管理","醫療治理與依法執業","pdf","11894703","2025-04-02T05:39:30.000Z","classified_candidate","0.35"
"42c923316c8ebc6a","医联体背景下胰腺专病外科围手术期质量管理与控制实践探索.pdf","3专家共识指南\医联体背景下胰腺专病外科围手术期质量管理与控制实践探索.pdf","UNKNOWN","地區待確認","年份待確認","","專家共識","醫院評鑑與醫療品質","手術、麻醉與疼痛管理","pdf","3141511","2025-10-13T07:22:40.000Z","classified_candidate","0.35"
"604925d368472d38","医院等级评审模拟检查中责任制整体护理现场评审的实践与体会.pdf","3专家共识指南\医院等级评审模拟检查中责任制整体护理现场评审的实践与体会.pdf","UNKNOWN","地區待確認","年份待確認","","醫院評鑑／認證標準","護理管理","醫院評鑑與醫療品質","pdf","860692","2025-07-09T03:37:32.000Z","classified_candidate","0.35"
"8fae9181ec0b3f4c","南通市二级及以上医院麻醉安全与质控现状分析.pdf","3专家共识指南\南通市二级及以上医院麻醉安全与质控现状分析.pdf","UNKNOWN","地區待確認","年份待確認","","專家共識","醫院評鑑與醫療品質","手術、麻醉與疼痛管理；醫院評鑑與醫療品質","pdf","819582","2025-12-21T09:15:04.000Z","classified_candidate","0.35"
"4fa4737e6a2c36e0","四肢冲击伤影像学评估中国专家共识.pdf","3专家共识指南\四肢冲击伤影像学评估中国专家共识.pdf","CN","地區待確認","年份待確認","","專家共識","其他／待確認","","pdf","5071366","2025-04-02T05:38:44.000Z","classified_candidate","0.35"
"10ec6e0f47a852a4","围手术期止血药物的选择与药学监护专家共识.pdf","3专家共识指南\围手术期止血药物的选择与药学监护专家共识.pdf","UNKNOWN","地區待確認","年份待確認","","專家共識","藥事與藥品管理","手術、麻醉與疼痛管理","pdf","26704408","2025-04-02T05:40:10.000Z","classified_candidate","0.35"
"097e2d9df7db00e3","国外肿瘤个案管理发展对国内的启示与思考.pdf","3专家共识指南\国外肿瘤个案管理发展对国内的启示与思考.pdf","UNKNOWN","地區待確認","年份待確認","","專家共識","臨床診療與醫療技術","","pdf","908082","2025-06-03T04:40:08.000Z","classified_candidate","0.35"
"bbe2e669ca8b440e","国家卫生健康委办公厅印发《婴幼儿早期发展服务指南(试行)》.pdf","3专家共识指南\国家卫生健康委办公厅印发《婴幼儿早期发展服务指南(试行)》.pdf","UNKNOWN","地區待確認","年份待確認","","專家共識","其他／待確認","","pdf","1098750","2025-04-02T05:34:48.000Z","classified_candidate","0.35"
"486c405b3e6415ee","图像类医疗大数据隐私加密技术方案及政策立法的协同策略研究.pdf","3专家共识指南\图像类医疗大数据隐私加密技术方案及政策立法的协同策略研究.pdf","UNKNOWN","地區待確認","年份待確認","","研究論文／文獻","資訊安全與個人資料","臨床研究與人體試驗","pdf","1339397","2025-07-27T12:25:48.000Z","classified_candidate","0.35"
"bde9d4ec071cfd83","基于SERVPERF模型的_互联网+护理服务_质量评价指标体系的构建.pdf","3专家共识指南\基于SERVPERF模型的_互联网+护理服务_质量评价指标体系的构建.pdf","UNKNOWN","地區待確認","年份待確認","","專家共識","護理管理","","pdf","1326086","2025-08-05T08:34:40.000Z","classified_candidate","0.35"
"16eb2b631b305110","基于TQM和内审机制的全面医疗质量控制体系建设.pdf","3专家共识指南\基于TQM和内审机制的全面医疗质量控制体系建设.pdf","UNKNOWN","地區待確認","年份待確認","","專家共識","醫院評鑑與醫療品質","財務、採購與內部稽核；醫院評鑑與醫療品質","pdf","1154758","2025-07-09T03:26:18.000Z","classified_candidate","0.35"
"85ee0352b5ba71ff","基于全面质量管理理论的_日-月-季_质量控制模式对护理质量的影响.pdf","3专家共识指南\基于全面质量管理理论的_日-月-季_质量控制模式对护理质量的影响.pdf","UNKNOWN","地區待確認","年份待確認","","專家共識","醫院評鑑與醫療品質","護理管理","pdf","1509870","2026-02-05T04:21:28.000Z","classified_candidate","0.35"
"189f3b7f21a86a1d","基层健康治理专家共识2024.pdf","3专家共识指南\基层健康治理专家共识2024.pdf","UNKNOWN","地區待確認","2024","2024","專家共識","其他／待確認","","pdf","1316634","2025-04-02T05:38:24.000Z","classified_candidate","0.35"
"caf14d27bde1128e","复杂剖宫产手术专家共识（2024）.pdf","3专家共识指南\复杂剖宫产手术专家共识（2024）.pdf","UNKNOWN","地區待確認","2024","2024","專家共識","手術、麻醉與疼痛管理","","pdf","1434506","2025-06-03T03:48:24.000Z","classified_candidate","0.35"
"712e9bcd410fb703","外科手术中自体血回输与异体血输注治疗费用的调查.pdf","3专家共识指南\外科手术中自体血回输与异体血输注治疗费用的调查.pdf","UNKNOWN","地區待確認","年份待確認","","專家共識","手術、麻醉與疼痛管理","","pdf","6839126","2025-12-15T22:20:24.000Z","classified_candidate","0.35"
"1d42aae087a9db89","大阴唇丰隆术专家共识.pdf","3专家共识指南\大阴唇丰隆术专家共识.pdf","UNKNOWN","地區待確認","年份待確認","","專家共識","其他／待確認","","pdf","5383285","2025-04-02T05:38:08.000Z","classified_candidate","0.35"
"fa2a4ffd9ffbadb2","头颈部CT血管成像检查技术重庆专家共识.pdf","3专家共识指南\头颈部CT血管成像检查技术重庆专家共识.pdf","CN","重慶","年份待確認","","專家共識","其他／待確認","","pdf","1378823","2025-04-02T05:41:32.000Z","classified_candidate","0.35"
"84f26db2e837e953","妇科常见恶性肿瘤全专结合管理专家共识.pdf","3专家共识指南\妇科常见恶性肿瘤全专结合管理专家共识.pdf","UNKNOWN","地區待確認","年份待確認","","專家共識","臨床診療與醫療技術","","pdf","1568478","2025-06-03T03:45:50.000Z","classified_candidate","0.35"
"67ca03258b43c13e","婴幼儿营养喂养评估服务指南（试行）.pdf","3专家共识指南\婴幼儿营养喂养评估服务指南（试行）.pdf","UNKNOWN","地區待確認","年份待確認","","專家共識","其他／待確認","","pdf","5079138","2025-04-14T00:35:02.000Z","classified_candidate","0.35"
"013307fde6d274a4","安宁疗护家庭会议专家共识.pdf","3专家共识指南\安宁疗护家庭会议专家共识.pdf","UNKNOWN","地區待確認","年份待確認","","專家共識","其他／待確認","","pdf","1225200","2024-08-19T01:19:46.000Z","classified_candidate","0.35"
"3067464d2e1ebb3c","小细胞肺癌免疫治疗专家共识（2025版） (1).pdf","3专家共识指南\小细胞肺癌免疫治疗专家共识（2025版） (1).pdf","UNKNOWN","地區待確認","2025","2025","專家共識","其他／待確認","","pdf","1906084","2025-06-03T03:47:56.000Z","classified_candidate","0.35"
"3fbf2f3c7ed0b6c6","小细胞肺癌免疫治疗专家共识（2025版）.pdf","3专家共识指南\小细胞肺癌免疫治疗专家共识（2025版）.pdf","UNKNOWN","地區待確認","2025","2025","專家共識","其他／待確認","","pdf","1906084","2025-06-03T03:47:00.000Z","classified_candidate","0.35"
"d3eacb85b8b7a840","左西孟旦治疗急性心衰临床应用专家共识.pdf","3专家共识指南\左西孟旦治疗急性心衰临床应用专家共识.pdf","UNKNOWN","地區待確認","年份待確認","","研究論文／文獻","其他／待確認","","pdf","965728","2025-04-02T05:40:50.000Z","classified_candidate","0.35"
"96e8e3a2ee35b3c4","帕金森病脑深部电刺激术后谵妄防治专家共识.pdf","3专家共识指南\帕金森病脑深部电刺激术后谵妄防治专家共识.pdf","UNKNOWN","地區待確認","年份待確認","","專家共識","其他／待確認","","pdf","2132534","2025-06-03T03:56:38.000Z","classified_candidate","0.35"
"5a515e51b53fe622","急危重症患者手术护理专家共识.pdf","3专家共识指南\急危重症患者手术护理专家共识.pdf","UNKNOWN","地區待確認","年份待確認","","專家共識","護理管理","手術、麻醉與疼痛管理","pdf","2049559","2024-08-24T08:50:56.000Z","classified_candidate","0.35"
"33a46bd73432f28c","恶性肿瘤患者术中自体血回输的临床实践指南 (1).pdf","3专家共识指南\恶性肿瘤患者术中自体血回输的临床实践指南 (1).pdf","UNKNOWN","地區待確認","年份待確認","","專家共識","臨床診療與醫療技術","","pdf","1311956","2025-12-15T22:19:36.000Z","classified_candidate","0.35"
"2804c282eaadc90c","恶性肿瘤患者术中自体血回输的临床实践指南.pdf","3专家共识指南\恶性肿瘤患者术中自体血回输的临床实践指南.pdf","UNKNOWN","地區待確認","年份待確認","","專家共識","臨床診療與醫療技術","","pdf","1311956","2025-12-15T22:19:30.000Z","classified_candidate","0.35"
"c3db5d31a27caf74","成人中心静脉导管冲管及封管指南质量评级及内容分析.pdf","3专家共识指南\成人中心静脉导管冲管及封管指南质量评级及内容分析.pdf","UNKNOWN","地區待確認","年份待確認","","專家共識","其他／待確認","","pdf","1393969","2025-04-02T05:33:58.000Z","classified_candidate","0.35"
"ac5aaba47f1f7188","成人体外膜肺氧合循环辅助护理专家共识.pdf","3专家共识指南\成人体外膜肺氧合循环辅助护理专家共识.pdf","UNKNOWN","地區待確認","年份待確認","","專家共識","護理管理","","pdf","16160316","2025-04-02T05:41:04.000Z","classified_candidate","0.35"
"1225d9d9be88704b","成人创伤性颅脑损伤院前与急诊诊治中国专家共识.pdf","3专家共识指南\成人创伤性颅脑损伤院前与急诊诊治中国专家共识.pdf","CN","地區待確認","年份待確認","","專家共識","急診與緊急醫療","","pdf","2120993","2025-04-02T05:41:42.000Z","classified_candidate","0.75"
"7c5c67f762ca1030","成人创伤院前疼痛管理专家共识.pdf","3专家共识指南\成人创伤院前疼痛管理专家共识.pdf","UNKNOWN","地區待確認","年份待確認","","專家共識","手術、麻醉與疼痛管理","","pdf","1065399","2025-04-02T05:39:06.000Z","classified_candidate","0.35"
"035772300986cbfa","成人化疗相关性恶心呕吐患者中医护理干预的最佳证据总结.pdf","3专家共识指南\成人化疗相关性恶心呕吐患者中医护理干预的最佳证据总结.pdf","UNKNOWN","地區待確認","年份待確認","","專家共識","護理管理","","pdf","12024868","2025-04-02T05:33:14.000Z","classified_candidate","0.35"
"fb453eb47bd04151","成人心脏手术围手术期用药专家共识(2025版).pdf","3专家共识指南\成人心脏手术围手术期用药专家共识(2025版).pdf","UNKNOWN","地區待確認","2025","2025","專家共識","藥事與藥品管理","手術、麻醉與疼痛管理","pdf","2368849","2025-12-21T09:13:46.000Z","classified_candidate","0.35"
"e06f4c8dc4d8ebd2","成人术后谵妄预防与护理专家共识.pdf","3专家共识指南\成人术后谵妄预防与护理专家共识.pdf","UNKNOWN","地區待確認","年份待確認","","專家共識","護理管理","","pdf","1014989","2025-09-10T02:43:40.000Z","classified_candidate","0.35"
"57283f1f2d3d5387","成人癌痛评估与管理指南的方法学质量评价.pdf","3专家共识指南\成人癌痛评估与管理指南的方法学质量评价.pdf","UNKNOWN","地區待確認","年份待確認","","專家共識","其他／待確認","","pdf","1248748","2025-04-02T05:33:20.000Z","classified_candidate","0.35"
"8091bb0eda31b75d","成人肠外营养处方审核专家共识.pdf","3专家共识指南\成人肠外营养处方审核专家共识.pdf","UNKNOWN","地區待確認","年份待確認","","專家共識","藥事與藥品管理","","pdf","1690179","2025-08-23T02:41:32.000Z","classified_candidate","0.35"
"060a8b9b38780f8f","成人重症患者超声指导目标导向性肺部护理证据总结.pdf","3专家共识指南\成人重症患者超声指导目标导向性肺部护理证据总结.pdf","UNKNOWN","地區待確認","年份待確認","","專家共識","護理管理","","pdf","9880352","2025-04-02T05:33:28.000Z","classified_candidate","0.35"
"ca4cf5d87d34e9fb","抗凝剂皮下注射技术临床实践指南.pdf","3专家共识指南\抗凝剂皮下注射技术临床实践指南.pdf","UNKNOWN","地區待確認","年份待確認","","專家共識","其他／待確認","","pdf","2498168","2025-09-12T11:10:14.000Z","classified_candidate","0.35"
"5705253864b4b07b","抗肿瘤药物相关间质性肺病诊治专家共识.pdf","3专家共识指南\抗肿瘤药物相关间质性肺病诊治专家共识.pdf","UNKNOWN","地區待確認","年份待確認","","專家共識","臨床診療與醫療技術","","pdf","3852023","2025-06-03T04:02:38.000Z","classified_candidate","0.35"
"bce8e3b4117a6222","护理质量管理失控原因及对策.pdf","3专家共识指南\护理质量管理失控原因及对策.pdf","UNKNOWN","地區待確認","年份待確認","","專家共識","醫院評鑑與醫療品質","護理管理","pdf","323250","2025-08-07T11:45:04.000Z","classified_candidate","0.35"
"82b9a4dfb3f53502","整合性根本原因分析在给药近似错误分析中的应用.pdf","3专家共识指南\整合性根本原因分析在给药近似错误分析中的应用.pdf","UNKNOWN","地區待確認","年份待確認","","研究論文／文獻","其他／待確認","","pdf","2092965","2025-09-12T00:59:04.000Z","classified_candidate","0.35"
"153b34c3a96ac791","日间化疗质量与安全评价指标体系构建与应用 (1).pdf","3专家共识指南\日间化疗质量与安全评价指标体系构建与应用 (1).pdf","UNKNOWN","地區待確認","年份待確認","","研究論文／文獻","其他／待確認","","pdf","1166550","2025-12-24T08:25:42.000Z","classified_candidate","0.35"
"cd142b4864d23344","日间化疗质量与安全评价指标体系构建与应用.pdf","3专家共识指南\日间化疗质量与安全评价指标体系构建与应用.pdf","UNKNOWN","地區待確認","年份待確認","","研究論文／文獻","其他／待確認","","pdf","1166550","2025-12-24T08:25:40.000Z","classified_candidate","0.35"
"11eb9296611ccd29","日间手术全流程护理管理专家共识.pdf","3专家共识指南\日间手术全流程护理管理专家共识.pdf","UNKNOWN","地區待確認","年份待確認","","專家共識","護理管理","手術、麻醉與疼痛管理","pdf","1899941","2025-08-23T02:42:58.000Z","classified_candidate","0.35"
"957ba4d5f5561dae","日间手术病历书写规范专家共识（2019年）.pdf","3专家共识指南\日间手术病历书写规范专家共识（2019年）.pdf","UNKNOWN","地區待確認","2019","2019","專家共識","病歷、電子病歷與醫療資料","手術、麻醉與疼痛管理","pdf","619216","2022-08-27T11:52:52.000Z","classified_candidate","0.35"
"f484d42f7e1554fe","日间手术麻醉指南.pdf","3专家共识指南\日间手术麻醉指南.pdf","UNKNOWN","地區待確認","年份待確認","","專家共識","手術、麻醉與疼痛管理","","pdf","1835657","2025-12-21T09:10:24.000Z","classified_candidate","0.35"
"ede4b0fbb85ccf08","智能全科医生中国专家共识.pdf","3专家共识指南\智能全科医生中国专家共识.pdf","CN","地區待確認","年份待確認","","專家共識","其他／待確認","","pdf","1194026","2025-04-02T05:38:50.000Z","classified_candidate","0.35"
"45b1b1756057bf5d","月经性偏头痛诊断和治疗中国专家共识(2025版).pdf","3专家共识指南\月经性偏头痛诊断和治疗中国专家共识(2025版).pdf","CN","地區待確認","2025","2025","專家共識","其他／待確認","","pdf","965264","2025-04-02T05:40:30.000Z","classified_candidate","0.35"
"6b16140ccc2d1a67","某医院病理科职业病危害因素现状调查.pdf","3专家共识指南\某医院病理科职业病危害因素现状调查.pdf","UNKNOWN","地區待確認","年份待確認","","專家共識","醫技、檢驗與病理","職業安全與員工健康","pdf","328048","2025-08-14T05:32:40.000Z","classified_candidate","0.35"
"795c78dedec875b2","某市13家医疗机构病理科医务人员职业危害认知及职业卫生管理状况分析.pdf","3专家共识指南\某市13家医疗机构病理科医务人员职业危害认知及职业卫生管理状况分析.pdf","UNKNOWN","地區待確認","年份待確認","","專家共識","醫技、檢驗與病理","醫療治理與依法執業","pdf","592458","2025-08-14T05:31:02.000Z","classified_candidate","0.35"
"efee15cefd865e43","椎管内分娩镇痛中国规范及推广应用.pdf","3专家共识指南\椎管内分娩镇痛中国规范及推广应用.pdf","CN","地區待確認","年份待確認","","研究論文／文獻","其他／待確認","","pdf","1618692","2025-07-16T03:54:58.000Z","classified_candidate","0.35"
"e073b032bfa58065","淋巴上皮癌诊断与治疗中国专家共识(2025版).pdf","3专家共识指南\淋巴上皮癌诊断与治疗中国专家共识(2025版).pdf","CN","地區待確認","2025","2025","專家共識","其他／待確認","","pdf","16060351","2025-04-02T05:40:42.000Z","classified_candidate","0.35"
"72e6cb06018e31a8","激光角膜屈光手术临床诊疗专家共识(全文).doc","3专家共识指南\激光角膜屈光手术临床诊疗专家共识(全文).doc","UNKNOWN","地區待確認","年份待確認","","專家共識","手術、麻醉與疼痛管理","","doc","70696","2023-08-20T08:33:28.000Z","classified_candidate","0.35"
"ea814f1492aa8e1d","炎症性肠病营养治疗专家共识（第三版）.pdf","3专家共识指南\炎症性肠病营养治疗专家共识（第三版）.pdf","UNKNOWN","地區待確認","年份待確認","","專家共識","其他／待確認","","pdf","2930878","2025-06-03T03:57:02.000Z","classified_candidate","0.35"
"69a3133353ec054c","现场快速检测(POCT)专家共识.docx","3专家共识指南\现场快速检测(POCT)专家共识.docx","CN","地區待確認","年份待確認","","醫院評鑑／認證標準","醫院評鑑與醫療品質","資訊安全與個人資料；藥事與藥品管理；感染預防與控制；護理管理；醫技、檢驗與病理；手術、麻醉與疼痛管理；急診與緊急醫療；臨床研究與人體試驗；醫療保險與支付；醫療器材與設備；消防、治安與應急管理；環境、能源與醫療廢棄物；醫院評鑑與醫療品質","docx","21234","2022-06-13T06:58:54.000Z","classified_candidate","0.75"
"eef85bd83d4b6933","疫苗接种不良事件紧急处理中国急诊专家共识（2021）.docx","3专家共识指南\疫苗接种不良事件紧急处理中国急诊专家共识（2021）.docx","CN","地區待確認","2021","2021","專家共識","藥事與藥品管理","感染預防與控制；手術、麻醉與疼痛管理；急診與緊急醫療；生殖、婦幼與月子服務；醫療器材與設備","docx","612895","2022-05-25T09:09:18.000Z","classified_candidate","0.75"
"0ae49e41ee9071ff","病理专业医疗质量控制指标（2024年版）.pdf","3专家共识指南\病理专业医疗质量控制指标（2024年版）.pdf","UNKNOWN","地區待確認","2024","2024","專家共識","醫院評鑑與醫療品質","醫技、檢驗與病理；醫院評鑑與醫療品質","pdf","1219792","2025-06-27T02:43:48.000Z","classified_candidate","0.35"
"0db6f5c4f3f3bc53","白内障健康管理流程专家共识（2024版） (1).pdf","3专家共识指南\白内障健康管理流程专家共识（2024版） (1).pdf","UNKNOWN","地區待確認","2024","2024","專家共識","其他／待確認","","pdf","1463317","2025-06-03T04:00:30.000Z","classified_candidate","0.35"
"d818de46e34ee011","白内障健康管理流程专家共识（2024版）.pdf","3专家共识指南\白内障健康管理流程专家共识（2024版）.pdf","UNKNOWN","地區待確認","2024","2024","專家共識","其他／待確認","","pdf","1463317","2025-06-03T03:46:34.000Z","classified_candidate","0.35"
"87c6843e051735bc","皮肤慢病管理专家共识.pdf","3专家共识指南\皮肤慢病管理专家共识.pdf","UNKNOWN","地區待確認","年份待確認","","專家共識","其他／待確認","","pdf","6978817","2025-04-02T05:38:58.000Z","classified_candidate","0.35"
"a53328d50d491917","等级医院评审人体器官捐献与移植技术评价标准专家共识.pdf","3专家共识指南\等级医院评审人体器官捐献与移植技术评价标准专家共识.pdf","UNKNOWN","地區待確認","年份待確認","","醫院評鑑／認證標準","醫院評鑑與醫療品質","","pdf","1357058","2024-08-24T08:40:52.000Z","classified_candidate","0.35"
"1ccfa4ea6a423c81","精神科保护性约束实施及解除专家共识.pdf","3专家共识指南\精神科保护性约束实施及解除专家共识.pdf","UNKNOWN","地區待確認","年份待確認","","專家共識","其他／待確認","","pdf","759307","2025-07-21T03:35:24.000Z","classified_candidate","0.35"
"b005f8d55a72415e","糖尿病患者体重管理专家共识（2024版）.pdf","3专家共识指南\糖尿病患者体重管理专家共识（2024版）.pdf","UNKNOWN","地區待確認","2024","2024","專家共識","其他／待確認","","pdf","2284550","2025-04-14T01:51:58.000Z","classified_candidate","0.35"
"07393b9addd14d13","系統性品質文化的力量：創造卓越的醫療典範.pdf","3专家共识指南\系統性品質文化的力量：創造卓越的醫療典範.pdf","UNKNOWN","地區待確認","年份待確認","","專家共識","其他／待確認","","pdf","1296004","2025-09-29T06:01:10.000Z","classified_candidate","0.35"
"924f98991f2b4e45","羊水栓塞临床诊断与处理专家共识(2018).pdf","3专家共识指南\羊水栓塞临床诊断与处理专家共识(2018).pdf","UNKNOWN","地區待確認","2018","2018","專家共識","生殖、婦幼與月子服務","","pdf","804551","2025-03-30T11:50:42.000Z","classified_candidate","0.35"
"4aec8d63f7398141","羊水栓塞临床诊断与处理专家共识（2018）.pdf","3专家共识指南\羊水栓塞临床诊断与处理专家共识（2018）.pdf","UNKNOWN","地區待確認","2018","2018","專家共識","生殖、婦幼與月子服務","","pdf","808486","2025-08-11T10:14:28.000Z","classified_candidate","0.35"
"4ab3f4b8a107b092","老年上消化道出血急诊诊疗专家共识.pdf","3专家共识指南\老年上消化道出血急诊诊疗专家共识.pdf","UNKNOWN","地區待確認","年份待確認","","專家共識","急診與緊急醫療","","pdf","2769348","2025-03-26T06:04:52.000Z","classified_candidate","0.35"
"c6cc3b44846480db","老年人内在能力评估与维护指南.pdf","3专家共识指南\老年人内在能力评估与维护指南.pdf","UNKNOWN","地區待確認","年份待確認","","專家共識","其他／待確認","","pdf","7889343","2025-04-02T05:31:26.000Z","classified_candidate","0.35"
"5cbcb9385a2d4b35","老年住院患者衰弱预防及管理临床实践指南的质量评价及内容分析.pdf","3专家共识指南\老年住院患者衰弱预防及管理临床实践指南的质量评价及内容分析.pdf","UNKNOWN","地區待確認","年份待確認","","專家共識","其他／待確認","","pdf","11552555","2025-04-02T05:31:20.000Z","classified_candidate","0.35"
"ba8978f5ea7b45ba","老年前列腺癌临床诊治专家共识(2024版).pdf","3专家共识指南\老年前列腺癌临床诊治专家共识(2024版).pdf","UNKNOWN","地區待確認","2024","2024","專家共識","其他／待確認","","pdf","1998877","2025-06-03T03:49:24.000Z","classified_candidate","0.35"
"4387d5c44176a932","老年心肺功能减退全流程健康管理方案专家共识.pdf","3专家共识指南\老年心肺功能减退全流程健康管理方案专家共识.pdf","UNKNOWN","地區待確認","年份待確認","","專家共識","其他／待確認","","pdf","2514052","2025-06-03T03:58:54.000Z","classified_candidate","0.35"
"473c3f0ed1c7c0f1","老年皮肤瘙痒症诊疗与康复专家共识（2025版）.pdf","3专家共识指南\老年皮肤瘙痒症诊疗与康复专家共识（2025版）.pdf","UNKNOWN","地區待確認","2025","2025","專家共識","其他／待確認","","pdf","1870846","2025-06-03T03:52:52.000Z","classified_candidate","0.35"
"ecef964fff86f678","老年髋部骨折围手术期衰弱护理管理专家共识(2024).pdf","3专家共识指南\老年髋部骨折围手术期衰弱护理管理专家共识(2024).pdf","UNKNOWN","地區待確認","2024","2024","專家共識","護理管理","手術、麻醉與疼痛管理","pdf","1056303","2025-04-02T05:34:38.000Z","classified_candidate","0.35"
"833ffc619a6ce093","老年髋部骨折围手术期衰弱护理管理专家共识（2024）.pdf","3专家共识指南\老年髋部骨折围手术期衰弱护理管理专家共识（2024）.pdf","UNKNOWN","地區待確認","2024","2024","專家共識","護理管理","手術、麻醉與疼痛管理","pdf","1310176","2025-04-02T05:49:06.000Z","classified_candidate","0.35"
"02b5816dc1a14d1b","老视临床个性化诊疗专家共识（2025）.pdf","3专家共识指南\老视临床个性化诊疗专家共识（2025）.pdf","UNKNOWN","地區待確認","2025","2025","專家共識","其他／待確認","","pdf","1848344","2025-06-03T03:49:00.000Z","classified_candidate","0.35"
"99383a05cbf2e380","肉毒中毒诊治急诊专家共识.docx","3专家共识指南\肉毒中毒诊治急诊专家共识.docx","CN","地區待確認","年份待確認","","研究論文／文獻","資訊安全與個人資料","藥事與藥品管理；感染預防與控制；醫技、檢驗與病理；手術、麻醉與疼痛管理；急診與緊急醫療；生殖、婦幼與月子服務；臨床研究與人體試驗；消防、治安與應急管理；環境、能源與醫療廢棄物；臨床診療與醫療技術","docx","122797","2025-08-12T02:25:14.000Z","classified_candidate","0.75"
"29f6fe66538a8d52","肉毒中毒诊治急诊专家共识.pdf","3专家共识指南\肉毒中毒诊治急诊专家共识.pdf","UNKNOWN","地區待確認","年份待確認","","專家共識","急診與緊急醫療","","pdf","1897037","2025-07-22T09:05:50.000Z","classified_candidate","0.35"
"3b27f1c81c102111","肠瘘的术后护理与康复指南.pdf","3专家共识指南\肠瘘的术后护理与康复指南.pdf","UNKNOWN","地區待確認","年份待確認","","專家共識","護理管理","","pdf","2015357","2025-04-02T05:31:12.000Z","classified_candidate","0.35"
"4124539e6d18d23a","肠菌移植治疗炎症性肠病专家共识（2025版）.docx","3专家共识指南\肠菌移植治疗炎症性肠病专家共识（2025版）.docx","CN","地區待確認","2025","2025","研究論文／文獻","醫院評鑑與醫療品質","資訊安全與個人資料；感染預防與控制；護理管理；手術、麻醉與疼痛管理；臨床研究與人體試驗；環境、能源與醫療廢棄物；臨床診療與醫療技術","docx","230088","2025-05-26T10:44:16.000Z","classified_candidate","0.75"
"9b09a25e8002beb1","肠菌移植治疗炎症性肠病专家共识（2025版）.pdf","3专家共识指南\肠菌移植治疗炎症性肠病专家共识（2025版）.pdf","UNKNOWN","地區待確認","2025","2025","專家共識","其他／待確認","","pdf","1880496","2025-04-02T05:53:42.000Z","classified_candidate","0.35"
"f524eb039c941a75","肠菌移植治疗炎症性肠病专家共识（2025版）培训课件.pptx","3专家共识指南\肠菌移植治疗炎症性肠病专家共识（2025版）培训课件.pptx","UNKNOWN","地區待確認","2025","2025","研究論文／文獻","資訊安全與個人資料","感染預防與控制；急診與緊急醫療；臨床研究與人體試驗；消防、治安與應急管理","pptx","23443303","2025-06-15T06:10:38.000Z","classified_candidate","0.35"
"d0ae63bdc9088e8d","肥胖症诊疗指南(2024年版).pdf","3专家共识指南\肥胖症诊疗指南(2024年版).pdf","UNKNOWN","地區待確認","2024","2024","專家共識","臨床診療與醫療技術","","pdf","1437996","2025-04-02T05:32:02.000Z","classified_candidate","0.35"
"81615f72f03b5caa","肥胖症诊疗指南（2024年版）.pdf","3专家共识指南\肥胖症诊疗指南（2024年版）.pdf","UNKNOWN","地區待確認","2024","2024","專家共識","臨床診療與醫療技術","","pdf","1057558","2025-03-03T01:48:40.000Z","classified_candidate","0.35"
"62108648cabc2c4a","肺癌呼吸介入联合免疫治疗临床应用专家共识.pdf","3专家共识指南\肺癌呼吸介入联合免疫治疗临床应用专家共识.pdf","UNKNOWN","地區待確認","年份待確認","","研究論文／文獻","其他／待確認","","pdf","2809167","2025-06-03T03:56:18.000Z","classified_candidate","0.35"
"9c7c114f5a4d2006","肺移植术后气道并发症专家共识.pdf","3专家共识指南\肺移植术后气道并发症专家共识.pdf","UNKNOWN","地區待確認","年份待確認","","專家共識","其他／待確認","","pdf","1891258","2025-04-02T05:51:42.000Z","classified_candidate","0.35"
"cb16be8e2cbb4260","肿瘤患者中心静脉血管通路装置相关皮肤损伤临床护理实践指南（2024）.pdf","3专家共识指南\肿瘤患者中心静脉血管通路装置相关皮肤损伤临床护理实践指南（2024）.pdf","UNKNOWN","地區待確認","2024","2024","專家共識","護理管理","臨床診療與醫療技術","pdf","2101471","2025-08-27T02:19:56.000Z","classified_candidate","0.35"
"451f0dbd1140be3f","肿瘤患者心身症状临床管理中国专家共识 (1).pdf","3专家共识指南\肿瘤患者心身症状临床管理中国专家共识 (1).pdf","CN","地區待確認","年份待確認","","專家共識","臨床診療與醫療技術","","pdf","1536162","2025-04-02T05:50:58.000Z","classified_candidate","0.75"
"1de6a2ac3421b1d8","肿瘤患者心身症状临床管理中国专家共识.pdf","3专家共识指南\肿瘤患者心身症状临床管理中国专家共识.pdf","CN","地區待確認","年份待確認","","專家共識","臨床診療與醫療技術","","pdf","1125595","2025-04-02T05:40:14.000Z","classified_candidate","0.75"
"4e05ec12f242e982","胃癌药物治疗专家共识.pdf","3专家共识指南\胃癌药物治疗专家共识.pdf","UNKNOWN","地區待確認","年份待確認","","專家共識","其他／待確認","","pdf","20021374","2025-04-02T05:38:16.000Z","classified_candidate","0.35"
"1a13a2a963cd14cb","胚胎植入前遗传学诊断筛查技术专家共识.doc","3专家共识指南\胚胎植入前遗传学诊断筛查技术专家共识.doc","UNKNOWN","地區待確認","年份待確認","","專家共識","其他／待確認","","doc","46632","2023-10-09T05:56:34.000Z","classified_candidate","0.35"
"e5d6bf458d4593b9","脊柱骨折脱位患者术中翻身操作规范专家共识（2025版）.pdf","3专家共识指南\脊柱骨折脱位患者术中翻身操作规范专家共识（2025版）.pdf","UNKNOWN","地區待確認","2025","2025","專家共識","其他／待確認","","pdf","1957483","2025-04-02T05:50:08.000Z","classified_candidate","0.35"
"b803d88683ff04db","脑血管病防治指南(2024年版).pdf","3专家共识指南\脑血管病防治指南(2024年版).pdf","UNKNOWN","地區待確認","2024","2024","專家共識","其他／待確認","","pdf","1076636","2025-04-02T05:33:00.000Z","classified_candidate","0.35"
"56cf83b9b3084a55","膀胱癌膀胱灌注全流程管理护理专家共识.pdf","3专家共识指南\膀胱癌膀胱灌注全流程管理护理专家共识.pdf","UNKNOWN","地區待確認","年份待確認","","專家共識","護理管理","","pdf","1637331","2025-06-03T04:00:06.000Z","classified_candidate","0.35"
"6d4d7c2828f6e029","血泪诊疗流程的中国专家共识(2024版).pdf","3专家共识指南\血泪诊疗流程的中国专家共识(2024版).pdf","CN","地區待確認","2024","2024","專家共識","其他／待確認","","pdf","1093390","2025-04-02T05:39:24.000Z","classified_candidate","0.35"
"9bf7492270daef00","视频监控应用于血液净化中心护理管理中的效果探讨.pdf","3专家共识指南\视频监控应用于血液净化中心护理管理中的效果探讨.pdf","UNKNOWN","地區待確認","年份待確認","","研究論文／文獻","護理管理","","pdf","1339900","2025-04-02T05:25:18.000Z","classified_candidate","0.35"
"a4e7acee091d549b","超声医学专业质量管理控制指标专家共识(2018年版)解读及应用.pdf","3专家共识指南\超声医学专业质量管理控制指标专家共识(2018年版)解读及应用.pdf","UNKNOWN","地區待確認","2018","2018","研究論文／文獻","醫院評鑑與醫療品質","","pdf","778646","2023-08-11T09:18:40.000Z","classified_candidate","0.35"
"f24b2d83dea34007","超重_肥胖多囊卵巢综合征患者体重管理内分泌专家共识.pdf","3专家共识指南\超重_肥胖多囊卵巢综合征患者体重管理内分泌专家共识.pdf","UNKNOWN","地區待確認","年份待確認","","專家共識","臨床診療與醫療技術","","pdf","2037051","2025-04-14T01:54:14.000Z","classified_candidate","0.35"
"6a71cd2afece9950","辅助生殖技术临床关键指标质控专家共识.doc","3专家共识指南\辅助生殖技术临床关键指标质控专家共识.doc","UNKNOWN","地區待確認","年份待確認","","專家共識","醫院評鑑與醫療品質","生殖、婦幼與月子服務；醫院評鑑與醫療品質","doc","48680","2023-10-09T05:55:54.000Z","classified_candidate","0.35"
"6311ce143434ae5b","重点场景视频监控辅助质控在急诊输液室质量管理中的应用效果.pdf","3专家共识指南\重点场景视频监控辅助质控在急诊输液室质量管理中的应用效果.pdf","UNKNOWN","地區待確認","年份待確認","","研究論文／文獻","醫院評鑑與醫療品質","急診與緊急醫療；醫院評鑑與醫療品質","pdf","8262604","2025-04-02T05:27:12.000Z","classified_candidate","0.35"
"c2129d6377366515","静疗小组干预策略结合无缝隙个案管理在肿瘤化疗患者PICC置管中的应用.pdf","3专家共识指南\静疗小组干预策略结合无缝隙个案管理在肿瘤化疗患者PICC置管中的应用.pdf","UNKNOWN","地區待確認","年份待確認","","研究論文／文獻","臨床診療與醫療技術","","pdf","1520674","2025-06-03T04:42:16.000Z","classified_candidate","0.35"
"83b35051f03b8a66","静脉输液港植入与管理多学科专家共识（2023版）.pdf","3专家共识指南\静脉输液港植入与管理多学科专家共识（2023版）.pdf","UNKNOWN","地區待確認","2023","2023","專家共識","其他／待確認","","pdf","1471237","2024-08-19T01:19:24.000Z","classified_candidate","0.35"
"114635574d595b9d","静脉铁剂的临床应用和药学监护专家共识（2024）.pdf","3专家共识指南\静脉铁剂的临床应用和药学监护专家共识（2024）.pdf","UNKNOWN","地區待確認","2024","2024","研究論文／文獻","藥事與藥品管理","","pdf","2344734","2025-04-02T05:53:02.000Z","classified_candidate","0.35"
"a09219f77a07770e","食管癌全程管理专家共识（2025版）.pdf","3专家共识指南\食管癌全程管理专家共识（2025版）.pdf","UNKNOWN","地區待確認","2025","2025","專家共識","其他／待確認","","pdf","2304319","2025-06-03T04:01:34.000Z","classified_candidate","0.35"
"a56a78764e91e305","食管癌寡转移放射治疗专家共识(2025年版).pdf","3专家共识指南\食管癌寡转移放射治疗专家共识(2025年版).pdf","UNKNOWN","地區待確認","2025","2025","專家共識","其他／待確認","","pdf","3137105","2025-06-03T03:50:20.000Z","classified_candidate","0.35"
"51a15e59ef518076","骨关节炎患者的日常护理指南.pdf","3专家共识指南\骨关节炎患者的日常护理指南.pdf","UNKNOWN","地區待確認","年份待確認","","專家共識","護理管理","","pdf","1630870","2025-04-02T05:30:58.000Z","classified_candidate","0.35"
"19419503a56d911f","高质量高水平医院的评价体系初探.pdf","3专家共识指南\高质量高水平医院的评价体系初探.pdf","UNKNOWN","地區待確認","年份待確認","","專家共識","其他／待確認","","pdf","1296440","2025-12-24T08:19:44.000Z","classified_candidate","0.35"
"ec2afb618eee2259","麻醉重症监护病房质量控制专家共识(2025版).pdf","3专家共识指南\麻醉重症监护病房质量控制专家共识(2025版).pdf","UNKNOWN","地區待確認","2025","2025","專家共識","醫院評鑑與醫療品質","手術、麻醉與疼痛管理","pdf","2105466","2026-02-05T04:26:36.000Z","classified_candidate","0.35"
"e3a582391ff58deb","鼻咽癌放疗患者个案管理的研究进展.pdf","3专家共识指南\鼻咽癌放疗患者个案管理的研究进展.pdf","UNKNOWN","地區待確認","年份待確認","","研究論文／文獻","臨床研究與人體試驗","","pdf","1350766","2025-06-03T04:39:36.000Z","classified_candidate","0.35"
"d6efbed9efde8c9d","1-人體研究倫理審查委員會查核作業申請書.pdf","3臨床研究\1-人體研究倫理審查委員會查核作業申請書.pdf","UNKNOWN","地區待確認","年份待確認","","研究論文／文獻","臨床研究與人體試驗","","pdf","64363","2024-02-05T01:20:58.000Z","classified_candidate","0.35"
"f073aae89f778063","111年度人體研究倫理審查委員會暨受試者保護查核基準與評分說明.pdf","3臨床研究\111年度人體研究倫理審查委員會暨受試者保護查核基準與評分說明.pdf","UNKNOWN","地區待確認","年份待確認","","研究論文／文獻","臨床研究與人體試驗","","pdf","709035","2024-02-05T01:19:44.000Z","classified_candidate","0.35"
"861be771169d6444","2-人體研究倫理審查委員會必要標準作業程序確認書.pdf","3臨床研究\2-人體研究倫理審查委員會必要標準作業程序確認書.pdf","UNKNOWN","地區待確認","年份待確認","","研究論文／文獻","臨床研究與人體試驗","","pdf","84006","2024-02-05T01:21:00.000Z","classified_candidate","0.35"
"a2133aa9b9fc38c4","3-112年經濟部-人體研究倫理審查委員會查核基準及評分說明.pdf","3臨床研究\3-112年經濟部-人體研究倫理審查委員會查核基準及評分說明.pdf","UNKNOWN","地區待確認","年份待確認","","研究論文／文獻","臨床研究與人體試驗","","pdf","407703","2024-02-05T01:21:02.000Z","classified_candidate","0.35"
"3720868d03a7453f","4-112年經濟部-人體研究倫理審查委員會查核作業自評資料表(範本).docx","3臨床研究\4-112年經濟部-人體研究倫理審查委員會查核作業自評資料表(範本).docx","UNKNOWN","地區待確認","年份待確認","","查檢表／稽核表","資訊安全與個人資料","臨床研究與人體試驗；醫療器材與設備；醫院評鑑與醫療品質；圖書、教育與文件管理","docx","85857","2024-02-05T01:21:04.000Z","classified_candidate","0.35"
"09885b014cf71648","4-112年經濟部-人體研究倫理審查委員會查核作業自評資料表(範本).pdf","3臨床研究\4-112年經濟部-人體研究倫理審查委員會查核作業自評資料表(範本).pdf","UNKNOWN","地區待確認","年份待確認","","研究論文／文獻","資訊安全與個人資料","臨床研究與人體試驗","pdf","884345","2024-02-05T01:21:06.000Z","classified_candidate","0.35"
"f39a2b6f4a899228","附件八、112年度人體研究倫理審查委員會暨受試者保護查核作業自評資料表-未經定期查核通過之審查會適用版.pdf","3臨床研究\附件八、112年度人體研究倫理審查委員會暨受試者保護查核作業自評資料表-未經定期查核通過之審查會適用版.pdf","UNKNOWN","地區待確認","年份待確認","","研究論文／文獻","資訊安全與個人資料","臨床研究與人體試驗","pdf","1040474","2024-02-05T01:19:38.000Z","classified_candidate","0.35"
"41a52c465bdeecb2","附件六、112年度人體研究倫理審查委員會暨受試者保護查核作業自評資料表-經定期查核通過之審查會適用版.pdf","3臨床研究\附件六、112年度人體研究倫理審查委員會暨受試者保護查核作業自評資料表-經定期查核通過之審查會適用版.pdf","UNKNOWN","地區待確認","年份待確認","","研究論文／文獻","資訊安全與個人資料","臨床研究與人體試驗","pdf","1168881","2024-02-05T01:19:38.000Z","classified_candidate","0.35"
"b2cf5e6d34a542f0","附件四、112年度人體研究倫理審查委員會暨受試者保護查核基準與評分說明.pdf","3臨床研究\附件四、112年度人體研究倫理審查委員會暨受試者保護查核基準與評分說明.pdf","UNKNOWN","地區待確認","年份待確認","","研究論文／文獻","臨床研究與人體試驗","","pdf","710057","2024-02-05T01:19:40.000Z","classified_candidate","0.35"
"8403ac7c36ff0747","DB11_T 1322.2-2017 安全生产等级评定技术规范 第2部分：安全生产通用要求.pdf","4.後勤\DB11_T 1322.2-2017 安全生产等级评定技术规范 第2部分：安全生产通用要求.pdf","UNKNOWN","地區待確認","2017","2017","技術規範／診療指南","後勤、建築與設施安全","","pdf","598342","2025-06-16T09:27:40.000Z","classified_candidate","0.35"
"03cc05c559b0df9b","DB11_T 1368-2016 实验室危险废物污染防治技术规范.pdf","4.後勤\DB11_T 1368-2016 实验室危险废物污染防治技术规范.pdf","UNKNOWN","地區待確認","2016","2016","技術規範／診療指南","醫技、檢驗與病理","後勤、建築與設施安全","pdf","454430","2025-09-10T09:22:32.000Z","classified_candidate","0.35"
"e6f3d6c4c4465b8f","DB12_T 597-2025 医疗卫生机构医疗废物处理规范.pdf","4.後勤\DB12_T 597-2025 医疗卫生机构医疗废物处理规范.pdf","UNKNOWN","地區待確認","2025","2025","國家或地方標準","後勤、建築與設施安全","","pdf","347055","2025-07-23T12:50:24.000Z","classified_candidate","0.35"
"23fe0f0ed3a4bfdf","DB22T 1959-2013 药品库房温湿度管理要求.pdf","4.後勤\DB22T 1959-2013 药品库房温湿度管理要求.pdf","UNKNOWN","地區待確認","2013","2013；1959","國家或地方標準","藥事與藥品管理","後勤、建築與設施安全","pdf","170425","2025-08-16T05:09:30.000Z","classified_candidate","0.35"
"7ca5f461b7f93c74","DB3301_T 0222-2024 国际化医院建设规范.pdf","4.後勤\DB3301_T 0222-2024 国际化医院建设规范.pdf","UNKNOWN","地區待確認","2024","2024","國家或地方標準","後勤、建築與設施安全","","pdf","378156","2025-02-28T01:36:14.000Z","classified_candidate","0.35"
"547f55ed7bba1936","DB36_T 806-2023 医院消防安全管理规范.pdf","4.後勤\DB36_T 806-2023 医院消防安全管理规范.pdf","UNKNOWN","地區待確認","2023","2023","國家或地方標準","消防、治安與應急管理","後勤、建築與設施安全","pdf","4191469","2023-09-24T06:27:18.000Z","classified_candidate","0.35"
"a1268d317fe4a161","GA 1131-2014 仓储场所消防安全管理通则.pdf","4.後勤\GA 1131-2014 仓储场所消防安全管理通则.pdf","UNKNOWN","地區待確認","2014","2014","待確認或非規範文件","消防、治安與應急管理","後勤、建築與設施安全","pdf","8009411","2025-08-16T05:08:32.000Z","classified_candidate","0.35"
"91b954ce3030fd44","GA 95-2015 灭火器维修.pdf","4.後勤\GA 95-2015 灭火器维修.pdf","UNKNOWN","地區待確認","2015","2015","待確認或非規範文件","後勤、建築與設施安全","","pdf","5779145","2025-07-24T12:20:00.000Z","classified_candidate","0.35"
"299805f2830cfa07","GB 12955-2024 防火门.pdf","4.後勤\GB 12955-2024 防火门.pdf","UNKNOWN","地區待確認","2024","2024","國家或地方標準","後勤、建築與設施安全","","pdf","516627","2025-11-12T03:45:58.000Z","classified_candidate","0.35"
"518a9b0849e9434e","GB 4351-2023 手提式灭火器.pdf","4.後勤\GB 4351-2023 手提式灭火器.pdf","UNKNOWN","地區待確認","2023","2023","國家或地方標準","後勤、建築與設施安全","","pdf","1744164","2025-07-24T12:10:38.000Z","classified_candidate","0.35"
"5ef1c851a2a45e98","GB_T 40248-2021 人员密集场所消防安全管理.pdf","4.後勤\GB_T 40248-2021 人员密集场所消防安全管理.pdf","UNKNOWN","地區待確認","2021","2021","國家或地方標準","消防、治安與應急管理","後勤、建築與設施安全","pdf","9841954","2023-11-05T10:30:30.000Z","classified_candidate","0.35"
"f8e9aecb30deedf7","T_NAHIEM 124-2024 医院机房环境建设标准.pdf","4.後勤\T_NAHIEM 124-2024 医院机房环境建设标准.pdf","UNKNOWN","地區待確認","2024","2024","待確認或非規範文件","環境、能源與醫療廢棄物","後勤、建築與設施安全","pdf","654627","2025-02-28T01:33:36.000Z","classified_candidate","0.35"
"52706fec8041fa3b","T_NJYJ 005-2024 医疗机构既有建筑安全风险管控与隐患排查治.pdf","4.後勤\T_NJYJ 005-2024 医疗机构既有建筑安全风险管控与隐患排查治.pdf","UNKNOWN","地區待確認","2024","2024","待確認或非規範文件","後勤、建築與設施安全","醫療治理與依法執業","pdf","556031","2025-06-10T03:54:32.000Z","classified_candidate","0.35"
"fc48655cb18fa897","T_SHWSHQ 04-2025 医院生活垃圾分类及收集规范.pdf","4.後勤\T_SHWSHQ 04-2025 医院生活垃圾分类及收集规范.pdf","UNKNOWN","地區待確認","2025","2025","待確認或非規範文件","後勤、建築與設施安全","","pdf","276977","2025-04-02T06:08:14.000Z","classified_candidate","0.35"
"b726c68bfbbdc83d","T_SHWSHQ 12-2024 医疗机构电动自行车停放安全管理规范.pdf","4.後勤\T_SHWSHQ 12-2024 医疗机构电动自行车停放安全管理规范.pdf","UNKNOWN","地區待確認","2024","2024","待確認或非規範文件","後勤、建築與設施安全","醫療治理與依法執業","pdf","288924","2025-05-11T11:41:04.000Z","classified_candidate","0.35"
"6c741b8a7c0da1ae","T_SPM 008-2023 医院物业管理服务规范.pdf","4.後勤\T_SPM 008-2023 医院物业管理服务规范.pdf","UNKNOWN","地區待確認","2023","2023","待確認或非規範文件","後勤、建築與設施安全","","pdf","734963","2025-02-28T01:23:58.000Z","classified_candidate","0.35"
"886dc7139fadde72","T_SZCHA 001-2024 医院不间断电源系统建设和运维管理指南.pdf","4.後勤\T_SZCHA 001-2024 医院不间断电源系统建设和运维管理指南.pdf","UNKNOWN","地區待確認","2024","2024","技術規範／診療指南","後勤、建築與設施安全","","pdf","2427329","2025-02-28T01:36:50.000Z","classified_candidate","0.35"
"3e28ff24bf461efe","T_ZZB 1612-2025 钢质入户防火门.pdf","4.後勤\T_ZZB 1612-2025 钢质入户防火门.pdf","UNKNOWN","地區待確認","2025","2025","待確認或非規範文件","後勤、建築與設施安全","","pdf","993969","2025-11-12T03:45:24.000Z","classified_candidate","0.35"
"4b24252013d81782","T_ZZB 1708-2025 木质防火门.pdf","4.後勤\T_ZZB 1708-2025 木质防火门.pdf","UNKNOWN","地區待確認","2025","2025","待確認或非規範文件","後勤、建築與設施安全","","pdf","772662","2025-11-12T03:45:16.000Z","classified_candidate","0.35"
"f96e90737e52d8f4","WB_T 1142-2024 医院院内物流服务规范.pdf","4.後勤\WB_T 1142-2024 医院院内物流服务规范.pdf","UNKNOWN","地區待確認","2024","2024","待確認或非規範文件","後勤、建築與設施安全","","pdf","1063531","2025-02-28T01:22:50.000Z","classified_candidate","0.35"
"e069a1cc888d9617","WST 368-2025医院空气净化管理标准.pdf","4.後勤\WST 368-2025医院空气净化管理标准.pdf","UNKNOWN","地區待確認","2025","2025","國家或地方標準","後勤、建築與設施安全","","pdf","348294","2025-08-26T04:49:20.000Z","classified_candidate","0.35"
"75ef6c9175d2a996","WST 508-2025医疗机构医用织物洗涤消毒技术标准.pdf","4.後勤\WST 508-2025医疗机构医用织物洗涤消毒技术标准.pdf","UNKNOWN","地區待確認","2025","2025","國家或地方標準","感染預防與控制","後勤、建築與設施安全；醫療治理與依法執業","pdf","441732","2025-08-26T04:49:26.000Z","classified_candidate","0.35"
"5895c76ec0d3bd7b","WST 512-2025医疗机构环境表面清洁与消毒管理标准.pdf","4.後勤\WST 512-2025医疗机构环境表面清洁与消毒管理标准.pdf","UNKNOWN","地區待確認","2025","2025","國家或地方標準","感染預防與控制","環境、能源與醫療廢棄物；後勤、建築與設施安全；醫療治理與依法執業","pdf","300354","2025-08-26T04:49:34.000Z","classified_candidate","0.35"
"29c337d47e37ec3a","公共安全视频图像信息系统管理条例_国务院文件_中国政府网.pdf","4.後勤\公共安全视频图像信息系统管理条例_国务院文件_中国政府网.pdf","CN","地區待確認","年份待確認","","行政法規／條例","後勤、建築與設施安全","","pdf","195782","2025-02-24T03:50:42.000Z","classified_candidate","0.75"
"90054340fa3782e5","医院电力系统消防安全管理标准.pdf","4.後勤\医院电力系统消防安全管理标准.pdf","UNKNOWN","地區待確認","年份待確認","","待確認或非規範文件","消防、治安與應急管理","後勤、建築與設施安全","pdf","305740","2026-01-29T02:32:02.000Z","classified_candidate","0.35"
"e003119e60864ec8","GB 50118-2010 民用建筑隔声设计规范.pdf","4.後勤\4.後勤噪音\GB 50118-2010 民用建筑隔声设计规范.pdf","UNKNOWN","地區待確認","2010","2010","國家或地方標準","後勤、建築與設施安全","","pdf","4740632","2022-12-13T05:57:54.000Z","classified_candidate","0.35"
"78833e33bc76016f","医院建筑噪声与振动控制设计标准.pdf","4.後勤\4.後勤噪音\医院建筑噪声与振动控制设计标准.pdf","UNKNOWN","地區待確認","年份待確認","","待確認或非規範文件","後勤、建築與設施安全","","pdf","852685","2023-05-31T09:25:14.000Z","classified_candidate","0.35"
"328f560c3d7ee28b","某医院未取得《公共场所卫生许可证》从事候诊室.pdf","4.後勤\4.後勤噪音\某医院未取得《公共场所卫生许可证》从事候诊室.pdf","UNKNOWN","地區待確認","年份待確認","","待確認或非規範文件","後勤、建築與設施安全","","pdf","1242776","2023-05-31T09:23:54.000Z","classified_candidate","0.35"
"eac47cdb512129b7","民用建筑隔声设计规范（征求意见稿）.doc","4.後勤\4.後勤噪音\民用建筑隔声设计规范（征求意见稿）.doc","UNKNOWN","地區待確認","年份待確認","","待確認或非規範文件","後勤、建築與設施安全","","doc","967588","2022-12-13T05:40:24.000Z","classified_candidate","0.35"
"02a3e7b7befa19a6","社会生活环境噪声排放标准.pdf","4.後勤\4.後勤噪音\社会生活环境噪声排放标准.pdf","UNKNOWN","地區待確認","年份待確認","","待確認或非規範文件","環境、能源與醫療廢棄物","後勤、建築與設施安全","pdf","477800","2023-05-31T09:28:54.000Z","classified_candidate","0.35"
"fe10db80e8d85043","DB12_ 595-2015 医院安全防范系统技术规范.pdf","4.後勤\4.後勤安全防護(保安安防)法規\DB12_ 595-2015 医院安全防范系统技术规范.pdf","UNKNOWN","地區待確認","2015","2015","技術規範／診療指南","消防、治安與應急管理","後勤、建築與設施安全","pdf","384706","2024-11-11T10:21:00.000Z","classified_candidate","0.35"
"86509a73e2698357","DB31_T 329.11-2019 重点单位重要部位安全技术防范系统-医院.pdf","4.後勤\4.後勤安全防護(保安安防)法規\DB31_T 329.11-2019 重点单位重要部位安全技术防范系统-医院.pdf","UNKNOWN","地區待確認","2019","2019","國家或地方標準","後勤、建築與設施安全","","pdf","7617662","2024-11-11T10:28:04.000Z","classified_candidate","0.35"
"7e793a475267965a","DB33_T 768.2-2024 安全技术防范系统建设技术规范 第2部危险物品存放场所.pdf","4.後勤\4.後勤安全防護(保安安防)法規\DB33_T 768.2-2024 安全技术防范系统建设技术规范 第2部危险物品存放场所.pdf","UNKNOWN","地區待確認","2024","2024","技術規範／診療指南","後勤、建築與設施安全","","pdf","330543","2024-11-11T10:26:16.000Z","classified_candidate","0.35"
"a856b66d78963b16","DB34_T 4304-2022 医院网络安全管理规范.pdf","4.後勤\4.後勤安全防護(保安安防)法規\DB34_T 4304-2022 医院网络安全管理规范.pdf","UNKNOWN","地區待確認","2022","2022","國家或地方標準","資訊安全與個人資料","後勤、建築與設施安全","pdf","625735","2024-11-11T10:22:22.000Z","classified_candidate","0.35"
"bf1d4561752cafc5","GB_T 31458-2015 医院安全技术防范系统要求.pdf","4.後勤\4.後勤安全防護(保安安防)法規\GB_T 31458-2015 医院安全技术防范系统要求.pdf","UNKNOWN","地區待確認","2015","2015","國家或地方標準","後勤、建築與設施安全","","pdf","3637578","2024-11-11T10:20:28.000Z","classified_candidate","0.35"
"8f77c0f45fdff79a","GB安全防范工程技术规范.docx","4.後勤\4.後勤安全防護(保安安防)法規\GB安全防范工程技术规范.docx","UNKNOWN","地區待確認","年份待確認","","醫院評鑑／認證標準","資訊安全與個人資料","感染預防與控制；醫技、檢驗與病理；急診與緊急醫療；醫療器材與設備；消防、治安與應急管理；環境、能源與醫療廢棄物；醫院評鑑與醫療品質；後勤、建築與設施安全","docx","75395","2022-07-06T14:41:08.000Z","classified_candidate","0.35"
"f4b86c3b9c176d4f","《关于推进医院安全秩序管理工作的指导意.pdf","4.後勤\4.後勤安全防護(保安安防)法規\《关于推进医院安全秩序管理工作的指导意.pdf","UNKNOWN","地區待確認","年份待確認","","待確認或非規範文件","後勤、建築與設施安全","","pdf","2536638","2026-04-08T05:40:10.000Z","classified_candidate","0.35"
"10dbad7d56bd0629","《关于推进医院安全秩序管理工作的指导意见.pdf","4.後勤\4.後勤安全防護(保安安防)法規\《关于推进医院安全秩序管理工作的指导意见.pdf","UNKNOWN","地區待確認","年份待確認","","待確認或非規範文件","後勤、建築與設施安全","","pdf","2363148","2023-12-25T08:38:50.000Z","classified_candidate","0.35"
"ebac6b421416dd6a","上海医院安全秩序管理的通告.pdf","4.後勤\4.後勤安全防護(保安安防)法規\上海医院安全秩序管理的通告.pdf","UNKNOWN","上海","年份待確認","","待確認或非規範文件","後勤、建築與設施安全","","pdf","4681","2026-04-08T07:16:02.000Z","classified_candidate","0.35"
"08086bbd91ce1b66","关于推进医院安全秩序管理工作的指导意见_卫生_中国政府网.pdf","4.後勤\4.後勤安全防護(保安安防)法規\关于推进医院安全秩序管理工作的指导意见_卫生_中国政府网.pdf","CN","地區待確認","年份待確認","","待確認或非規範文件","後勤、建築與設施安全","","pdf","556277","2022-08-27T11:38:14.000Z","classified_candidate","0.75"
"0dce92971e8c27ab","北京市医院安全秩序管理规定.pdf","4.後勤\4.後勤安全防護(保安安防)法規\北京市医院安全秩序管理规定.pdf","UNKNOWN","北京","年份待確認","","行政法規／條例","後勤、建築與設施安全","","pdf","256820","2026-04-08T07:16:28.000Z","classified_candidate","0.35"
"757e921fd58fc3c9","国家卫生计生委办公厅公安部办公厅关于加强医院安全防范系统建设的指导意见.pdf","4.後勤\4.後勤安全防護(保安安防)法規\国家卫生计生委办公厅公安部办公厅关于加强医院安全防范系统建设的指导意见.pdf","UNKNOWN","地區待確認","年份待確認","","待確認或非規範文件","消防、治安與應急管理","後勤、建築與設施安全","pdf","2294400","2026-04-08T05:41:42.000Z","classified_candidate","0.35"
"5a4a829d5b9d20c6","安全防范工程技术标准.docx","4.後勤\4.後勤安全防護(保安安防)法規\安全防范工程技术标准.docx","CN","地區待確認","年份待確認","","醫院評鑑／認證標準","醫技、檢驗與病理","臨床研究與人體試驗；醫療器材與設備；消防、治安與應急管理；環境、能源與醫療廢棄物；財務、採購與內部稽核；醫院評鑑與醫療品質；後勤、建築與設施安全","docx","976492","2022-07-06T15:05:30.000Z","classified_candidate","0.75"
"419ac9efaedcf71b","安全防范工程技术标准.pdf","4.後勤\4.後勤安全防護(保安安防)法規\安全防范工程技术标准.pdf","UNKNOWN","地區待確認","年份待確認","","待確認或非規範文件","消防、治安與應急管理","後勤、建築與設施安全","pdf","76539133","2022-07-06T14:58:06.000Z","classified_candidate","0.35"
"b02709eb490de288","安全防范工程通用规范 (1).pdf","4.後勤\4.後勤安全防護(保安安防)法規\安全防范工程通用规范 (1).pdf","UNKNOWN","地區待確認","年份待確認","","待確認或非規範文件","消防、治安與應急管理","後勤、建築與設施安全","pdf","5307998","2022-07-06T14:58:52.000Z","classified_candidate","0.35"
"4a65ec03120ce353","安全防范工程通用规范.pdf","4.後勤\4.後勤安全防護(保安安防)法規\安全防范工程通用规范.pdf","UNKNOWN","地區待確認","年份待確認","","待確認或非規範文件","消防、治安與應急管理","後勤、建築與設施安全","pdf","5307998","2022-07-06T14:21:30.000Z","classified_candidate","0.35"
"72d11eacf453e33f","山东省医疗纠纷预防和处理办法.pdf","4.後勤\4.後勤安全防護(保安安防)法規\山东省医疗纠纷预防和处理办法.pdf","CN","山東","年份待確認","","行政法規／條例","後勤、建築與設施安全","","pdf","3125879","2026-04-08T03:50:56.000Z","classified_candidate","0.75"
"85cc07a80cb82fe7","山西省卫生健康委员会山西省公安厅关于公布《全省医疗机构禁止_限制携带物品名录》的通告(晋卫应急规〔2024〕2号).pdf","4.後勤\4.後勤安全防護(保安安防)法規\山西省卫生健康委员会山西省公安厅关于公布《全省医疗机构禁止_限制携带物品名录》的通告(晋卫应急规〔2024〕2号).pdf","UNKNOWN","山西","2024","2024","待確認或非規範文件","急診與緊急醫療","消防、治安與應急管理；後勤、建築與設施安全；醫療治理與依法執業","pdf","733510","2026-04-07T09:02:32.000Z","classified_candidate","0.35"
"c2a6f1b73f6ab406","山西省安全技术防范条例实施细则.pdf","4.後勤\4.後勤安全防護(保安安防)法規\山西省安全技术防范条例实施细则.pdf","UNKNOWN","山西","年份待確認","","公告／通知／函釋","後勤、建築與設施安全","","pdf","589555","2022-08-27T11:34:10.000Z","classified_candidate","0.35"
"e41d6ca536745f8e","广东省公安厅关于《广东省安全技术防范管理实施办法》的操作细则.pdf","4.後勤\4.後勤安全防護(保安安防)法規\广东省公安厅关于《广东省安全技术防范管理实施办法》的操作细则.pdf","CN","廣東","年份待確認","","行政法規／條例","後勤、建築與設施安全","","pdf","328133","2022-08-27T11:33:32.000Z","classified_candidate","0.75"
"e185128e5abd8f99","江苏省医疗机构治安保卫工作规定.pdf","4.後勤\4.後勤安全防護(保安安防)法規\江苏省医疗机构治安保卫工作规定.pdf","CN","江蘇","年份待確認","","行政法規／條例","消防、治安與應急管理","後勤、建築與設施安全；醫療治理與依法執業","pdf","2019788","2026-04-08T03:48:02.000Z","classified_candidate","0.75"
"ba73868b53ea3035","江苏省医院警务室建设规定（试行）.pdf","4.後勤\4.後勤安全防護(保安安防)法規\江苏省医院警务室建设规定（试行）.pdf","CN","江蘇","年份待確認","","行政法規／條例","後勤、建築與設施安全","","pdf","6787","2026-04-08T07:19:20.000Z","classified_candidate","0.75"
"cca34f7be7bf446e","豫卫医〔2023〕24号关于进一步强化医院安全秩序管理工作的通知.pdf","4.後勤\4.後勤安全防護(保安安防)法規\豫卫医〔2023〕24号关于进一步强化医院安全秩序管理工作的通知.pdf","UNKNOWN","地區待確認","2023","2023","公告／通知／函釋","後勤、建築與設施安全","","pdf","1688566","2026-04-08T07:31:22.000Z","classified_candidate","0.35"
"97b0478a0496df67","陕西加强医疗机构安全秩序管理.pdf","4.後勤\4.後勤安全防護(保安安防)法規\陕西加强医疗机构安全秩序管理.pdf","UNKNOWN","陝西","年份待確認","","待確認或非規範文件","後勤、建築與設施安全","醫療治理與依法執業","pdf","407751","2026-04-08T07:30:38.000Z","classified_candidate","0.35"
"fd593f7bce406ed9","DB12_ 595-2015 医院安全防范系统技术规范.pdf","4.後勤\4.後勤安全防護(保安安防)法規\4.後勤安全防護(保安安防)法規\DB12_ 595-2015 医院安全防范系统技术规范.pdf","UNKNOWN","地區待確認","2015","2015","技術規範／診療指南","消防、治安與應急管理","後勤、建築與設施安全","pdf","384706","2024-11-11T10:21:00.000Z","classified_candidate","0.35"
"727b5d35246cd22d","DB31_T 329.11-2019 重点单位重要部位安全技术防范系统-医院.pdf","4.後勤\4.後勤安全防護(保安安防)法規\4.後勤安全防護(保安安防)法規\DB31_T 329.11-2019 重点单位重要部位安全技术防范系统-医院.pdf","UNKNOWN","地區待確認","2019","2019","國家或地方標準","後勤、建築與設施安全","","pdf","7617662","2024-11-11T10:28:04.000Z","classified_candidate","0.35"
"2e48b72272084072","DB33_T 768.2-2024 安全技术防范系统建设技术规范 第2部危险物品存放场所.pdf","4.後勤\4.後勤安全防護(保安安防)法規\4.後勤安全防護(保安安防)法規\DB33_T 768.2-2024 安全技术防范系统建设技术规范 第2部危险物品存放场所.pdf","UNKNOWN","地區待確認","2024","2024","技術規範／診療指南","後勤、建築與設施安全","","pdf","330543","2024-11-11T10:26:16.000Z","classified_candidate","0.35"
"84f61d3bb6eb1427","DB34_T 4304-2022 医院网络安全管理规范.pdf","4.後勤\4.後勤安全防護(保安安防)法規\4.後勤安全防護(保安安防)法規\DB34_T 4304-2022 医院网络安全管理规范.pdf","UNKNOWN","地區待確認","2022","2022","國家或地方標準","資訊安全與個人資料","後勤、建築與設施安全","pdf","625735","2024-11-11T10:22:22.000Z","classified_candidate","0.35"
"7e9fba029e076bbc","GB_T 31458-2015 医院安全技术防范系统要求.pdf","4.後勤\4.後勤安全防護(保安安防)法規\4.後勤安全防護(保安安防)法規\GB_T 31458-2015 医院安全技术防范系统要求.pdf","UNKNOWN","地區待確認","2015","2015","國家或地方標準","後勤、建築與設施安全","","pdf","3637578","2024-11-11T10:20:28.000Z","classified_candidate","0.35"
"146fb3c919ae9699","GB安全防范工程技术规范.docx","4.後勤\4.後勤安全防護(保安安防)法規\4.後勤安全防護(保安安防)法規\GB安全防范工程技术规范.docx","UNKNOWN","地區待確認","年份待確認","","醫院評鑑／認證標準","資訊安全與個人資料","感染預防與控制；醫技、檢驗與病理；急診與緊急醫療；醫療器材與設備；消防、治安與應急管理；環境、能源與醫療廢棄物；醫院評鑑與醫療品質；後勤、建築與設施安全","docx","75395","2022-07-06T14:41:08.000Z","classified_candidate","0.35"
"869ce46a33761121","《关于推进医院安全秩序管理工作的指导意.pdf","4.後勤\4.後勤安全防護(保安安防)法規\4.後勤安全防護(保安安防)法規\《关于推进医院安全秩序管理工作的指导意.pdf","UNKNOWN","地區待確認","年份待確認","","待確認或非規範文件","後勤、建築與設施安全","","pdf","2536638","2026-04-08T05:40:10.000Z","classified_candidate","0.35"
"aa3951068016e769","《关于推进医院安全秩序管理工作的指导意见.pdf","4.後勤\4.後勤安全防護(保安安防)法規\4.後勤安全防護(保安安防)法規\《关于推进医院安全秩序管理工作的指导意见.pdf","UNKNOWN","地區待確認","年份待確認","","待確認或非規範文件","後勤、建築與設施安全","","pdf","2363148","2023-12-25T08:38:50.000Z","classified_candidate","0.35"
"3a152db338a08909","上海医院安全秩序管理的通告.pdf","4.後勤\4.後勤安全防護(保安安防)法規\4.後勤安全防護(保安安防)法規\上海医院安全秩序管理的通告.pdf","UNKNOWN","上海","年份待確認","","待確認或非規範文件","後勤、建築與設施安全","","pdf","4681","2026-04-08T07:16:02.000Z","classified_candidate","0.35"
"b058e8b6016e8fe1","关于推进医院安全秩序管理工作的指导意见_卫生_中国政府网.pdf","4.後勤\4.後勤安全防護(保安安防)法規\4.後勤安全防護(保安安防)法規\关于推进医院安全秩序管理工作的指导意见_卫生_中国政府网.pdf","CN","地區待確認","年份待確認","","待確認或非規範文件","後勤、建築與設施安全","","pdf","556277","2022-08-27T11:38:14.000Z","classified_candidate","0.75"
"b9f9cc1a637d7898","北京市医院安全秩序管理规定.pdf","4.後勤\4.後勤安全防護(保安安防)法規\4.後勤安全防護(保安安防)法規\北京市医院安全秩序管理规定.pdf","UNKNOWN","北京","年份待確認","","行政法規／條例","後勤、建築與設施安全","","pdf","256820","2026-04-08T07:16:28.000Z","classified_candidate","0.35"
"704a35ead53414a5","国家卫生计生委办公厅公安部办公厅关于加强医院安全防范系统建设的指导意见.pdf","4.後勤\4.後勤安全防護(保安安防)法規\4.後勤安全防護(保安安防)法規\国家卫生计生委办公厅公安部办公厅关于加强医院安全防范系统建设的指导意见.pdf","UNKNOWN","地區待確認","年份待確認","","待確認或非規範文件","消防、治安與應急管理","後勤、建築與設施安全","pdf","2294400","2026-04-08T05:41:42.000Z","classified_candidate","0.35"
"30d04bcc1d2c9c52","安全防范工程技术标准.docx","4.後勤\4.後勤安全防護(保安安防)法規\4.後勤安全防護(保安安防)法規\安全防范工程技术标准.docx","CN","地區待確認","年份待確認","","醫院評鑑／認證標準","醫技、檢驗與病理","臨床研究與人體試驗；醫療器材與設備；消防、治安與應急管理；環境、能源與醫療廢棄物；財務、採購與內部稽核；醫院評鑑與醫療品質；後勤、建築與設施安全","docx","976492","2022-07-06T15:05:30.000Z","classified_candidate","0.75"
"f6dcb4a7484d2035","安全防范工程技术标准.pdf","4.後勤\4.後勤安全防護(保安安防)法規\4.後勤安全防護(保安安防)法規\安全防范工程技术标准.pdf","UNKNOWN","地區待確認","年份待確認","","待確認或非規範文件","消防、治安與應急管理","後勤、建築與設施安全","pdf","76539133","2022-07-06T14:58:06.000Z","classified_candidate","0.35"
"f0293770d340e0ac","安全防范工程通用规范 (1).pdf","4.後勤\4.後勤安全防護(保安安防)法規\4.後勤安全防護(保安安防)法規\安全防范工程通用规范 (1).pdf","UNKNOWN","地區待確認","年份待確認","","待確認或非規範文件","消防、治安與應急管理","後勤、建築與設施安全","pdf","5307998","2022-07-06T14:58:52.000Z","classified_candidate","0.35"
"a48235f23d22b868","安全防范工程通用规范.pdf","4.後勤\4.後勤安全防護(保安安防)法規\4.後勤安全防護(保安安防)法規\安全防范工程通用规范.pdf","UNKNOWN","地區待確認","年份待確認","","待確認或非規範文件","消防、治安與應急管理","後勤、建築與設施安全","pdf","5307998","2022-07-06T14:21:30.000Z","classified_candidate","0.35"
"7011e60c05256917","山东省医疗纠纷预防和处理办法.pdf","4.後勤\4.後勤安全防護(保安安防)法規\4.後勤安全防護(保安安防)法規\山东省医疗纠纷预防和处理办法.pdf","CN","山東","年份待確認","","行政法規／條例","後勤、建築與設施安全","","pdf","3125879","2026-04-08T03:50:56.000Z","classified_candidate","0.75"
"fef33774c3bfc04d","山西省卫生健康委员会山西省公安厅关于公布《全省医疗机构禁止_限制携带物品名录》的通告(晋卫应急规〔2024〕2号).pdf","4.後勤\4.後勤安全防護(保安安防)法規\4.後勤安全防護(保安安防)法規\山西省卫生健康委员会山西省公安厅关于公布《全省医疗机构禁止_限制携带物品名录》的通告(晋卫应急规〔2024〕2号).pdf","UNKNOWN","山西","2024","2024","待確認或非規範文件","急診與緊急醫療","消防、治安與應急管理；後勤、建築與設施安全；醫療治理與依法執業","pdf","733510","2026-04-07T09:02:32.000Z","classified_candidate","0.35"
"d56f7ba35a901597","山西省安全技术防范条例实施细则.pdf","4.後勤\4.後勤安全防護(保安安防)法規\4.後勤安全防護(保安安防)法規\山西省安全技术防范条例实施细则.pdf","UNKNOWN","山西","年份待確認","","公告／通知／函釋","後勤、建築與設施安全","","pdf","589555","2022-08-27T11:34:10.000Z","classified_candidate","0.35"
"5d517e7cb1e7495b","广东省公安厅关于《广东省安全技术防范管理实施办法》的操作细则.pdf","4.後勤\4.後勤安全防護(保安安防)法規\4.後勤安全防護(保安安防)法規\广东省公安厅关于《广东省安全技术防范管理实施办法》的操作细则.pdf","CN","廣東","年份待確認","","行政法規／條例","後勤、建築與設施安全","","pdf","328133","2022-08-27T11:33:32.000Z","classified_candidate","0.75"
"6df0c64827b146ba","江苏省医疗机构治安保卫工作规定.pdf","4.後勤\4.後勤安全防護(保安安防)法規\4.後勤安全防護(保安安防)法規\江苏省医疗机构治安保卫工作规定.pdf","CN","江蘇","年份待確認","","行政法規／條例","消防、治安與應急管理","後勤、建築與設施安全；醫療治理與依法執業","pdf","2019788","2026-04-08T03:48:02.000Z","classified_candidate","0.75"
"30b62d9bf11c559c","江苏省医院警务室建设规定（试行）.pdf","4.後勤\4.後勤安全防護(保安安防)法規\4.後勤安全防護(保安安防)法規\江苏省医院警务室建设规定（试行）.pdf","CN","江蘇","年份待確認","","行政法規／條例","後勤、建築與設施安全","","pdf","6787","2026-04-08T07:19:20.000Z","classified_candidate","0.75"
"b434bec9700f7460","豫卫医〔2023〕24号关于进一步强化医院安全秩序管理工作的通知.pdf","4.後勤\4.後勤安全防護(保安安防)法規\4.後勤安全防護(保安安防)法規\豫卫医〔2023〕24号关于进一步强化医院安全秩序管理工作的通知.pdf","UNKNOWN","地區待確認","2023","2023","公告／通知／函釋","後勤、建築與設施安全","","pdf","1688566","2026-04-08T07:31:22.000Z","classified_candidate","0.35"
"31e895a6a51a3061","陕西加强医疗机构安全秩序管理.pdf","4.後勤\4.後勤安全防護(保安安防)法規\4.後勤安全防護(保安安防)法規\陕西加强医疗机构安全秩序管理.pdf","UNKNOWN","陝西","年份待確認","","待確認或非規範文件","後勤、建築與設施安全","醫療治理與依法執業","pdf","407751","2026-04-08T07:30:38.000Z","classified_candidate","0.35"
"ae65b0bc2a9af04a","DB11_T 2110-2023 保安服务规范 医院北京.docx","4.後勤\4.後勤安全防護(保安安防)法規\4.後勤安全防護(保安安防)法規\保安\DB11_T 2110-2023 保安服务规范 医院北京.docx","CN","北京","2023","2023","醫院評鑑／認證標準","資訊安全與個人資料","感染預防與控制；護理管理；急診與緊急醫療；臨床研究與人體試驗；醫療器材與設備；消防、治安與應急管理；環境、能源與醫療廢棄物；財務、採購與內部稽核；後勤、建築與設施安全；醫療治理與依法執業","docx","39085","2023-11-15T01:58:22.000Z","classified_candidate","0.75"
"3dd5539c40de3eae","DB11_T 2110-2023 保安服务规范 医院北京.pdf","4.後勤\4.後勤安全防護(保安安防)法規\4.後勤安全防護(保安安防)法規\保安\DB11_T 2110-2023 保安服务规范 医院北京.pdf","UNKNOWN","北京","2023","2023","國家或地方標準","後勤、建築與設施安全","","pdf","159791","2023-11-15T01:49:18.000Z","classified_candidate","0.35"
"3d43df276fc8bc4e","DB34T 4024—2021医院保安服务规范.pdf","4.後勤\4.後勤安全防護(保安安防)法規\4.後勤安全防護(保安安防)法規\保安\DB34T 4024—2021医院保安服务规范.pdf","UNKNOWN","地區待確認","2021","2021","國家或地方標準","後勤、建築與設施安全","","pdf","455702","2023-05-28T05:22:48.000Z","classified_candidate","0.35"
"f3a0a7a28b154bb4","保安服务规范 医院.pdf","4.後勤\4.後勤安全防護(保安安防)法規\4.後勤安全防護(保安安防)法規\保安\保安服务规范 医院.pdf","UNKNOWN","地區待確認","年份待確認","","待確認或非規範文件","後勤、建築與設施安全","","pdf","160593","2026-04-08T07:17:54.000Z","classified_candidate","0.35"
"2e2c9a1ecc357258","医院保安服务规范.docx","4.後勤\4.後勤安全防護(保安安防)法規\4.後勤安全防護(保安安防)法規\保安\医院保安服务规范.docx","CN","地區待確認","年份待確認","","研究論文／文獻","醫院評鑑與醫療品質","資訊安全與個人資料；藥事與藥品管理；感染預防與控制；手術、麻醉與疼痛管理；急診與緊急醫療；臨床研究與人體試驗；醫療器材與設備；消防、治安與應急管理；環境、能源與醫療廢棄物；後勤、建築與設施安全","docx","43398","2023-05-29T08:24:18.000Z","classified_candidate","0.75"
"766c3fe03e3fe2f8","公立医院内部安全秩序管理模式探索.pdf","4.後勤\4.後勤安全防護(保安安防)法規\4.後勤安全防護(保安安防)法規\文獻\公立医院内部安全秩序管理模式探索.pdf","UNKNOWN","地區待確認","年份待確認","","研究論文／文獻","後勤、建築與設施安全","","pdf","1682685","2026-04-08T07:47:50.000Z","classified_candidate","0.35"
"7a806c42707fcf64","医院安保人力资源配置研究与实践 (1).pdf","4.後勤\4.後勤安全防護(保安安防)法規\4.後勤安全防護(保安安防)法規\文獻\医院安保人力资源配置研究与实践 (1).pdf","UNKNOWN","地區待確認","年份待確認","","研究論文／文獻","臨床研究與人體試驗","後勤、建築與設施安全","pdf","1280234","2026-04-08T03:43:32.000Z","classified_candidate","0.35"
"25818b54e02d4870","医院安保人力资源配置研究与实践.pdf","4.後勤\4.後勤安全防護(保安安防)法規\4.後勤安全防護(保安安防)法規\文獻\医院安保人力资源配置研究与实践.pdf","UNKNOWN","地區待確認","年份待確認","","研究論文／文獻","臨床研究與人體試驗","後勤、建築與設施安全","pdf","1280234","2026-04-08T01:54:46.000Z","classified_candidate","0.35"
"90a53b7252ac9a2c","医院安防视频监控系统建设研究.pdf","4.後勤\4.後勤安全防護(保安安防)法規\4.後勤安全防護(保安安防)法規\文獻\医院安防视频监控系统建设研究.pdf","UNKNOWN","地區待確認","年份待確認","","研究論文／文獻","臨床研究與人體試驗","後勤、建築與設施安全","pdf","2122577","2026-04-08T07:47:54.000Z","classified_candidate","0.35"
"2b99ac4519e8b9f5","新形势下社会共治保障医院安全秩序的思考.pdf","4.後勤\4.後勤安全防護(保安安防)法規\4.後勤安全防護(保安安防)法規\文獻\新形势下社会共治保障医院安全秩序的思考.pdf","UNKNOWN","地區待確認","年份待確認","","研究論文／文獻","後勤、建築與設施安全","","pdf","1357180","2026-04-08T01:53:02.000Z","classified_candidate","0.35"
"144923290c125529","视频安防监控系统工程设计规范（GB50395.pdf","4.後勤\4.後勤安全防護(保安安防)法規\4.後勤安全防護(保安安防)法規\文獻\视频安防监控系统工程设计规范（GB50395.pdf","UNKNOWN","地區待確認","年份待確認","","研究論文／文獻","後勤、建築與設施安全","","pdf","592280","2022-07-06T14:37:16.000Z","classified_candidate","0.35"
"eff4dae7cce4bd7e","DB3201T 1105-2022 公共安全视频监控系统建设规范.pdf","4.後勤\4.後勤安全防護(保安安防)法規\4.後勤安全防護(保安安防)法規\視頻\DB3201T 1105-2022 公共安全视频监控系统建设规范.pdf","UNKNOWN","地區待確認","2022","2022","國家或地方標準","後勤、建築與設施安全","","pdf","596438","2024-11-11T10:24:10.000Z","classified_candidate","0.35"
"4c6f4b65300d2e6a","DB34_T 4659-2024 医院智慧安防建设指南.pdf","4.後勤\4.後勤安全防護(保安安防)法規\4.後勤安全防護(保安安防)法規\視頻\DB34_T 4659-2024 医院智慧安防建设指南.pdf","UNKNOWN","地區待確認","2024","2024","技術規範／診療指南","後勤、建築與設施安全","","pdf","413211","2026-04-12T12:18:32.000Z","classified_candidate","0.35"
"fbf27e98f6998790","GA_T 1400.2-2017 公安视频图像信息应用系统 第2部分：应.pdf","4.後勤\4.後勤安全防護(保安安防)法規\4.後勤安全防護(保安安防)法規\視頻\GA_T 1400.2-2017 公安视频图像信息应用系统 第2部分：应.pdf","UNKNOWN","地區待確認","2017","2017","研究論文／文獻","後勤、建築與設施安全","","pdf","3803767","2026-04-12T12:51:44.000Z","classified_candidate","0.35"
"721245cd0455542f","GB 50348-2018 安全防范工程技术标准.pdf","4.後勤\4.後勤安全防護(保安安防)法規\4.後勤安全防護(保安安防)法規\視頻\GB 50348-2018 安全防范工程技术标准.pdf","UNKNOWN","地區待確認","2018","2018","國家或地方標準","消防、治安與應急管理","後勤、建築與設施安全","pdf","12433700","2026-04-12T12:51:24.000Z","classified_candidate","0.35"
"1d9a93125b43020f","GB 50395-2007 视频安防监控系统工程设计规范.pdf","4.後勤\4.後勤安全防護(保安安防)法規\4.後勤安全防護(保安安防)法規\視頻\GB 50395-2007 视频安防监控系统工程设计规范.pdf","UNKNOWN","地區待確認","2007","2007","國家或地方標準","後勤、建築與設施安全","","pdf","1871843","2022-08-24T11:29:40.000Z","classified_candidate","0.35"
"219113d323932a77","GB_T 28181-2016 公共安全视频监控联网系统信息传输、交换、.pdf","4.後勤\4.後勤安全防護(保安安防)法規\4.後勤安全防護(保安安防)法規\視頻\GB_T 28181-2016 公共安全视频监控联网系统信息传输、交换、.pdf","UNKNOWN","地區待確認","2016","2016","國家或地方標準","後勤、建築與設施安全","","pdf","2743035","2026-04-12T12:49:12.000Z","classified_candidate","0.35"
"543003cd9f883519","GB_T 32581-2016 入侵和紧急报警系统技术要求.pdf","4.後勤\4.後勤安全防護(保安安防)法規\4.後勤安全防護(保安安防)法規\視頻\GB_T 32581-2016 入侵和紧急报警系统技术要求.pdf","UNKNOWN","地區待確認","2016","2016","國家或地方標準","後勤、建築與設施安全","","pdf","11002380","2026-04-12T12:53:34.000Z","classified_candidate","0.35"
"8795d988c4ce28e5","TGDCSA 002.1-2019医院网络与信息安全保障体系建设指南.pdf","4.後勤\4.後勤安全防護(保安安防)法規\4.後勤安全防護(保安安防)法規\視頻\TGDCSA 002.1-2019医院网络与信息安全保障体系建设指南.pdf","UNKNOWN","地區待確認","2019","2019","技術規範／診療指南","資訊安全與個人資料","後勤、建築與設施安全","pdf","3520509","2026-04-12T12:52:48.000Z","classified_candidate","0.35"
"22f7488a7b20719e","T_ZJHIA 18-2025 医院智慧安防基本要求.pdf","4.後勤\4.後勤安全防護(保安安防)法規\4.後勤安全防護(保安安防)法規\視頻\T_ZJHIA 18-2025 医院智慧安防基本要求.pdf","UNKNOWN","地區待確認","2025","2025","待確認或非規範文件","後勤、建築與設施安全","","pdf","443449","2026-04-12T12:18:12.000Z","classified_candidate","0.35"
"e1dbec3ea8e0321c","DB11_T 2110-2023 保安服务规范 医院北京.docx","4.後勤\4.後勤安全防護(保安安防)法規\保安\DB11_T 2110-2023 保安服务规范 医院北京.docx","CN","北京","2023","2023","醫院評鑑／認證標準","資訊安全與個人資料","感染預防與控制；護理管理；急診與緊急醫療；臨床研究與人體試驗；醫療器材與設備；消防、治安與應急管理；環境、能源與醫療廢棄物；財務、採購與內部稽核；後勤、建築與設施安全；醫療治理與依法執業","docx","39085","2023-11-15T01:58:22.000Z","classified_candidate","0.75"
"d4d7e7a8d7932603","DB11_T 2110-2023 保安服务规范 医院北京.pdf","4.後勤\4.後勤安全防護(保安安防)法規\保安\DB11_T 2110-2023 保安服务规范 医院北京.pdf","UNKNOWN","北京","2023","2023","國家或地方標準","後勤、建築與設施安全","","pdf","159791","2023-11-15T01:49:18.000Z","classified_candidate","0.35"
"96e0b43907cae8cb","DB34T 4024—2021医院保安服务规范.pdf","4.後勤\4.後勤安全防護(保安安防)法規\保安\DB34T 4024—2021医院保安服务规范.pdf","UNKNOWN","地區待確認","2021","2021","國家或地方標準","後勤、建築與設施安全","","pdf","455702","2023-05-28T05:22:48.000Z","classified_candidate","0.35"
"15e1e7b2d7216ee7","保安服务规范 医院.pdf","4.後勤\4.後勤安全防護(保安安防)法規\保安\保安服务规范 医院.pdf","UNKNOWN","地區待確認","年份待確認","","待確認或非規範文件","後勤、建築與設施安全","","pdf","160593","2026-04-08T07:17:54.000Z","classified_candidate","0.35"
"317ef0857205e870","医院保安服务规范.docx","4.後勤\4.後勤安全防護(保安安防)法規\保安\医院保安服务规范.docx","CN","地區待確認","年份待確認","","研究論文／文獻","醫院評鑑與醫療品質","資訊安全與個人資料；藥事與藥品管理；感染預防與控制；手術、麻醉與疼痛管理；急診與緊急醫療；臨床研究與人體試驗；醫療器材與設備；消防、治安與應急管理；環境、能源與醫療廢棄物；後勤、建築與設施安全","docx","43398","2023-05-29T08:24:18.000Z","classified_candidate","0.75"
"df7091a29ee53a34","公立医院内部安全秩序管理模式探索.pdf","4.後勤\4.後勤安全防護(保安安防)法規\文獻\公立医院内部安全秩序管理模式探索.pdf","UNKNOWN","地區待確認","年份待確認","","研究論文／文獻","後勤、建築與設施安全","","pdf","1682685","2026-04-08T07:47:50.000Z","classified_candidate","0.35"
"db7396e6dda896b6","医院安保人力资源配置研究与实践 (1).pdf","4.後勤\4.後勤安全防護(保安安防)法規\文獻\医院安保人力资源配置研究与实践 (1).pdf","UNKNOWN","地區待確認","年份待確認","","研究論文／文獻","臨床研究與人體試驗","後勤、建築與設施安全","pdf","1280234","2026-04-08T03:43:32.000Z","classified_candidate","0.35"
"4210776abf6dad2c","医院安保人力资源配置研究与实践.pdf","4.後勤\4.後勤安全防護(保安安防)法規\文獻\医院安保人力资源配置研究与实践.pdf","UNKNOWN","地區待確認","年份待確認","","研究論文／文獻","臨床研究與人體試驗","後勤、建築與設施安全","pdf","1280234","2026-04-08T01:54:46.000Z","classified_candidate","0.35"
"f5b16f6851249d7a","医院安防视频监控系统建设研究.pdf","4.後勤\4.後勤安全防護(保安安防)法規\文獻\医院安防视频监控系统建设研究.pdf","UNKNOWN","地區待確認","年份待確認","","研究論文／文獻","臨床研究與人體試驗","後勤、建築與設施安全","pdf","2122577","2026-04-08T07:47:54.000Z","classified_candidate","0.35"
"a7879e61380504ba","新形势下社会共治保障医院安全秩序的思考.pdf","4.後勤\4.後勤安全防護(保安安防)法規\文獻\新形势下社会共治保障医院安全秩序的思考.pdf","UNKNOWN","地區待確認","年份待確認","","研究論文／文獻","後勤、建築與設施安全","","pdf","1357180","2026-04-08T01:53:02.000Z","classified_candidate","0.35"
"3532e29a0bd40851","视频安防监控系统工程设计规范（GB50395.pdf","4.後勤\4.後勤安全防護(保安安防)法規\文獻\视频安防监控系统工程设计规范（GB50395.pdf","UNKNOWN","地區待確認","年份待確認","","研究論文／文獻","後勤、建築與設施安全","","pdf","592280","2022-07-06T14:37:16.000Z","classified_candidate","0.35"
"9129c7099325962c","DB3201T 1105-2022 公共安全视频监控系统建设规范.pdf","4.後勤\4.後勤安全防護(保安安防)法規\視頻\DB3201T 1105-2022 公共安全视频监控系统建设规范.pdf","UNKNOWN","地區待確認","2022","2022","國家或地方標準","後勤、建築與設施安全","","pdf","596438","2024-11-11T10:24:10.000Z","classified_candidate","0.35"
"cacff97bf15f77b2","DB34_T 4659-2024 医院智慧安防建设指南.pdf","4.後勤\4.後勤安全防護(保安安防)法規\視頻\DB34_T 4659-2024 医院智慧安防建设指南.pdf","UNKNOWN","地區待確認","2024","2024","技術規範／診療指南","後勤、建築與設施安全","","pdf","413211","2026-04-12T12:18:32.000Z","classified_candidate","0.35"
"ae56da5a6e368c6a","GA_T 1400.2-2017 公安视频图像信息应用系统 第2部分：应.pdf","4.後勤\4.後勤安全防護(保安安防)法規\視頻\GA_T 1400.2-2017 公安视频图像信息应用系统 第2部分：应.pdf","UNKNOWN","地區待確認","2017","2017","研究論文／文獻","後勤、建築與設施安全","","pdf","3803767","2026-04-12T12:51:44.000Z","classified_candidate","0.35"
"7349b8e5a1ea2517","GB 50348-2018 安全防范工程技术标准.pdf","4.後勤\4.後勤安全防護(保安安防)法規\視頻\GB 50348-2018 安全防范工程技术标准.pdf","UNKNOWN","地區待確認","2018","2018","國家或地方標準","消防、治安與應急管理","後勤、建築與設施安全","pdf","12433700","2026-04-12T12:51:24.000Z","classified_candidate","0.35"
"d95e527adf457a46","GB 50395-2007 视频安防监控系统工程设计规范.pdf","4.後勤\4.後勤安全防護(保安安防)法規\視頻\GB 50395-2007 视频安防监控系统工程设计规范.pdf","UNKNOWN","地區待確認","2007","2007","國家或地方標準","後勤、建築與設施安全","","pdf","1871843","2022-08-24T11:29:40.000Z","classified_candidate","0.35"
"eac01e778f875fbd","GB_T 28181-2016 公共安全视频监控联网系统信息传输、交换、.pdf","4.後勤\4.後勤安全防護(保安安防)法規\視頻\GB_T 28181-2016 公共安全视频监控联网系统信息传输、交换、.pdf","UNKNOWN","地區待確認","2016","2016","國家或地方標準","後勤、建築與設施安全","","pdf","2743035","2026-04-12T12:49:12.000Z","classified_candidate","0.35"
"2116f8ddd9374997","GB_T 32581-2016 入侵和紧急报警系统技术要求.pdf","4.後勤\4.後勤安全防護(保安安防)法規\視頻\GB_T 32581-2016 入侵和紧急报警系统技术要求.pdf","UNKNOWN","地區待確認","2016","2016","國家或地方標準","後勤、建築與設施安全","","pdf","11002380","2026-04-12T12:53:34.000Z","classified_candidate","0.35"
"45a830d7f85da6a9","TGDCSA 002.1-2019医院网络与信息安全保障体系建设指南.pdf","4.後勤\4.後勤安全防護(保安安防)法規\視頻\TGDCSA 002.1-2019医院网络与信息安全保障体系建设指南.pdf","UNKNOWN","地區待確認","2019","2019","技術規範／診療指南","資訊安全與個人資料","後勤、建築與設施安全","pdf","3520509","2026-04-12T12:52:48.000Z","classified_candidate","0.35"
"bf1526c9c696ce18","T_ZJHIA 18-2025 医院智慧安防基本要求.pdf","4.後勤\4.後勤安全防護(保安安防)法規\視頻\T_ZJHIA 18-2025 医院智慧安防基本要求.pdf","UNKNOWN","地區待確認","2025","2025","待確認或非規範文件","後勤、建築與設施安全","","pdf","443449","2026-04-12T12:18:12.000Z","classified_candidate","0.35"
"2386f346e49205c2","“十四五”应急物资保障规划》.pdf","4.後勤\4.後勤應急物資管理\“十四五”应急物资保障规划》.pdf","UNKNOWN","地區待確認","年份待確認","","待確認或非規範文件","急診與緊急醫療","消防、治安與應急管理；後勤、建築與設施安全","pdf","4415332","2023-05-28T05:06:48.000Z","classified_candidate","0.35"
"ae14583cb31197ee","医院物资管理.pdf","4.後勤\4.後勤應急物資管理\医院物资管理.pdf","UNKNOWN","地區待確認","年份待確認","","待確認或非規範文件","急診與緊急醫療","消防、治安與應急管理；後勤、建築與設施安全","pdf","1053765","2023-05-28T05:25:12.000Z","classified_candidate","0.35"
"d3c951acfad5fd3f","应急物资保障.docx","4.後勤\4.後勤應急物資管理\应急物资保障.docx","CN","地區待確認","年份待確認","","研究論文／文獻","藥事與藥品管理","急診與緊急醫療；生殖、婦幼與月子服務；臨床研究與人體試驗；醫療器材與設備；消防、治安與應急管理；環境、能源與醫療廢棄物；財務、採購與內部稽核；後勤、建築與設施安全","docx","29698","2023-05-28T05:15:38.000Z","classified_candidate","0.75"
"21d3a2b653f861d7","应急物资保障.pdf","4.後勤\4.後勤應急物資管理\应急物资保障.pdf","UNKNOWN","地區待確認","年份待確認","","待確認或非規範文件","急診與緊急醫療","消防、治安與應急管理；後勤、建築與設施安全","pdf","727232","2023-05-28T05:05:16.000Z","classified_candidate","0.35"
"74ebfe9b7ed09bc6","2025 年全国医疗机构设置规划主要指标.pdf","4.後勤\4.設置標準法規\2025 年全国医疗机构设置规划主要指标.pdf","UNKNOWN","地區待確認","2025","2025","待確認或非規範文件","後勤、建築與設施安全","醫療治理與依法執業","pdf","362314","2023-04-23T08:15:30.000Z","classified_candidate","0.35"
"5ee3e0065f74856a","DB13_T 5724-2023 公共场所从业人员卫生知识培训规范.pdf","4.後勤\4.設置標準法規\DB13_T 5724-2023 公共场所从业人员卫生知识培训规范.pdf","UNKNOWN","地區待確認","2023","2023","國家或地方標準","後勤、建築與設施安全","","pdf","601357","2025-04-03T02:40:14.000Z","classified_candidate","0.35"
"bb01c5e73fd7aee3","DB3212_T 1164-2024 公共场所卫生检测指标及现场采样要求.pdf","4.後勤\4.設置標準法規\DB3212_T 1164-2024 公共场所卫生检测指标及现场采样要求.pdf","UNKNOWN","地區待確認","2024","2024","國家或地方標準","後勤、建築與設施安全","","pdf","303248","2025-04-03T02:40:00.000Z","classified_candidate","0.35"
"c69a01dce0226aa8","DB32_T 4401-2022 综合医院建筑设计标准.pdf","4.後勤\4.設置標準法規\DB32_T 4401-2022 综合医院建筑设计标准.pdf","UNKNOWN","地區待確認","2022","2022","國家或地方標準","後勤、建築與設施安全","","pdf","1803335","2023-06-25T01:57:10.000Z","classified_candidate","0.35"
"b70ddbdad9b8bf3d","DB4404_T 73.3-2024 公共场所中文标识英文译写规范 第3.pdf","4.後勤\4.設置標準法規\DB4404_T 73.3-2024 公共场所中文标识英文译写规范 第3.pdf","UNKNOWN","地區待確認","2024","2024","國家或地方標準","後勤、建築與設施安全","","pdf","1284109","2025-04-03T02:39:32.000Z","classified_candidate","0.35"
"de885c307690ce8d","GB 37487-2019 公共场所卫生管理规范.pdf","4.後勤\4.設置標準法規\GB 37487-2019 公共场所卫生管理规范.pdf","UNKNOWN","地區待確認","2019","2019","國家或地方標準","後勤、建築與設施安全","","pdf","4061622","2025-04-03T02:40:54.000Z","classified_candidate","0.35"
"641fb5a461cb101f","GB 37488-2019 公共场所卫生指标及限值要求.pdf","4.後勤\4.設置標準法規\GB 37488-2019 公共场所卫生指标及限值要求.pdf","UNKNOWN","地區待確認","2019","2019","國家或地方標準","後勤、建築與設施安全","","pdf","2090698","2023-10-06T12:24:06.000Z","classified_candidate","0.35"
"6d84fc4e4f08222d","GB 37489.1-2019 公共场所卫生设计规范 第1部分：总则.pdf","4.後勤\4.設置標準法規\GB 37489.1-2019 公共场所卫生设计规范 第1部分：总则.pdf","UNKNOWN","地區待確認","2019","2019","國家或地方標準","後勤、建築與設施安全","","pdf","1750536","2023-10-06T12:24:52.000Z","classified_candidate","0.35"
"1102aca7be1f13c8","三级妇产专科医院中心建设标准及评分细则（2023版）.pdf","4.後勤\4.設置標準法規\三级妇产专科医院中心建设标准及评分细则（2023版）.pdf","UNKNOWN","地區待確認","2023","2023","行政法規／條例","生殖、婦幼與月子服務","後勤、建築與設施安全","pdf","472314","2023-03-25T12:53:28.000Z","classified_candidate","0.35"
"a6e58428983a84c5","中医诊所基本标准(2023年版).pdf","4.後勤\4.設置標準法規\中医诊所基本标准(2023年版).pdf","UNKNOWN","地區待確認","2023","2023","待確認或非規範文件","後勤、建築與設施安全","","pdf","361045","2023-04-02T07:57:44.000Z","classified_candidate","0.35"
"b67897fabef8db8f","医疗机构设置规划指导原则2025.docx","4.後勤\4.設置標準法規\医疗机构设置规划指导原则2025.docx","CN","地區待確認","2025","2025","研究論文／文獻","醫院評鑑與醫療品質","資訊安全與個人資料；藥事與藥品管理；感染預防與控制；護理管理；醫技、檢驗與病理；手術、麻醉與疼痛管理；急診與緊急醫療；生殖、婦幼與月子服務；生殖、婦幼與月子服務；臨床研究與人體試驗；職業安全與員工健康；醫療保險與支付；醫療器材與設備；消防、治安與應急管理；環境、能源與醫療廢棄物；臨床診療與醫療技術；醫院評鑑與醫療品質；後勤、建築與設施安全；醫療治理與依法執業","docx","70383","2023-04-23T08:25:34.000Z","classified_candidate","0.75"
"0b675e6a150a2aed","河北省老年友善医疗机构评价标准.doc","4.後勤\4.設置標準法規\河北省老年友善医疗机构评价标准.doc","UNKNOWN","河北","年份待確認","","待確認或非規範文件","後勤、建築與設施安全","醫療治理與依法執業","doc","122880","2023-03-28T12:34:58.000Z","classified_candidate","0.35"
"ca51844224dda88e","综合医院建设标准.pdf","4.後勤\4.設置標準法規\综合医院建设标准.pdf","UNKNOWN","地區待確認","年份待確認","","待確認或非規範文件","後勤、建築與設施安全","","pdf","4615343","2023-04-16T03:46:02.000Z","classified_candidate","0.35"
"601f2cc2738b1345","综合医院建设标准2021.pdf","4.後勤\4.設置標準法規\综合医院建设标准2021.pdf","UNKNOWN","地區待確認","2021","2021","待確認或非規範文件","後勤、建築與設施安全","","pdf","4615343","2021-07-15T05:32:24.000Z","classified_candidate","0.35"
"a653fde69df2cd90","DB41_T 2402-2023 医疗机构医用分子筛制氧设备使用管理规范.pdf","4.後勤\4後勤医用气体法規\DB41_T 2402-2023 医疗机构医用分子筛制氧设备使用管理规范.pdf","UNKNOWN","地區待確認","2023","2023","國家或地方標準","醫療器材與設備","後勤、建築與設施安全；醫療治理與依法執業","pdf","561544","2023-08-11T09:11:04.000Z","classified_candidate","0.35"
"84a37636c6b02d9b","T_CAME 64-2024 医用气体系统管道技术与管理规范.pdf","4.後勤\4後勤医用气体法規\T_CAME 64-2024 医用气体系统管道技术与管理规范.pdf","UNKNOWN","地區待確認","2024","2024","待確認或非規範文件","後勤、建築與設施安全","","pdf","215404","2024-11-22T01:10:50.000Z","classified_candidate","0.35"
"b91476a2bf442b8e","T_GDMDMA 0012.16-2022 医用气体系统使用管理.pdf","4.後勤\4後勤医用气体法規\T_GDMDMA 0012.16-2022 医用气体系统使用管理.pdf","UNKNOWN","地區待確認","2022","2022","待確認或非規範文件","後勤、建築與設施安全","","pdf","288836","2024-11-22T01:11:36.000Z","classified_candidate","0.35"
"2ac3516e6eb6bc52","T_GDMDMA 0012.16-2022 医院医疗器械管理规范 第16.pdf","4.後勤\4後勤医用气体法規\T_GDMDMA 0012.16-2022 医院医疗器械管理规范 第16.pdf","UNKNOWN","地區待確認","2022","2022","待確認或非規範文件","醫療器材與設備","後勤、建築與設施安全","pdf","288836","2024-07-02T04:33:16.000Z","classified_candidate","0.35"
"a7aeb7a14dffb5aa","T_NAHIEM 116-2024 医疗机构医用气体供应系统从业人员职业.pdf","4.後勤\4後勤医用气体法規\T_NAHIEM 116-2024 医疗机构医用气体供应系统从业人员职业.pdf","UNKNOWN","地區待確認","2024","2024","待確認或非規範文件","後勤、建築與設施安全","醫療治理與依法執業","pdf","471366","2024-11-22T01:11:02.000Z","classified_candidate","0.35"
"0367e810aed50a1c","T_SHWSHQ 10-2022 医疗卫生机构医用气体系统安全管理规范.pdf","4.後勤\4後勤医用气体法規\T_SHWSHQ 10-2022 医疗卫生机构医用气体系统安全管理规范.pdf","UNKNOWN","地區待確認","2022","2022","待確認或非規範文件","後勤、建築與設施安全","","pdf","500117","2024-07-02T04:33:44.000Z","classified_candidate","0.35"
"86998a6b99973f66","WS+435—2013医院医用气体系统运行管理.pdf","4.後勤\4後勤医用气体法規\WS+435—2013医院医用气体系统运行管理.pdf","UNKNOWN","地區待確認","2013","2013","國家或地方標準","後勤、建築與設施安全","","pdf","3574045","2020-07-12T15:55:38.000Z","classified_candidate","0.35"
"490fbe6f6025b122","醫院氣體系統運行管理.pdf","4.後勤\4後勤医用气体法規\醫院氣體系統運行管理.pdf","UNKNOWN","地區待確認","年份待確認","","待確認或非規範文件","後勤、建築與設施安全","","pdf","6726303","2022-08-17T06:41:02.000Z","classified_candidate","0.35"
"1648a2df2ffc8112","20200724--山西省危险化学品安全生产风险监测预警系统管理运行机制（试行）.pdf","4.後勤\4後勤危化品法規\20200724--山西省危险化学品安全生产风险监测预警系统管理运行机制（试行）.pdf","UNKNOWN","山西","2020","2020","待確認或非規範文件","環境、能源與醫療廢棄物","後勤、建築與設施安全","pdf","281765","2022-09-18T12:15:28.000Z","classified_candidate","0.35"
"991ba6d1ebede900","2022 危险化学品企业應急演練規範.pdf","4.後勤\4後勤危化品法規\2022 危险化学品企业應急演練規範.pdf","UNKNOWN","地區待確認","2022","2022","待確認或非規範文件","急診與緊急醫療","消防、治安與應急管理；環境、能源與醫療廢棄物；後勤、建築與設施安全","pdf","1321480","2023-03-16T15:59:18.000Z","classified_candidate","0.35"
"24f44001d89bd698","2危险化学品企业情景化专项应急预案编制海南.pdf","4.後勤\4後勤危化品法規\2危险化学品企业情景化专项应急预案编制海南.pdf","UNKNOWN","海南","年份待確認","","待確認或非規範文件","急診與緊急醫療","消防、治安與應急管理；環境、能源與醫療廢棄物；後勤、建築與設施安全","pdf","617766","2022-03-05T04:49:16.000Z","classified_candidate","0.35"
"2d2eea193c0311fb","3危险化学品企业可查验防护措施管理规范海南.pdf","4.後勤\4後勤危化品法規\3危险化学品企业可查验防护措施管理规范海南.pdf","UNKNOWN","海南","年份待確認","","待確認或非規範文件","環境、能源與醫療廢棄物","後勤、建築與設施安全","pdf","1144104","2022-03-05T04:49:06.000Z","classified_candidate","0.35"
"65e00a32f7810b30","5GB 18218-2018 危险化学品重大危险源辨识國家.pdf","4.後勤\4後勤危化品法規\5GB 18218-2018 危险化学品重大危险源辨识國家.pdf","UNKNOWN","地區待確認","2018","2018","國家或地方標準","環境、能源與醫療廢棄物","後勤、建築與設施安全","pdf","3031832","2022-09-18T12:28:10.000Z","classified_candidate","0.35"
"494c002d3419cf82","6DB11T 1908-2021 专业应急救援队伍能力建设规范 危险化学品北京.pdf","4.後勤\4後勤危化品法規\6DB11T 1908-2021 专业应急救援队伍能力建设规范 危险化学品北京.pdf","UNKNOWN","北京","2021","2021；1908","國家或地方標準","急診與緊急醫療","消防、治安與應急管理；環境、能源與醫療廢棄物；後勤、建築與設施安全","pdf","240792","2022-09-18T12:13:12.000Z","classified_candidate","0.35"
"beb8412ef8479841","7DB11T 1578-2018 医疗机构危险化学品安全管理规范北京.pdf","4.後勤\4後勤危化品法規\7DB11T 1578-2018 医疗机构危险化学品安全管理规范北京.pdf","UNKNOWN","北京","2018","2018","國家或地方標準","環境、能源與醫療廢棄物","後勤、建築與設施安全；醫療治理與依法執業","pdf","161775","2022-09-18T12:03:18.000Z","classified_candidate","0.35"
"23fed0e55ebf6573","820220610--危险化学品生产建设项目安全风险防控指南（试行）（应急〔2022〕52号）國家.pdf","4.後勤\4後勤危化品法規\820220610--危险化学品生产建设项目安全风险防控指南（试行）（应急〔2022〕52号）國家.pdf","UNKNOWN","地區待確認","2022","2022","技術規範／診療指南","急診與緊急醫療","消防、治安與應急管理；環境、能源與醫療廢棄物；後勤、建築與設施安全","pdf","447684","2022-09-18T12:12:00.000Z","classified_candidate","0.35"
"25bad3f265da9474","DB11T 1191.3—2024实验室危险化学品安全管理要求.pdf","4.後勤\4後勤危化品法規\DB11T 1191.3—2024实验室危险化学品安全管理要求.pdf","UNKNOWN","地區待確認","2024","2024","國家或地方標準","醫技、檢驗與病理","環境、能源與醫療廢棄物；後勤、建築與設施安全","pdf","249414","2026-01-18T08:48:40.000Z","classified_candidate","0.35"
"251fcf8821a73329","DB11T 1578—2025北京市医疗机构危险化学品安全管理要求.pdf","4.後勤\4後勤危化品法規\DB11T 1578—2025北京市医疗机构危险化学品安全管理要求.pdf","UNKNOWN","北京","2025","2025","國家或地方標準","環境、能源與醫療廢棄物","後勤、建築與設施安全；醫療治理與依法執業","pdf","391532","2025-09-09T01:49:20.000Z","classified_candidate","0.35"
"313130adce177961","DB11_T 1191.3-2024 实验室危险化学品安全管理要求 第3.pdf","4.後勤\4後勤危化品法規\DB11_T 1191.3-2024 实验室危险化学品安全管理要求 第3.pdf","UNKNOWN","地區待確認","2024","2024","國家或地方標準","醫技、檢驗與病理","環境、能源與醫療廢棄物；後勤、建築與設施安全","pdf","247691","2025-05-30T02:48:32.000Z","classified_candidate","0.35"
"3db7c3698abada3a","DB11_T 1322.2-2017 安全生产等级评定技术规范 第2部分：安全生产通用要求.pdf","4.後勤\4後勤危化品法規\DB11_T 1322.2-2017 安全生产等级评定技术规范 第2部分：安全生产通用要求.pdf","UNKNOWN","地區待確認","2017","2017","技術規範／診療指南","後勤、建築與設施安全","","pdf","598342","2025-05-30T02:45:54.000Z","classified_candidate","0.35"
"c73ff94f70f17179","DB11_T 1578-2025 医疗机构危险化学品安全管理要求.docx","4.後勤\4後勤危化品法規\DB11_T 1578-2025 医疗机构危险化学品安全管理要求.docx","UNKNOWN","地區待確認","2025","2025","研究論文／文獻","醫技、檢驗與病理","手術、麻醉與疼痛管理；急診與緊急醫療；臨床研究與人體試驗；醫療器材與設備；消防、治安與應急管理；環境、能源與醫療廢棄物；財務、採購與內部稽核；後勤、建築與設施安全；醫療治理與依法執業","docx","67183","2025-07-28T03:44:14.000Z","classified_candidate","0.35"
"be931d501d8dace8","DB11_T 1578-2025 医疗机构危险化学品安全管理要求.pdf","4.後勤\4後勤危化品法規\DB11_T 1578-2025 医疗机构危险化学品安全管理要求.pdf","UNKNOWN","地區待確認","2025","2025","國家或地方標準","環境、能源與醫療廢棄物","後勤、建築與設施安全；醫療治理與依法執業","pdf","402762","2025-07-22T08:01:38.000Z","classified_candidate","0.35"
"0a5738513daf721d","DB3201T XXXX-20XX南京市医疗卫生机构危险化学品安全管理规范.pdf","4.後勤\4後勤危化品法規\DB3201T XXXX-20XX南京市医疗卫生机构危险化学品安全管理规范.pdf","UNKNOWN","江蘇","年份待確認","","國家或地方標準","環境、能源與醫療廢棄物","後勤、建築與設施安全","pdf","408657","2025-09-09T01:46:18.000Z","classified_candidate","0.35"
"bc260ef193531759","DB32_T 4664-2024 涉危险化学品生产企业特种设备双重预防机.pdf","4.後勤\4後勤危化品法規\DB32_T 4664-2024 涉危险化学品生产企业特种设备双重预防机.pdf","UNKNOWN","地區待確認","2024","2024","國家或地方標準","醫療器材與設備","環境、能源與醫療廢棄物；後勤、建築與設施安全","pdf","7295756","2024-06-21T01:43:22.000Z","classified_candidate","0.35"
"e040d121faffd92b","DB33_T 1342-2023 危险化学品突发事件应急医用洗消设施配置.pdf","4.後勤\4後勤危化品法規\DB33_T 1342-2023 危险化学品突发事件应急医用洗消设施配置.pdf","UNKNOWN","地區待確認","2023","2023","國家或地方標準","急診與緊急醫療","消防、治安與應急管理；環境、能源與醫療廢棄物；後勤、建築與設施安全","pdf","744123","2025-05-30T02:50:16.000Z","classified_candidate","0.35"
"e43f24bf0e3ec4c7","DB37_T 4695-2024 危险化学品储存企业安全生产风险管控和隐.docx","4.後勤\4後勤危化品法規\DB37_T 4695-2024 危险化学品储存企业安全生产风险管控和隐.docx","CN","地區待確認","2024","2024","醫院評鑑／認證標準","急診與緊急醫療","醫療器材與設備；消防、治安與應急管理；環境、能源與醫療廢棄物；醫院評鑑與醫療品質；後勤、建築與設施安全；圖書、教育與文件管理","docx","165229","2025-07-28T03:45:46.000Z","classified_candidate","0.75"
"78f45da22e938a92","DB37_T 4695-2024 危险化学品储存企业安全生产风险管控和隐.pdf","4.後勤\4後勤危化品法規\DB37_T 4695-2024 危险化学品储存企业安全生产风险管控和隐.pdf","UNKNOWN","地區待確認","2024","2024","國家或地方標準","環境、能源與醫療廢棄物","後勤、建築與設施安全","pdf","367973","2024-11-28T13:12:20.000Z","classified_candidate","0.35"
"b50663508797458a","DB37_T 997-2022 危险化学品作业场所警示标志标识规范.pdf","4.後勤\4後勤危化品法規\DB37_T 997-2022 危险化学品作业场所警示标志标识规范.pdf","UNKNOWN","地區待確認","2022","2022","國家或地方標準","環境、能源與醫療廢棄物","後勤、建築與設施安全","pdf","744172","2023-09-24T06:25:58.000Z","classified_candidate","0.35"
"149518dd66ef65ed","DB41T 2251-2022危险化学品安全生产风险监测预警系统.pdf","4.後勤\4後勤危化品法規\DB41T 2251-2022危险化学品安全生产风险监测预警系统.pdf","UNKNOWN","地區待確認","2022","2022","國家或地方標準","環境、能源與醫療廢棄物","後勤、建築與設施安全","pdf","2018577","2023-05-26T06:11:26.000Z","classified_candidate","0.35"
"736b3233c04327fa","DB4401T 105.13-2021单位内部安全防范要求化學品場所.pdf","4.後勤\4後勤危化品法規\DB4401T 105.13-2021单位内部安全防范要求化學品場所.pdf","UNKNOWN","地區待確認","2021","2021","國家或地方標準","消防、治安與應急管理","後勤、建築與設施安全","pdf","1437967","2023-05-26T06:14:04.000Z","classified_candidate","0.35"
"663b98b7647c99b0","DB4401T 105.13-2021第 13 部分：危险化学品场所.pdf","4.後勤\4後勤危化品法規\DB4401T 105.13-2021第 13 部分：危险化学品场所.pdf","UNKNOWN","地區待確認","2021","2021","國家或地方標準","環境、能源與醫療廢棄物","後勤、建築與設施安全","pdf","1437967","2023-05-26T06:14:18.000Z","classified_candidate","0.35"
"703fecc4715070c6","DB4403T 79—2020危险化学品储存柜安全技术要求及管理.docx","4.後勤\4後勤危化品法規\DB4403T 79—2020危险化学品储存柜安全技术要求及管理.docx","UNKNOWN","地區待確認","2020","2020","研究論文／文獻","資訊安全與個人資料","醫技、檢驗與病理；急診與緊急醫療；臨床研究與人體試驗；醫療器材與設備；消防、治安與應急管理；環境、能源與醫療廢棄物；後勤、建築與設施安全","docx","499730","2025-07-28T03:47:12.000Z","classified_candidate","0.35"
"df4471467b3b9a31","DB4403T 79—2020危险化学品储存柜安全技术要求及管理规范深圳.pdf","4.後勤\4後勤危化品法規\DB4403T 79—2020危险化学品储存柜安全技术要求及管理规范深圳.pdf","UNKNOWN","廣東","2020","2020","國家或地方標準","環境、能源與醫療廢棄物","後勤、建築與設施安全","pdf","1502036","2021-10-22T05:36:44.000Z","classified_candidate","0.35"
"1db02773ce325347","DB4403T 80—2020危险化学品中间仓库安全管理规范深圳.pdf","4.後勤\4後勤危化品法規\DB4403T 80—2020危险化学品中间仓库安全管理规范深圳.pdf","UNKNOWN","廣東","2020","2020","國家或地方標準","環境、能源與醫療廢棄物","後勤、建築與設施安全","pdf","623031","2021-10-22T05:37:14.000Z","classified_candidate","0.35"
"975ab565872e732d","DB4403_T 642-2025 零散使用危险化学品场所安全管理规范.docx","4.後勤\4後勤危化品法規\DB4403_T 642-2025 零散使用危险化学品场所安全管理规范.docx","CN","地區待確認","2025","2025","研究論文／文獻","感染預防與控制","醫技、檢驗與病理；急診與緊急醫療；臨床研究與人體試驗；醫療器材與設備；消防、治安與應急管理；環境、能源與醫療廢棄物；財務、採購與內部稽核；後勤、建築與設施安全","docx","39011","2025-07-28T03:44:48.000Z","classified_candidate","0.75"
"106f02098bd53169","DB4403_T 642-2025 零散使用危险化学品场所安全管理规范.pdf","4.後勤\4後勤危化品法規\DB4403_T 642-2025 零散使用危险化学品场所安全管理规范.pdf","UNKNOWN","地區待確認","2025","2025","國家或地方標準","環境、能源與醫療廢棄物","後勤、建築與設施安全","pdf","278213","2025-07-22T07:59:50.000Z","classified_candidate","0.35"
"de25e9750ab34b6a","DB44_T 2647-2025 危险化学品储存装置安全使用技术规范 (1).docx","4.後勤\4後勤危化品法規\DB44_T 2647-2025 危险化学品储存装置安全使用技术规范 (1).docx","CN","地區待確認","2025","2025","醫院評鑑／認證標準","感染預防與控制","醫技、檢驗與病理；急診與緊急醫療；臨床研究與人體試驗；醫療器材與設備；消防、治安與應急管理；環境、能源與醫療廢棄物；醫院評鑑與醫療品質；後勤、建築與設施安全","docx","96578","2025-07-28T03:44:30.000Z","classified_candidate","0.75"
"770e2e605a5da97f","DB44_T 2647-2025 危险化学品储存装置安全使用技术规范 (1).pdf","4.後勤\4後勤危化品法規\DB44_T 2647-2025 危险化学品储存装置安全使用技术规范 (1).pdf","UNKNOWN","地區待確認","2025","2025","技術規範／診療指南","環境、能源與醫療廢棄物","後勤、建築與設施安全","pdf","871822","2025-07-22T08:01:04.000Z","classified_candidate","0.35"
"c2389e11d94236c7","DB44_T 2647-2025 危险化学品储存装置安全使用技术规范.pdf","4.後勤\4後勤危化品法規\DB44_T 2647-2025 危险化学品储存装置安全使用技术规范.pdf","UNKNOWN","地區待確認","2025","2025","技術規範／診療指南","環境、能源與醫療廢棄物","後勤、建築與設施安全","pdf","871822","2025-06-16T09:02:20.000Z","classified_candidate","0.35"
"807f2555e2618b1b","DB44_T 2648-2025 危险化学品应急救援队伍建设标准.pdf","4.後勤\4後勤危化品法規\DB44_T 2648-2025 危险化学品应急救援队伍建设标准.pdf","UNKNOWN","地區待確認","2025","2025","國家或地方標準","急診與緊急醫療","消防、治安與應急管理；環境、能源與醫療廢棄物；後勤、建築與設施安全","pdf","1081938","2025-07-22T08:00:32.000Z","classified_candidate","0.35"
"929a584111b313c9","GB 15258-2009 化学品安全标签编写规定.pdf","4.後勤\4後勤危化品法規\GB 15258-2009 化学品安全标签编写规定.pdf","UNKNOWN","地區待確認","2009","2009","國家或地方標準","後勤、建築與設施安全","","pdf","549984","2009-12-12T21:06:54.000Z","classified_candidate","0.35"
"d4a58d7e5bc289ed","GB 30077-2013 危险化学品单位应急救援物资配备要求.pdf","4.後勤\4後勤危化品法規\GB 30077-2013 危险化学品单位应急救援物资配备要求.pdf","UNKNOWN","地區待確認","2013","2013","國家或地方標準","急診與緊急醫療","消防、治安與應急管理；環境、能源與醫療廢棄物；後勤、建築與設施安全","pdf","4689937","2023-11-15T12:23:14.000Z","classified_candidate","0.35"
"8a40666c655d531d","GB 30077-2023 危险化学品单位应急救援物资配备要求.docx","4.後勤\4後勤危化品法規\GB 30077-2023 危险化学品单位应急救援物资配备要求.docx","CN","地區待確認","2023","2023","研究論文／文獻","藥事與藥品管理","感染預防與控制；急診與緊急醫療；醫療器材與設備；消防、治安與應急管理；環境、能源與醫療廢棄物；後勤、建築與設施安全","docx","125074","2025-07-28T03:45:26.000Z","classified_candidate","0.75"
"fc6e29e199373fee","GB 30077-2023 危险化学品单位应急救援物资配备要求.pdf","4.後勤\4後勤危化品法規\GB 30077-2023 危险化学品单位应急救援物资配备要求.pdf","UNKNOWN","地區待確認","2023","2023","國家或地方標準","急診與緊急醫療","消防、治安與應急管理；環境、能源與醫療廢棄物；後勤、建築與設施安全","pdf","381680","2024-11-28T13:12:56.000Z","classified_candidate","0.35"
"1f344a31921b61b5","GB 30871-2022 危险化学品企业特殊作业安全规范.pdf","4.後勤\4後勤危化品法規\GB 30871-2022 危险化学品企业特殊作业安全规范.pdf","UNKNOWN","地區待確認","2022","2022","國家或地方標準","環境、能源與醫療廢棄物","後勤、建築與設施安全","pdf","2558546","2022-09-20T05:17:16.000Z","classified_candidate","0.35"
"3d2d23ad38c196fb","GB 5085.7-2019 危险废物鉴别标准 通则.pdf","4.後勤\4後勤危化品法規\GB 5085.7-2019 危险废物鉴别标准 通则.pdf","UNKNOWN","地區待確認","2019","2019","國家或地方標準","後勤、建築與設施安全","","pdf","215424","2023-07-01T05:15:40.000Z","classified_candidate","0.35"
"19525708baad7c4a","GB_T 16483-2008 化学品安全技术说明书 内容和项目顺序.pdf","4.後勤\4後勤危化品法規\GB_T 16483-2008 化学品安全技术说明书 内容和项目顺序.pdf","UNKNOWN","地區待確認","2008","2008","國家或地方標準","後勤、建築與設施安全","","pdf","3583845","2022-09-21T05:08:18.000Z","classified_candidate","0.35"
"30ac432ac3f426dd","HGT 20571-1995 化工企业安全卫生设计规定.pdf","4.後勤\4後勤危化品法規\HGT 20571-1995 化工企业安全卫生设计规定.pdf","UNKNOWN","地區待確認","2057","2057；1995","行政法規／條例","後勤、建築與設施安全","","pdf","3544773","2023-07-16T12:44:38.000Z","classified_candidate","0.35"
"fc0c785293642da9","T_CAWS 0016-2023 危险化学品使用场所“六定”安全管理规范.docx","4.後勤\4後勤危化品法規\T_CAWS 0016-2023 危险化学品使用场所“六定”安全管理规范.docx","CN","地區待確認","2023","2023","查檢表／稽核表","感染預防與控制","醫技、檢驗與病理；急診與緊急醫療；臨床研究與人體試驗；醫療器材與設備；消防、治安與應急管理；環境、能源與醫療廢棄物；醫院評鑑與醫療品質；後勤、建築與設施安全","docx","183385","2025-07-28T03:46:04.000Z","classified_candidate","0.75"
"a53b43f781c89d02","T_CAWS 0016-2023 危险化学品使用场所“六定”安全管理规范.pdf","4.後勤\4後勤危化品法規\T_CAWS 0016-2023 危险化学品使用场所“六定”安全管理规范.pdf","UNKNOWN","地區待確認","2023","2023","待確認或非規範文件","環境、能源與醫療廢棄物","後勤、建築與設施安全","pdf","827542","2024-06-21T01:43:00.000Z","classified_candidate","0.35"
"e303727f7951b5a7","T_GTM 019-2022 实验室废弃危化品安全处理技术规范.pdf","4.後勤\4後勤危化品法規\T_GTM 019-2022 实验室废弃危化品安全处理技术规范.pdf","UNKNOWN","地區待確認","2022","2022","技術規範／診療指南","醫技、檢驗與病理","後勤、建築與設施安全","pdf","134782","2024-06-21T01:45:20.000Z","classified_candidate","0.35"
"57edad15b757f117","T_LNEMA 013-2024 实验室危险化学品贮存管理技术规范.pdf","4.後勤\4後勤危化品法規\T_LNEMA 013-2024 实验室危险化学品贮存管理技术规范.pdf","UNKNOWN","地區待確認","2024","2024","技術規範／診療指南","醫技、檢驗與病理","環境、能源與醫療廢棄物；後勤、建築與設施安全","pdf","431261","2024-11-28T13:10:32.000Z","classified_candidate","0.35"
"abafebebfd011976","T_LNEMA 030-2024 危险化学品储存柜安全管理规范.docx","4.後勤\4後勤危化品法規\T_LNEMA 030-2024 危险化学品储存柜安全管理规范.docx","UNKNOWN","地區待確認","2024","2024","研究論文／文獻","資訊安全與個人資料","醫技、檢驗與病理；急診與緊急醫療；臨床研究與人體試驗；醫療器材與設備；消防、治安與應急管理；環境、能源與醫療廢棄物；後勤、建築與設施安全","docx","102640","2025-07-28T03:45:02.000Z","classified_candidate","0.35"
"b979acb1b44fa49d","T_LNEMA 030-2024 危险化学品储存柜安全管理规范.pdf","4.後勤\4後勤危化品法規\T_LNEMA 030-2024 危险化学品储存柜安全管理规范.pdf","UNKNOWN","地區待確認","2024","2024","待確認或非規範文件","環境、能源與醫療廢棄物","後勤、建築與設施安全","pdf","449085","2025-05-30T02:49:00.000Z","classified_candidate","0.35"
"85fc091e6320471c","T_SBX 066-2022 生化实验室废弃物预处理指南.pdf","4.後勤\4後勤危化品法規\T_SBX 066-2022 生化实验室废弃物预处理指南.pdf","UNKNOWN","地區待確認","2022","2022","技術規範／診療指南","醫技、檢驗與病理","環境、能源與醫療廢棄物；後勤、建築與設施安全","pdf","397116","2023-07-01T05:33:00.000Z","classified_candidate","0.35"
"2a6edbe289acf1a6","YJ_T 31-2025 危险化学品应急救援队伍训练大纲及考核要求.pdf","4.後勤\4後勤危化品法規\YJ_T 31-2025 危险化学品应急救援队伍训练大纲及考核要求.pdf","UNKNOWN","地區待確認","2025","2025","待確認或非規範文件","急診與緊急醫療","消防、治安與應急管理；環境、能源與醫療廢棄物；後勤、建築與設施安全","pdf","4460545","2025-05-30T02:48:00.000Z","classified_candidate","0.35"
"bd9b631a72bac79c","上海市危险化学品安全生产风险监测预警系統運行管理辦法2022.pdf","4.後勤\4後勤危化品法規\上海市危险化学品安全生产风险监测预警系統運行管理辦法2022.pdf","UNKNOWN","上海","2022","2022","院內制度／SOP","環境、能源與醫療廢棄物","後勤、建築與設施安全","pdf","235029","2022-09-25T03:11:40.000Z","classified_candidate","0.35"
"c47318f2ef0822cc","上海市处置危险化学品生产安全事故应急预案.pdf","4.後勤\4後勤危化品法規\上海市处置危险化学品生产安全事故应急预案.pdf","UNKNOWN","上海","年份待確認","","待確認或非規範文件","急診與緊急醫療","消防、治安與應急管理；環境、能源與醫療廢棄物；後勤、建築與設施安全","pdf","5279777","2025-09-09T01:39:28.000Z","classified_candidate","0.35"
"a2be71e182b14654","上海市机构危险化学品使用指南.pdf","4.後勤\4後勤危化品法規\上海市机构危险化学品使用指南.pdf","UNKNOWN","上海","年份待確認","","技術規範／診療指南","環境、能源與醫療廢棄物","後勤、建築與設施安全","pdf","17353249","2025-09-09T01:38:52.000Z","classified_candidate","0.35"
"de3e9ba9e6682d15","中华人民共和国危险化学品安全法.pdf","4.後勤\4後勤危化品法規\中华人民共和国危险化学品安全法.pdf","CN","地區待確認","年份待確認","","待確認或非規範文件","環境、能源與醫療廢棄物","後勤、建築與設施安全","pdf","13773553","2026-04-06T08:07:08.000Z","classified_candidate","0.75"
"a3a5a2575b7c3806","化学品安全技术说明书 内容和项目顺序.pdf","4.後勤\4後勤危化品法規\化学品安全技术说明书 内容和项目顺序.pdf","UNKNOWN","地區待確認","年份待確認","","待確認或非規範文件","後勤、建築與設施安全","","pdf","3907527","2023-03-21T13:43:34.000Z","classified_candidate","0.35"
"25bde0f8f22227b7","化學品儲存通則2023.pdf","4.後勤\4後勤危化品法規\化學品儲存通則2023.pdf","UNKNOWN","地區待確認","2023","2023","待確認或非規範文件","後勤、建築與設施安全","","pdf","2990197","2023-03-16T14:59:58.000Z","classified_candidate","0.35"
"d58675417b90ab6e","医疗机构危险化学品安全管理规范北京.PDF","4.後勤\4後勤危化品法規\医疗机构危险化学品安全管理规范北京.PDF","UNKNOWN","北京","年份待確認","","待確認或非規範文件","環境、能源與醫療廢棄物","後勤、建築與設施安全；醫療治理與依法執業","pdf","163712","2023-04-02T08:27:58.000Z","classified_candidate","0.35"
"68cd9bdd073ba068","危化品目錄.docx","4.後勤\4後勤危化品法規\危化品目錄.docx","UNKNOWN","地區待確認","年份待確認","","院內制度／SOP","生殖、婦幼與月子服務","環境、能源與醫療廢棄物；環境、能源與醫療廢棄物；後勤、建築與設施安全","docx","1554125","2024-01-17T10:02:26.000Z","classified_candidate","0.35"
"a5158f050930b4c4","危化品目錄.pdf","4.後勤\4後勤危化品法規\危化品目錄.pdf","UNKNOWN","地區待確認","年份待確認","","待確認或非規範文件","後勤、建築與設施安全","","pdf","5628126","2023-08-16T05:25:30.000Z","classified_candidate","0.35"
"68ae6cad3d5ea37e","危险化学品中间仓库安全管理规范深圳.docx","4.後勤\4後勤危化品法規\危险化学品中间仓库安全管理规范深圳.docx","UNKNOWN","廣東","年份待確認","","研究論文／文獻","感染預防與控制","醫技、檢驗與病理；急診與緊急醫療；臨床研究與人體試驗；醫療器材與設備；消防、治安與應急管理；環境、能源與醫療廢棄物；後勤、建築與設施安全","docx","293883","2022-07-07T11:11:02.000Z","classified_candidate","0.35"
"036a1564105d4a53","危险化学品仓库储存通则.docx","4.後勤\4後勤危化品法規\危险化学品仓库储存通则.docx","CN","地區待確認","年份待確認","","研究論文／文獻","資訊安全與個人資料","感染預防與控制；急診與緊急醫療；醫療器材與設備；消防、治安與應急管理；環境、能源與醫療廢棄物；後勤、建築與設施安全","docx","85392","2025-07-28T03:46:38.000Z","classified_candidate","0.75"
"51f4e72a35b66f15","危险化学品仓库储存通则.pdf","4.後勤\4後勤危化品法規\危险化学品仓库储存通则.pdf","UNKNOWN","地區待確認","年份待確認","","待確認或非規範文件","環境、能源與醫療廢棄物","後勤、建築與設施安全","pdf","3010529","2023-08-16T05:28:08.000Z","classified_candidate","0.35"
"9e9a51b4a43c71db","危险化学品企业安全风险管控与隐患排查治理规范.pdf","4.後勤\4後勤危化品法規\危险化学品企业安全风险管控与隐患排查治理规范.pdf","UNKNOWN","地區待確認","年份待確認","","待確認或非規範文件","環境、能源與醫療廢棄物","後勤、建築與設施安全","pdf","3442333","2023-03-21T09:14:38.000Z","classified_candidate","0.35"
"18122488ab18e325","危险化学品企业安全风险隐患排查治理导则.pdf","4.後勤\4後勤危化品法規\危险化学品企业安全风险隐患排查治理导则.pdf","UNKNOWN","地區待確認","年份待確認","","待確認或非規範文件","環境、能源與醫療廢棄物","後勤、建築與設施安全","pdf","681358","2025-09-09T01:53:54.000Z","classified_candidate","0.35"
"8f4e04e64b07adae","危险化学品企业情景化专项应急预案编制.docx","4.後勤\4後勤危化品法規\危险化学品企业情景化专项应急预案编制.docx","UNKNOWN","地區待確認","年份待確認","","醫院評鑑／認證標準","藥事與藥品管理","感染預防與控制；醫技、檢驗與病理；急診與緊急醫療；醫療器材與設備；消防、治安與應急管理；環境、能源與醫療廢棄物；醫院評鑑與醫療品質；後勤、建築與設施安全","docx","45464","2022-07-06T17:33:28.000Z","classified_candidate","0.35"
"d43366c1f4c99366","危险化学品储存柜安全技术要求及管理.docx","4.後勤\4後勤危化品法規\危险化学品储存柜安全技术要求及管理.docx","UNKNOWN","地區待確認","年份待確認","","研究論文／文獻","資訊安全與個人資料","醫技、檢驗與病理；急診與緊急醫療；臨床研究與人體試驗；醫療器材與設備；消防、治安與應急管理；環境、能源與醫療廢棄物；後勤、建築與設施安全","docx","499730","2025-07-28T03:47:12.000Z","classified_candidate","0.35"
"a9b784bd6148840f","危险化学品储存柜安全技术要求及管理规范常州.pdf","4.後勤\4後勤危化品法規\危险化学品储存柜安全技术要求及管理规范常州.pdf","UNKNOWN","地區待確認","年份待確認","","待確認或非規範文件","環境、能源與醫療廢棄物","後勤、建築與設施安全","pdf","2290912","2023-03-16T16:00:52.000Z","classified_candidate","0.35"
"30c1edff2d519263","危险化学品储存柜安全技术要求及管理规范深圳.docx","4.後勤\4後勤危化品法規\危险化学品储存柜安全技术要求及管理规范深圳.docx","UNKNOWN","廣東","年份待確認","","研究論文／文獻","資訊安全與個人資料","醫技、檢驗與病理；急診與緊急醫療；臨床研究與人體試驗；醫療器材與設備；消防、治安與應急管理；環境、能源與醫療廢棄物；後勤、建築與設施安全","docx","1187817","2025-09-10T09:09:16.000Z","classified_candidate","0.35"
"56cdda8af7e9e7cc","危险化学品储存装置 室内安全柜.pdf","4.後勤\4後勤危化品法規\危险化学品储存装置 室内安全柜.pdf","UNKNOWN","地區待確認","年份待確認","","待確認或非規範文件","環境、能源與醫療廢棄物","後勤、建築與設施安全","pdf","599665","2023-03-21T08:54:26.000Z","classified_candidate","0.35"
"966709a51213c2e1","危险化学品分类信息表.doc","4.後勤\4後勤危化品法規\危险化学品分类信息表.doc","UNKNOWN","地區待確認","年份待確認","","待確認或非規範文件","環境、能源與醫療廢棄物","後勤、建築與設施安全","doc","5557248","2022-07-07T11:30:36.000Z","classified_candidate","0.35"
"0fae6ab1fad91106","危险化学品安全管理条例.doc","4.後勤\4後勤危化品法規\危险化学品安全管理条例.doc","UNKNOWN","地區待確認","年份待確認","","行政法規／條例","環境、能源與醫療廢棄物","後勤、建築與設施安全","doc","76800","2022-06-22T05:40:58.000Z","classified_candidate","0.35"
"9bbbc41933d54e48","危险化学品安全管理条例.docx","4.後勤\4後勤危化品法規\危险化学品安全管理条例.docx","CN","地區待確認","年份待確認","","公告／通知／函釋","感染預防與控制","醫技、檢驗與病理；急診與緊急醫療；醫療器材與設備；消防、治安與應急管理；環境、能源與醫療廢棄物；財務、採購與內部稽核；後勤、建築與設施安全","docx","41136","2022-08-25T08:05:12.000Z","classified_candidate","0.75"
"13387e50c2752143","危险化学品安全管理条例.pdf","4.後勤\4後勤危化品法規\危险化学品安全管理条例.pdf","UNKNOWN","地區待確認","年份待確認","","行政法規／條例","環境、能源與醫療廢棄物","後勤、建築與設施安全","pdf","5736836","2023-03-21T08:33:58.000Z","classified_candidate","0.35"
"f947d87ccd20d2ce","危险化学品泄露事故处置行动要则.pdf","4.後勤\4後勤危化品法規\危险化学品泄露事故处置行动要则.pdf","UNKNOWN","地區待確認","年份待確認","","待確認或非規範文件","環境、能源與醫療廢棄物","後勤、建築與設施安全","pdf","27591972","2023-04-02T08:32:52.000Z","classified_candidate","0.35"
"83b247832fd46d34","危险化学品重大危险源分级方法.pdf","4.後勤\4後勤危化品法規\危险化学品重大危险源分级方法.pdf","UNKNOWN","地區待確認","年份待確認","","待確認或非規範文件","環境、能源與醫療廢棄物","後勤、建築與設施安全","pdf","180338","2022-08-01T04:06:12.000Z","classified_candidate","0.35"
"3fba4b52c4f8e19e","危险化学品重大危险源监督管理暂行规定（安全监管总局令第40号）_中华人民共和国中央人民政府门户网站.pdf","4.後勤\4後勤危化品法規\危险化学品重大危险源监督管理暂行规定（安全监管总局令第40号）_中华人民共和国中央人民政府门户网站.pdf","CN","地區待確認","年份待確認","","行政法規／條例","環境、能源與醫療廢棄物","後勤、建築與設施安全","pdf","317946","2022-08-01T04:07:50.000Z","classified_candidate","0.75"
"ac2b69fd7423f3ce","危險化學品企業特殊安全規範.pdf","4.後勤\4後勤危化品法規\危險化學品企業特殊安全規範.pdf","UNKNOWN","地區待確認","年份待確認","","待確認或非規範文件","環境、能源與醫療廢棄物","後勤、建築與設施安全","pdf","9724246","2023-03-16T15:57:34.000Z","classified_candidate","0.35"
"371468edc7e34b71","危險化學品企業設備完整性管理導則.pdf","4.後勤\4後勤危化品法規\危險化學品企業設備完整性管理導則.pdf","UNKNOWN","地區待確認","年份待確認","","待確認或非規範文件","醫療器材與設備","環境、能源與醫療廢棄物；後勤、建築與設施安全","pdf","2528629","2022-09-18T12:09:00.000Z","classified_candidate","0.35"
"ed50ffa0ae86bc7d","危險化學品儲存通則2023(OCR).pdf","4.後勤\4後勤危化品法規\危險化學品儲存通則2023(OCR).pdf","UNKNOWN","地區待確認","2023","2023","待確認或非規範文件","環境、能源與醫療廢棄物","後勤、建築與設施安全","pdf","3010529","2023-08-16T05:27:48.000Z","classified_candidate","0.35"
"0b076d4296735c90","危險化學品儲存通則2023.pdf","4.後勤\4後勤危化品法規\危險化學品儲存通則2023.pdf","UNKNOWN","地區待確認","2023","2023","待確認或非規範文件","環境、能源與醫療廢棄物","後勤、建築與設施安全","pdf","2990665","2023-03-23T15:13:28.000Z","classified_candidate","0.35"
"6e25fb7159da04ce","危險化學品標籤作業標準.pdf","4.後勤\4後勤危化品法規\危險化學品標籤作業標準.pdf","UNKNOWN","地區待確認","年份待確認","","待確認或非規範文件","環境、能源與醫療廢棄物","後勤、建築與設施安全","pdf","1491599","2023-03-21T08:52:10.000Z","classified_candidate","0.35"
"a9b6b7d4a9764db5","可燃气体储罐火灾爆炸事故应急处置原则.docx","4.後勤\4後勤危化品法規\可燃气体储罐火灾爆炸事故应急处置原则.docx","CN","地區待確認","年份待確認","","待確認或非規範文件","急診與緊急醫療","醫療器材與設備；消防、治安與應急管理；環境、能源與醫療廢棄物；後勤、建築與設施安全","docx","13230","2022-08-16T06:14:58.000Z","classified_candidate","0.75"
"228180d0500dd6f2","国务院令第445号公布易制毒化学品管理条例.docx","4.後勤\4後勤危化品法規\国务院令第445号公布易制毒化学品管理条例.docx","CN","地區待確認","年份待確認","","醫院評鑑／認證標準","資訊安全與個人資料","藥事與藥品管理；手術、麻醉與疼痛管理；急診與緊急醫療；臨床研究與人體試驗；醫療器材與設備；消防、治安與應急管理；環境、能源與醫療廢棄物；醫院評鑑與醫療品質；後勤、建築與設施安全；醫療治理與依法執業","docx","23146","2021-01-25T08:27:06.000Z","classified_candidate","0.75"
"664a7d777010d823","国家环境保护总局令（第27号）废弃危险化学品污染环境防治办法_2006年第23号国务院公报_中国政府网.pdf","4.後勤\4後勤危化品法規\国家环境保护总局令（第27号）废弃危险化学品污染环境防治办法_2006年第23号国务院公报_中国政府网.pdf","CN","地區待確認","2006","2006","行政法規／條例","環境、能源與醫療廢棄物","後勤、建築與設施安全","pdf","245623","2022-07-05T14:58:54.000Z","classified_candidate","0.75"
"1e653a59a32fceb9","实验室废弃化学品收集技术规范.pdf","4.後勤\4後勤危化品法規\实验室废弃化学品收集技术规范.pdf","UNKNOWN","地區待確認","年份待確認","","技術規範／診療指南","醫技、檢驗與病理","後勤、建築與設施安全","pdf","395315","2023-03-23T14:52:24.000Z","classified_candidate","0.35"
"3bb9f59c44296ade","对病理实验室危险化学品安全管理及防护的探讨2021.pdf","4.後勤\4後勤危化品法規\对病理实验室危险化学品安全管理及防护的探讨2021.pdf","UNKNOWN","地區待確認","2021","2021","研究論文／文獻","醫技、檢驗與病理","環境、能源與醫療廢棄物；後勤、建築與設施安全","pdf","2065981","2026-01-18T08:49:18.000Z","classified_candidate","0.35"
"e4d2adeb59853ebb","广东省危险化学品安全风险集中治理实施方案.pdf","4.後勤\4後勤危化品法規\广东省危险化学品安全风险集中治理实施方案.pdf","CN","廣東","年份待確認","","待確認或非規範文件","環境、能源與醫療廢棄物","後勤、建築與設施安全","pdf","1631367","2023-03-21T08:30:42.000Z","classified_candidate","0.75"
"d3e2a7f7afb605b1","广东省安全生产监督管理局关于《危险化学品重大危险源监督管理暂行规定》的实施细则.pdf","4.後勤\4後勤危化品法規\广东省安全生产监督管理局关于《危险化学品重大危险源监督管理暂行规定》的实施细则.pdf","CN","廣東","年份待確認","","公告／通知／函釋","環境、能源與醫療廢棄物","後勤、建築與設施安全","pdf","1837794","2023-03-21T08:37:50.000Z","classified_candidate","0.75"
"b0b751be37a08d7d","广州市危险化学品安全管理规定.pdf","4.後勤\4後勤危化品法規\广州市危险化学品安全管理规定.pdf","UNKNOWN","廣東","年份待確認","","行政法規／條例","環境、能源與醫療廢棄物","後勤、建築與設施安全","pdf","4830407","2023-03-21T08:46:46.000Z","classified_candidate","0.35"
"a10ed13bcd8b0050","应急管理部关于印发危险化学品生产储存企业安全风险评估诊断分级指南（试行）的通知--中华人民共和国应急管理部.pdf","4.後勤\4後勤危化品法規\应急管理部关于印发危险化学品生产储存企业安全风险评估诊断分级指南（试行）的通知--中华人民共和国应急管理部.pdf","CN","地區待確認","年份待確認","","技術規範／診療指南","急診與緊急醫療","消防、治安與應急管理；環境、能源與醫療廢棄物；後勤、建築與設施安全","pdf","267218","2022-07-06T14:28:20.000Z","classified_candidate","0.75"
"0df9716838c55fd7","废弃化学品.pdf","4.後勤\4後勤危化品法規\废弃化学品.pdf","UNKNOWN","地區待確認","年份待確認","","待確認或非規範文件","後勤、建築與設施安全","","pdf","897802","2023-03-23T15:06:36.000Z","classified_candidate","0.35"
"27e2a261639587a0","废弃化学品收集技术指南2017.docx","4.後勤\4後勤危化品法規\废弃化学品收集技术指南2017.docx","CN","地區待確認","2017","2017","研究論文／文獻","資訊安全與個人資料","感染預防與控制；醫技、檢驗與病理；急診與緊急醫療；臨床研究與人體試驗；醫療器材與設備；消防、治安與應急管理；環境、能源與醫療廢棄物；後勤、建築與設施安全","docx","91699","2025-09-10T09:16:36.000Z","classified_candidate","0.75"
"d3de22761f8c46d6","征求意见稿20_WD_2018102203_危险化学品单位应急救援物资配备要求國家.pdf","4.後勤\4後勤危化品法規\征求意见稿20_WD_2018102203_危险化学品单位应急救援物资配备要求國家.pdf","UNKNOWN","地區待確認","2018","2018","待確認或非規範文件","急診與緊急醫療","消防、治安與應急管理；環境、能源與醫療廢棄物；後勤、建築與設施安全","pdf","375202","2022-03-05T04:42:06.000Z","classified_candidate","0.35"
"6a7262fd9b3bf24a","征求意见稿危险化学品储存通则.pdf","4.後勤\4後勤危化品法規\征求意见稿危险化学品储存通则.pdf","UNKNOWN","地區待確認","年份待確認","","待確認或非規範文件","環境、能源與醫療廢棄物","後勤、建築與設施安全","pdf","1080574","2021-11-03T05:49:00.000Z","classified_candidate","0.35"
"6e6f0646babcfb38","征求意见稿危险化学品单位应急救援物资配备要求.pdf","4.後勤\4後勤危化品法規\征求意见稿危险化学品单位应急救援物资配备要求.pdf","UNKNOWN","地區待確認","年份待確認","","待確認或非規範文件","急診與緊急醫療","消防、治安與應急管理；環境、能源與醫療廢棄物；後勤、建築與設施安全","pdf","1350488","2022-03-05T04:20:06.000Z","classified_candidate","0.35"
"4c2cb8c53270568d","放射性废物安全管理条例.pdf","4.後勤\4後勤危化品法規\放射性废物安全管理条例.pdf","UNKNOWN","地區待確認","年份待確認","","行政法規／條例","後勤、建築與設施安全","","pdf","2238917","2023-03-21T08:26:24.000Z","classified_candidate","0.35"
"f896e03d91ef3710","易制毒化学品管理条例.pdf","4.後勤\4後勤危化品法規\易制毒化学品管理条例.pdf","UNKNOWN","地區待確認","年份待確認","","行政法規／條例","後勤、建築與設施安全","","pdf","2158590","2023-03-21T08:33:00.000Z","classified_candidate","0.35"
"8913f9cdcec25437","有害物質管理.pdf","4.後勤\4後勤危化品法規\有害物質管理.pdf","UNKNOWN","地區待確認","年份待確認","","待確認或非規範文件","後勤、建築與設施安全","","pdf","786466","2020-06-13T11:38:50.000Z","classified_candidate","0.35"
"d45d4afc8e02531f","有毒物质储罐火灾爆炸事故应急处置原则.docx","4.後勤\4後勤危化品法規\有毒物质储罐火灾爆炸事故应急处置原则.docx","CN","地區待確認","年份待確認","","研究論文／文獻","急診與緊急醫療","醫療器材與設備；消防、治安與應急管理；環境、能源與醫療廢棄物；後勤、建築與設施安全","docx","13077","2022-08-16T06:15:28.000Z","classified_candidate","0.75"
"d1436020f110c4b4","河北省人民政府办公厅关于印发河北省危险化学品生产安全事故应急预案的通知.pdf","4.後勤\4後勤危化品法規\河北省人民政府办公厅关于印发河北省危险化学品生产安全事故应急预案的通知.pdf","UNKNOWN","河北","年份待確認","","公告／通知／函釋","急診與緊急醫療","消防、治安與應急管理；環境、能源與醫療廢棄物；後勤、建築與設施安全","pdf","392990","2022-09-18T11:36:36.000Z","classified_candidate","0.35"
"50e4db1b0339ed23","病理实验室危险化学品安全使用及规范管理专.docx","4.後勤\4後勤危化品法規\病理实验室危险化学品安全使用及规范管理专.docx","CN","地區待確認","年份待確認","","研究論文／文獻","資訊安全與個人資料","藥事與藥品管理；醫技、檢驗與病理；急診與緊急醫療；臨床研究與人體試驗；醫療器材與設備；消防、治安與應急管理；環境、能源與醫療廢棄物；臨床診療與醫療技術；財務、採購與內部稽核；後勤、建築與設施安全；醫療治理與依法執業","docx","52928","2026-03-15T11:46:42.000Z","classified_candidate","0.75"
"468ea7af855c708a","病理实验室危险化学品安全使用及规范管理专家共识.pdf","4.後勤\4後勤危化品法規\病理实验室危险化学品安全使用及规范管理专家共识.pdf","UNKNOWN","地區待確認","年份待確認","","專家共識","醫技、檢驗與病理","環境、能源與醫療廢棄物；後勤、建築與設施安全","pdf","864156","2026-01-18T09:43:18.000Z","classified_candidate","0.35"
"edc469de23e4ae47","病理科化学危险品的安全使用和管理.pdf","4.後勤\4後勤危化品法規\病理科化学危险品的安全使用和管理.pdf","UNKNOWN","地區待確認","年份待確認","","待確認或非規範文件","醫技、檢驗與病理","後勤、建築與設施安全","pdf","245841","2025-08-14T05:29:20.000Z","classified_candidate","0.35"
"abb81bbe692d64f5","苏州市危险化学品中间仓库安全管理指南.pdf","4.後勤\4後勤危化品法規\苏州市危险化学品中间仓库安全管理指南.pdf","UNKNOWN","江蘇","年份待確認","","技術規範／診療指南","環境、能源與醫療廢棄物","後勤、建築與設施安全","pdf","581828","2022-07-28T11:54:02.000Z","classified_candidate","0.35"
"a615f833b66d1823","补充《危险化学品分类信息表》2022.pdf","4.後勤\4後勤危化品法規\补充《危险化学品分类信息表》2022.pdf","UNKNOWN","地區待確認","2022","2022","待確認或非規範文件","環境、能源與醫療廢棄物","後勤、建築與設施安全","pdf","48364","2023-03-21T08:38:46.000Z","classified_candidate","0.35"
"8b714afd01198fc5","龙泉市医疗卫生机构危险化学品安全管理制度.pdf","4.後勤\4後勤危化品法規\龙泉市医疗卫生机构危险化学品安全管理制度.pdf","UNKNOWN","地區待確認","年份待確認","","院內制度／SOP","環境、能源與醫療廢棄物","後勤、建築與設施安全","pdf","834659","2025-09-09T01:52:34.000Z","classified_candidate","0.35"
"4ef073c047b0a1c2","（中华人民共和国国务院令第 645 号）危险化学品.pdf","4.後勤\4後勤危化品法規\（中华人民共和国国务院令第 645 号）危险化学品.pdf","CN","地區待確認","年份待確認","","待確認或非規範文件","環境、能源與醫療廢棄物","後勤、建築與設施安全","pdf","1151289","2022-07-29T05:29:24.000Z","classified_candidate","0.75"
"de9cb55defc3bf52","全面质量管理视域下高校附属医院危化品安全管理.pdf","4.後勤\4後勤危化品法規\文獻\全面质量管理视域下高校附属医院危化品安全管理.pdf","UNKNOWN","地區待確認","年份待確認","","研究論文／文獻","醫院評鑑與醫療品質","後勤、建築與設施安全","pdf","2697319","2026-04-06T04:22:58.000Z","classified_candidate","0.35"
"ce79b69fac8643bf","化学品安全文摘 (1).pdf","4.後勤\4後勤危化品法規\文獻\化学品安全文摘 (1).pdf","UNKNOWN","地區待確認","年份待確認","","研究論文／文獻","後勤、建築與設施安全","","pdf","19390038","2026-04-06T01:05:20.000Z","classified_candidate","0.35"
"74f3c35ddd1f0a81","化学品安全文摘.pdf","4.後勤\4後勤危化品法規\文獻\化学品安全文摘.pdf","UNKNOWN","地區待確認","年份待確認","","研究論文／文獻","後勤、建築與設施安全","","pdf","19390038","2026-04-06T01:05:12.000Z","classified_candidate","0.35"
"4003075880fbd209","化工企业危险化学品存储与运输安全管理.pdf","4.後勤\4後勤危化品法規\文獻\化工企业危险化学品存储与运输安全管理.pdf","UNKNOWN","地區待確認","年份待確認","","研究論文／文獻","環境、能源與醫療廢棄物","後勤、建築與設施安全","pdf","989444","2026-04-06T01:05:26.000Z","classified_candidate","0.35"
"9a94cbf898f17143","医学院校化工实验室危化品全生命周期安全管理模式的构建与实践.pdf","4.後勤\4後勤危化品法規\文獻\医学院校化工实验室危化品全生命周期安全管理模式的构建与实践.pdf","UNKNOWN","地區待確認","年份待確認","","研究論文／文獻","醫技、檢驗與病理","後勤、建築與設施安全","pdf","797893","2026-04-06T05:12:32.000Z","classified_candidate","0.35"
"fab7cf933c8ad765","医院危险化学品使用和废弃物处置管理策略.pdf","4.後勤\4後勤危化品法規\文獻\医院危险化学品使用和废弃物处置管理策略.pdf","UNKNOWN","地區待確認","年份待確認","","研究論文／文獻","環境、能源與醫療廢棄物","後勤、建築與設施安全","pdf","1183350","2026-04-06T04:23:06.000Z","classified_candidate","0.35"
"433a8eafc4dc2111","医院后勤危险化学品安全管理问题与对策.pdf","4.後勤\4後勤危化品法規\文獻\医院后勤危险化学品安全管理问题与对策.pdf","UNKNOWN","地區待確認","年份待確認","","研究論文／文獻","環境、能源與醫療廢棄物","後勤、建築與設施安全","pdf","729804","2026-04-06T04:23:10.000Z","classified_candidate","0.35"
"b75f61473aadd777","医院后勤危险化学品安全管理问题与对策——评《化学药品对照品图谱集——总谱》.pdf","4.後勤\4後勤危化品法規\文獻\医院后勤危险化学品安全管理问题与对策——评《化学药品对照品图谱集——总谱》.pdf","UNKNOWN","地區待確認","年份待確認","","研究論文／文獻","藥事與藥品管理","環境、能源與醫療廢棄物；後勤、建築與設施安全","pdf","676670","2026-04-06T05:12:34.000Z","classified_candidate","0.35"
"3fff65c35756f0c1","医院实验室危化品的安全管理及事故防范.pdf","4.後勤\4後勤危化品法規\文獻\医院实验室危化品的安全管理及事故防范.pdf","UNKNOWN","地區待確認","年份待確認","","研究論文／文獻","醫技、檢驗與病理","後勤、建築與設施安全","pdf","1091797","2026-04-06T04:22:52.000Z","classified_candidate","0.35"
"e82bc9f15b88aafb","对病理实验室危险化学品安全管理及防护的探讨2021.pdf","4.後勤\4後勤危化品法規\文獻\对病理实验室危险化学品安全管理及防护的探讨2021.pdf","UNKNOWN","地區待確認","2021","2021","研究論文／文獻","醫技、檢驗與病理","環境、能源與醫療廢棄物；後勤、建築與設施安全","pdf","2065981","2026-01-18T08:49:18.000Z","classified_candidate","0.35"
"c453277ecd5a063f","病理实验室危险化学品安全使用及规范管理专.docx","4.後勤\4後勤危化品法規\文獻\病理实验室危险化学品安全使用及规范管理专.docx","CN","地區待確認","年份待確認","","研究論文／文獻","資訊安全與個人資料","藥事與藥品管理；醫技、檢驗與病理；急診與緊急醫療；臨床研究與人體試驗；醫療器材與設備；消防、治安與應急管理；環境、能源與醫療廢棄物；臨床診療與醫療技術；財務、採購與內部稽核；後勤、建築與設施安全；醫療治理與依法執業","docx","52928","2026-03-15T11:46:42.000Z","classified_candidate","0.75"
"4c898cb111117f85","病理实验室危险化学品安全使用及规范管理专家共识.pdf","4.後勤\4後勤危化品法規\文獻\病理实验室危险化学品安全使用及规范管理专家共识.pdf","UNKNOWN","地區待確認","年份待確認","","研究論文／文獻","醫技、檢驗與病理","環境、能源與醫療廢棄物；後勤、建築與設施安全","pdf","864156","2026-01-18T09:43:18.000Z","classified_candidate","0.35"
"ab168a1e331c8af8","病理科化学危险品的安全使用和管理.pdf","4.後勤\4後勤危化品法規\文獻\病理科化学危险品的安全使用和管理.pdf","UNKNOWN","地區待確認","年份待確認","","研究論文／文獻","醫技、檢驗與病理","後勤、建築與設施安全","pdf","245841","2025-08-14T05:29:20.000Z","classified_candidate","0.35"
"90695175bfa86db0","铜卫〔2022〕18号：关于印发铜陵市卫生健康系统危险化学品安全风险集中治理实施方案的通知.pdf","4.後勤\4後勤危化品法規\文獻\铜卫〔2022〕18号：关于印发铜陵市卫生健康系统危险化学品安全风险集中治理实施方案的通知.pdf","UNKNOWN","地區待確認","2022","2022","研究論文／文獻","環境、能源與醫療廢棄物","後勤、建築與設施安全","pdf","405782","2026-04-06T02:35:14.000Z","classified_candidate","0.35"
"e297631c33b8e95c","04-如何強化醫院消防安全-北部場.pdf","4.後勤\4後勤安全生產法規\04-如何強化醫院消防安全-北部場.pdf","UNKNOWN","地區待確認","年份待確認","","待確認或非規範文件","消防、治安與應急管理","後勤、建築與設施安全","pdf","2853182","2022-12-14T08:07:36.000Z","classified_candidate","0.35"
"4c5761bcb1ea6a47","2022河南 安全生產隱患.pdf","4.後勤\4後勤安全生產法規\2022河南 安全生產隱患.pdf","CN","河南","2022","2022","待確認或非規範文件","後勤、建築與設施安全","","pdf","6149769","2022-09-18T10:45:58.000Z","classified_candidate","0.75"
"685f7e77fce82a2d","DB13T 5274-2020.pdf","4.後勤\4後勤安全生產法規\DB13T 5274-2020.pdf","UNKNOWN","地區待確認","2020","2020","國家或地方標準","後勤、建築與設施安全","","pdf","1679310","2022-08-27T13:17:54.000Z","classified_candidate","0.35"
"56baa29de06d5988","DB13T 5274-2020河北省医疗机构安全生产风险管控与隐患排查.pdf","4.後勤\4後勤安全生產法規\DB13T 5274-2020河北省医疗机构安全生产风险管控与隐患排查.pdf","UNKNOWN","河北","2020","2020","國家或地方標準","後勤、建築與設施安全","醫療治理與依法執業","pdf","1679310","2022-08-27T13:18:18.000Z","classified_candidate","0.35"
"3f45455d67f1ccca","DB37T 3954-2020医疗卫生机构安全事故隐患排查治理体系.pdf","4.後勤\4後勤安全生產法規\DB37T 3954-2020医疗卫生机构安全事故隐患排查治理体系.pdf","UNKNOWN","地區待確認","2020","2020","國家或地方標準","後勤、建築與設施安全","","pdf","884360","2022-08-27T13:20:52.000Z","classified_candidate","0.35"
"c4d0adf03598e2c2","DB37T 3954-2020医疗卫生机构安全事故隐患排查治理体系山東.pdf","4.後勤\4後勤安全生產法規\DB37T 3954-2020医疗卫生机构安全事故隐患排查治理体系山東.pdf","CN","山東","2020","2020","國家或地方標準","後勤、建築與設施安全","","pdf","884360","2022-08-27T13:21:02.000Z","classified_candidate","0.75"
"8509232dd798a442","DB4401T 105.11-2021单位内部安全防范要求 第 11 部分：医院.docx","4.後勤\4後勤安全生產法規\DB4401T 105.11-2021单位内部安全防范要求 第 11 部分：医院.docx","UNKNOWN","地區待確認","2021","2021","醫院評鑑／認證標準","醫院評鑑與醫療品質","病歷、電子病歷與醫療資料；感染預防與控制；醫技、檢驗與病理；手術、麻醉與疼痛管理；急診與緊急醫療；臨床研究與人體試驗；醫療器材與設備；消防、治安與應急管理；環境、能源與醫療廢棄物；財務、採購與內部稽核；後勤、建築與設施安全；醫療治理與依法執業","docx","228346","2023-05-27T01:58:50.000Z","classified_candidate","0.35"
"c177c39f652c9edb","DB4401T 105.11-2021单位内部安全防范要求 第 11 部分：医院.pdf","4.後勤\4後勤安全生產法規\DB4401T 105.11-2021单位内部安全防范要求 第 11 部分：医院.pdf","UNKNOWN","地區待確認","2021","2021","國家或地方標準","消防、治安與應急管理","後勤、建築與設施安全","pdf","1575506","2023-05-26T06:15:32.000Z","classified_candidate","0.35"
"c1df1ebe0161eb86","T_CAME 43-2022 医院后勤运营管理评价.pdf","4.後勤\4後勤安全生產法規\T_CAME 43-2022 医院后勤运营管理评价.pdf","UNKNOWN","地區待確認","2022","2022","待確認或非規範文件","後勤、建築與設施安全","","pdf","2978120","2023-02-12T08:46:20.000Z","classified_candidate","0.35"
"9a383b3b925dadca","中华人民共和国安全生产法.pdf","4.後勤\4後勤安全生產法規\中华人民共和国安全生产法.pdf","CN","地區待確認","年份待確認","","待確認或非規範文件","後勤、建築與設施安全","","pdf","307496","2023-04-07T14:01:14.000Z","classified_candidate","0.75"
"97064e516ba2a2e1","中华人民共和国安全生产法2021.pdf","4.後勤\4後勤安全生產法規\中华人民共和国安全生产法2021.pdf","CN","地區待確認","2021","2021","待確認或非規範文件","後勤、建築與設施安全","","pdf","297309","2023-04-07T14:01:50.000Z","classified_candidate","0.75"
"d0175a352413e769","人员密集场所(医疗机构、学校、.pdf","4.後勤\4後勤安全生產法規\人员密集场所(医疗机构、学校、.pdf","UNKNOWN","地區待確認","年份待確認","","待確認或非規範文件","後勤、建築與設施安全","醫療治理與依法執業","pdf","1857217","2022-08-27T13:13:54.000Z","classified_candidate","0.35"
"f33f4e31630cf40e","使用有毒物品作业场所劳动保护条例.pdf","4.後勤\4後勤安全生產法規\使用有毒物品作业场所劳动保护条例.pdf","UNKNOWN","地區待確認","年份待確認","","行政法規／條例","後勤、建築與設施安全","","pdf","2980279","2023-04-02T08:04:08.000Z","classified_candidate","0.35"
"afecf5b9a0236cbc","全省卫生健康系统城镇燃气安全整治.doc","4.後勤\4後勤安全生產法規\全省卫生健康系统城镇燃气安全整治.doc","UNKNOWN","地區待確認","年份待確認","","待確認或非規範文件","後勤、建築與設施安全","","doc","91136","2022-08-27T05:49:44.000Z","classified_candidate","0.35"
"b3de45881f9b02df","全省卫生健康系统自建房安全专项整治.docx","4.後勤\4後勤安全生產法規\全省卫生健康系统自建房安全专项整治.docx","UNKNOWN","地區待確認","年份待確認","","技術規範／診療指南","醫院評鑑與醫療品質","感染預防與控制；醫技、檢驗與病理；急診與緊急醫療；生殖、婦幼與月子服務；臨床研究與人體試驗；醫療器材與設備；消防、治安與應急管理；財務、採購與內部稽核；後勤、建築與設施安全","docx","28139","2022-08-27T05:53:34.000Z","classified_candidate","0.35"
"5eb10f4a207028d9","全省卫生健康系统高层建筑重大火灾风险.doc","4.後勤\4後勤安全生產法規\全省卫生健康系统高层建筑重大火灾风险.doc","UNKNOWN","地區待確認","年份待確認","","待確認或非規範文件","後勤、建築與設施安全","","doc","105984","2022-08-27T05:48:14.000Z","classified_candidate","0.35"
"71278a936358baa5","关于推进医院安全秩序管理工作的指导意见.docx","4.後勤\4後勤安全生產法規\关于推进医院安全秩序管理工作的指导意见.docx","CN","地區待確認","年份待確認","","醫院評鑑／認證標準","醫院評鑑與醫療品質","資訊安全與個人資料；感染預防與控制；急診與緊急醫療；臨床研究與人體試驗；醫療器材與設備；消防、治安與應急管理；環境、能源與醫療廢棄物；醫院評鑑與醫療品質；後勤、建築與設施安全","docx","23560","2023-03-02T00:51:04.000Z","classified_candidate","0.75"
"655c328d626c31c4","医疗卫生机构安全生产标准化规范.pdf","4.後勤\4後勤安全生產法規\医疗卫生机构安全生产标准化规范.pdf","UNKNOWN","地區待確認","年份待確認","","待確認或非規範文件","後勤、建築與設施安全","","pdf","1107471","2023-07-13T03:38:14.000Z","classified_candidate","0.35"
"9126e2f2b1552510","医疗和疾控机构后勤安全生产工作管理指南2023 年版.pdf","4.後勤\4後勤安全生產法規\医疗和疾控机构后勤安全生产工作管理指南2023 年版.pdf","UNKNOWN","地區待確認","2023","2023","技術規範／診療指南","後勤、建築與設施安全","","pdf","3430909","2023-11-24T02:04:18.000Z","classified_candidate","0.35"
"a194f552c83472ee","医疗机构污水处理设施运行管理技术规范.pdf","4.後勤\4後勤安全生產法規\医疗机构污水处理设施运行管理技术规范.pdf","UNKNOWN","地區待確認","年份待確認","","技術規範／診療指南","環境、能源與醫療廢棄物","後勤、建築與設施安全；醫療治理與依法執業","pdf","556483","2023-07-13T03:32:00.000Z","classified_candidate","0.35"
"967ea9a44b23326a","医院卫生应急能力建设要求.pdf","4.後勤\4後勤安全生產法規\医院卫生应急能力建设要求.pdf","UNKNOWN","地區待確認","年份待確認","","待確認或非規範文件","急診與緊急醫療","消防、治安與應急管理；後勤、建築與設施安全","pdf","318324","2023-04-09T13:47:18.000Z","classified_candidate","0.35"
"13e61b50615fea4b","医院应急管理体系建设规范.pdf","4.後勤\4後勤安全生產法規\医院应急管理体系建设规范.pdf","UNKNOWN","地區待確認","年份待確認","","待確認或非規範文件","急診與緊急醫療","消防、治安與應急管理；後勤、建築與設施安全","pdf","301720","2023-03-31T13:15:10.000Z","classified_candidate","0.35"
"5c3a862ec63d372b","国家卫生计生委 公安部印发关于加强医院安全防范系统建设指导意见.docx","4.後勤\4後勤安全生產法規\国家卫生计生委 公安部印发关于加强医院安全防范系统建设指导意见.docx","UNKNOWN","地區待確認","年份待確認","","研究論文／文獻","病歷、電子病歷與醫療資料","資訊安全與個人資料；藥事與藥品管理；手術、麻醉與疼痛管理；急診與緊急醫療；臨床研究與人體試驗；醫療器材與設備；消防、治安與應急管理；環境、能源與醫療廢棄物；財務、採購與內部稽核；後勤、建築與設施安全；醫療治理與依法執業","docx","17519","2022-08-27T13:06:22.000Z","classified_candidate","0.35"
"9c05f4951cf7feca","安全标志及其使用导则.pdf","4.後勤\4後勤安全生產法規\安全标志及其使用导则.pdf","UNKNOWN","地區待確認","年份待確認","","待確認或非規範文件","後勤、建築與設施安全","","pdf","5286717","2023-04-07T13:57:18.000Z","classified_candidate","0.35"
"be63249479905f52","河北省有限空间作业安全管理规定.pdf","4.後勤\4後勤安全生產法規\河北省有限空间作业安全管理规定.pdf","UNKNOWN","河北","年份待確認","","行政法規／條例","後勤、建築與設施安全","","pdf","1763342","2023-04-09T13:16:14.000Z","classified_candidate","0.35"
"c008daee75829b10","河北省特种设备事故应急预案.pdf","4.後勤\4後勤安全生產法規\河北省特种设备事故应急预案.pdf","UNKNOWN","河北","年份待確認","","待確認或非規範文件","急診與緊急醫療","醫療器材與設備；消防、治安與應急管理；後勤、建築與設施安全","pdf","1667837","2023-04-09T13:24:14.000Z","classified_candidate","0.35"
"e527bd572d88583e","河北省特种设备安全风险分级管控隐患排查治理指导手册.pdf","4.後勤\4後勤安全生產法規\河北省特种设备安全风险分级管控隐患排查治理指导手册.pdf","UNKNOWN","河北","年份待確認","","待確認或非規範文件","醫療器材與設備","後勤、建築與設施安全","pdf","2524851","2023-04-09T13:22:16.000Z","classified_candidate","0.35"
"c93e24c336f4b207","河南省人民政府办公厅关于印发河南省突发公共卫生事件应急预案的通知_豫政办_河南省人民政府门户网站.pdf","4.後勤\4後勤安全生產法規\河南省人民政府办公厅关于印发河南省突发公共卫生事件应急预案的通知_豫政办_河南省人民政府门户网站.pdf","CN","河南","年份待確認","","公告／通知／函釋","急診與緊急醫療","消防、治安與應急管理；後勤、建築與設施安全","pdf","491776","2022-08-29T14:35:10.000Z","classified_candidate","0.75"
"576348204ba86967","河南省卫生健康系统安全生产风险分级管控与隐患排 查治理双重预防体系建设指导手册.pdf","4.後勤\4後勤安全生產法規\河南省卫生健康系统安全生产风险分级管控与隐患排 查治理双重预防体系建设指导手册.pdf","CN","河南","年份待確認","","待確認或非規範文件","後勤、建築與設施安全","","pdf","891294","2022-09-14T15:10:44.000Z","classified_candidate","0.75"
"ca41d191a92c7263","清双随机办〔2022〕14号清河县2022年度培训机构、托幼机构、燃气公司部门联合抽查计划.doc","4.後勤\4後勤安全生產法規\清双随机办〔2022〕14号清河县2022年度培训机构、托幼机构、燃气公司部门联合抽查计划.doc","UNKNOWN","地區待確認","2022","2022","教材／簡報／參考資料","後勤、建築與設施安全","","doc","27136","2022-09-18T11:21:18.000Z","classified_candidate","0.35"
"b4ea5fa8ab3bc55d","清河县人民政府关于印发清河县食品安全突发事件应急预案的通知-清河县人民政府.pdf","4.後勤\4後勤安全生產法規\清河县人民政府关于印发清河县食品安全突发事件应急预案的通知-清河县人民政府.pdf","UNKNOWN","地區待確認","年份待確認","","公告／通知／函釋","急診與緊急醫療","消防、治安與應急管理；後勤、建築與設施安全","pdf","501518","2022-09-18T11:28:32.000Z","classified_candidate","0.35"
"0a8d400a66e2c5d1","清河县人民政府办公室关于印发《清河县突发公共事件医疗卫生救援应急预案》的通知-清河县人民政府.pdf","4.後勤\4後勤安全生產法規\清河县人民政府办公室关于印发《清河县突发公共事件医疗卫生救援应急预案》的通知-清河县人民政府.pdf","UNKNOWN","地區待確認","年份待確認","","公告／通知／函釋","急診與緊急醫療","消防、治安與應急管理；後勤、建築與設施安全","pdf","387367","2022-09-18T11:29:06.000Z","classified_candidate","0.35"
"5f202c91361a7986","清河县人民政府办公室关于印发清河县药品（疫苗）和医疗器械安全突发事件应急预案的通知-清河县人民政府.pdf","4.後勤\4後勤安全生產法規\清河县人民政府办公室关于印发清河县药品（疫苗）和医疗器械安全突发事件应急预案的通知-清河县人民政府.pdf","UNKNOWN","地區待確認","年份待確認","","公告／通知／函釋","藥事與藥品管理","急診與緊急醫療；生殖、婦幼與月子服務；醫療器材與設備；消防、治安與應急管理；後勤、建築與設施安全","pdf","297226","2022-09-18T11:27:28.000Z","classified_candidate","0.35"
"947adc2b36bbe3dd","生产安全事故应急演练评估规范.docx","4.後勤\4後勤安全生產法規\生产安全事故应急演练评估规范.docx","CN","地區待確認","年份待確認","","醫院評鑑／認證標準","資訊安全與個人資料","藥事與藥品管理；醫技、檢驗與病理；急診與緊急醫療；生殖、婦幼與月子服務；臨床研究與人體試驗；醫療器材與設備；消防、治安與應急管理；環境、能源與醫療廢棄物；醫院評鑑與醫療品質；後勤、建築與設施安全","docx","65524","2022-08-16T06:41:36.000Z","classified_candidate","0.75"
"758ac7e0c6aa24fa","生產安全事故應急演練指南.pdf","4.後勤\4後勤安全生產法規\生產安全事故應急演練指南.pdf","UNKNOWN","地區待確認","年份待確認","","技術規範／診療指南","急診與緊急醫療","消防、治安與應急管理；後勤、建築與設施安全","pdf","3454490","2022-08-16T06:04:34.000Z","classified_candidate","0.35"
"a7dfe39479fb36d7","生產安全事故演練指南.pdf","4.後勤\4後勤安全生產法規\生產安全事故演練指南.pdf","UNKNOWN","地區待確認","年份待確認","","技術規範／診療指南","後勤、建築與設施安全","","pdf","806445","2022-08-15T08:31:32.000Z","classified_candidate","0.35"
"83dd3d51c8b108ea","生產安全應急演練.pdf","4.後勤\4後勤安全生產法規\生產安全應急演練.pdf","UNKNOWN","地區待確認","年份待確認","","待確認或非規範文件","急診與緊急醫療","消防、治安與應急管理；後勤、建築與設施安全","pdf","1173125","2022-08-16T06:02:56.000Z","classified_candidate","0.35"
"b4d5225dbdb95fad","职业健康检查管理办法.pdf","4.後勤\4後勤安全生產法規\职业健康检查管理办法.pdf","UNKNOWN","地區待確認","年份待確認","","院內制度／SOP","後勤、建築與設施安全","","pdf","172444","2022-07-06T09:46:24.000Z","classified_candidate","0.35"
"cc97a9eff51d0fae","職業間康監護技術規範.PDF","4.後勤\4後勤安全生產法規\職業間康監護技術規範.PDF","UNKNOWN","地區待確認","年份待確認","","技術規範／診療指南","後勤、建築與設施安全","","pdf","15530017","2022-07-05T13:48:28.000Z","classified_candidate","0.35"
"9540eba8456611be","醫療機構職業安全衛生規範廣東2023.pdf","4.後勤\4後勤安全生產法規\醫療機構職業安全衛生規範廣東2023.pdf","CN","廣東","2023","2023","待確認或非規範文件","職業安全與員工健康","後勤、建築與設施安全；醫療治理與依法執業","pdf","1101807","2023-07-13T02:50:52.000Z","classified_candidate","0.75"
"0500f0bc93242faa","醫療機構職業衛生與健康管理規範.pdf","4.後勤\4後勤安全生產法規\醫療機構職業衛生與健康管理規範.pdf","UNKNOWN","地區待確認","年份待確認","","待確認或非規範文件","後勤、建築與設施安全","醫療治理與依法執業","pdf","1101326","2023-04-02T08:14:30.000Z","classified_candidate","0.35"
"8070d37177a0bf7b","重庆市人民政府办公厅关于印发重庆市安全生产风险隐患管理办法的通知.pdf","4.後勤\4後勤安全生產法規\重庆市人民政府办公厅关于印发重庆市安全生产风险隐患管理办法的通知.pdf","CN","重慶","年份待確認","","公告／通知／函釋","後勤、建築與設施安全","","pdf","308130","2022-08-27T13:15:34.000Z","classified_candidate","0.75"
"6a09ed9773675680","医疗和疾控机构后勤安全生产工作管理指南2023 年版_7-34.pdf","4.後勤\4後勤安全生產法規\医疗和疾控机构后勤安全生产工作管理指南2023 年版(1)\医疗和疾控机构后勤安全生产工作管理指南2023 年版_7-34.pdf","UNKNOWN","地區待確認","2023","2023","技術規範／診療指南","後勤、建築與設施安全","","pdf","879077","2025-09-14T12:14:28.000Z","classified_candidate","0.35"
"5d82f71b7a2233f6","GB 51459-2024 医疗机构污水处理工程技术标准.pdf","4.後勤\4後勤汙水法規\GB 51459-2024 医疗机构污水处理工程技术标准.pdf","UNKNOWN","地區待確認","2024","2024","國家或地方標準","環境、能源與醫療廢棄物","後勤、建築與設施安全；醫療治理與依法執業","pdf","17733842","2024-06-21T01:13:26.000Z","classified_candidate","0.35"
"af776f32033d071a","医疗机构水污染物排放标准.docx","4.後勤\4後勤汙水法規\医疗机构水污染物排放标准.docx","UNKNOWN","地區待確認","年份待確認","","待確認或非規範文件","感染預防與控制","醫技、檢驗與病理；環境、能源與醫療廢棄物；後勤、建築與設施安全；醫療治理與依法執業","docx","117808","2022-08-05T06:59:30.000Z","classified_candidate","0.35"
"41b2377fc6ccc9f3","医疗机构水污染物排放标准.pdf","4.後勤\4後勤汙水法規\医疗机构水污染物排放标准.pdf","UNKNOWN","地區待確認","年份待確認","","待確認或非規範文件","後勤、建築與設施安全","醫療治理與依法執業","pdf","1124184","2022-08-05T06:36:20.000Z","classified_candidate","0.35"
"b463dde18617954f","医疗机构污水处理工程技术标准.pdf","4.後勤\4後勤汙水法規\医疗机构污水处理工程技术标准.pdf","UNKNOWN","地區待確認","年份待確認","","待確認或非規範文件","環境、能源與醫療廢棄物","後勤、建築與設施安全；醫療治理與依法執業","pdf","1629690","2022-09-04T05:39:20.000Z","classified_candidate","0.35"
"d51c4e35f29f72ef","污水中新型冠状病毒富集浓缩和核酸检测方法标准.pdf","4.後勤\4後勤汙水法規\污水中新型冠状病毒富集浓缩和核酸检测方法标准.pdf","UNKNOWN","地區待確認","年份待確認","","待確認或非規範文件","環境、能源與醫療廢棄物","後勤、建築與設施安全","pdf","441589","2022-09-04T05:34:06.000Z","classified_candidate","0.35"
"cc674e79a00a5463","醫院汙水處理工程技術規範.pdf","4.後勤\4後勤汙水法規\醫院汙水處理工程技術規範.pdf","UNKNOWN","地區待確認","年份待確認","","技術規範／診療指南","後勤、建築與設施安全","","pdf","260912","2022-08-05T06:37:56.000Z","classified_candidate","0.35"
"3becf45037bbda7a","DB31_T 1249-2020上海醫療廢物衛生管理規範.pdf","4.後勤\4後勤法規\DB31_T 1249-2020上海醫療廢物衛生管理規範.pdf","UNKNOWN","上海","2020","2020","國家或地方標準","後勤、建築與設施安全","","pdf","1032507","2023-03-31T13:10:14.000Z","classified_candidate","0.35"
"e7786c99a6c45ee7","DB61_T 1798-2023 医院保洁服务规范.pdf","4.後勤\4後勤法規\DB61_T 1798-2023 医院保洁服务规范.pdf","UNKNOWN","地區待確認","2023","2023","國家或地方標準","後勤、建築與設施安全","","pdf","473794","2024-02-19T08:22:48.000Z","classified_candidate","0.35"
"9a08f228c42ab323","GB 37487-2019 公共场所卫生管理规范.pdf","4.後勤\4後勤法規\GB 37487-2019 公共场所卫生管理规范.pdf","UNKNOWN","地區待確認","2019","2019","國家或地方標準","後勤、建築與設施安全","","pdf","4061622","2023-10-06T12:23:06.000Z","classified_candidate","0.35"
"c244a8b392700c3d","GB 37488-2019 公共场所卫生指标及限值要求.pdf","4.後勤\4後勤法規\GB 37488-2019 公共场所卫生指标及限值要求.pdf","UNKNOWN","地區待確認","2019","2019","國家或地方標準","後勤、建築與設施安全","","pdf","2090698","2023-10-06T12:24:06.000Z","classified_candidate","0.35"
"087667f4b20b9b26","GB 37489.1-2019 公共场所卫生设计规范 第1部分：总则.pdf","4.後勤\4後勤法規\GB 37489.1-2019 公共场所卫生设计规范 第1部分：总则.pdf","UNKNOWN","地區待確認","2019","2019","國家或地方標準","後勤、建築與設施安全","","pdf","1750536","2023-10-06T12:24:52.000Z","classified_candidate","0.35"
"0186d6b125718c31","GBT1576-2018工业锅炉水质.pdf","4.後勤\4後勤法規\GBT1576-2018工业锅炉水质.pdf","UNKNOWN","地區待確認","2018","2018","國家或地方標準","後勤、建築與設施安全","","pdf","6412068","2022-08-17T06:52:04.000Z","classified_candidate","0.35"
"bceb723b8d15b04d","TCFLP 0023-2019 医药产品医院院内物流服务规范.docx","4.後勤\4後勤法規\TCFLP 0023-2019 医药产品医院院内物流服务规范.docx","CN","地區待確認","2019","2019","醫院評鑑／認證標準","醫院評鑑與醫療品質","資訊安全與個人資料；藥事與藥品管理；護理管理；手術、麻醉與疼痛管理；急診與緊急醫療；醫療器材與設備；消防、治安與應急管理；環境、能源與醫療廢棄物；財務、採購與內部稽核；醫院評鑑與醫療品質；後勤、建築與設施安全；醫療治理與依法執業","docx","148118","2022-08-24T02:28:08.000Z","classified_candidate","0.75"
"1cbdeb089d400549","TCFLP 0023-2019 医药产品医院院内物流服务规范.pdf","4.後勤\4後勤法規\TCFLP 0023-2019 医药产品医院院内物流服务规范.pdf","UNKNOWN","地區待確認","2019","2019","待確認或非規範文件","後勤、建築與設施安全","","pdf","2672394","2022-08-24T02:24:04.000Z","classified_candidate","0.35"
"f7b656f90f2e9663","TCHAS 10-3-9-2020医疗保障 环境设施保障.pdf","4.後勤\4後勤法規\TCHAS 10-3-9-2020医疗保障 环境设施保障.pdf","UNKNOWN","地區待確認","2020","2020","待確認或非規範文件","環境、能源與醫療廢棄物","後勤、建築與設施安全","pdf","1322076","2023-11-15T01:49:36.000Z","classified_candidate","0.35"
"61879f37fee46a96","T_CAME 43-2022 医院后勤运营管理评价.pdf","4.後勤\4後勤法規\T_CAME 43-2022 医院后勤运营管理评价.pdf","UNKNOWN","地區待確認","2022","2022","待確認或非規範文件","後勤、建築與設施安全","","pdf","2978120","2023-02-12T08:45:26.000Z","classified_candidate","0.35"
"70239bc61750f79e","T_HBSYYXH T_HBSYYXH0001-2022 医院智慧后勤建.pdf","4.後勤\4後勤法規\T_HBSYYXH T_HBSYYXH0001-2022 医院智慧后勤建.pdf","UNKNOWN","地區待確認","2022","2022","待確認或非規範文件","後勤、建築與設施安全","","pdf","17586506","2023-09-24T06:27:54.000Z","classified_candidate","0.35"
"50cc7a39a963b3c2","T_SHWSHQ 04-2019 医院生活垃圾分类及收集规范.pdf","4.後勤\4後勤法規\T_SHWSHQ 04-2019 医院生活垃圾分类及收集规范.pdf","UNKNOWN","地區待確認","2019","2019","待確認或非規範文件","後勤、建築與設施安全","","pdf","4382478","2023-02-12T09:09:00.000Z","classified_candidate","0.35"
"21a5463b4da5f9ea","中华人民共和国特种设备安全法.docx","4.後勤\4後勤法規\中华人民共和国特种设备安全法.docx","CN","地區待確認","年份待確認","","查檢表／稽核表","醫技、檢驗與病理","急診與緊急醫療；臨床研究與人體試驗；醫療器材與設備；消防、治安與應急管理；環境、能源與醫療廢棄物；醫院評鑑與醫療品質；後勤、建築與設施安全","docx","30776","2022-08-25T08:06:18.000Z","classified_candidate","0.75"
"6a551e25c053cc50","二次供水運行管理.pdf","4.後勤\4後勤法規\二次供水運行管理.pdf","UNKNOWN","地區待確認","年份待確認","","待確認或非規範文件","後勤、建築與設施安全","","pdf","4903427","2022-08-17T06:42:40.000Z","classified_candidate","0.35"
"6b2e2e3678decf9f","供熱系統運行管理.pdf","4.後勤\4後勤法規\供熱系統運行管理.pdf","UNKNOWN","地區待確認","年份待確認","","待確認或非規範文件","後勤、建築與設施安全","","pdf","6076923","2022-08-17T06:44:44.000Z","classified_candidate","0.35"
"57d0671733618016","医疗卫生机构卫生间查检表整理0325.xlsx","4.後勤\4後勤法規\医疗卫生机构卫生间查检表整理0325.xlsx","UNKNOWN","地區待確認","年份待確認","","查檢表／稽核表","資訊安全與個人資料","感染預防與控制；急診與緊急醫療；醫療器材與設備；消防、治安與應急管理；環境、能源與醫療廢棄物；醫院評鑑與醫療品質；後勤、建築與設施安全；圖書、教育與文件管理；醫療治理與依法執業","xlsx","27394","2023-03-25T13:55:14.000Z","classified_candidate","0.35"
"641b0b5e773af3ea","医疗和疾控机构后勤安全生产工作管理指南-国家卫生健康委员会.pdf","4.後勤\4後勤法規\医疗和疾控机构后勤安全生产工作管理指南-国家卫生健康委员会.pdf","UNKNOWN","地區待確認","年份待確認","","技術規範／診療指南","後勤、建築與設施安全","","pdf","3468425","2021-06-17T08:41:00.000Z","classified_candidate","0.35"
"eb2533ba7a06b5b8","医疗和疾控机构消防安全生产工作管理指南-国家卫生健康委员会.pdf","4.後勤\4後勤法規\医疗和疾控机构消防安全生产工作管理指南-国家卫生健康委员会.pdf","UNKNOWN","地區待確認","年份待確認","","技術規範／診療指南","消防、治安與應急管理","後勤、建築與設施安全","pdf","423895","2021-11-18T08:43:16.000Z","classified_candidate","0.35"
"48ffb304da81a2d6","医疗机构保洁服务规范北京.pdf","4.後勤\4後勤法規\医疗机构保洁服务规范北京.pdf","UNKNOWN","北京","年份待確認","","待確認或非規範文件","後勤、建築與設施安全","醫療治理與依法執業","pdf","149450","2023-04-02T08:26:36.000Z","classified_candidate","0.35"
"d41d8032bbf09007","医疗机构消防安全管理九项规定.docx","4.後勤\4後勤法規\医疗机构消防安全管理九项规定.docx","UNKNOWN","地區待確認","年份待確認","","研究論文／文獻","醫技、檢驗與病理","手術、麻醉與疼痛管理；急診與緊急醫療；臨床研究與人體試驗；醫療器材與設備；消防、治安與應急管理；環境、能源與醫療廢棄物；後勤、建築與設施安全；醫療治理與依法執業","docx","22522","2022-08-25T08:18:00.000Z","classified_candidate","0.35"
"a86c63283c152059","工作场所有害因素职业接触限值.pdf","4.後勤\4後勤法規\工作场所有害因素职业接触限值.pdf","UNKNOWN","地區待確認","年份待確認","","待確認或非規範文件","後勤、建築與設施安全","","pdf","2135026","2022-07-06T09:40:02.000Z","classified_candidate","0.35"
"8f2430066f62868f","工作场所职业卫生管理规定.pdf","4.後勤\4後勤法規\工作场所职业卫生管理规定.pdf","UNKNOWN","地區待確認","年份待確認","","行政法規／條例","後勤、建築與設施安全","","pdf","334274","2022-07-06T09:22:24.000Z","classified_candidate","0.35"
"7744bbe49e89af86","市场监管总局关于发布餐饮服务食品安全操作规范的公告.docx","4.後勤\4後勤法規\市场监管总局关于发布餐饮服务食品安全操作规范的公告.docx","UNKNOWN","地區待確認","年份待確認","","國家或地方標準","感染預防與控制","醫技、檢驗與病理；醫療器材與設備；環境、能源與醫療廢棄物；財務、採購與內部稽核；後勤、建築與設施安全；圖書、教育與文件管理；醫療治理與依法執業","docx","219546","2022-06-30T08:41:00.000Z","classified_candidate","0.35"
"1c7c1151e1d606af","放射工作人员职业健康检查和受照剂量估算.pdf","4.後勤\4後勤法規\放射工作人员职业健康检查和受照剂量估算.pdf","UNKNOWN","地區待確認","年份待確認","","待確認或非規範文件","後勤、建築與設施安全","","pdf","669010","2023-04-02T07:58:36.000Z","classified_candidate","0.35"
"808dd8aff64e13ff","新职工三级安全教育卡(完整版).docx","4.後勤\4後勤法規\新职工三级安全教育卡(完整版).docx","UNKNOWN","地區待確認","年份待確認","","教材／簡報／參考資料","急診與緊急醫療","醫療器材與設備；消防、治安與應急管理；環境、能源與醫療廢棄物；後勤、建築與設施安全","docx","18138","2022-09-02T13:38:14.000Z","classified_candidate","0.35"
"8f93310712cea63e","浅谈医院等级评审对后勤管理工作的影响.pdf","4.後勤\4後勤法規\浅谈医院等级评审对后勤管理工作的影响.pdf","UNKNOWN","地區待確認","年份待確認","","醫院評鑑／認證標準","醫院評鑑與醫療品質","後勤、建築與設施安全","pdf","1399309","2023-02-12T06:25:58.000Z","classified_candidate","0.35"
"fb408811c9c7273d","第 3-9 部分：医疗保障 环境设施保障.docx","4.後勤\4後勤法規\第 3-9 部分：医疗保障 环境设施保障.docx","CN","地區待確認","年份待確認","","研究論文／文獻","病歷、電子病歷與醫療資料","資訊安全與個人資料；藥事與藥品管理；感染預防與控制；護理管理；醫技、檢驗與病理；手術、麻醉與疼痛管理；急診與緊急醫療；輸血與器官移植；生殖、婦幼與月子服務；醫療器材與設備；消防、治安與應急管理；環境、能源與醫療廢棄物；臨床診療與醫療技術；後勤、建築與設施安全；醫療治理與依法執業","docx","204576","2022-06-29T05:14:04.000Z","classified_candidate","0.75"
"b4856df7efc1e7dc","联合委员会国际部评审对医院后勤管理的推动作用.pdf","4.後勤\4後勤法規\联合委员会国际部评审对医院后勤管理的推动作用.pdf","UNKNOWN","地區待確認","年份待確認","","醫院評鑑／認證標準","醫院評鑑與醫療品質","後勤、建築與設施安全","pdf","410673","2023-02-10T06:47:44.000Z","classified_candidate","0.35"
"86b689a1ad82f6ab","附件5环境设施保障标准 (1).pdf","4.後勤\4後勤法規\附件5环境设施保障标准 (1).pdf","UNKNOWN","地區待確認","年份待確認","","待確認或非規範文件","環境、能源與醫療廢棄物","後勤、建築與設施安全","pdf","1418307","2022-07-19T02:48:18.000Z","classified_candidate","0.35"
"7317d5f5bcfb193d","附件5环境设施保障标准.docx","4.後勤\4後勤法規\附件5环境设施保障标准.docx","CN","地區待確認","年份待確認","","研究論文／文獻","病歷、電子病歷與醫療資料","資訊安全與個人資料；藥事與藥品管理；感染預防與控制；護理管理；醫技、檢驗與病理；手術、麻醉與疼痛管理；急診與緊急醫療；輸血與器官移植；生殖、婦幼與月子服務；醫療器材與設備；消防、治安與應急管理；環境、能源與醫療廢棄物；臨床診療與醫療技術；後勤、建築與設施安全；醫療治理與依法執業","docx","131004","2022-06-20T06:46:10.000Z","classified_candidate","0.75"
"6041504341c673d4","附件5环境设施保障标准.pdf","4.後勤\4後勤法規\附件5环境设施保障标准.pdf","UNKNOWN","地區待確認","年份待確認","","待確認或非規範文件","環境、能源與醫療廢棄物","後勤、建築與設施安全","pdf","812002","2022-06-20T06:45:56.000Z","classified_candidate","0.35"
"d1956fd5ead9c42f","2020医疗机构消防安全管理.pdf","4.後勤\4後勤消防法規\2020医疗机构消防安全管理.pdf","UNKNOWN","地區待確認","2020","2020","待確認或非規範文件","消防、治安與應急管理","後勤、建築與設施安全；醫療治理與依法執業","pdf","439673","2023-09-24T07:32:36.000Z","classified_candidate","0.35"
"334b745936584769","DB11_T 2103.10-2024 社会单位和重点场所消防安全管理规.pdf","4.後勤\4後勤消防法規\DB11_T 2103.10-2024 社会单位和重点场所消防安全管理规.pdf","UNKNOWN","地區待確認","2024","2024","國家或地方標準","消防、治安與應急管理","後勤、建築與設施安全","pdf","203739","2024-07-19T08:39:44.000Z","classified_candidate","0.35"
"a374d09105278d6b","DB12_T 1340-2024 高层住宅建筑灭火和应急疏散预案编制及演.pdf","4.後勤\4後勤消防法規\DB12_T 1340-2024 高层住宅建筑灭火和应急疏散预案编制及演.pdf","UNKNOWN","地區待確認","2024","2024","國家或地方標準","急診與緊急醫療","消防、治安與應急管理；後勤、建築與設施安全","pdf","725919","2024-10-10T14:41:18.000Z","classified_candidate","0.35"
"b7b3bf9726fc93ae","DB36_T 806-2023 医院消防安全管理规范.pdf","4.後勤\4後勤消防法規\DB36_T 806-2023 医院消防安全管理规范.pdf","UNKNOWN","地區待確認","2023","2023","國家或地方標準","消防、治安與應急管理","後勤、建築與設施安全","pdf","4191469","2023-09-24T06:27:18.000Z","classified_candidate","0.35"
"361c8ed60d2e1ae1","GB 50045-1995 (2005年版)高层民用建筑设计防火规范 附条文说明.pdf","4.後勤\4後勤消防法規\GB 50045-1995 (2005年版)高层民用建筑设计防火规范 附条文说明.pdf","UNKNOWN","地區待確認","2005","2005；1995","國家或地方標準","消防、治安與應急管理","後勤、建築與設施安全","pdf","35365280","2024-11-07T06:50:32.000Z","classified_candidate","0.35"
"8aaaf037c3ff6a7b","GB_T 40248-2021 人员密集场所消防安全管理.pdf","4.後勤\4後勤消防法規\GB_T 40248-2021 人员密集场所消防安全管理.pdf","UNKNOWN","地區待確認","2021","2021","國家或地方標準","消防、治安與應急管理","後勤、建築與設施安全","pdf","9841954","2023-11-05T10:30:30.000Z","classified_candidate","0.35"
"f2c2547dbbb00a2d","WS_T 820-2023 医院电力系统消防安全管理标准.pdf","4.後勤\4後勤消防法規\WS_T 820-2023 医院电力系统消防安全管理标准.pdf","UNKNOWN","地區待確認","2023","2023","國家或地方標準","消防、治安與應急管理","後勤、建築與設施安全","pdf","304534","2026-02-03T03:17:22.000Z","classified_candidate","0.35"
"a60db678a6d9fd6c","《建筑灭火器配置验收及检查规范》GB+50444-2008.pdf","4.後勤\4後勤消防法規\《建筑灭火器配置验收及检查规范》GB+50444-2008.pdf","UNKNOWN","地區待確認","2008","2008","國家或地方標準","消防、治安與應急管理","後勤、建築與設施安全","pdf","4197099","2022-11-07T05:29:52.000Z","classified_candidate","0.35"
"700212fcffac002a","《消防安全重大风险隐患排查指引（试行）》.pdf","4.後勤\4後勤消防法規\《消防安全重大风险隐患排查指引（试行）》.pdf","UNKNOWN","地區待確認","年份待確認","","待確認或非規範文件","消防、治安與應急管理","後勤、建築與設施安全","pdf","376533","2024-11-12T09:36:20.000Z","classified_candidate","0.35"
"97a37b6e6cc7c2ab","关于印发医疗机构消防安全管理九项规定（2020年版）的通知.pdf","4.後勤\4後勤消防法規\关于印发医疗机构消防安全管理九项规定（2020年版）的通知.pdf","UNKNOWN","地區待確認","2020","2020","公告／通知／函釋","消防、治安與應急管理","後勤、建築與設施安全；醫療治理與依法執業","pdf","280115","2022-08-24T01:45:18.000Z","classified_candidate","0.35"
"24813e7547cbda96","医疗和疾控机构消防安全生产工作管理指南(2023 年版).pdf","4.後勤\4後勤消防法規\医疗和疾控机构消防安全生产工作管理指南(2023 年版).pdf","UNKNOWN","地區待確認","2023","2023","技術規範／診療指南","消防、治安與應急管理","後勤、建築與設施安全","pdf","1972537","2023-11-24T02:11:48.000Z","classified_candidate","0.35"
"8c8449a4808bcd2e","医疗机构消防安全管理 .pdf","4.後勤\4後勤消防法規\医疗机构消防安全管理 .pdf","UNKNOWN","地區待確認","年份待確認","","待確認或非規範文件","消防、治安與應急管理","後勤、建築與設施安全；醫療治理與依法執業","pdf","557516","2020-06-13T11:20:58.000Z","classified_candidate","0.35"
"e165d81223082580","医疗机构消防安全管理.pdf","4.後勤\4後勤消防法規\医疗机构消防安全管理.pdf","UNKNOWN","地區待確認","年份待確認","","待確認或非規範文件","消防、治安與應急管理","後勤、建築與設施安全；醫療治理與依法執業","pdf","439673","2022-07-06T13:23:02.000Z","classified_candidate","0.35"
"02e21ff7f047724f","消防安全評估.pdf","4.後勤\4後勤消防法規\消防安全評估.pdf","UNKNOWN","地區待確認","年份待確認","","待確認或非規範文件","消防、治安與應急管理","後勤、建築與設施安全","pdf","85497415","2022-08-26T08:21:26.000Z","classified_candidate","0.35"
"f300fc311524b2e1","消防安全重點.pdf","4.後勤\4後勤消防法規\消防安全重點.pdf","UNKNOWN","地區待確認","年份待確認","","待確認或非規範文件","消防、治安與應急管理","後勤、建築與設施安全","pdf","3777854","2022-08-26T08:19:40.000Z","classified_candidate","0.35"
"264167a9499b22f6","消防裝備.pdf","4.後勤\4後勤消防法規\消防裝備.pdf","UNKNOWN","地區待確認","年份待確認","","待確認或非規範文件","消防、治安與應急管理","後勤、建築與設施安全","pdf","4004233","2022-08-26T08:19:26.000Z","classified_candidate","0.35"
"4e3fab3305fc369c","滅火救援信息.pdf","4.後勤\4後勤消防法規\滅火救援信息.pdf","UNKNOWN","地區待確認","年份待確認","","待確認或非規範文件","消防、治安與應急管理","後勤、建築與設施安全","pdf","7557348","2022-08-26T08:19:02.000Z","classified_candidate","0.35"
"757456b8d25a63fd","灭火器维修XF95-2015.pdf","4.後勤\4後勤消防法規\灭火器维修XF95-2015.pdf","UNKNOWN","地區待確認","2015","2015","待確認或非規範文件","消防、治安與應急管理","後勤、建築與設施安全","pdf","650201","2022-11-07T05:30:34.000Z","classified_candidate","0.35"
"83ccec40f9f90059","第一教學大樓起火樓層自衛消防編組啟動演練劇本v2.pdf","4.後勤\4後勤消防法規\第一教學大樓起火樓層自衛消防編組啟動演練劇本v2.pdf","UNKNOWN","地區待確認","年份待確認","","待確認或非規範文件","消防、治安與應急管理","後勤、建築與設施安全","pdf","194607","2024-10-06T01:51:38.000Z","classified_candidate","0.35"
"727593d9720383e0","附件1：医疗和疾控机构消防安全生产工作管理指南（2023年版）(2).pdf","4.後勤\4後勤消防法規\附件1：医疗和疾控机构消防安全生产工作管理指南（2023年版）(2).pdf","UNKNOWN","地區待確認","2023","2023","技術規範／診療指南","消防、治安與應急管理","後勤、建築與設施安全","pdf","452015","2023-09-21T00:51:50.000Z","classified_candidate","0.35"
"974f07b9061e44b8","高层建筑发生火灾，自救知识.pdf","4.後勤\4後勤消防法規\高层建筑发生火灾，自救知识.pdf","UNKNOWN","地區待確認","年份待確認","","待確認或非規範文件","消防、治安與應急管理","後勤、建築與設施安全","pdf","1934024","2024-11-12T09:53:18.000Z","classified_candidate","0.35"
"93d02e54093520df","高层民用建筑消防安全管理规定.doc","4.後勤\4後勤消防法規\高层民用建筑消防安全管理规定.doc","UNKNOWN","地區待確認","年份待確認","","行政法規／條例","消防、治安與應急管理","後勤、建築與設施安全","doc","65536","2024-11-12T09:35:00.000Z","classified_candidate","0.35"
"d11d98f7463f2251","GB 50045-1995 (2005年版)高层民用建筑设计防火规范 附条文说明.pdf","4.後勤\4後勤消防法規\GB 50045-1995\GB 50045-1995 (2005年版)高层民用建筑设计防火规范 附条文说明.pdf","UNKNOWN","地區待確認","2005","2005；1995","國家或地方標準","消防、治安與應急管理","後勤、建築與設施安全","pdf","35546938","2011-03-04T11:13:06.000Z","classified_candidate","0.35"
"0661bcae02123c89","T_SZSA 030.1-2024 医院及医疗机构建筑空间照明技术规范 .pdf","4.後勤\4後勤照明標準\T_SZSA 030.1-2024 医院及医疗机构建筑空间照明技术规范 .pdf","UNKNOWN","地區待確認","2024","2024","技術規範／診療指南","後勤、建築與設施安全","醫療治理與依法執業","pdf","4135687","2025-02-28T01:24:28.000Z","classified_candidate","0.35"
"2a246d5740690bcf","医院及医疗机构建筑空间照明技术规范 第1部分：总规范.pdf","4.後勤\4後勤照明標準\医院及医疗机构建筑空间照明技术规范 第1部分：总规范.pdf","UNKNOWN","地區待確認","年份待確認","","技術規範／診療指南","後勤、建築與設施安全","醫療治理與依法執業","pdf","5301712","2023-04-09T14:22:16.000Z","classified_candidate","0.35"
"a3a4e76dba171f04","医院及医疗机构建筑空间照明技术规范 第2部分：安装与维护.pdf","4.後勤\4後勤照明標準\医院及医疗机构建筑空间照明技术规范 第2部分：安装与维护.pdf","UNKNOWN","地區待確認","年份待確認","","技術規範／診療指南","後勤、建築與設施安全","醫療治理與依法執業","pdf","4405986","2023-04-09T14:16:36.000Z","classified_candidate","0.35"
"6488ef8995abd516","照明系統節能技術手冊.pdf","4.後勤\4後勤照明標準\照明系統節能技術手冊.pdf","UNKNOWN","地區待確認","年份待確認","","待確認或非規範文件","環境、能源與醫療廢棄物","後勤、建築與設施安全","pdf","9716838","2023-08-13T07:50:42.000Z","classified_candidate","0.35"
"1c16a53ed44a5930","病区照明管理暂行规定.doc","4.後勤\4後勤照明標準\病区照明管理暂行规定.doc","UNKNOWN","地區待確認","年份待確認","","行政法規／條例","後勤、建築與設施安全","","doc","52224","2023-08-13T07:20:58.000Z","classified_candidate","0.35"
"d34ad54077331c00","2013公共場所空調清洗消毒規範.pdf","4.後勤\4後勤空調法規\2013公共場所空調清洗消毒規範.pdf","UNKNOWN","地區待確認","2013","2013","待確認或非規範文件","感染預防與控制","後勤、建築與設施安全","pdf","829262","2022-09-04T08:09:48.000Z","classified_candidate","0.35"
"1efe17f0a902df05","DB11!T-485-2020集中空调通风系统卫生管理规范.pdf","4.後勤\4後勤空調法規\DB11!T-485-2020集中空调通风系统卫生管理规范.pdf","UNKNOWN","地區待確認","2020","2020","國家或地方標準","後勤、建築與設施安全","","pdf","270442","2022-08-17T13:58:12.000Z","classified_candidate","0.35"
"52bf19f81489a718","DB31_T 1572-2025 医疗机构集中空调通风系统卫生规范.pdf","4.後勤\4後勤空調法規\DB31_T 1572-2025 医疗机构集中空调通风系统卫生规范.pdf","UNKNOWN","地區待確認","2025","2025","國家或地方標準","後勤、建築與設施安全","醫療治理與依法執業","pdf","799651","2025-05-30T02:42:00.000Z","classified_candidate","0.35"
"3d6188960372956e","GB19210-2003空调通风系统清洗规范.docx","4.後勤\4後勤空調法規\GB19210-2003空调通风系统清洗规范.docx","CN","地區待確認","2003","2003；1921","研究論文／文獻","藥事與藥品管理","感染預防與控制；醫技、檢驗與病理；臨床研究與人體試驗；醫療器材與設備；環境、能源與醫療廢棄物；財務、採購與內部稽核；後勤、建築與設施安全","docx","65117","2022-08-17T13:59:48.000Z","classified_candidate","0.75"
"0dbbe57815868671","T_KT SYL2402-2025 医疗机构集中空调通风系统清洗消毒技术.pdf","4.後勤\4後勤空調法規\T_KT SYL2402-2025 医疗机构集中空调通风系统清洗消毒技术.pdf","UNKNOWN","地區待確認","2025","2025","待確認或非規範文件","感染預防與控制","後勤、建築與設施安全；醫療治理與依法執業","pdf","843231","2025-04-02T06:38:14.000Z","classified_candidate","0.35"
"f0d7df7093415d6c","WS 10013-2023 公共场所集中空调通风系统卫生规范.pdf","4.後勤\4後勤空調法規\WS 10013-2023 公共场所集中空调通风系统卫生规范.pdf","UNKNOWN","地區待確認","2023","2023","國家或地方標準","後勤、建築與設施安全","","pdf","896160","2024-07-02T04:19:06.000Z","classified_candidate","0.35"
"b30a28efb1ef8bf2","WS_T 10004-2023 公共场所集中空调通风系统卫生学评价规范.pdf","4.後勤\4後勤空調法規\WS_T 10004-2023 公共场所集中空调通风系统卫生学评价规范.pdf","UNKNOWN","地區待確認","2023","2023","國家或地方標準","後勤、建築與設施安全","","pdf","568360","2024-07-02T04:18:50.000Z","classified_candidate","0.35"
"5f24518103365923","WS_T 10005-2023 公共场所集中空调通风系统清洗消毒规范.pdf","4.後勤\4後勤空調法規\WS_T 10005-2023 公共场所集中空调通风系统清洗消毒规范.pdf","UNKNOWN","地區待確認","2023","2023","國家或地方標準","感染預防與控制","後勤、建築與設施安全","pdf","502685","2024-07-02T04:19:26.000Z","classified_candidate","0.35"
"4f04d9676629a710","公共场所集中空调通风系统清洗消毒规范.pdf","4.後勤\4後勤空調法規\公共场所集中空调通风系统清洗消毒规范.pdf","UNKNOWN","地區待確認","年份待確認","","待確認或非規範文件","感染預防與控制","後勤、建築與設施安全","pdf","184594","2022-09-04T07:43:20.000Z","classified_candidate","0.35"
"342a726e5261ca38","公共場所通風系統衛生規範2012.pdf","4.後勤\4後勤空調法規\公共場所通風系統衛生規範2012.pdf","UNKNOWN","地區待確認","2012","2012","待確認或非規範文件","後勤、建築與設施安全","","pdf","10184935","2022-09-04T07:42:28.000Z","classified_candidate","0.35"
"c8bce59c54f0b903","卫生行业标准WS488-2016《医院中央空调系统运行管理》.pdf","4.後勤\4後勤空調法規\卫生行业标准WS488-2016《医院中央空调系统运行管理》.pdf","UNKNOWN","地區待確認","2016","2016","國家或地方標準","後勤、建築與設施安全","","pdf","825454","2022-08-17T12:36:38.000Z","classified_candidate","0.35"
"943cb6a5779b070f","新型冠状病毒肺炎疫情防控期间公共建筑空調通風系統技術指南.pdf","4.後勤\4後勤空調法規\新型冠状病毒肺炎疫情防控期间公共建筑空調通風系統技術指南.pdf","UNKNOWN","地區待確認","年份待確認","","技術規範／診療指南","後勤、建築與設施安全","","pdf","285664","2022-09-04T07:41:54.000Z","classified_candidate","0.35"
"f775fa54e98d4d54","空调通风系统运行管理卫生规范.pdf","4.後勤\4後勤空調法規\空调通风系统运行管理卫生规范.pdf","UNKNOWN","地區待確認","年份待確認","","待確認或非規範文件","後勤、建築與設施安全","","pdf","266097","2022-09-04T08:06:18.000Z","classified_candidate","0.35"
"f4a2e2ca6ffdbcc6","空调通风系统运行管理标准 GB50365-2019.pdf","4.後勤\4後勤空調法規\空调通风系统运行管理标准 GB50365-2019.pdf","UNKNOWN","地區待確認","2019","2019","國家或地方標準","後勤、建築與設施安全","","pdf","5266862","2022-09-04T07:42:40.000Z","classified_candidate","0.35"
"82bbc10c773b564a","10902410绿色医院评价规范.pdf","4.後勤\4後勤節能法規\10902410绿色医院评价规范.pdf","UNKNOWN","地區待確認","年份待確認","","待確認或非規範文件","環境、能源與醫療廢棄物","後勤、建築與設施安全","pdf","333853","2024-03-08T15:54:24.000Z","classified_candidate","0.35"
"9405f793f5fecd4f","2023 版医药行业节能诊断服务指南.pdf","4.後勤\4後勤節能法規\2023 版医药行业节能诊断服务指南.pdf","UNKNOWN","地區待確認","2023","2023","技術規範／診療指南","環境、能源與醫療廢棄物","後勤、建築與設施安全","pdf","952886","2024-03-08T15:51:14.000Z","classified_candidate","0.35"
"0dc62314d6e28eaf","DB11_T 2395-2025 能源计量器具配备和管理规范 医院.pdf","4.後勤\4後勤節能法規\DB11_T 2395-2025 能源计量器具配备和管理规范 医院.pdf","UNKNOWN","地區待確認","2025","2025","國家或地方標準","環境、能源與醫療廢棄物","後勤、建築與設施安全","pdf","158490","2025-05-30T02:26:22.000Z","classified_candidate","0.35"
"90c33c135eb01bf2","DB11_T 936.8-2022 节水评价规范 第8部分：医院.pdf","4.後勤\4後勤節能法規\DB11_T 936.8-2022 节水评价规范 第8部分：医院.pdf","UNKNOWN","地區待確認","2022","2022","國家或地方標準","環境、能源與醫療廢棄物","後勤、建築與設施安全","pdf","177156","2023-02-12T08:43:02.000Z","classified_candidate","0.35"
"eedd9476319116bc","DB13(J)_T 8506-2022 超低能耗公共建筑节能设计标准.pdf","4.後勤\4後勤節能法規\DB13(J)_T 8506-2022 超低能耗公共建筑节能设计标准.pdf","UNKNOWN","地區待確認","2022","2022","國家或地方標準","環境、能源與醫療廢棄物","後勤、建築與設施安全","pdf","3375018","2023-07-10T05:06:32.000Z","classified_candidate","0.35"
"bde92bfe4c5a24ba","DB13_T 5947-2024 医疗卫生机构能源消耗限额引导性指标.pdf","4.後勤\4後勤節能法規\DB13_T 5947-2024 医疗卫生机构能源消耗限额引导性指标.pdf","UNKNOWN","地區待確認","2024","2024","國家或地方標準","環境、能源與醫療廢棄物","後勤、建築與設施安全","pdf","772093","2024-07-19T08:39:18.000Z","classified_candidate","0.35"
"1dfd4b91c827b971","DB22_T 3629.3-2025 公共机构能耗定额 第3部分：卫生医.pdf","4.後勤\4後勤節能法規\DB22_T 3629.3-2025 公共机构能耗定额 第3部分：卫生医.pdf","UNKNOWN","地區待確認","2025","2025","國家或地方標準","環境、能源與醫療廢棄物","後勤、建築與設施安全","pdf","1171592","2025-04-02T06:35:18.000Z","classified_candidate","0.35"
"60efef54d42ab205","DB43_T 3450-2025 公共机构能源费用托管服务实施规范.pdf","4.後勤\4後勤節能法規\DB43_T 3450-2025 公共机构能源费用托管服务实施规范.pdf","UNKNOWN","地區待確認","2025","2025","國家或地方標準","環境、能源與醫療廢棄物","後勤、建築與設施安全","pdf","4676398","2026-03-15T03:45:10.000Z","classified_candidate","0.35"
"93a35fe512664dd3","DB4403_T 643.5-2025 节水载体评价规范 第5部分：医院.pdf","4.後勤\4後勤節能法規\DB4403_T 643.5-2025 节水载体评价规范 第5部分：医院.pdf","UNKNOWN","地區待確認","2025","2025","國家或地方標準","環境、能源與醫療廢棄物","後勤、建築與設施安全","pdf","1274418","2025-07-16T02:27:58.000Z","classified_candidate","0.35"
"8b0982add1619f01","DB45_T 2849.2-2024 公共机构重点用能单位合理用能指南 .pdf","4.後勤\4後勤節能法規\DB45_T 2849.2-2024 公共机构重点用能单位合理用能指南 .pdf","UNKNOWN","地區待確認","2024","2024","技術規範／診療指南","環境、能源與醫療廢棄物","後勤、建築與設施安全","pdf","930464","2025-02-28T01:34:50.000Z","classified_candidate","0.35"
"cc46862297926bfa","DBJ 15-51-2020 广东省公共建筑节能设计标准.pdf","4.後勤\4後勤節能法規\DBJ 15-51-2020 广东省公共建筑节能设计标准.pdf","CN","廣東","2020","2020","待確認或非規範文件","環境、能源與醫療廢棄物","後勤、建築與設施安全","pdf","9050013","2023-07-10T05:08:44.000Z","classified_candidate","0.75"
"29767d2202a70241","DBJ50 052-2020 公共建筑节能(绿色建筑)设计标准.pdf","4.後勤\4後勤節能法規\DBJ50 052-2020 公共建筑节能(绿色建筑)设计标准.pdf","UNKNOWN","地區待確認","2020","2020","待確認或非規範文件","環境、能源與醫療廢棄物","後勤、建築與設施安全","pdf","4635575","2023-07-10T05:10:20.000Z","classified_candidate","0.35"
"69f4ff1c403d8dd7","ESG 体系下公立医院内部审计建设研究.pdf","4.後勤\4後勤節能法規\ESG 体系下公立医院内部审计建设研究.pdf","UNKNOWN","地區待確認","年份待確認","","研究論文／文獻","臨床研究與人體試驗","環境、能源與醫療廢棄物；環境、能源與醫療廢棄物；後勤、建築與設施安全","pdf","383468","2026-03-26T08:20:32.000Z","classified_candidate","0.35"
"db3b41b6b0b1dfda","ESG理念赋能公立医院高质量发展.pdf","4.後勤\4後勤節能法規\ESG理念赋能公立医院高质量发展.pdf","UNKNOWN","地區待確認","年份待確認","","待確認或非規範文件","環境、能源與醫療廢棄物","環境、能源與醫療廢棄物；後勤、建築與設施安全","pdf","1503042","2026-03-26T08:20:26.000Z","classified_candidate","0.35"
"364a212b1204212f","ESG理念驱动下的公立医院.pdf","4.後勤\4後勤節能法規\ESG理念驱动下的公立医院.pdf","UNKNOWN","地區待確認","年份待確認","","待確認或非規範文件","環境、能源與醫療廢棄物","環境、能源與醫療廢棄物；後勤、建築與設施安全","pdf","2452814","2026-03-26T08:20:40.000Z","classified_candidate","0.35"
"617f82f05fd6ff22","ESG视域下公立医院可持续发展评价指标体系构建 (1).pdf","4.後勤\4後勤節能法規\ESG视域下公立医院可持续发展评价指标体系构建 (1).pdf","UNKNOWN","地區待確認","年份待確認","","待確認或非規範文件","環境、能源與醫療廢棄物","環境、能源與醫療廢棄物；後勤、建築與設施安全","pdf","1266764","2026-03-28T08:18:24.000Z","classified_candidate","0.35"
"e35bd7dba863858d","ESG视域下公立医院可持续发展评价指标体系构建 (2).pdf","4.後勤\4後勤節能法規\ESG视域下公立医院可持续发展评价指标体系构建 (2).pdf","UNKNOWN","地區待確認","年份待確認","","待確認或非規範文件","環境、能源與醫療廢棄物","環境、能源與醫療廢棄物；後勤、建築與設施安全","pdf","1266764","2026-03-26T08:20:22.000Z","classified_candidate","0.35"
"6894707ffc71c277","ESG视域下公立医院可持续发展评价指标体系构建.pdf","4.後勤\4後勤節能法規\ESG视域下公立医院可持续发展评价指标体系构建.pdf","UNKNOWN","地區待確認","年份待確認","","待確認或非規範文件","環境、能源與醫療廢棄物","環境、能源與醫療廢棄物；後勤、建築與設施安全","pdf","1266764","2026-03-28T02:31:08.000Z","classified_candidate","0.35"
"6c1bea586807d8a6","GB_T 24915-2010 合同能源管理技术通则.pdf","4.後勤\4後勤節能法規\GB_T 24915-2010 合同能源管理技术通则.pdf","UNKNOWN","地區待確認","2010","2010","國家或地方標準","環境、能源與醫療廢棄物","後勤、建築與設施安全","pdf","4224945","2026-03-15T03:45:38.000Z","classified_candidate","0.35"
"fc857af2b1b5d90d","T_CHES 105-2023 医院节水管理规范.pdf","4.後勤\4後勤節能法規\T_CHES 105-2023 医院节水管理规范.pdf","UNKNOWN","地區待確認","2023","2023","待確認或非規範文件","環境、能源與醫療廢棄物","後勤、建築與設施安全","pdf","289040","2024-02-19T08:21:28.000Z","classified_candidate","0.35"
"811d19e772e1119e","T_CQAEPI 002-2025 医院绿色低碳建设与运营技术指南.pdf","4.後勤\4後勤節能法規\T_CQAEPI 002-2025 医院绿色低碳建设与运营技术指南.pdf","UNKNOWN","地區待確認","2025","2025","技術規範／診療指南","環境、能源與醫療廢棄物","後勤、建築與設施安全","pdf","263602","2025-11-11T06:57:40.000Z","classified_candidate","0.35"
"a3a5cad00f9732df","T_SHPPA 022-2023 医药企业ESG信息披露指南.pdf","4.後勤\4後勤節能法規\T_SHPPA 022-2023 医药企业ESG信息披露指南.pdf","UNKNOWN","地區待確認","2023","2023","技術規範／診療指南","環境、能源與醫療廢棄物","環境、能源與醫療廢棄物；後勤、建築與設施安全","pdf","1173978","2025-03-08T07:25:10.000Z","classified_candidate","0.35"
"f7d5fd98980d5ad2","“双碳”背景下地区公立医院绿色低碳运行管理.pdf","4.後勤\4後勤節能法規\“双碳”背景下地区公立医院绿色低碳运行管理.pdf","UNKNOWN","地區待確認","年份待確認","","待確認或非規範文件","環境、能源與醫療廢棄物","後勤、建築與設施安全","pdf","1207167","2026-03-26T08:19:36.000Z","classified_candidate","0.35"
"49ae460a3e9bc148","《公共建筑节能设计标准》DB33-1036-2021.pdf","4.後勤\4後勤節能法規\《公共建筑节能设计标准》DB33-1036-2021.pdf","UNKNOWN","地區待確認","2021","2021","國家或地方標準","環境、能源與醫療廢棄物","後勤、建築與設施安全","pdf","25169256","2023-07-10T05:07:32.000Z","classified_candidate","0.35"
"af6d7d000536999b","《碳达峰碳中和综合评价考核办法》.pdf","4.後勤\4後勤節能法規\《碳达峰碳中和综合评价考核办法》.pdf","UNKNOWN","地區待確認","年份待確認","","行政法規／條例","環境、能源與醫療廢棄物","後勤、建築與設施安全","pdf","1544259","2026-05-07T09:48:44.000Z","classified_candidate","0.35"
"b322bee9a333477d","《绿色建筑评价标准》.pdf","4.後勤\4後勤節能法規\《绿色建筑评价标准》.pdf","UNKNOWN","地區待確認","年份待確認","","待確認或非規範文件","環境、能源與醫療廢棄物","後勤、建築與設施安全","pdf","4069066","2026-03-26T08:25:08.000Z","classified_candidate","0.35"
"f9dc6cfb790f6eef","《美丽中国建设成效考核办法》.pdf","4.後勤\4後勤節能法規\《美丽中国建设成效考核办法》.pdf","CN","地區待確認","年份待確認","","行政法規／條例","環境、能源與醫療廢棄物","後勤、建築與設施安全","pdf","975155","2026-05-07T09:48:26.000Z","classified_candidate","0.75"
"7b8eedb40b1f00d4","南方科技大学附属医院绿色建筑设计实践.pdf","4.後勤\4後勤節能法規\南方科技大学附属医院绿色建筑设计实践.pdf","UNKNOWN","地區待確認","年份待確認","","待確認或非規範文件","環境、能源與醫療廢棄物","後勤、建築與設施安全","pdf","5025506","2026-03-26T08:19:52.000Z","classified_candidate","0.35"
"a176d824877ccd3c","发渝北区“美丽医院”建设工作方案.pdf","4.後勤\4後勤節能法規\发渝北区“美丽医院”建设工作方案.pdf","UNKNOWN","地區待確認","年份待確認","","待確認或非規範文件","環境、能源與醫療廢棄物","後勤、建築與設施安全","pdf","574821","2024-03-08T15:53:28.000Z","classified_candidate","0.35"
"29a3002bd7550b94","国务院办公厅关于更高水平更高质量做好节能降碳工作的意见.pdf","4.後勤\4後勤節能法規\国务院办公厅关于更高水平更高质量做好节能降碳工作的意见.pdf","UNKNOWN","地區待確認","年份待確認","","待確認或非規範文件","環境、能源與醫療廢棄物","後勤、建築與設施安全","pdf","1937778","2026-05-07T09:49:10.000Z","classified_candidate","0.35"
"3c6fbab78f432863","基于ESG理念的医院精益化管理与运行效能提升研究.pdf","4.後勤\4後勤節能法規\基于ESG理念的医院精益化管理与运行效能提升研究.pdf","UNKNOWN","地區待確認","年份待確認","","研究論文／文獻","臨床研究與人體試驗","環境、能源與醫療廢棄物；環境、能源與醫療廢棄物；後勤、建築與設施安全","pdf","2446110","2026-03-28T08:18:26.000Z","classified_candidate","0.35"
"a5cdb398eda35211","基于循证设计的高密度老城区绿色医院设计.pdf","4.後勤\4後勤節能法規\基于循证设计的高密度老城区绿色医院设计.pdf","UNKNOWN","地區待確認","年份待確認","","待確認或非規範文件","環境、能源與醫療廢棄物","後勤、建築與設施安全","pdf","20667524","2026-03-26T08:20:02.000Z","classified_candidate","0.35"
"51c996e66fed04b2","基于空调智慧集控的绿色低碳医院建设研究与应用.pdf","4.後勤\4後勤節能法規\基于空调智慧集控的绿色低碳医院建设研究与应用.pdf","UNKNOWN","地區待確認","年份待確認","","研究論文／文獻","臨床研究與人體試驗","環境、能源與醫療廢棄物；後勤、建築與設施安全","pdf","3987599","2026-03-26T08:20:16.000Z","classified_candidate","0.35"
"e99429e4d302c0fa","绿色低碳医院建设实践.pdf","4.後勤\4後勤節能法規\绿色低碳医院建设实践.pdf","UNKNOWN","地區待確認","年份待確認","","待確認或非規範文件","環境、能源與醫療廢棄物","後勤、建築與設施安全","pdf","1796526","2026-03-26T08:19:44.000Z","classified_candidate","0.35"
"3a61259ebca78a88","节水评价规范 第 8 部分：医院.pdf","4.後勤\4後勤節能法規\节水评价规范 第 8 部分：医院.pdf","UNKNOWN","地區待確認","年份待確認","","待確認或非規範文件","環境、能源與醫療廢棄物","後勤、建築與設施安全","pdf","178727","2023-04-02T08:24:42.000Z","classified_candidate","0.35"
"0bcf1f003d6d9c13","青岛大学附属医院绿色低碳智慧改造项目.pdf","4.後勤\4後勤節能法規\青岛大学附属医院绿色低碳智慧改造项目.pdf","UNKNOWN","地區待確認","年份待確認","","待確認或非規範文件","環境、能源與醫療廢棄物","後勤、建築與設施安全","pdf","2346883","2026-03-26T08:20:10.000Z","classified_candidate","0.35"
"85ec4f3f743568d1","DB4403_T 374-2023 绿色医院评价规范.pdf","4.後勤\4後勤節能法規\1ESG\DB4403_T 374-2023 绿色医院评价规范.pdf","UNKNOWN","地區待確認","2023","2023","國家或地方標準","環境、能源與醫療廢棄物","環境、能源與醫療廢棄物；後勤、建築與設施安全","pdf","332617","2026-03-26T07:11:20.000Z","classified_candidate","0.35"
"fe91cb0d786d1e76","DB5308_T 75-2024 绿色医院评价规范.pdf","4.後勤\4後勤節能法規\1ESG\DB5308_T 75-2024 绿色医院评价规范.pdf","UNKNOWN","地區待確認","2024","2024","國家或地方標準","環境、能源與醫療廢棄物","環境、能源與醫療廢棄物；後勤、建築與設施安全","pdf","843540","2026-03-26T07:11:08.000Z","classified_candidate","0.35"
"62ffb32613b3c7cc","DBJ41_T 305-2024 河南省既有医院建筑绿色改造评价标准.pdf","4.後勤\4後勤節能法規\1ESG\DBJ41_T 305-2024 河南省既有医院建筑绿色改造评价标准.pdf","CN","河南","2024","2024","待確認或非規範文件","環境、能源與醫療廢棄物","環境、能源與醫療廢棄物；後勤、建築與設施安全","pdf","1943808","2026-03-26T07:11:00.000Z","classified_candidate","0.75"
"4363e63341ff4e59","DBJ43_T 391-2022 湖南省绿色完整居住社区医院建设标准.pdf","4.後勤\4後勤節能法規\1ESG\DBJ43_T 391-2022 湖南省绿色完整居住社区医院建设标准.pdf","UNKNOWN","湖南","2022","2022","待確認或非規範文件","環境、能源與醫療廢棄物","環境、能源與醫療廢棄物；後勤、建築與設施安全","pdf","371681","2026-03-26T07:11:30.000Z","classified_candidate","0.35"
"2a8e2eee84553d09","ESG 体系下公立医院内部审计建设研究.pdf","4.後勤\4後勤節能法規\1ESG\ESG 体系下公立医院内部审计建设研究.pdf","UNKNOWN","地區待確認","年份待確認","","研究論文／文獻","臨床研究與人體試驗","環境、能源與醫療廢棄物；環境、能源與醫療廢棄物；後勤、建築與設施安全","pdf","383468","2026-03-26T08:20:32.000Z","classified_candidate","0.35"
"761e7952b6255512","ESG体系下公立医院财务会计转型与高质量发展路径研究.pdf","4.後勤\4後勤節能法規\1ESG\ESG体系下公立医院财务会计转型与高质量发展路径研究.pdf","UNKNOWN","地區待確認","年份待確認","","研究論文／文獻","臨床研究與人體試驗","環境、能源與醫療廢棄物；環境、能源與醫療廢棄物；財務、採購與內部稽核；後勤、建築與設施安全","pdf","691548","2026-03-26T07:55:02.000Z","classified_candidate","0.35"
"0efa1555e8666f34","ESG理念赋能公立医院高质量发展.pdf","4.後勤\4後勤節能法規\1ESG\ESG理念赋能公立医院高质量发展.pdf","UNKNOWN","地區待確認","年份待確認","","待確認或非規範文件","環境、能源與醫療廢棄物","環境、能源與醫療廢棄物；後勤、建築與設施安全","pdf","1503042","2026-03-26T08:20:26.000Z","classified_candidate","0.35"
"184ace6d1bcca500","ESG理念驱动下的公立医院.pdf","4.後勤\4後勤節能法規\1ESG\ESG理念驱动下的公立医院.pdf","UNKNOWN","地區待確認","年份待確認","","待確認或非規範文件","環境、能源與醫療廢棄物","環境、能源與醫療廢棄物；後勤、建築與設施安全","pdf","2452814","2026-03-26T08:20:40.000Z","classified_candidate","0.35"
"de6ab1b3bb3848c1","ESG视域下公立医院可持续发展评价指标体系构建.pdf","4.後勤\4後勤節能法規\1ESG\ESG视域下公立医院可持续发展评价指标体系构建.pdf","UNKNOWN","地區待確認","年份待確認","","待確認或非規範文件","環境、能源與醫療廢棄物","環境、能源與醫療廢棄物；後勤、建築與設施安全","pdf","1266764","2026-03-26T08:20:22.000Z","classified_candidate","0.35"
"2fbdbb80ca6a1faa","南方科技大学附属医院绿色建筑设计实践.pdf","4.後勤\4後勤節能法規\1ESG\南方科技大学附属医院绿色建筑设计实践.pdf","UNKNOWN","地區待確認","年份待確認","","待確認或非規範文件","環境、能源與醫療廢棄物","環境、能源與醫療廢棄物；後勤、建築與設施安全","pdf","5025506","2026-03-26T08:19:52.000Z","classified_candidate","0.35"
"d56d90d0486f1633","基于循证设计的高密度老城区绿色医院设计.pdf","4.後勤\4後勤節能法規\1ESG\基于循证设计的高密度老城区绿色医院设计.pdf","UNKNOWN","地區待確認","年份待確認","","待確認或非規範文件","環境、能源與醫療廢棄物","環境、能源與醫療廢棄物；後勤、建築與設施安全","pdf","20667524","2026-03-26T08:20:02.000Z","classified_candidate","0.35"
"9e0b184229750332","基于空调智慧集控的绿色低碳医院建设研究与应用.pdf","4.後勤\4後勤節能法規\1ESG\基于空调智慧集控的绿色低碳医院建设研究与应用.pdf","UNKNOWN","地區待確認","年份待確認","","研究論文／文獻","臨床研究與人體試驗","環境、能源與醫療廢棄物；環境、能源與醫療廢棄物；後勤、建築與設施安全","pdf","3987599","2026-03-26T08:20:16.000Z","classified_candidate","0.35"
"ad83ae1006ed5d8d","绿色低碳医院建设实践.pdf","4.後勤\4後勤節能法規\1ESG\绿色低碳医院建设实践.pdf","UNKNOWN","地區待確認","年份待確認","","待確認或非規範文件","環境、能源與醫療廢棄物","環境、能源與醫療廢棄物；後勤、建築與設施安全","pdf","1796526","2026-03-26T08:19:44.000Z","classified_candidate","0.35"
"c1be3c893e2d8300","青岛大学附属医院绿色低碳智慧改造项目.pdf","4.後勤\4後勤節能法規\1ESG\青岛大学附属医院绿色低碳智慧改造项目.pdf","UNKNOWN","地區待確認","年份待確認","","待確認或非規範文件","環境、能源與醫療廢棄物","環境、能源與醫療廢棄物；後勤、建築與設施安全","pdf","2346883","2026-03-26T08:20:10.000Z","classified_candidate","0.35"
"5671f62807df7f86","2017年3月1日《国务院城市綠化條例.pdf","4.後勤\4後勤綠化法規\2017年3月1日《国务院城市綠化條例.pdf","UNKNOWN","地區待確認","2017","2017","行政法規／條例","後勤、建築與設施安全","","pdf","297792","2023-03-10T05:25:34.000Z","classified_candidate","0.35"
"26e963ee4a20eb6b","CJJ_T 85-2017 城市绿地分类标准.pdf","4.後勤\4後勤綠化法規\CJJ_T 85-2017 城市绿地分类标准.pdf","UNKNOWN","地區待確認","2017","2017","待確認或非規範文件","後勤、建築與設施安全","","pdf","1249544","2023-02-12T07:55:14.000Z","classified_candidate","0.35"
"6f2b031ca0c8935a","DB4413_T 29-2022 城市园林绿化养护管理规范.pdf","4.後勤\4後勤綠化法規\DB4413_T 29-2022 城市园林绿化养护管理规范.pdf","UNKNOWN","地區待確認","2022","2022","國家或地方標準","後勤、建築與設施安全","","pdf","1424473","2023-06-09T05:42:34.000Z","classified_candidate","0.35"
"6e47958c4581fee5","《重庆市城市园林绿化条例》（2019年修订）执法办案有关问题的指导意见的通知.pdf","4.後勤\4後勤綠化法規\《重庆市城市园林绿化条例》（2019年修订）执法办案有关问题的指导意见的通知.pdf","CN","重慶","2019","2019","公告／通知／函釋","後勤、建築與設施安全","","pdf","1626509","2023-02-12T06:43:10.000Z","classified_candidate","0.75"
"251ac373551f69c8","东莞市城市绿化管理办法》的通知.pdf","4.後勤\4後勤綠化法規\东莞市城市绿化管理办法》的通知.pdf","UNKNOWN","地區待確認","年份待確認","","公告／通知／函釋","後勤、建築與設施安全","","pdf","1503564","2023-06-09T05:22:28.000Z","classified_candidate","0.35"
"fa66f29d10083222","印发重庆市创建国家生态园林城市.pdf","4.後勤\4後勤綠化法規\印发重庆市创建国家生态园林城市.pdf","CN","重慶","年份待確認","","公告／通知／函釋","後勤、建築與設施安全","","pdf","3010747","2023-06-09T05:23:16.000Z","classified_candidate","0.75"
"dc788123f70a87f7","城市園林綠化養護規範惠州2023.pdf","4.後勤\4後勤綠化法規\城市園林綠化養護規範惠州2023.pdf","UNKNOWN","地區待確認","2023","2023","待確認或非規範文件","後勤、建築與設施安全","","pdf","1422164","2023-07-13T03:27:40.000Z","classified_candidate","0.35"
"51dd427cc5340506","城市用地分类与规划建设用地标准GB50137-2011.docx","4.後勤\4後勤綠化法規\城市用地分类与规划建设用地标准GB50137-2011.docx","CN","地區待確認","2011","2011","研究論文／文獻","資訊安全與個人資料","感染預防與控制；醫技、檢驗與病理；臨床研究與人體試驗；消防、治安與應急管理；環境、能源與醫療廢棄物；後勤、建築與設施安全；圖書、教育與文件管理","docx","81199","2023-02-12T06:44:36.000Z","classified_candidate","0.75"
"3d5fd7fef5ba0558","城市绿化条例.pdf","4.後勤\4後勤綠化法規\城市绿化条例.pdf","UNKNOWN","地區待確認","年份待確認","","行政法規／條例","後勤、建築與設施安全","","pdf","1376084","2023-02-12T06:38:42.000Z","classified_candidate","0.35"
"5d07870fa97cc83e","城市绿化条例_行政法规库_中国政府网.pdf","4.後勤\4後勤綠化法規\城市绿化条例_行政法规库_中国政府网.pdf","CN","地區待確認","年份待確認","","行政法規／條例","後勤、建築與設施安全","","pdf","469629","2022-10-19T07:35:28.000Z","classified_candidate","0.75"
"03709c9b396e7557","山东省城市绿化管理办法.docx","4.後勤\4後勤綠化法規\山东省城市绿化管理办法.docx","CN","山東","年份待確認","","院內制度／SOP","消防、治安與應急管理","環境、能源與醫療廢棄物；後勤、建築與設施安全","docx","37181","2022-10-19T07:37:00.000Z","classified_candidate","0.75"
"243e49273c046469","廣東省綠化管理條例.pdf","4.後勤\4後勤綠化法規\廣東省綠化管理條例.pdf","CN","廣東","年份待確認","","行政法規／條例","後勤、建築與設施安全","","pdf","1769662","2023-02-12T06:33:00.000Z","classified_candidate","0.75"
"1b6555d82f5baa5b","德州市綠化條例.pdf","4.後勤\4後勤綠化法規\德州市綠化條例.pdf","UNKNOWN","地區待確認","年份待確認","","行政法規／條例","後勤、建築與設施安全","","pdf","682705","2023-02-20T12:27:08.000Z","classified_candidate","0.35"
"c40ad037f6bbab05","政府令148号石家庄市城市园林绿化管理条例实施细则 (1).doc","4.後勤\4後勤綠化法規\政府令148号石家庄市城市园林绿化管理条例实施细则 (1).doc","UNKNOWN","河北","年份待確認","","公告／通知／函釋","後勤、建築與設施安全","","doc","51200","2023-02-12T06:40:18.000Z","classified_candidate","0.35"
"79989651fd700b07","政府令148号石家庄市城市园林绿化管理条例实施细则.doc","4.後勤\4後勤綠化法規\政府令148号石家庄市城市园林绿化管理条例实施细则.doc","UNKNOWN","河北","年份待確認","","公告／通知／函釋","後勤、建築與設施安全","","doc","51200","2023-02-12T06:40:10.000Z","classified_candidate","0.35"
"b5050603a77e5ea5","河北省绿化条例.docx","4.後勤\4後勤綠化法規\河北省绿化条例.docx","CN","河北","年份待確認","","研究論文／文獻","感染預防與控制","急診與緊急醫療；臨床研究與人體試驗；醫療保險與支付；消防、治安與應急管理；環境、能源與醫療廢棄物；後勤、建築與設施安全","docx","34638","2023-03-08T10:25:56.000Z","classified_candidate","0.75"
"16c81da70c4bcfcf","河北省绿化条例.pdf","4.後勤\4後勤綠化法規\河北省绿化条例.pdf","UNKNOWN","河北","年份待確認","","行政法規／條例","後勤、建築與設施安全","","pdf","271991","2023-03-08T10:26:58.000Z","classified_candidate","0.35"
"58c929271eb81897","河南城市绿地标准.pdf","4.後勤\4後勤綠化法規\河南城市绿地标准.pdf","CN","河南","年份待確認","","待確認或非規範文件","後勤、建築與設施安全","","pdf","957678","2023-06-09T05:20:50.000Z","classified_candidate","0.75"
"ecb20919910da559","河南省城市树木保护管理规定 （试行）.pdf","4.後勤\4後勤綠化法規\河南省城市树木保护管理规定 （试行）.pdf","CN","河南","年份待確認","","行政法規／條例","後勤、建築與設施安全","","pdf","651159","2023-06-09T05:21:28.000Z","classified_candidate","0.75"
"1bd8bcfaf28d7fd1","泰安市城市綠化條例.pdf","4.後勤\4後勤綠化法規\泰安市城市綠化條例.pdf","UNKNOWN","地區待確認","年份待確認","","行政法規／條例","後勤、建築與設施安全","","pdf","1457557","2023-03-15T00:09:16.000Z","classified_candidate","0.35"
"7b3a08a3a344b631","济南市绿化条例.pdf","4.後勤\4後勤綠化法規\济南市绿化条例.pdf","UNKNOWN","山東","年份待確認","","行政法規／條例","後勤、建築與設施安全","","pdf","418557","2022-10-19T07:40:00.000Z","classified_candidate","0.35"
"ce97afe013d731af","深圳綠化條例.pdf","4.後勤\4後勤綠化法規\深圳綠化條例.pdf","UNKNOWN","廣東","年份待確認","","行政法規／條例","後勤、建築與設施安全","","pdf","2371492","2023-03-01T12:21:18.000Z","classified_candidate","0.35"
"6cbe46951c5c80a2","深圳经济特区绿化条例.pdf","4.後勤\4後勤綠化法規\深圳经济特区绿化条例.pdf","UNKNOWN","廣東","年份待確認","","行政法規／條例","後勤、建築與設施安全","","pdf","2369671","2023-02-12T06:33:42.000Z","classified_candidate","0.35"
"1f5d3e39197a711f","湖南省实施《城市绿化条例》办法.pdf","4.後勤\4後勤綠化法規\湖南省实施《城市绿化条例》办法.pdf","UNKNOWN","湖南","年份待確認","","行政法規／條例","後勤、建築與設施安全","","pdf","1781495","2023-02-12T06:39:24.000Z","classified_candidate","0.35"
"d7c3b4d9d244f289","鄭州園林綠化.pdf","4.後勤\4後勤綠化法規\鄭州園林綠化.pdf","UNKNOWN","河南","年份待確認","","待確認或非規範文件","後勤、建築與設施安全","","pdf","2639271","2023-10-31T12:00:52.000Z","classified_candidate","0.35"
"ecf879e7a127a861","重庆市城市园林绿化条例.pdf","4.後勤\4後勤綠化法規\重庆市城市园林绿化条例.pdf","CN","重慶","年份待確認","","行政法規／條例","後勤、建築與設施安全","","pdf","2639993","2023-10-06T06:38:46.000Z","classified_candidate","0.75"
"d0ee6bb6431842d3","重庆市城市立体绿化鼓励办法.pdf","4.後勤\4後勤綠化法規\重庆市城市立体绿化鼓励办法.pdf","CN","重慶","年份待確認","","行政法規／條例","後勤、建築與設施安全","","pdf","226243","2023-06-09T05:23:50.000Z","classified_candidate","0.75"
"e1631dab10f29148","重庆市房屋建筑和市政基础设施工程施工污染防治.pdf","4.後勤\4後勤綠化法規\重庆市房屋建筑和市政基础设施工程施工污染防治.pdf","CN","重慶","年份待確認","","待確認或非規範文件","後勤、建築與設施安全","","pdf","361443","2023-06-09T05:25:16.000Z","classified_candidate","0.75"
"d25d0ffc594ac97c","重庆市科学绿化试点示范市建设实施方案.pdf","4.後勤\4後勤綠化法規\重庆市科学绿化试点示范市建设实施方案.pdf","CN","重慶","年份待確認","","待確認或非規範文件","後勤、建築與設施安全","","pdf","368005","2023-10-06T06:29:54.000Z","classified_candidate","0.75"
"84b34f458ae5d518","重庆市绿化条例.pdf","4.後勤\4後勤綠化法規\重庆市绿化条例.pdf","CN","重慶","年份待確認","","行政法規／條例","後勤、建築與設施安全","","pdf","4551111","2023-02-12T06:42:16.000Z","classified_candidate","0.75"
"e98ec24b5da6190b","長沙城市綠化條例.pdf","4.後勤\4後勤綠化法規\長沙城市綠化條例.pdf","UNKNOWN","湖南","年份待確認","","行政法規／條例","後勤、建築與設施安全","","pdf","1090966","2023-02-24T07:14:06.000Z","classified_candidate","0.35"
"e6363db544f1719d","DB3205T 1008-2020 公共卫生间建设与管理规范.pdf","4.後勤\4後勤衛生間法規\DB3205T 1008-2020 公共卫生间建设与管理规范.pdf","UNKNOWN","地區待確認","2020","2020","國家或地方標準","後勤、建築與設施安全","","pdf","1221132","2025-07-16T10:30:26.000Z","classified_candidate","0.35"
"590ef142368c4820","DB33T 1210-2020 城市公共厕所建设与管理标准.pdf","4.後勤\4後勤衛生間法規\DB33T 1210-2020 城市公共厕所建设与管理标准.pdf","UNKNOWN","地區待確認","2020","2020","國家或地方標準","後勤、建築與設施安全","","pdf","12403621","2022-09-03T08:58:12.000Z","classified_candidate","0.35"
"f01561ea7f20220b","DB4201_T 587-2019 武汉市公共厕所保洁与服务规范.pdf","4.後勤\4後勤衛生間法規\DB4201_T 587-2019 武汉市公共厕所保洁与服务规范.pdf","UNKNOWN","湖北","2019","2019","國家或地方標準","後勤、建築與設施安全","","pdf","691352","2025-07-16T10:32:14.000Z","classified_candidate","0.35"
"b41e81790ab071ab","DB4403T 182-2021 医疗卫生机构卫生间建设与管理指南.docx","4.後勤\4後勤衛生間法規\DB4403T 182-2021 医疗卫生机构卫生间建设与管理指南.docx","CN","地區待確認","2021","2021","研究論文／文獻","醫院評鑑與醫療品質","資訊安全與個人資料；感染預防與控制；護理管理；醫技、檢驗與病理；急診與緊急醫療；生殖、婦幼與月子服務；臨床研究與人體試驗；醫療器材與設備；消防、治安與應急管理；環境、能源與醫療廢棄物；後勤、建築與設施安全；醫療治理與依法執業","docx","1249271","2023-03-24T11:38:14.000Z","classified_candidate","0.75"
"fdb6339630375b16","DB4403T 182-2021 医疗卫生机构卫生间建设与管理指南.pdf","4.後勤\4後勤衛生間法規\DB4403T 182-2021 医疗卫生机构卫生间建设与管理指南.pdf","UNKNOWN","地區待確認","2021","2021","技術規範／診療指南","後勤、建築與設施安全","","pdf","4190491","2022-09-03T08:49:36.000Z","classified_candidate","0.35"
"2d956e94df4e47eb","T_HZHX 001-2025 城市公共厕所保洁安全作业规范.docx","4.後勤\4後勤衛生間法規\T_HZHX 001-2025 城市公共厕所保洁安全作业规范.docx","CN","地區待確認","2025","2025","研究論文／文獻","感染預防與控制","急診與緊急醫療；醫療器材與設備；消防、治安與應急管理；環境、能源與醫療廢棄物；後勤、建築與設施安全","docx","32066","2025-07-16T10:33:22.000Z","classified_candidate","0.75"
"490e244a20ecbb59","T_HZHX 001-2025 城市公共厕所保洁安全作业规范.pdf","4.後勤\4後勤衛生間法規\T_HZHX 001-2025 城市公共厕所保洁安全作业规范.pdf","UNKNOWN","地區待確認","2025","2025","待確認或非規範文件","後勤、建築與設施安全","","pdf","231335","2025-07-16T10:31:28.000Z","classified_candidate","0.35"
"b2ecd1121c3db35f","T_SHWSHQ 03-2019 医院厕所服务规范.docx","4.後勤\4後勤衛生間法規\T_SHWSHQ 03-2019 医院厕所服务规范.docx","CN","地區待確認","2019","2019","研究論文／文獻","感染預防與控制","護理管理；急診與緊急醫療；生殖、婦幼與月子服務；生殖、婦幼與月子服務；醫療器材與設備；消防、治安與應急管理；環境、能源與醫療廢棄物；後勤、建築與設施安全；醫療治理與依法執業","docx","45042","2025-07-16T10:32:52.000Z","classified_candidate","0.75"
"b7359a78b6215db9","T_SHWSHQ 03-2019 医院厕所服务规范.pdf","4.後勤\4後勤衛生間法規\T_SHWSHQ 03-2019 医院厕所服务规范.pdf","UNKNOWN","地區待確認","2019","2019","待確認或非規範文件","後勤、建築與設施安全","","pdf","4327646","2025-07-16T10:28:08.000Z","classified_candidate","0.35"
"aa55917cbeea66f6","公共场所卫生管理条例（2016修订）.pdf","4.後勤\4後勤衛生間法規\公共场所卫生管理条例（2016修订）.pdf","UNKNOWN","地區待確認","2016","2016","行政法規／條例","後勤、建築與設施安全","","pdf","316527","2022-04-23T13:41:06.000Z","classified_candidate","0.35"
"4685536d67242d1a","关于开展医疗卫生机构厕所整洁专项行动的通知.pdf","4.後勤\4後勤衛生間法規\关于开展医疗卫生机构厕所整洁专项行动的通知.pdf","UNKNOWN","地區待確認","年份待確認","","公告／通知／函釋","後勤、建築與設施安全","","pdf","211810","2022-09-03T08:41:12.000Z","classified_candidate","0.35"
"70b03eb5a63a640c","国家卫生计生委办公厅关于加强医疗机构卫生间管理工作的通知.pdf","4.後勤\4後勤衛生間法規\国家卫生计生委办公厅关于加强医疗机构卫生间管理工作的通知.pdf","UNKNOWN","地區待確認","年份待確認","","公告／通知／函釋","後勤、建築與設施安全","醫療治理與依法執業","pdf","259525","2022-09-03T08:42:44.000Z","classified_candidate","0.35"
"6c220453b3ba056a","广东省推进卫生健康领域设备设施迭代升级工作方案.docx","4.後勤\4後勤衛生間法規\广东省推进卫生健康领域设备设施迭代升级工作方案.docx","CN","廣東","年份待確認","","研究論文／文獻","資訊安全與個人資料","感染預防與控制；護理管理；醫技、檢驗與病理；手術、麻醉與疼痛管理；急診與緊急醫療；生殖、婦幼與月子服務；生殖、婦幼與月子服務；臨床研究與人體試驗；醫療器材與設備；消防、治安與應急管理；環境、能源與醫療廢棄物；財務、採購與內部稽核；後勤、建築與設施安全；醫療治理與依法執業","docx","18995","2025-07-16T10:02:44.000Z","classified_candidate","0.75"
"5585957081d71b91","浙江省爱卫办 浙江省卫生健康委关于印发《浙江省医疗机构公共厕所建设与卫生管理工作指引》的通知.docx","4.後勤\4後勤衛生間法規\浙江省爱卫办 浙江省卫生健康委关于印发《浙江省医疗机构公共厕所建设与卫生管理工作指引》的通知.docx","CN","浙江","年份待確認","","技術規範／診療指南","資訊安全與個人資料","感染預防與控制；醫技、檢驗與病理；急診與緊急醫療；生殖、婦幼與月子服務；生殖、婦幼與月子服務；醫療器材與設備；環境、能源與醫療廢棄物；後勤、建築與設施安全；醫療治理與依法執業","docx","93018","2025-07-16T10:03:18.000Z","classified_candidate","0.75"
"540cf5b31ff83de0","浙江省爱卫办 浙江省卫生健康委关于印发《浙江省医疗机构公共厕所建设与卫生管理工作指引》的通知.pdf","4.後勤\4後勤衛生間法規\浙江省爱卫办 浙江省卫生健康委关于印发《浙江省医疗机构公共厕所建设与卫生管理工作指引》的通知.pdf","CN","浙江","年份待確認","","公告／通知／函釋","後勤、建築與設施安全","醫療治理與依法執業","pdf","1138928","2022-09-03T08:41:52.000Z","classified_candidate","0.75"
"be6e669b6589d896","2013医院电力系统运行管理.pdf","4.後勤\4後勤配電室電力法規\2013医院电力系统运行管理.pdf","UNKNOWN","地區待確認","2013","2013","待確認或非規範文件","後勤、建築與設施安全","","pdf","5927589","2022-08-17T06:39:22.000Z","classified_candidate","0.35"
"9de150ab4a7c6e98","2019医疗和疾控机构后勤安全生产工作管理指南-国家卫生健康委员会.pdf","4.後勤\4後勤配電室電力法規\2019医疗和疾控机构后勤安全生产工作管理指南-国家卫生健康委员会.pdf","UNKNOWN","地區待確認","2019","2019","技術規範／診療指南","後勤、建築與設施安全","","pdf","3468425","2020-07-12T15:55:02.000Z","classified_candidate","0.35"
"9776d68557aff9c8","2021配电室安全管理规范.pdf","4.後勤\4後勤配電室電力法規\2021配电室安全管理规范.pdf","UNKNOWN","地區待確認","2021","2021","待確認或非規範文件","後勤、建築與設施安全","","pdf","348927","2022-07-06T14:12:28.000Z","classified_candidate","0.35"
"085849ebb9a79fcb","DB11T 527-2021 配电室安全管理规范.pdf","4.後勤\4後勤配電室電力法規\DB11T 527-2021 配电室安全管理规范.pdf","UNKNOWN","地區待確認","2021","2021","國家或地方標準","後勤、建築與設施安全","","pdf","346965","2025-05-11T11:39:42.000Z","classified_candidate","0.35"
"517f7ebdb9585051","DB13_T 5614-2022 变配电室安全管理规范.pdf","4.後勤\4後勤配電室電力法規\DB13_T 5614-2022 变配电室安全管理规范.pdf","UNKNOWN","地區待確認","2022","2022","國家或地方標準","後勤、建築與設施安全","","pdf","781205","2025-05-11T11:39:00.000Z","classified_candidate","0.35"
"31b908f46b2fbc99","DB33_T 768.6-2024 安全技术防范系统建设技术规范 第6部.pdf","4.後勤\4後勤配電室電力法規\DB33_T 768.6-2024 安全技术防范系统建设技术规范 第6部.pdf","UNKNOWN","地區待確認","2024","2024","技術規範／診療指南","後勤、建築與設施安全","","pdf","336717","2024-11-07T06:25:24.000Z","classified_candidate","0.35"
"16cf20637efb568e","DB51_T 3232-2024 用户配电室智能化运维管理规范.pdf","4.後勤\4後勤配電室電力法規\DB51_T 3232-2024 用户配电室智能化运维管理规范.pdf","UNKNOWN","地區待確認","2024","2024","國家或地方標準","後勤、建築與設施安全","","pdf","1052989","2025-09-14T12:05:14.000Z","classified_candidate","0.35"
"e9e78efe3ea77f1d","T_HPEPEA 002-2024 高压电力用户变（配）电室安全管理规范.pdf","4.後勤\4後勤配電室電力法規\T_HPEPEA 002-2024 高压电力用户变（配）电室安全管理规范.pdf","UNKNOWN","地區待確認","2024","2024","待確認或非規範文件","後勤、建築與設施安全","","pdf","584744","2025-05-11T11:38:52.000Z","classified_candidate","0.35"
"8fa09eec992de0fd","T_SZCHA 001-2024 医院不间断电源系统建设和运维管理指南.pdf","4.後勤\4後勤配電室電力法規\T_SZCHA 001-2024 医院不间断电源系统建设和运维管理指南.pdf","UNKNOWN","地區待確認","2024","2024","技術規範／診療指南","後勤、建築與設施安全","","pdf","2443606","2026-05-12T22:19:08.000Z","classified_candidate","0.35"
"34240b218ff01988","WS+434—2013医院电力系统运行管理.pdf","4.後勤\4後勤配電室電力法規\WS+434—2013医院电力系统运行管理.pdf","UNKNOWN","地區待確認","2013","2013","國家或地方標準","後勤、建築與設施安全","","pdf","3135555","2020-07-12T15:55:28.000Z","classified_candidate","0.35"
"bdd1dc9d082784ac","WST 820—2023医院电力系统消防安全管理标准.pdf","4.後勤\4後勤配電室電力法規\WST 820—2023医院电力系统消防安全管理标准.pdf","UNKNOWN","地區待確認","2023","2023","國家或地方標準","消防、治安與應急管理","後勤、建築與設施安全","pdf","305740","2024-08-09T06:09:40.000Z","classified_candidate","0.35"
"d84403969f434610","WS_T 820-2023 医院电力系统消防安全管理标准.pdf","4.後勤\4後勤配電室電力法規\WS_T 820-2023 医院电力系统消防安全管理标准.pdf","UNKNOWN","地區待確認","2023","2023","國家或地方標準","消防、治安與應急管理","後勤、建築與設施安全","pdf","304534","2025-09-14T12:03:00.000Z","classified_candidate","0.35"
"5e972a4346269876","医院用电安全及管理指导手册.pdf","4.後勤\4後勤配電室電力法規\医院用电安全及管理指导手册.pdf","UNKNOWN","地區待確認","年份待確認","","待確認或非規範文件","後勤、建築與設施安全","","pdf","8645933","2023-07-10T04:43:20.000Z","classified_candidate","0.35"
"5725e0be04e8e209","安全工器具存放要求.pdf","4.後勤\4後勤配電室電力法規\安全工器具存放要求.pdf","UNKNOWN","地區待確認","年份待確認","","待確認或非規範文件","後勤、建築與設施安全","","pdf","320801","2023-06-02T23:13:56.000Z","classified_candidate","0.35"
"75821f39e117f1d6","带电作业用绝缘垫.pdf","4.後勤\4後勤配電室電力法規\带电作业用绝缘垫.pdf","UNKNOWN","地區待確認","年份待確認","","待確認或非規範文件","後勤、建築與設施安全","","pdf","1570063","2023-06-02T23:19:14.000Z","classified_candidate","0.35"
"f86d3c9ae72dc627","施耐德电气医疗行业样本.pdf","4.後勤\4後勤配電室電力法規\施耐德电气医疗行业样本.pdf","UNKNOWN","地區待確認","年份待確認","","待確認或非規範文件","後勤、建築與設施安全","","pdf","10652470","2024-03-07T12:08:54.000Z","classified_candidate","0.35"
"6ddab6c21be6e2d6","电力安全工具要求.pdf","4.後勤\4後勤配電室電力法規\电力安全工具要求.pdf","UNKNOWN","地區待確認","年份待確認","","待確認或非規範文件","後勤、建築與設施安全","","pdf","320801","2023-06-02T23:13:10.000Z","classified_candidate","0.35"
"f1794b8b85f2fe57","电力安全工具试验规程.pdf","4.後勤\4後勤配電室電力法規\电力安全工具试验规程.pdf","UNKNOWN","地區待確認","年份待確認","","院內制度／SOP","後勤、建築與設施安全","","pdf","718683","2023-06-02T23:14:36.000Z","classified_candidate","0.35"
"5f6a0cfae6858705","2019年第48号实施强制管理的计量器具目录的公告.pdf","4.後勤\4後勤醫療儀器設備器械法規\2019年第48号实施强制管理的计量器具目录的公告.pdf","UNKNOWN","地區待確認","2019","2019","公告／通知／函釋","醫療器材與設備","後勤、建築與設施安全","pdf","457128","2022-09-06T04:26:06.000Z","classified_candidate","0.35"
"74f0f860036ce790","3058-医疗保障 医疗设备.pdf","4.後勤\4後勤醫療儀器設備器械法規\3058-医疗保障 医疗设备.pdf","UNKNOWN","地區待確認","年份待確認","","待確認或非規範文件","醫療器材與設備","後勤、建築與設施安全","pdf","1518555","2022-06-20T04:02:40.000Z","classified_candidate","0.35"
"991c032db9eedfcb","3WST654—2019医疗器械安全管理.pdf","4.後勤\4後勤醫療儀器設備器械法規\3WST654—2019医疗器械安全管理.pdf","UNKNOWN","地區待確認","2019","2019","國家或地方標準","醫療器材與設備","後勤、建築與設施安全","pdf","1286598","2020-07-12T16:03:18.000Z","classified_candidate","0.35"
"7a5058f99783a934","YY 9706.241-2020 医用电气设备 第2-41部分：手术无影.pdf","4.後勤\4後勤醫療儀器設備器械法規\YY 9706.241-2020 医用电气设备 第2-41部分：手术无影.pdf","UNKNOWN","地區待確認","2020","2020","待確認或非規範文件","手術、麻醉與疼痛管理","醫療器材與設備；後勤、建築與設施安全","pdf","10164004","2022-08-26T08:16:32.000Z","classified_candidate","0.35"
"6ab5bab7902a3dd2","YY 9706.250-2021 医用电气设备 第2-50部分：婴儿光治.pdf","4.後勤\4後勤醫療儀器設備器械法規\YY 9706.250-2021 医用电气设备 第2-50部分：婴儿光治.pdf","UNKNOWN","地區待確認","2021","2021","待確認或非規範文件","醫療器材與設備","後勤、建築與設施安全","pdf","8803180","2022-08-26T08:15:08.000Z","classified_candidate","0.35"
"08c070c2d5741a78","YY 9706.274-2022 医用电气设备 第2-74部分：呼吸湿化.pdf","4.後勤\4後勤醫療儀器設備器械法規\YY 9706.274-2022 医用电气设备 第2-74部分：呼吸湿化.pdf","UNKNOWN","地區待確認","2022","2022","待確認或非規範文件","醫療器材與設備","後勤、建築與設施安全","pdf","29865253","2022-08-26T08:10:00.000Z","classified_candidate","0.35"
"bff71c5afc8101cf","医学装备管理办法.doc","4.後勤\4後勤醫療儀器設備器械法規\医学装备管理办法.doc","UNKNOWN","地區待確認","年份待確認","","院內制度／SOP","醫療器材與設備","後勤、建築與設施安全","doc","34304","2022-05-12T14:18:00.000Z","classified_candidate","0.35"
"95fc9e1f0fec289a","医用X射线诊断设备质量控制检测规范.pdf","4.後勤\4後勤醫療儀器設備器械法規\医用X射线诊断设备质量控制检测规范.pdf","UNKNOWN","地區待確認","年份待確認","","待確認或非規範文件","醫院評鑑與醫療品質","醫療器材與設備；後勤、建築與設施安全","pdf","2306499","2022-06-20T08:45:36.000Z","classified_candidate","0.35"
"276a781d272d7e5b","医用输液泵和医用注射泵安全管理.pdf","4.後勤\4後勤醫療儀器設備器械法規\医用输液泵和医用注射泵安全管理.pdf","UNKNOWN","地區待確認","年份待確認","","待確認或非規範文件","醫療器材與設備","後勤、建築與設施安全","pdf","515519","2020-06-13T11:20:56.000Z","classified_candidate","0.35"
"60ecec29fa697e11","医疗器械临床使用管理办法.pdf","4.後勤\4後勤醫療儀器設備器械法規\医疗器械临床使用管理办法.pdf","UNKNOWN","地區待確認","年份待確認","","院內制度／SOP","醫療器材與設備","後勤、建築與設施安全","pdf","266962","2022-06-01T05:01:36.000Z","classified_candidate","0.35"
"4c43abb3f0b836ba","医疗器械安全管理 .pdf","4.後勤\4後勤醫療儀器設備器械法規\医疗器械安全管理 .pdf","UNKNOWN","地區待確認","年份待確認","","待確認或非規範文件","醫療器材與設備","後勤、建築與設施安全","pdf","615085","2020-06-13T11:21:02.000Z","classified_candidate","0.35"
"7a1080097594dfab","医疗器械监督管理条例.docx","4.後勤\4後勤醫療儀器設備器械法規\医疗器械监督管理条例.docx","CN","地區待確認","年份待確認","","查檢表／稽核表","醫院評鑑與醫療品質","病歷、電子病歷與醫療資料；資訊安全與個人資料；藥事與藥品管理；感染預防與控制；醫技、檢驗與病理；急診與緊急醫療；臨床研究與人體試驗；醫療保險與支付；醫療器材與設備；消防、治安與應急管理；環境、能源與醫療廢棄物；財務、採購與內部稽核；醫院評鑑與醫療品質；後勤、建築與設施安全","docx","32441","2021-01-25T08:03:22.000Z","classified_candidate","0.75"
"62c5980a8dcb9719","医院大型医用设备使用评估制度.docx","4.後勤\4後勤醫療儀器設備器械法規\医院大型医用设备使用评估制度.docx","UNKNOWN","地區待確認","年份待確認","","院內制度／SOP","資訊安全與個人資料","醫療器材與設備；財務、採購與內部稽核；後勤、建築與設施安全；醫療治理與依法執業","docx","12034","2022-05-12T15:14:24.000Z","classified_candidate","0.35"
"a89651d5cddee27e","呼吸机安全管理 pdf.pdf","4.後勤\4後勤醫療儀器設備器械法規\呼吸机安全管理 pdf.pdf","UNKNOWN","地區待確認","年份待確認","","待確認或非規範文件","醫療器材與設備","後勤、建築與設施安全","pdf","558245","2020-06-13T11:21:04.000Z","classified_candidate","0.35"
"fd6ef5de33e722b9","多参数监护仪安全管.pdf","4.後勤\4後勤醫療儀器設備器械法規\多参数监护仪安全管.pdf","UNKNOWN","地區待確認","年份待確認","","待確認或非規範文件","醫療器材與設備","後勤、建築與設施安全","pdf","458123","2020-06-13T11:20:54.000Z","classified_candidate","0.35"
"6fe041f30bb4be98","妇幼保健机构医用设备配备标准.pdf","4.後勤\4後勤醫療儀器設備器械法規\妇幼保健机构医用设备配备标准.pdf","UNKNOWN","地區待確認","年份待確認","","待確認或非規範文件","生殖、婦幼與月子服務","醫療器材與設備；後勤、建築與設施安全","pdf","310263","2022-08-26T08:30:48.000Z","classified_candidate","0.35"
"32d15ed628f9cfe1","婴儿培养箱安全管理.pdf","4.後勤\4後勤醫療儀器設備器械法規\婴儿培养箱安全管理.pdf","UNKNOWN","地區待確認","年份待確認","","待確認或非規範文件","醫療器材與設備","後勤、建築與設施安全","pdf","543282","2020-06-13T11:21:06.000Z","classified_candidate","0.35"
"e2430b4baa619b38","嬰兒培養箱電器設備.pdf","4.後勤\4後勤醫療儀器設備器械法規\嬰兒培養箱電器設備.pdf","UNKNOWN","地區待確認","年份待確認","","待確認或非規範文件","醫療器材與設備","後勤、建築與設施安全","pdf","6696013","2022-08-15T09:24:06.000Z","classified_candidate","0.35"
"cee0e79f6a8b0f4e","实施强制管理的计量器具目录.doc","4.後勤\4後勤醫療儀器設備器械法規\实施强制管理的计量器具目录.doc","UNKNOWN","地區待確認","年份待確認","","待確認或非規範文件","醫療器材與設備","後勤、建築與設施安全","doc","122368","2022-09-06T04:26:08.000Z","classified_candidate","0.35"
"8b6b347327ed3fcc","特種設備應急預案.pdf","4.後勤\4後勤醫療儀器設備器械法規\特種設備應急預案.pdf","UNKNOWN","地區待確認","年份待確認","","待確認或非規範文件","急診與緊急醫療","醫療器材與設備；消防、治安與應急管理；後勤、建築與設施安全","pdf","4581429","2022-08-16T06:13:04.000Z","classified_candidate","0.35"
"28db751cc2cee06e","计量设备监测管理制度.doc","4.後勤\4後勤醫療儀器設備器械法規\计量设备监测管理制度.doc","UNKNOWN","地區待確認","年份待確認","","院內制度／SOP","醫療器材與設備","後勤、建築與設施安全","doc","13312","2022-05-13T13:26:30.000Z","classified_candidate","0.35"
"77dd2ea5961a1318","诚信计量管理规范 第 6 部分：.pdf","4.後勤\4後勤醫療儀器設備器械法規\诚信计量管理规范 第 6 部分：.pdf","UNKNOWN","地區待確認","年份待確認","","待確認或非規範文件","醫療器材與設備","後勤、建築與設施安全","pdf","375967","2023-02-12T08:49:10.000Z","classified_candidate","0.35"
"5b4965a9cc339e44","DB12_T 597-2025 医疗卫生机构医疗废物处理规范.pdf","4.後勤\4後勤醫療廢棄物法規\DB12_T 597-2025 医疗卫生机构医疗废物处理规范.pdf","UNKNOWN","地區待確認","2025","2025","國家或地方標準","環境、能源與醫療廢棄物","後勤、建築與設施安全","pdf","347055","2025-07-23T12:50:24.000Z","classified_candidate","0.35"
"b455060a6e6d9866","DB21_T 3886-2023 医疗废物中转贮存设施设备管理规范.pdf","4.後勤\4後勤醫療廢棄物法規\DB21_T 3886-2023 医疗废物中转贮存设施设备管理规范.pdf","UNKNOWN","地區待確認","2023","2023","國家或地方標準","醫療器材與設備","環境、能源與醫療廢棄物；後勤、建築與設施安全","pdf","888966","2025-03-31T06:23:04.000Z","classified_candidate","0.35"
"f3e04a64ce943ce0","DB31_T 1641-2025 医疗废物分级分类收运技术规范.pdf","4.後勤\4後勤醫療廢棄物法規\DB31_T 1641-2025 医疗废物分级分类收运技术规范.pdf","UNKNOWN","地區待確認","2025","2025","技術規範／診療指南","環境、能源與醫療廢棄物","後勤、建築與設施安全","pdf","749202","2026-04-01T00:58:14.000Z","classified_candidate","0.35"
"c77aa4f7d4a3857b","DB32T3549-2019江蘇省醫療廢物暫存設置規範.pdf","4.後勤\4後勤醫療廢棄物法規\DB32T3549-2019江蘇省醫療廢物暫存設置規範.pdf","CN","江蘇","2019","2019","國家或地方標準","環境、能源與醫療廢棄物","後勤、建築與設施安全","pdf","415733","2023-03-30T03:42:52.000Z","classified_candidate","0.75"
"2b77c9f11a850009","DB3311_T 237-2023 医疗机构医疗废物收集暂存规范.pdf","4.後勤\4後勤醫療廢棄物法規\DB3311_T 237-2023 医疗机构医疗废物收集暂存规范.pdf","UNKNOWN","地區待確認","2023","2023","國家或地方標準","環境、能源與醫療廢棄物","後勤、建築與設施安全；醫療治理與依法執業","pdf","300925","2023-07-01T05:42:44.000Z","classified_candidate","0.35"
"7055b24ea212810d","DB34_T 5124-2025 医疗卫生机构医疗废物管理规范.pdf","4.後勤\4後勤醫療廢棄物法規\DB34_T 5124-2025 医疗卫生机构医疗废物管理规范.pdf","UNKNOWN","地區待確認","2025","2025","國家或地方標準","環境、能源與醫療廢棄物","後勤、建築與設施安全","pdf","449816","2025-03-31T06:22:42.000Z","classified_candidate","0.35"
"658df339f740e68a","DB4401_T 252-2024 医疗废物暂存间卫生管理规范.pdf","4.後勤\4後勤醫療廢棄物法規\DB4401_T 252-2024 医疗废物暂存间卫生管理规范.pdf","UNKNOWN","地區待確認","2024","2024","國家或地方標準","環境、能源與醫療廢棄物","後勤、建築與設施安全","pdf","602021","2026-05-12T22:40:42.000Z","classified_candidate","0.35"
"c5264ec0be78cd78","DB4403_T 395-2023 医疗废物安全收运处置技术规范.pdf","4.後勤\4後勤醫療廢棄物法規\DB4403_T 395-2023 医疗废物安全收运处置技术规范.pdf","UNKNOWN","地區待確認","2023","2023","技術規範／診療指南","環境、能源與醫療廢棄物","後勤、建築與設施安全","pdf","968246","2024-06-10T09:47:20.000Z","classified_candidate","0.35"
"8b26fc165d9d81bc","GA 95-2015 灭火器维修.pdf","4.後勤\4後勤醫療廢棄物法規\GA 95-2015 灭火器维修.pdf","UNKNOWN","地區待確認","2015","2015","待確認或非規範文件","環境、能源與醫療廢棄物","後勤、建築與設施安全","pdf","5779145","2023-02-16T14:04:20.000Z","classified_candidate","0.35"
"8d00b808a89aaa9f","GB 19217-2003 医疗废物转运车技术要求(试行).pdf","4.後勤\4後勤醫療廢棄物法規\GB 19217-2003 医疗废物转运车技术要求(试行).pdf","UNKNOWN","地區待確認","2003","2003；1921","國家或地方標準","環境、能源與醫療廢棄物","後勤、建築與設施安全","pdf","423833","2008-10-16T12:52:54.000Z","classified_candidate","0.35"
"a8bdb3400f866f12","GB 5085.7-2019 危险废物鉴别标准 通则.pdf","4.後勤\4後勤醫療廢棄物法規\GB 5085.7-2019 危险废物鉴别标准 通则.pdf","UNKNOWN","地區待確認","2019","2019","國家或地方標準","環境、能源與醫療廢棄物","後勤、建築與設施安全","pdf","215424","2023-07-01T05:16:54.000Z","classified_candidate","0.35"
"0c4058a5251584f8","HJ 1284-2023 医疗废物消毒处理设施运行管理技术规范.pdf","4.後勤\4後勤醫療廢棄物法規\HJ 1284-2023 医疗废物消毒处理设施运行管理技术规范.pdf","UNKNOWN","地區待確認","2023","2023","技術規範／診療指南","感染預防與控制","環境、能源與醫療廢棄物；後勤、建築與設施安全","pdf","680447","2024-06-10T09:47:48.000Z","classified_candidate","0.35"
"992808cd8fe19ec8","HJ_T 421-2008 医疗废物专用包装袋、容器和警示标志标准.pdf","4.後勤\4後勤醫療廢棄物法規\HJ_T 421-2008 医疗废物专用包装袋、容器和警示标志标准.pdf","UNKNOWN","地區待確認","2008","2008","待確認或非規範文件","環境、能源與醫療廢棄物","後勤、建築與設施安全","pdf","160285","2023-07-01T05:44:00.000Z","classified_candidate","0.35"
"f65f062baf7ad757","T_SHWSHQ 04-2019 医院生活垃圾分类及收集规范.pdf","4.後勤\4後勤醫療廢棄物法規\T_SHWSHQ 04-2019 医院生活垃圾分类及收集规范.pdf","UNKNOWN","地區待確認","2019","2019","待確認或非規範文件","環境、能源與醫療廢棄物","後勤、建築與設施安全","pdf","4382478","2023-02-12T09:17:34.000Z","classified_candidate","0.35"
"fc355fcb07b4a892","《加强餐厨垃圾收运处理工作指导意见》政策解读.pdf","4.後勤\4後勤醫療廢棄物法規\《加强餐厨垃圾收运处理工作指导意见》政策解读.pdf","UNKNOWN","地區待確認","年份待確認","","待確認或非規範文件","環境、能源與醫療廢棄物","後勤、建築與設施安全","pdf","269792","2022-06-30T08:45:28.000Z","classified_candidate","0.35"
"e96e4b403f9c7d41","关于印发《池州市医疗废物中转站及暂存间设置标准》的通知（池卫健﹝2020﹞103号）.pdf","4.後勤\4後勤醫療廢棄物法規\关于印发《池州市医疗废物中转站及暂存间设置标准》的通知（池卫健﹝2020﹞103号）.pdf","UNKNOWN","地區待確認","2020","2020","公告／通知／函釋","環境、能源與醫療廢棄物","後勤、建築與設施安全","pdf","393191","2023-03-30T03:41:10.000Z","classified_candidate","0.35"
"d68f361d4dc1ab01","关于印发医疗废物分类目录（2021年版）的通知_其他_中国政府网.pdf","4.後勤\4後勤醫療廢棄物法規\关于印发医疗废物分类目录（2021年版）的通知_其他_中国政府网.pdf","CN","地區待確認","2021","2021","公告／通知／函釋","環境、能源與醫療廢棄物","後勤、建築與設施安全","pdf","1611416","2022-07-05T15:07:18.000Z","classified_candidate","0.75"
"4e3b4864be67073e","关于印发医疗废物分类目录（2021年版）的通知国卫医函〔2021〕238  号2021.12.1.pdf","4.後勤\4後勤醫療廢棄物法規\关于印发医疗废物分类目录（2021年版）的通知国卫医函〔2021〕238  号2021.12.1.pdf","UNKNOWN","地區待確認","2021","2021","公告／通知／函釋","環境、能源與醫療廢棄物","後勤、建築與設施安全","pdf","309464","2021-12-01T11:17:30.000Z","classified_candidate","0.35"
"eb4e72b907a92d8d","关于印发医疗机构废弃物综合治理工作方案的通知.pdf","4.後勤\4後勤醫療廢棄物法規\关于印发医疗机构废弃物综合治理工作方案的通知.pdf","UNKNOWN","地區待確認","年份待確認","","公告／通知／函釋","環境、能源與醫療廢棄物","後勤、建築與設施安全；醫療治理與依法執業","pdf","242069","2022-07-27T14:07:28.000Z","classified_candidate","0.35"
"dfe7deb783d24796","医疗卫生机构医疗废物卫生管理规范遼寧.pdf","4.後勤\4後勤醫療廢棄物法規\医疗卫生机构医疗废物卫生管理规范遼寧.pdf","UNKNOWN","遼寧","年份待確認","","待確認或非規範文件","環境、能源與醫療廢棄物","後勤、建築與設施安全","pdf","655565","2023-03-31T13:08:40.000Z","classified_candidate","0.35"
"eb3e056b07a93ab2","医疗废物专用包装袋、容器和警示标志标准.pdf","4.後勤\4後勤醫療廢棄物法規\医疗废物专用包装袋、容器和警示标志标准.pdf","UNKNOWN","地區待確認","年份待確認","","待確認或非規範文件","環境、能源與醫療廢棄物","後勤、建築與設施安全","pdf","161864","2020-06-29T15:52:44.000Z","classified_candidate","0.35"
"ef06505fabd79b0b","医疗废物处理处置污染控制标准.pdf","4.後勤\4後勤醫療廢棄物法規\医疗废物处理处置污染控制标准.pdf","UNKNOWN","地區待確認","年份待確認","","待確認或非規範文件","環境、能源與醫療廢棄物","後勤、建築與設施安全","pdf","548251","2022-08-17T07:15:34.000Z","classified_candidate","0.35"
"e90993585fa35672","医疗废物集中处置技术规范（试行）.pdf","4.後勤\4後勤醫療廢棄物法規\医疗废物集中处置技术规范（试行）.pdf","UNKNOWN","地區待確認","年份待確認","","技術規範／診療指南","環境、能源與醫療廢棄物","後勤、建築與設施安全","pdf","371374","2022-07-27T14:10:40.000Z","classified_candidate","0.35"
"7789010443787a53","医疗废物集中处置技术规范（试行）_中华人民共和国生态环境部.pdf","4.後勤\4後勤醫療廢棄物法規\医疗废物集中处置技术规范（试行）_中华人民共和国生态环境部.pdf","CN","地區待確認","年份待確認","","技術規範／診療指南","環境、能源與醫療廢棄物","後勤、建築與設施安全","pdf","1769488","2022-07-27T14:09:16.000Z","classified_candidate","0.75"
"20ca79c9eb9f83c0","医疗机构医疗废物暂存处规范设置(建设)标准.pdf","4.後勤\4後勤醫療廢棄物法規\医疗机构医疗废物暂存处规范设置(建设)标准.pdf","UNKNOWN","地區待確認","年份待確認","","待確認或非規範文件","環境、能源與醫療廢棄物","後勤、建築與設施安全；醫療治理與依法執業","pdf","600197","2022-08-04T10:26:38.000Z","classified_candidate","0.35"
"1e55ac51eeb39b5e","危险废物识别标志设置技术规范.pdf","4.後勤\4後勤醫療廢棄物法規\危险废物识别标志设置技术规范.pdf","UNKNOWN","地區待確認","年份待確認","","技術規範／診療指南","環境、能源與醫療廢棄物","後勤、建築與設施安全","pdf","1334362","2023-05-26T03:35:44.000Z","classified_candidate","0.35"
"9a5b57aac8fa8527","国家危险废物名录（2021年版）_中华人民共和国生态环境部.pdf","4.後勤\4後勤醫療廢棄物法規\国家危险废物名录（2021年版）_中华人民共和国生态环境部.pdf","CN","地區待確認","2021","2021","待確認或非規範文件","環境、能源與醫療廢棄物","後勤、建築與設施安全","pdf","71867","2022-07-05T14:59:42.000Z","classified_candidate","0.75"
"ad9508f4ff329480","国家环境保护总局令（第27号）废弃危险化学品污染环境防治办法_2006年第23号国务院公报_中国政府网.pdf","4.後勤\4後勤醫療廢棄物法規\国家环境保护总局令（第27号）废弃危险化学品污染环境防治办法_2006年第23号国务院公报_中国政府网.pdf","CN","地區待確認","2006","2006","行政法規／條例","環境、能源與醫療廢棄物","後勤、建築與設施安全","pdf","245623","2022-07-05T14:58:54.000Z","classified_candidate","0.75"
"44b1c5df33e11b37","广东省住房和城乡建设厅关于印发《加强餐厨垃圾收运处理工作指导意见》的通知.pdf","4.後勤\4後勤醫療廢棄物法規\广东省住房和城乡建设厅关于印发《加强餐厨垃圾收运处理工作指导意见》的通知.pdf","CN","廣東","年份待確認","","公告／通知／函釋","環境、能源與醫療廢棄物","後勤、建築與設施安全","pdf","292062","2022-06-30T08:44:12.000Z","classified_candidate","0.75"
"1175c0a95b2e373d","東平縣医疗废物暂存间设置要求及相关管理制度.pdf","4.後勤\4後勤醫療廢棄物法規\東平縣医疗废物暂存间设置要求及相关管理制度.pdf","UNKNOWN","地區待確認","年份待確認","","院內制度／SOP","環境、能源與醫療廢棄物","後勤、建築與設施安全","pdf","7050","2023-03-30T03:47:52.000Z","classified_candidate","0.35"
"c1a19aee71626da5","读懂《危险废物识别标志设置技术规范》（HJ 1276-2022）.pdf","4.後勤\4後勤醫療廢棄物法規\读懂《危险废物识别标志设置技术规范》（HJ 1276-2022）.pdf","UNKNOWN","地區待確認","2022","2022","技術規範／診療指南","環境、能源與醫療廢棄物","後勤、建築與設施安全","pdf","4499585","2023-07-01T05:22:50.000Z","classified_candidate","0.35"
"82e12a41ad386408","醫療廢物暫存間衛生管理規範.pdf","4.後勤\4後勤醫療廢棄物法規\醫療廢物暫存間衛生管理規範.pdf","UNKNOWN","地區待確認","年份待確認","","待確認或非規範文件","環境、能源與醫療廢棄物","後勤、建築與設施安全","pdf","1198913","2022-08-17T07:06:50.000Z","classified_candidate","0.35"
"10cd906f10f91620","黃岡市醫療費務暫存間衛生管理規範.pdf","4.後勤\4後勤醫療廢棄物法規\黃岡市醫療費務暫存間衛生管理規範.pdf","UNKNOWN","地區待確認","年份待確認","","待確認或非規範文件","環境、能源與醫療廢棄物","後勤、建築與設施安全","pdf","1198913","2023-03-30T03:39:10.000Z","classified_candidate","0.35"
"27a1e9dbc4814914","DB1311_T 082-2025 电梯安全使用管理规范.pdf","4.後勤\4後勤電梯法規\DB1311_T 082-2025 电梯安全使用管理规范.pdf","UNKNOWN","地區待確認","2025","2025","國家或地方標準","後勤、建築與設施安全","","pdf","243143","2025-05-16T01:36:30.000Z","classified_candidate","0.35"
"eee0a1752e1c0676","DB14_T 1664-2025 曳引驱动电梯自检规范.pdf","4.後勤\4後勤電梯法規\DB14_T 1664-2025 曳引驱动电梯自检规范.pdf","UNKNOWN","地區待確認","2025","2025","國家或地方標準","後勤、建築與設施安全","","pdf","1343952","2025-05-16T01:36:48.000Z","classified_candidate","0.35"
"98841889c55d19f4","DB2301_T 185-2024 电梯涉水情况下安全操作规范.pdf","4.後勤\4後勤電梯法規\DB2301_T 185-2024 电梯涉水情况下安全操作规范.pdf","UNKNOWN","地區待確認","2024","2024","國家或地方標準","後勤、建築與設施安全","","pdf","847432","2025-05-16T01:49:14.000Z","classified_candidate","0.35"
"83b0884438fa43b0","DB3207_T 2036-2025 电梯应急处置热线服务规范.pdf","4.後勤\4後勤電梯法規\DB3207_T 2036-2025 电梯应急处置热线服务规范.pdf","UNKNOWN","地區待確認","2036","2036；2025","國家或地方標準","急診與緊急醫療","消防、治安與應急管理；後勤、建築與設施安全","pdf","313197","2025-05-16T01:49:00.000Z","classified_candidate","0.35"
"9e4f58069be89b2b","DB3213_T 1078-2025 电梯维护保养工作安全管理规范.pdf","4.後勤\4後勤電梯法規\DB3213_T 1078-2025 电梯维护保养工作安全管理规范.pdf","UNKNOWN","地區待確認","2025","2025","國家或地方標準","後勤、建築與設施安全","","pdf","270417","2025-05-16T01:36:16.000Z","classified_candidate","0.35"
"e3f215a2b0242a60","DB32_T 5041-2025 呼吸道传染病突发公共卫生事件中电梯作业.pdf","4.後勤\4後勤電梯法規\DB32_T 5041-2025 呼吸道传染病突发公共卫生事件中电梯作业.pdf","UNKNOWN","地區待確認","2025","2025","國家或地方標準","感染預防與控制","急診與緊急醫療；後勤、建築與設施安全","pdf","615812","2025-05-16T01:37:20.000Z","classified_candidate","0.35"
"428bf68224bd0e4d","DB32_T 5053-2025 消防电梯的使用管理与维护保养规则.pdf","4.後勤\4後勤電梯法規\DB32_T 5053-2025 消防电梯的使用管理与维护保养规则.pdf","UNKNOWN","地區待確認","2025","2025","國家或地方標準","消防、治安與應急管理","後勤、建築與設施安全","pdf","627284","2025-05-16T01:36:58.000Z","classified_candidate","0.35"
"9d6bd6502e4f450a","DB3302_T 2201-2024 电梯应急救援服务规范.pdf","4.後勤\4後勤電梯法規\DB3302_T 2201-2024 电梯应急救援服务规范.pdf","UNKNOWN","地區待確認","2024","2024","國家或地方標準","急診與緊急醫療","消防、治安與應急管理；後勤、建築與設施安全","pdf","848029","2025-05-16T01:50:02.000Z","classified_candidate","0.35"
"42116076d577a329","DB34_T 5141-2025 电梯风险管控和隐患排查治理导则.pdf","4.後勤\4後勤電梯法規\DB34_T 5141-2025 电梯风险管控和隐患排查治理导则.pdf","UNKNOWN","地區待確認","2025","2025","國家或地方標準","後勤、建築與設施安全","","pdf","1527587","2025-09-12T12:10:34.000Z","classified_candidate","0.35"
"66420b7404a799c3","DB35T 1828-2019 电梯困人应急处置规范.pdf","4.後勤\4後勤電梯法規\DB35T 1828-2019 电梯困人应急处置规范.pdf","UNKNOWN","地區待確認","2019","2019","國家或地方標準","急診與緊急醫療","消防、治安與應急管理；後勤、建築與設施安全","pdf","2875805","2024-10-11T05:19:28.000Z","classified_candidate","0.35"
"167781e06acfecc3","DB41_T 2845-2025 电梯困人应急救援作业规程.pdf","4.後勤\4後勤電梯法規\DB41_T 2845-2025 电梯困人应急救援作业规程.pdf","UNKNOWN","地區待確認","2025","2025","國家或地方標準","急診與緊急醫療","消防、治安與應急管理；後勤、建築與設施安全","pdf","275598","2025-09-12T12:11:28.000Z","classified_candidate","0.35"
"c3b200d4583dcd44","DB54_T 0297-2023 乘客电梯困人救援规范.pdf","4.後勤\4後勤電梯法規\DB54_T 0297-2023 乘客电梯困人救援规范.pdf","UNKNOWN","地區待確認","2023","2023","國家或地方標準","後勤、建築與設施安全","","pdf","624925","2024-10-11T05:19:04.000Z","classified_candidate","0.35"
"a4fdf593940aac51","TSJZPMA 001-2021 医院电梯运行管理规范.pdf","4.後勤\4後勤電梯法規\TSJZPMA 001-2021 医院电梯运行管理规范.pdf","UNKNOWN","地區待確認","2021","2021","待確認或非規範文件","後勤、建築與設施安全","","pdf","244179","2025-05-11T11:37:04.000Z","classified_candidate","0.35"
"6d91b8968198406f","T_CEA 0028-2025 医用电梯技术规范.pdf","4.後勤\4後勤電梯法規\T_CEA 0028-2025 医用电梯技术规范.pdf","UNKNOWN","地區待確認","2025","2025","技術規範／診療指南","後勤、建築與設施安全","","pdf","422834","2025-09-12T12:10:10.000Z","classified_candidate","0.35"
"a577f7a1c508db56","T_GPMII 01-2024 电梯使用安全管理规范.pdf","4.後勤\4後勤電梯法規\T_GPMII 01-2024 电梯使用安全管理规范.pdf","UNKNOWN","地區待確認","2024","2024","待確認或非規範文件","後勤、建築與設施安全","","pdf","538920","2025-05-11T11:42:28.000Z","classified_candidate","0.35"
"ef54737ff385b4e3","T_YQDT 02-2024 曳引驱动电梯维护保养操作安全规范.pdf","4.後勤\4後勤電梯法規\T_YQDT 02-2024 曳引驱动电梯维护保养操作安全规范.pdf","UNKNOWN","地區待確認","2024","2024","待確認或非規範文件","後勤、建築與設施安全","","pdf","269861","2025-05-16T02:38:00.000Z","classified_candidate","0.35"
"960ffa5331051217","乘客电梯困人救援规范.pdf","4.後勤\4後勤電梯法規\乘客电梯困人救援规范.pdf","UNKNOWN","地區待確認","年份待確認","","待確認或非規範文件","後勤、建築與設施安全","","pdf","1054158","2023-03-31T13:01:44.000Z","classified_candidate","0.35"
"a33b8ce9e225eb72","健康电梯技术规范.pdf","4.後勤\4後勤電梯法規\健康电梯技术规范.pdf","UNKNOWN","地區待確認","年份待確認","","技術規範／診療指南","後勤、建築與設施安全","","pdf","630436","2023-03-31T12:55:20.000Z","classified_candidate","0.35"
"44adfbcfaa838e1c","公众聚集场所电梯风险源辨识和分级规范.pdf","4.後勤\4後勤電梯法規\公众聚集场所电梯风险源辨识和分级规范.pdf","UNKNOWN","地區待確認","年份待確認","","待確認或非規範文件","後勤、建築與設施安全","","pdf","695365","2023-03-31T13:01:12.000Z","classified_candidate","0.35"
"ffc921081b0d6438","国务院办公厅关于加强电梯质量安全工作的意见.pdf","4.後勤\4後勤電梯法規\国务院办公厅关于加强电梯质量安全工作的意见.pdf","UNKNOWN","地區待確認","年份待確認","","待確認或非規範文件","後勤、建築與設施安全","","pdf","359603","2022-09-04T14:27:28.000Z","classified_candidate","0.35"
"c0e8c79c7f08b888","在用电梯安全风险评估规范.pdf","4.後勤\4後勤電梯法規\在用电梯安全风险评估规范.pdf","UNKNOWN","地區待確認","年份待確認","","待確認或非規範文件","後勤、建築與設施安全","","pdf","4068314","2023-03-31T13:00:40.000Z","classified_candidate","0.35"
"f80ecb884cbee74d","电梯使用安全标志与标识.pdf","4.後勤\4後勤電梯法規\电梯使用安全标志与标识.pdf","UNKNOWN","地區待確認","年份待確認","","待確認或非規範文件","後勤、建築與設施安全","","pdf","1977499","2023-03-31T13:05:10.000Z","classified_candidate","0.35"
"51d409a76f7040dd","电梯安全风险评估规范.pdf","4.後勤\4後勤電梯法規\电梯安全风险评估规范.pdf","UNKNOWN","地區待確認","年份待確認","","待確認或非規範文件","後勤、建築與設施安全","","pdf","3264738","2023-03-31T13:03:54.000Z","classified_candidate","0.35"
"05d3f9973cc10db3","电梯显示器-信息发布管理与安全性规范.pdf","4.後勤\4後勤電梯法規\电梯显示器-信息发布管理与安全性规范.pdf","UNKNOWN","地區待確認","年份待確認","","待確認或非規範文件","後勤、建築與設施安全","","pdf","526502","2023-03-31T12:58:08.000Z","classified_candidate","0.35"
"703d8df01fd1b671","电梯机房安全技术规范徵詢.pdf","4.後勤\4後勤電梯法規\电梯机房安全技术规范徵詢.pdf","UNKNOWN","地區待確認","年份待確認","","技術規範／診療指南","後勤、建築與設施安全","","pdf","540041","2023-03-10T11:57:42.000Z","classified_candidate","0.35"
"025b6d0a7637699f","电梯监督检验和定期检验规则.pdf","4.後勤\4後勤電梯法規\电梯监督检验和定期检验规则.pdf","UNKNOWN","地區待確認","年份待確認","","待確認或非規範文件","醫技、檢驗與病理","後勤、建築與設施安全","pdf","34186750","2023-04-07T10:39:34.000Z","classified_candidate","0.35"
"5e5c08bdb88a1035","电梯维保工作质量评价规范2023.pdf","4.後勤\4後勤電梯法規\电梯维保工作质量评价规范2023.pdf","UNKNOWN","地區待確認","2023","2023","待確認或非規範文件","後勤、建築與設施安全","","pdf","1060218","2023-07-13T02:49:46.000Z","classified_candidate","0.35"
"11f9a43ab4b60a12","电梯维护保养与运行质量抽查技术准则.pdf","4.後勤\4後勤電梯法規\电梯维护保养与运行质量抽查技术准则.pdf","UNKNOWN","地區待確認","年份待確認","","待確認或非規範文件","後勤、建築與設施安全","","pdf","975072","2023-03-31T12:59:36.000Z","classified_candidate","0.35"
"75aeb9e8db56cda0","电梯自行检测规则.pdf","4.後勤\4後勤電梯法規\电梯自行检测规则.pdf","UNKNOWN","地區待確認","年份待確認","","待確認或非規範文件","後勤、建築與設施安全","","pdf","18076173","2023-04-07T10:39:32.000Z","classified_candidate","0.35"
"f3e93f554492635a","DB15_T 972-2024 医疗机构物业管理服务规范.pdf","4.後勤\4物業保潔\DB15_T 972-2024 医疗机构物业管理服务规范.pdf","UNKNOWN","地區待確認","2024","2024","國家或地方標準","後勤、建築與設施安全","醫療治理與依法執業","pdf","1417348","2024-10-15T06:44:04.000Z","classified_candidate","0.35"
"6fd57aed9c67bbfb","DB3502_T 119-2024 医疗机构场地保洁与消毒规范.pdf","4.後勤\4物業保潔\DB3502_T 119-2024 医疗机构场地保洁与消毒规范.pdf","UNKNOWN","地區待確認","2024","2024","國家或地方標準","感染預防與控制","後勤、建築與設施安全；醫療治理與依法執業","pdf","1802486","2024-10-15T07:02:58.000Z","classified_candidate","0.35"
"95114d6c6a1a9be9","2022 医院医疗器械管理规范 第 1 部分：总则.pdf","5.設備科\2022 医院医疗器械管理规范 第 1 部分：总则.pdf","UNKNOWN","地區待確認","2022","2022","待確認或非規範文件","醫療器材與設備","","pdf","297397","2023-06-25T03:51:00.000Z","classified_candidate","0.35"
"37e4f9e29b445cfb","2022 医院医疗器械管理规范 第15突发事件应急预案.pdf","5.設備科\2022 医院医疗器械管理规范 第15突发事件应急预案.pdf","UNKNOWN","地區待確認","2022","2022","待確認或非規範文件","急診與緊急醫療","醫療器材與設備；消防、治安與應急管理","pdf","310779","2023-06-25T03:52:56.000Z","classified_candidate","0.35"
"b0c58ceee8ed854a","2022 医院医疗器械管理规范 第8部分安全使用管理.pdf","5.設備科\2022 医院医疗器械管理规范 第8部分安全使用管理.pdf","UNKNOWN","地區待確認","2022","2022","待確認或非規範文件","醫療器材與設備","","pdf","270905","2023-06-25T03:53:32.000Z","classified_candidate","0.35"
"ad32f3cb40811313","3058-医疗保障 医疗设备.pdf","5.設備科\3058-医疗保障 医疗设备.pdf","UNKNOWN","地區待確認","年份待確認","","待確認或非規範文件","醫療器材與設備","","pdf","1518555","2022-06-20T04:02:40.000Z","classified_candidate","0.35"
"ae3c926b4cfdf583","DB34_T 4242-2022 智慧医院医用耗材SPD建设指南.pdf","5.設備科\DB34_T 4242-2022 智慧医院医用耗材SPD建设指南.pdf","UNKNOWN","地區待確認","2022","2022","技術規範／診療指南","醫療器材與設備","","pdf","408734","2026-04-14T05:03:56.000Z","classified_candidate","0.35"
"cc753304baa2dc09","DB4401_T 277.1-2024 医疗设备预防性维护管理规范 第1.pdf","5.設備科\DB4401_T 277.1-2024 医疗设备预防性维护管理规范 第1.pdf","UNKNOWN","地區待確認","2024","2024","國家或地方標準","醫療器材與設備","","pdf","342691","2024-10-28T00:15:08.000Z","classified_candidate","0.35"
"fb9d96e09a1e8598","GB 1588-2024 医用玻璃体温计.pdf","5.設備科\GB 1588-2024 医用玻璃体温计.pdf","UNKNOWN","地區待確認","2024","2024","國家或地方標準","醫療器材與設備","","pdf","1024288","2024-10-15T07:06:40.000Z","classified_candidate","0.35"
"ace1d2141250aeaa","TGDMDMA 0012.2-2021.pdf","5.設備科\TGDMDMA 0012.2-2021.pdf","UNKNOWN","地區待確認","2021","2021","待確認或非規範文件","醫療器材與設備","","pdf","374369","2023-06-25T03:51:38.000Z","classified_candidate","0.35"
"5a695be5b69d2015","TGDMDMA 0012.2-2021调配中心运行管理.pdf","5.設備科\TGDMDMA 0012.2-2021调配中心运行管理.pdf","UNKNOWN","地區待確認","2021","2021","待確認或非規範文件","醫療器材與設備","","pdf","374369","2023-06-25T03:51:52.000Z","classified_candidate","0.35"
"4351ebe7c5e0e767","T_ 医院医疗器械管理规范 第 9 维护维修管理.pdf","5.設備科\T_ 医院医疗器械管理规范 第 9 维护维修管理.pdf","UNKNOWN","地區待確認","年份待確認","","待確認或非規範文件","醫療器材與設備","","pdf","283992","2023-06-25T01:59:14.000Z","classified_candidate","0.35"
"42f46f7f39b41866","T_CAV 019-2025 疫苗区域仓储冷库管理规范.pdf","5.設備科\T_CAV 019-2025 疫苗区域仓储冷库管理规范.pdf","UNKNOWN","地區待確認","2025","2025","待確認或非規範文件","生殖、婦幼與月子服務","醫療器材與設備","pdf","634683","2025-08-16T05:11:08.000Z","classified_candidate","0.35"
"a342f7f60023ee9b","T_CPASE G035-2024 医疗机构特种设备使用合规管理要求.pdf","5.設備科\T_CPASE G035-2024 医疗机构特种设备使用合规管理要求.pdf","UNKNOWN","地區待確認","2024","2024","待確認或非規範文件","醫療器材與設備","醫療治理與依法執業","pdf","789686","2025-04-02T06:37:14.000Z","classified_candidate","0.35"
"f28d0cb0d479798e","T_GDMDMA 0012.1-2022 医院医疗器械管理规范 第1部分.pdf","5.設備科\T_GDMDMA 0012.1-2022 医院医疗器械管理规范 第1部分.pdf","UNKNOWN","地區待確認","2022","2022","待確認或非規範文件","醫療器材與設備","","pdf","297397","2023-06-25T03:50:10.000Z","classified_candidate","0.35"
"a345ba06a02ccd61","T_GDMDMA 0012.10-2022 医院医疗器械管理规范 第10.pdf","5.設備科\T_GDMDMA 0012.10-2022 医院医疗器械管理规范 第10.pdf","UNKNOWN","地區待確認","2022","2022","待確認或非規範文件","醫療器材與設備","","pdf","427369","2026-02-02T08:27:00.000Z","classified_candidate","0.35"
"f38381d376aacd10","T_GDMDMA 0012.12-2022 医院医疗设备管理规范 第12 (1).pdf","5.設備科\T_GDMDMA 0012.12-2022 医院医疗设备管理规范 第12 (1).pdf","UNKNOWN","地區待確認","2022","2022","待確認或非規範文件","醫療器材與設備","","pdf","293504","2026-02-02T08:30:24.000Z","classified_candidate","0.35"
"8a5de74dd5423b3b","T_GDMDMA 0012.12-2022 医院医疗设备管理规范 第12.pdf","5.設備科\T_GDMDMA 0012.12-2022 医院医疗设备管理规范 第12.pdf","UNKNOWN","地區待確認","2022","2022","待確認或非規範文件","醫療器材與設備","","pdf","293504","2026-02-02T08:01:08.000Z","classified_candidate","0.35"
"f9673052404e399c","T_GDMDMA 0012.15-2022 医院医疗器械管理规范 第15.pdf","5.設備科\T_GDMDMA 0012.15-2022 医院医疗器械管理规范 第15.pdf","UNKNOWN","地區待確認","2022","2022","待確認或非規範文件","醫療器材與設備","","pdf","310779","2023-06-25T03:52:42.000Z","classified_candidate","0.35"
"2cf6b47d28a8dce6","T_GDMDMA 0012.8-2022 医院医疗器械管理规范 第8部分.pdf","5.設備科\T_GDMDMA 0012.8-2022 医院医疗器械管理规范 第8部分.pdf","UNKNOWN","地區待確認","2022","2022","待確認或非規範文件","醫療器材與設備","","pdf","270905","2023-06-25T03:53:18.000Z","classified_candidate","0.35"
"1720f4e765e65793","T_GDMDMA 0012.9-2022 医院医疗器械管理规范 第 9 .pdf","5.設備科\T_GDMDMA 0012.9-2022 医院医疗器械管理规范 第 9 .pdf","UNKNOWN","地區待確認","2022","2022","待確認或非規範文件","醫療器材與設備","","pdf","283992","2023-06-25T01:58:18.000Z","classified_candidate","0.35"
"bb753f48d8629706","T_GDNS 012-2023 医疗设备安全规范.pdf","5.設備科\T_GDNS 012-2023 医疗设备安全规范.pdf","UNKNOWN","地區待確認","2023","2023","待確認或非規範文件","醫療器材與設備","","pdf","263295","2026-02-02T07:58:16.000Z","classified_candidate","0.35"
"8c1330442830c9a2","T_NAHIEM 142-2025 医院可复用手术器械管理规范.pdf","5.設備科\T_NAHIEM 142-2025 医院可复用手术器械管理规范.pdf","UNKNOWN","地區待確認","2025","2025","待確認或非規範文件","手術、麻醉與疼痛管理","醫療器材與設備","pdf","1437339","2025-02-28T01:22:18.000Z","classified_candidate","0.35"
"88afd08cb5c08a61","T_SBX 082-2023 冰箱温度计校准规范.pdf","5.設備科\T_SBX 082-2023 冰箱温度计校准规范.pdf","UNKNOWN","地區待確認","2023","2023","待確認或非規範文件","醫療器材與設備","","pdf","554677","2025-09-08T06:00:58.000Z","classified_candidate","0.35"
"8efdf05e5f3b84b9","T_SDAMDI 002-2024 湿度控制型医用冷藏箱专用要求.pdf","5.設備科\T_SDAMDI 002-2024 湿度控制型医用冷藏箱专用要求.pdf","UNKNOWN","地區待確認","2024","2024","待確認或非規範文件","醫療器材與設備","","pdf","775844","2025-09-08T05:59:26.000Z","classified_candidate","0.35"
"270e0da42b830ea7","WS_T 819-2023 县级综合医院设备配置标准.pdf","5.設備科\WS_T 819-2023 县级综合医院设备配置标准.pdf","UNKNOWN","地區待確認","2023","2023","國家或地方標準","醫療器材與設備","","pdf","1911484","2023-08-11T09:00:54.000Z","classified_candidate","0.35"
"1a43cc64024dcddf","WS_T 836-2024 手术室医学装备配置标准.pdf","5.設備科\WS_T 836-2024 手术室医学装备配置标准.pdf","UNKNOWN","地區待確認","2024","2024","國家或地方標準","手術、麻醉與疼痛管理","醫療器材與設備","pdf","1293233","2024-06-21T01:22:56.000Z","classified_candidate","0.35"
"89e24bb4d25065c2","中华人民共和国特种设备安全法.docx","5.設備科\中华人民共和国特种设备安全法.docx","CN","地區待確認","年份待確認","","查檢表／稽核表","醫技、檢驗與病理","急診與緊急醫療；臨床研究與人體試驗；醫療器材與設備；消防、治安與應急管理；環境、能源與醫療廢棄物；醫院評鑑與醫療品質；後勤、建築與設施安全","docx","30776","2022-08-25T08:06:18.000Z","classified_candidate","0.75"
"1f0e53b03cfbb851","关于印发大型医用设备配置与使用管理办法（试行）的通知.docx","5.設備科\关于印发大型医用设备配置与使用管理办法（试行）的通知.docx","CN","地區待確認","年份待確認","","醫院評鑑／認證標準","醫院評鑑與醫療品質","病歷、電子病歷與醫療資料；資訊安全與個人資料；藥事與藥品管理；醫技、檢驗與病理；醫療器材與設備；環境、能源與醫療廢棄物；財務、採購與內部稽核；醫院評鑑與醫療品質；後勤、建築與設施安全","docx","34210","2023-03-01T09:15:56.000Z","classified_candidate","0.75"
"940f54ab28ac4393","医保 DGRS 改革下高值医用耗材管理新模式 (1).pdf","5.設備科\医保 DGRS 改革下高值医用耗材管理新模式 (1).pdf","UNKNOWN","地區待確認","年份待確認","","待確認或非規範文件","醫療保險與支付","醫療器材與設備","pdf","979095","2026-04-14T05:21:54.000Z","classified_candidate","0.35"
"406ad637faf33208","医保 DGRS 改革下高值医用耗材管理新模式.pdf","5.設備科\医保 DGRS 改革下高值医用耗材管理新模式.pdf","UNKNOWN","地區待確認","年份待確認","","待確認或非規範文件","醫療保險與支付","醫療器材與設備","pdf","979095","2026-04-14T05:20:24.000Z","classified_candidate","0.35"
"6d9db3f60a16c0dc","医用 X 射线诊断设备质量控制检测规范.pdf","5.設備科\医用 X 射线诊断设备质量控制检测规范.pdf","UNKNOWN","地區待確認","年份待確認","","待確認或非規範文件","醫院評鑑與醫療品質","醫療器材與設備","pdf","2306499","2022-08-24T07:23:48.000Z","classified_candidate","0.35"
"4ca027eb1aaaf11e","医用X射线诊断设备质量控制检测规范.pdf","5.設備科\医用X射线诊断设备质量控制检测规范.pdf","UNKNOWN","地區待確認","年份待確認","","待確認或非規範文件","醫院評鑑與醫療品質","醫療器材與設備","pdf","2306499","2022-06-20T08:45:36.000Z","classified_candidate","0.35"
"6f1eed78ea40eedb","医用耗材精细化管理的政策要求及评价指标体系研究进展 (1).pdf","5.設備科\医用耗材精细化管理的政策要求及评价指标体系研究进展 (1).pdf","UNKNOWN","地區待確認","年份待確認","","研究論文／文獻","臨床研究與人體試驗","醫療器材與設備","pdf","2418880","2026-04-14T05:20:46.000Z","classified_candidate","0.35"
"6166b5d4d2653ffe","医用耗材精细化管理的政策要求及评价指标体系研究进展 (2).pdf","5.設備科\医用耗材精细化管理的政策要求及评价指标体系研究进展 (2).pdf","UNKNOWN","地區待確認","年份待確認","","研究論文／文獻","臨床研究與人體試驗","醫療器材與設備","pdf","2418880","2026-04-14T05:38:10.000Z","classified_candidate","0.35"
"c80a0c47ad94ede8","医用耗材精细化管理的政策要求及评价指标体系研究进展.pdf","5.設備科\医用耗材精细化管理的政策要求及评价指标体系研究进展.pdf","UNKNOWN","地區待確認","年份待確認","","研究論文／文獻","臨床研究與人體試驗","醫療器材與設備","pdf","2418880","2026-04-14T05:38:00.000Z","classified_candidate","0.35"
"2a390dd8fefb8fa2","医疗机构医学装备管理工作规范专家共识.pdf","5.設備科\医疗机构医学装备管理工作规范专家共识.pdf","UNKNOWN","地區待確認","年份待確認","","專家共識","醫療器材與設備","醫療治理與依法執業","pdf","1343471","2026-02-02T09:12:16.000Z","classified_candidate","0.35"
"42e970b5c724c516","医院大型医用设备使用评估制度.docx","5.設備科\医院大型医用设备使用评估制度.docx","UNKNOWN","地區待確認","年份待確認","","院內制度／SOP","資訊安全與個人資料","醫療器材與設備；財務、採購與內部稽核；醫療治理與依法執業","docx","12034","2022-05-12T15:14:24.000Z","classified_candidate","0.35"
"1de0e54b56f235d0","基于价值医疗和循证管理模式的高值医用耗材准入管理 (1).pdf","5.設備科\基于价值医疗和循证管理模式的高值医用耗材准入管理 (1).pdf","UNKNOWN","地區待確認","年份待確認","","待確認或非規範文件","醫療器材與設備","","pdf","1012608","2026-04-14T05:21:22.000Z","classified_candidate","0.35"
"9abee18ef2826e12","基于价值医疗和循证管理模式的高值医用耗材准入管理 (2).pdf","5.設備科\基于价值医疗和循证管理模式的高值医用耗材准入管理 (2).pdf","UNKNOWN","地區待確認","年份待確認","","待確認或非規範文件","醫療器材與設備","","pdf","1012608","2026-04-14T05:21:30.000Z","classified_candidate","0.35"
"f5a8736d9b096cf0","基于价值医疗和循证管理模式的高值医用耗材准入管理 (3).pdf","5.設備科\基于价值医疗和循证管理模式的高值医用耗材准入管理 (3).pdf","UNKNOWN","地區待確認","年份待確認","","待確認或非規範文件","醫療器材與設備","","pdf","1012608","2026-04-14T05:21:44.000Z","classified_candidate","0.35"
"8b8ec4909e3038bb","基于价值医疗和循证管理模式的高值医用耗材准入管理.pdf","5.設備科\基于价值医疗和循证管理模式的高值医用耗材准入管理.pdf","UNKNOWN","地區待確認","年份待確認","","待確認或非規範文件","醫療器材與設備","","pdf","1012608","2026-04-14T05:21:10.000Z","classified_candidate","0.35"
"ee921e9e2e4e4f7c","基于价值医疗的病种绩效管理实践与探索.pdf","5.設備科\基于价值医疗的病种绩效管理实践与探索.pdf","UNKNOWN","地區待確認","年份待確認","","待確認或非規範文件","醫療器材與設備","","pdf","818013","2026-04-14T05:20:02.000Z","classified_candidate","0.35"
"ab73c282d3188d68","基于高值医用耗材点评降低非常规耗材植入率的理论研究与实践--以浙江省中医院为例.pdf","5.設備科\基于高值医用耗材点评降低非常规耗材植入率的理论研究与实践--以浙江省中医院为例.pdf","CN","浙江","年份待確認","","研究論文／文獻","臨床研究與人體試驗","醫療器材與設備","pdf","1414012","2026-04-14T05:01:36.000Z","classified_candidate","0.75"
"d4fbde0533883039","手术室医用高值耗材_1+3_管理模块的设计与应用.pdf","5.設備科\手术室医用高值耗材_1+3_管理模块的设计与应用.pdf","UNKNOWN","地區待確認","年份待確認","","研究論文／文獻","手術、麻醉與疼痛管理","醫療器材與設備","pdf","1288780","2026-04-14T04:49:00.000Z","classified_candidate","0.35"
"cb43028dc770f001","手术室高值耗材使用中的常见问题与应对措施.pdf","5.設備科\手术室高值耗材使用中的常见问题与应对措施.pdf","UNKNOWN","地區待確認","年份待確認","","待確認或非規範文件","手術、麻醉與疼痛管理","醫療器材與設備","pdf","1337408","2026-04-14T04:49:46.000Z","classified_candidate","0.35"
"0ba95f397596a031","放射科设备日常检查、校正、检测及安全管理制度.doc","5.設備科\放射科设备日常检查、校正、检测及安全管理制度.doc","UNKNOWN","地區待確認","年份待確認","","院內制度／SOP","醫療器材與設備","","doc","26632","2022-05-13T06:33:24.000Z","classified_candidate","0.35"
"2244c6283935def0","计量设备监测管理制度.doc","5.設備科\计量设备监测管理制度.doc","UNKNOWN","地區待確認","年份待確認","","院內制度／SOP","醫療器材與設備","","doc","13312","2022-05-13T13:26:30.000Z","classified_candidate","0.35"
"143023e9fb7e57e2","01-106年度精神科醫院評鑑基準及評量項目.pdf","99台灣等級評審\01-106年度精神科醫院評鑑基準及評量項目.pdf","TW","台灣","年份待確認","","醫院評鑑／認證標準","醫院評鑑與醫療品質","","pdf","1292060","2023-08-13T08:08:08.000Z","classified_candidate","0.75"
"b5c9bd631a4d6c41","01-112年度醫院評鑑基準及評量項目、委員共識(醫學中心適用).pdf","99台灣等級評審\01-112年度醫院評鑑基準及評量項目、委員共識(醫學中心適用).pdf","TW","台灣","年份待確認","","醫院評鑑／認證標準","醫院評鑑與醫療品質","","pdf","1114397","2023-07-27T12:29:00.000Z","classified_candidate","0.75"
"9292fa3b0965da76","01-112年度醫院評鑑說明會問答集(醫學中心適用).pdf","99台灣等級評審\01-112年度醫院評鑑說明會問答集(醫學中心適用).pdf","TW","台灣","年份待確認","","醫院評鑑／認證標準","醫院評鑑與醫療品質","","pdf","217891","2023-07-27T12:29:10.000Z","classified_candidate","0.75"
"8ca0a09d892915fb","01-112年醫院評鑑及教學醫院評鑑作業程序.pdf","99台灣等級評審\01-112年醫院評鑑及教學醫院評鑑作業程序.pdf","TW","台灣","年份待確認","","醫院評鑑／認證標準","醫院評鑑與醫療品質","","pdf","1289597","2023-07-27T12:29:16.000Z","classified_candidate","0.75"
"efdedd7cbaba8bf6","01-113年醫院評鑑基準及評量項目(醫學中心適用).pdf","99台灣等級評審\01-113年醫院評鑑基準及評量項目(醫學中心適用).pdf","TW","台灣","年份待確認","","醫院評鑑／認證標準","醫院評鑑與醫療品質","","pdf","3405227","2024-04-30T11:32:32.000Z","classified_candidate","0.75"
"7b78665eb04004e3","01-評定作業重點說明 (1).pdf","99台灣等級評審\01-評定作業重點說明 (1).pdf","TW","台灣","年份待確認","","醫院評鑑／認證標準","醫院評鑑與醫療品質","","pdf","1028853","2024-02-05T01:20:28.000Z","classified_candidate","0.75"
"3efb038a694c39ed","01-評定作業重點說明.pdf","99台灣等級評審\01-評定作業重點說明.pdf","TW","台灣","年份待確認","","醫院評鑑／認證標準","醫院評鑑與醫療品質","","pdf","1028853","2024-02-05T01:20:26.000Z","classified_candidate","0.75"
"876cdb31b2833d1e","02-112年度醫院評鑑基準及評量項目、委員共識(區域醫院及地區醫院適用).pdf","99台灣等級評審\02-112年度醫院評鑑基準及評量項目、委員共識(區域醫院及地區醫院適用).pdf","TW","台灣","年份待確認","","醫院評鑑／認證標準","醫院評鑑與醫療品質","","pdf","1537564","2024-06-08T11:47:32.000Z","classified_candidate","0.75"
"63b8d7f9e411bbbf","02-112年度醫院評鑑說明會問答集(區域醫院及地區醫院適用).pdf","99台灣等級評審\02-112年度醫院評鑑說明會問答集(區域醫院及地區醫院適用).pdf","TW","台灣","年份待確認","","醫院評鑑／認證標準","醫院評鑑與醫療品質","","pdf","294823","2023-07-27T12:29:10.000Z","classified_candidate","0.75"
"6cef99240e648f8d","02-113年度醫院評鑑基準及評量項目(醫學中心適用)-修正對照表.pdf","99台灣等級評審\02-113年度醫院評鑑基準及評量項目(醫學中心適用)-修正對照表.pdf","TW","台灣","年份待確認","","醫院評鑑／認證標準","醫院評鑑與醫療品質","","pdf","3893235","2024-04-30T11:32:36.000Z","classified_candidate","0.75"
"336935638d3486fb","02-第一章、急診醫療評定基準說明.pdf","99台灣等級評審\02-第一章、急診醫療評定基準說明.pdf","TW","台灣","年份待確認","","醫院評鑑／認證標準","急診與緊急醫療","醫院評鑑與醫療品質","pdf","1006934","2024-02-05T01:20:30.000Z","classified_candidate","0.75"
"90ce48a99fba21cc","02-醫院評鑑基準(醫學中心適用)-第1.1-1.3章.pdf","99台灣等級評審\02-醫院評鑑基準(醫學中心適用)-第1.1-1.3章.pdf","TW","台灣","年份待確認","","醫院評鑑／認證標準","醫院評鑑與醫療品質","","pdf","1801917","2023-07-27T12:29:18.000Z","classified_candidate","0.75"
"68e4dc809ee7ce7f","03-112年度教學醫院評鑑基準及評量項目、委員共識(醫學中心適用).pdf","99台灣等級評審\03-112年度教學醫院評鑑基準及評量項目、委員共識(醫學中心適用).pdf","TW","台灣","年份待確認","","醫院評鑑／認證標準","醫院評鑑與醫療品質","","pdf","712462","2023-07-27T12:29:04.000Z","classified_candidate","0.75"
"24316cbbcf39ad4f","03-113年醫院評鑑基準及評量項目(區域醫院、地區醫院適用).pdf","99台灣等級評審\03-113年醫院評鑑基準及評量項目(區域醫院、地區醫院適用).pdf","TW","台灣","年份待確認","","醫院評鑑／認證標準","醫院評鑑與醫療品質","","pdf","1708596","2024-06-08T11:47:18.000Z","classified_candidate","0.75"
"82c1840af23de8af","03-第二章、急性腦中風醫療評定基準說明.pdf","99台灣等級評審\03-第二章、急性腦中風醫療評定基準說明.pdf","TW","台灣","年份待確認","","醫院評鑑／認證標準","醫院評鑑與醫療品質","","pdf","949002","2024-02-05T01:20:30.000Z","classified_candidate","0.75"
"5a8c17c1d6048223","03-醫院評鑑基準(醫學中心適用)-第1.4至1.8章.pdf","99台灣等級評審\03-醫院評鑑基準(醫學中心適用)-第1.4至1.8章.pdf","TW","台灣","年份待確認","","醫院評鑑／認證標準","醫院評鑑與醫療品質","","pdf","1815627","2023-07-27T12:29:22.000Z","classified_candidate","0.75"
"2296d8885b71a362","04-105年度精神科醫院評鑑基準第二篇(醫療照護)、資料表填寫說明.pdf","99台灣等級評審\04-105年度精神科醫院評鑑基準第二篇(醫療照護)、資料表填寫說明.pdf","TW","台灣","年份待確認","","醫院評鑑／認證標準","資訊安全與個人資料","醫院評鑑與醫療品質","pdf","5760407","2023-08-13T07:53:42.000Z","classified_candidate","0.75"
"c6c2c987f9ab9273","04-112年度教學醫院評鑑基準及評量項目、委員共識(區域醫院及地區醫院適用).pdf","99台灣等級評審\04-112年度教學醫院評鑑基準及評量項目、委員共識(區域醫院及地區醫院適用).pdf","TW","台灣","年份待確認","","醫院評鑑／認證標準","醫院評鑑與醫療品質","","pdf","618430","2024-06-08T11:47:18.000Z","classified_candidate","0.75"
"5a9853e6a102ce55","04-113年度醫院評鑑基準及評量項目(區域醫院、地區醫院適用)-修正對照表.pdf","99台灣等級評審\04-113年度醫院評鑑基準及評量項目(區域醫院、地區醫院適用)-修正對照表.pdf","TW","台灣","年份待確認","","醫院評鑑／認證標準","醫院評鑑與醫療品質","","pdf","2129437","2024-04-30T11:32:38.000Z","classified_candidate","0.75"
"04f707192298b01d","04-第三章、急性冠心症醫療評定基準說明-0511.pdf","99台灣等級評審\04-第三章、急性冠心症醫療評定基準說明-0511.pdf","TW","台灣","年份待確認","","醫院評鑑／認證標準","醫院評鑑與醫療品質","","pdf","920498","2024-02-05T01:20:32.000Z","classified_candidate","0.75"
"1f3fcfe7d448f736","04-醫院評鑑基準(醫學中心適用)-第2.1、2.3-2.4章.pdf","99台灣等級評審\04-醫院評鑑基準(醫學中心適用)-第2.1、2.3-2.4章.pdf","TW","台灣","年份待確認","","醫院評鑑／認證標準","醫院評鑑與醫療品質","","pdf","2890153","2023-07-27T12:29:24.000Z","classified_candidate","0.75"
"db4c4e8f74848924","05-113年度教學醫院評鑑基準及評量項目(醫學中心適用).pdf","99台灣等級評審\05-113年度教學醫院評鑑基準及評量項目(醫學中心適用).pdf","TW","台灣","年份待確認","","醫院評鑑／認證標準","醫院評鑑與醫療品質","","pdf","1508165","2024-04-30T11:32:40.000Z","classified_candidate","0.75"
"d33d84be186414eb","05-第四章、緊急外傷醫療評定基準說明.pdf","99台灣等級評審\05-第四章、緊急外傷醫療評定基準說明.pdf","TW","台灣","年份待確認","","醫院評鑑／認證標準","醫院評鑑與醫療品質","","pdf","925686","2024-02-05T01:20:34.000Z","classified_candidate","0.75"
"3108c05f0e402b60","05-醫院評鑑基準(醫學中心適用)-第2.2、2.5-2.8章.pdf","99台灣等級評審\05-醫院評鑑基準(醫學中心適用)-第2.2、2.5-2.8章.pdf","TW","台灣","年份待確認","","醫院評鑑／認證標準","醫院評鑑與醫療品質","","pdf","2714969","2023-07-27T12:29:22.000Z","classified_candidate","0.75"
"038c540e1a8d51cd","06-113年度教學醫院評鑑基準及評量項目(醫學中心適用)-修正對照表.pdf","99台灣等級評審\06-113年度教學醫院評鑑基準及評量項目(醫學中心適用)-修正對照表.pdf","TW","台灣","年份待確認","","醫院評鑑／認證標準","醫院評鑑與醫療品質","","pdf","3139881","2024-04-30T11:32:40.000Z","classified_candidate","0.75"
"29362e2a185c621f","06-第五章、高危險妊娠醫療評定基準說明.pdf","99台灣等級評審\06-第五章、高危險妊娠醫療評定基準說明.pdf","TW","台灣","年份待確認","","醫院評鑑／認證標準","醫院評鑑與醫療品質","","pdf","766120","2024-02-05T01:20:34.000Z","classified_candidate","0.75"
"2f0fca8e779c45e8","06-醫療資訊安全政策.pdf","99台灣等級評審\06-醫療資訊安全政策.pdf","TW","台灣","年份待確認","","醫院評鑑／認證標準","資訊安全與個人資料","醫院評鑑與醫療品質","pdf","4430642","2023-07-27T12:29:24.000Z","classified_candidate","0.75"
"274359ef5a2ad5f2","07-113年度教學醫院評鑑基準及評量項目(區域醫院、地區醫院適用).pdf","99台灣等級評審\07-113年度教學醫院評鑑基準及評量項目(區域醫院、地區醫院適用).pdf","TW","台灣","年份待確認","","醫院評鑑／認證標準","醫院評鑑與醫療品質","","pdf","1339733","2024-04-30T11:32:42.000Z","classified_candidate","0.75"
"6dac12efbde3bfcc","07-教學醫院評鑑基準(醫學中心)-第一至四章.pptx","99台灣等級評審\07-教學醫院評鑑基準(醫學中心)-第一至四章.pptx","TW","台灣","年份待確認","","醫院評鑑／認證標準","醫院評鑑與醫療品質","病歷、電子病歷與醫療資料；資訊安全與個人資料；感染預防與控制；醫技、檢驗與病理；臨床研究與人體試驗；職業安全與員工健康；醫療保險與支付；醫療器材與設備；環境、能源與醫療廢棄物；財務、採購與內部稽核；醫院評鑑與醫療品質；後勤、建築與設施安全；圖書、教育與文件管理","pptx","2182491","2023-07-27T12:29:28.000Z","classified_candidate","0.75"
"f378e0243c5a2e6b","07-第五章、新生兒醫療評定基準說明.pdf","99台灣等級評審\07-第五章、新生兒醫療評定基準說明.pdf","TW","台灣","年份待確認","","醫院評鑑／認證標準","醫院評鑑與醫療品質","","pdf","796937","2024-02-05T01:20:36.000Z","classified_candidate","0.75"
"608d84b982e8fe5c","08-113年度教學醫院評鑑基準及評量項目(區域醫院、地區醫院適用)修正對照表.pdf","99台灣等級評審\08-113年度教學醫院評鑑基準及評量項目(區域醫院、地區醫院適用)修正對照表.pdf","TW","台灣","年份待確認","","醫院評鑑／認證標準","醫院評鑑與醫療品質","","pdf","2579177","2024-04-30T11:32:42.000Z","classified_candidate","0.75"
"fceecc36b5a1d36f","08-教學醫院評鑑基準(醫學中心)-第五章5.1-5.3節.pptx","99台灣等級評審\08-教學醫院評鑑基準(醫學中心)-第五章5.1-5.3節.pptx","TW","台灣","年份待確認","","查檢表／稽核表","醫院評鑑與醫療品質","病歷、電子病歷與醫療資料；資訊安全與個人資料；感染預防與控制；醫技、檢驗與病理；手術、麻醉與疼痛管理；急診與緊急醫療；生殖、婦幼與月子服務；臨床研究與人體試驗；醫療器材與設備；環境、能源與醫療廢棄物；醫院評鑑與醫療品質；醫療治理與依法執業","pptx","2136316","2023-07-27T12:29:28.000Z","classified_candidate","0.75"
"ef94a065e0094090","08-第六章、加護病房照護評定基準說明.pdf","99台灣等級評審\08-第六章、加護病房照護評定基準說明.pdf","TW","台灣","年份待確認","","醫院評鑑／認證標準","醫院評鑑與醫療品質","","pdf","968379","2024-02-05T01:20:36.000Z","classified_candidate","0.75"
"c0c9c6439145bb61","1-1-112年度醫院評鑑基本資料表、補充資料表修正說明-申請醫學中心適用.pdf","99台灣等級評審\1-1-112年度醫院評鑑基本資料表、補充資料表修正說明-申請醫學中心適用.pdf","TW","台灣","年份待確認","","醫院評鑑／認證標準","資訊安全與個人資料","醫院評鑑與醫療品質","pdf","135296","2023-07-27T12:29:42.000Z","classified_candidate","0.75"
"492b643849123107","1-2-112年度醫院評鑑及教學醫院評鑑基本資料表-申請醫學中心適用.pdf","99台灣等級評審\1-2-112年度醫院評鑑及教學醫院評鑑基本資料表-申請醫學中心適用.pdf","TW","台灣","年份待確認","","醫院評鑑／認證標準","資訊安全與個人資料","醫院評鑑與醫療品質","pdf","1284472","2023-07-27T12:29:44.000Z","classified_candidate","0.75"
"78c4f7943749f4d0","1-3-112年度醫院評鑑補充資料表-第1篇、經營管理-申請醫學中心適用.pdf","99台灣等級評審\1-3-112年度醫院評鑑補充資料表-第1篇、經營管理-申請醫學中心適用.pdf","TW","台灣","年份待確認","","醫院評鑑／認證標準","資訊安全與個人資料","醫院評鑑與醫療品質","pdf","529289","2023-07-27T12:29:44.000Z","classified_candidate","0.75"
"adb39c83c1def36a","1-4-112年度醫院評鑑補充資料表-第2篇、醫療照護-申請醫學中心適用.pdf","99台灣等級評審\1-4-112年度醫院評鑑補充資料表-第2篇、醫療照護-申請醫學中心適用.pdf","TW","台灣","年份待確認","","醫院評鑑／認證標準","資訊安全與個人資料","醫院評鑑與醫療品質","pdf","902037","2023-07-27T12:29:46.000Z","classified_candidate","0.75"
"6b2862c1f2cc14bc","1-5-112年度教學醫院評鑑補充資料表修正說明+-申請醫學中心適用.pdf","99台灣等級評審\1-5-112年度教學醫院評鑑補充資料表修正說明+-申請醫學中心適用.pdf","TW","台灣","年份待確認","","醫院評鑑／認證標準","資訊安全與個人資料","醫院評鑑與醫療品質","pdf","119012","2023-07-27T12:29:46.000Z","classified_candidate","0.75"
"c69732cd54ff727a","1-6-112年度教學醫院評鑑補充資料表-申請醫學中心適用.pdf","99台灣等級評審\1-6-112年度教學醫院評鑑補充資料表-申請醫學中心適用.pdf","TW","台灣","年份待確認","","醫院評鑑／認證標準","資訊安全與個人資料","醫院評鑑與醫療品質","pdf","1038239","2023-07-27T12:29:48.000Z","classified_candidate","0.75"
"7b2a1429f56d847b","1.112年度醫院緊急醫療能力分級評定作業申請、申報說明(含申請書).pdf","99台灣等級評審\1.112年度醫院緊急醫療能力分級評定作業申請、申報說明(含申請書).pdf","TW","台灣","年份待確認","","醫院評鑑／認證標準","醫院評鑑與醫療品質","","pdf","202795","2024-02-05T01:20:40.000Z","classified_candidate","0.75"
"e79deefe6caa3dbf","10-教學醫院評鑑基準(醫學中心)-第五章5.7-5.8節.pdf","99台灣等級評審\10-教學醫院評鑑基準(醫學中心)-第五章5.7-5.8節.pdf","TW","台灣","年份待確認","","醫院評鑑／認證標準","醫院評鑑與醫療品質","","pdf","908286","2023-07-27T12:29:30.000Z","classified_candidate","0.75"
"9a9678b716583ef8","108年不定時及即時追蹤輔導訪查作業程序.pdf","99台灣等級評審\108年不定時及即時追蹤輔導訪查作業程序.pdf","TW","台灣","年份待確認","","醫院評鑑／認證標準","醫院評鑑與醫療品質","","pdf","188642","2023-07-27T12:27:00.000Z","classified_candidate","0.75"
"1189243672b499bb","108年醫院評鑑及教學醫院評鑑委員遴聘要點.pdf","99台灣等級評審\108年醫院評鑑及教學醫院評鑑委員遴聘要點.pdf","TW","台灣","年份待確認","","醫院評鑑／認證標準","醫院評鑑與醫療品質","","pdf","5955765","2023-07-27T12:26:26.000Z","classified_candidate","0.75"
"3edc2f59d435c1c6","11-教學醫院評鑑基準(醫學中心適用)-第六章.pdf","99台灣等級評審\11-教學醫院評鑑基準(醫學中心適用)-第六章.pdf","TW","台灣","年份待確認","","醫院評鑑／認證標準","醫院評鑑與醫療品質","","pdf","893573","2023-07-27T12:29:30.000Z","classified_candidate","0.75"
"e546429f4761b0e3","111年相關表單【簡報說明】.pdf","99台灣等級評審\111年相關表單【簡報說明】.pdf","TW","台灣","年份待確認","","醫院評鑑／認證標準","醫院評鑑與醫療品質","","pdf","141856","2024-02-05T01:19:52.000Z","classified_candidate","0.75"
"40a8a3f714370b45","112年定期查核作業申請書.docx","99台灣等級評審\112年定期查核作業申請書.docx","TW","台灣","年份待確認","","查檢表／稽核表","資訊安全與個人資料","臨床研究與人體試驗；醫院評鑑與醫療品質；醫療治理與依法執業","docx","790405","2024-02-05T01:19:38.000Z","classified_candidate","0.75"
"32250ccd6eb13904","112年度中醫醫院評鑑作業程序.pdf","99台灣等級評審\112年度中醫醫院評鑑作業程序.pdf","TW","台灣","年份待確認","","醫院評鑑／認證標準","醫院評鑑與醫療品質","","pdf","370362","2024-02-05T01:19:00.000Z","classified_candidate","0.75"
"d48a38a26884797a","112年度中醫醫院評鑑基準及評量項目.pdf","99台灣等級評審\112年度中醫醫院評鑑基準及評量項目.pdf","TW","台灣","年份待確認","","醫院評鑑／認證標準","醫院評鑑與醫療品質","","pdf","2406806","2024-02-05T01:19:02.000Z","classified_candidate","0.75"
"174e355e0ab3cddc","112年度醫院緊急醫療能力分級評定說明會問答集.pdf","99台灣等級評審\112年度醫院緊急醫療能力分級評定說明會問答集.pdf","TW","台灣","年份待確認","","醫院評鑑／認證標準","醫院評鑑與醫療品質","","pdf","289363","2024-02-05T01:20:24.000Z","classified_candidate","0.75"
"016827ecb0738156","112年度醫院評鑑基準(醫學中心適用)修正基準(112年5月23日修正).pdf","99台灣等級評審\112年度醫院評鑑基準(醫學中心適用)修正基準(112年5月23日修正).pdf","TW","台灣","年份待確認","","醫院評鑑／認證標準","醫院評鑑與醫療品質","","pdf","622945","2023-07-27T12:26:48.000Z","classified_candidate","0.75"
"f0b8d321b8210b68","112年度醫院評鑑基準(醫學中心適用)修正對照表.pdf","99台灣等級評審\112年度醫院評鑑基準(醫學中心適用)修正對照表.pdf","TW","台灣","年份待確認","","醫院評鑑／認證標準","醫院評鑑與醫療品質","","pdf","175033","2023-07-27T12:26:40.000Z","classified_candidate","0.75"
"f66530d45e291408","112年醫院評鑑及教學醫院評鑑作業程序.pdf","99台灣等級評審\112年醫院評鑑及教學醫院評鑑作業程序.pdf","TW","台灣","年份待確認","","醫院評鑑／認證標準","醫院評鑑與醫療品質","","pdf","506069","2023-07-27T12:27:10.000Z","classified_candidate","0.75"
"8a2cd2d11cb4ef8e","113年度醫院評鑑基準及評量項目、委員共識(區域醫院、地區醫院適用).docx","99台灣等級評審\113年度醫院評鑑基準及評量項目、委員共識(區域醫院、地區醫院適用).docx","TW","台灣","年份待確認","","查檢表／稽核表","醫院評鑑與醫療品質","病歷、電子病歷與醫療資料；資訊安全與個人資料；感染預防與控制；醫技、檢驗與病理；手術、麻醉與疼痛管理；急診與緊急醫療；職業安全與員工健康；醫療器材與設備；消防、治安與應急管理；環境、能源與醫療廢棄物；財務、採購與內部稽核；醫院評鑑與醫療品質；醫療治理與依法執業","docx","458637","2024-07-15T00:47:34.000Z","classified_candidate","0.75"
"02607e7a9406752a","113年度醫院評鑑基準及評量項目、委員共識(區域醫院、地區醫院適用).pdf","99台灣等級評審\113年度醫院評鑑基準及評量項目、委員共識(區域醫院、地區醫院適用).pdf","TW","台灣","年份待確認","","醫院評鑑／認證標準","醫院評鑑與醫療品質","","pdf","1930065","2024-06-16T10:15:52.000Z","classified_candidate","0.75"
"96d28f8a8b52e3bb","12-醫學中心任務指標審查說明-任務一.pdf","99台灣等級評審\12-醫學中心任務指標審查說明-任務一.pdf","TW","台灣","年份待確認","","醫院評鑑／認證標準","醫院評鑑與醫療品質","","pdf","727320","2023-07-27T12:29:32.000Z","classified_candidate","0.75"
"95326c4222f11f52","13-醫學中心任務指標審查說明-任務二.pdf","99台灣等級評審\13-醫學中心任務指標審查說明-任務二.pdf","TW","台灣","年份待確認","","醫院評鑑／認證標準","醫院評鑑與醫療品質","","pdf","901159","2023-07-27T12:29:32.000Z","classified_candidate","0.75"
"5255ffdbdb646e47","14-醫學中心任務指標審查說明-任務三.pdf","99台灣等級評審\14-醫學中心任務指標審查說明-任務三.pdf","TW","台灣","年份待確認","","醫院評鑑／認證標準","醫院評鑑與醫療品質","","pdf","656223","2023-07-27T12:29:34.000Z","classified_candidate","0.75"
"da8fd6226d7f347a","15-醫學中心任務指標審查說明-任務四.pdf","99台灣等級評審\15-醫學中心任務指標審查說明-任務四.pdf","TW","台灣","年份待確認","","醫院評鑑／認證標準","醫院評鑑與醫療品質","","pdf","633929","2023-07-27T12:29:36.000Z","classified_candidate","0.75"
"89f0574023ba0fe6","16-醫學中心任務指標審查說明-任務五.pdf","99台灣等級評審\16-醫學中心任務指標審查說明-任務五.pdf","TW","台灣","年份待確認","","醫院評鑑／認證標準","醫院評鑑與醫療品質","","pdf","699195","2023-07-27T12:29:38.000Z","classified_candidate","0.75"
"a2357f1293c31701","2_附件1_醫院評鑑及教學醫院評鑑委員遴聘要點.pdf","99台灣等級評審\2_附件1_醫院評鑑及教學醫院評鑑委員遴聘要點.pdf","TW","台灣","年份待確認","","醫院評鑑／認證標準","醫院評鑑與醫療品質","","pdf","154620","2023-07-27T12:41:54.000Z","classified_candidate","0.75"
"afa7d807cca7e517","公告-108年度不定時及即時追蹤輔導訪查作業程序.pdf","99台灣等級評審\公告-108年度不定時及即時追蹤輔導訪查作業程序.pdf","TW","台灣","年份待確認","","醫院評鑑／認證標準","醫院評鑑與醫療品質","","pdf","496880","2023-07-27T12:26:58.000Z","classified_candidate","0.75"
"29b7917ab720201d","公告-112年醫院評鑑及教學醫院評鑑作業程序.pdf","99台灣等級評審\公告-112年醫院評鑑及教學醫院評鑑作業程序.pdf","TW","台灣","年份待確認","","醫院評鑑／認證標準","醫院評鑑與醫療品質","","pdf","65039","2023-07-27T12:27:10.000Z","classified_candidate","0.75"
"9778cd3d23a520f0","公告版-112年度醫院緊急醫療能力分級評定基準及評分說明與評量方法.pdf","99台灣等級評審\公告版-112年度醫院緊急醫療能力分級評定基準及評分說明與評量方法.pdf","TW","台灣","年份待確認","","醫院評鑑／認證標準","醫院評鑑與醫療品質","","pdf","772337","2024-02-05T01:20:40.000Z","classified_candidate","0.75"
"6dbc947968cade3c","函-修正112年度醫院評鑑基準(醫學中心適用).pdf","99台灣等級評審\函-修正112年度醫院評鑑基準(醫學中心適用).pdf","TW","台灣","年份待確認","","醫院評鑑／認證標準","醫院評鑑與醫療品質","","pdf","71220","2023-07-27T12:26:44.000Z","classified_candidate","0.75"
"0d008b23b2d5de6d","副本評鑑材料整理清單0715.xlsx","99台灣等級評審\副本評鑑材料整理清單0715.xlsx","TW","台灣","年份待確認","","查檢表／稽核表","醫院評鑑與醫療品質","病歷、電子病歷與醫療資料；資訊安全與個人資料；藥事與藥品管理；感染預防與控制；醫技、檢驗與病理；手術、麻醉與疼痛管理；急診與緊急醫療；職業安全與員工健康；醫療器材與設備；消防、治安與應急管理；環境、能源與醫療廢棄物；財務、採購與內部稽核；醫院評鑑與醫療品質；後勤、建築與設施安全；醫療治理與依法執業","xlsx","46013","2024-07-18T06:02:30.000Z","classified_candidate","0.75"
"6287209d2a677e49","副本評鑑材料整理清單0718.xlsx","99台灣等級評審\副本評鑑材料整理清單0718.xlsx","TW","台灣","年份待確認","","查檢表／稽核表","醫院評鑑與醫療品質","病歷、電子病歷與醫療資料；資訊安全與個人資料；藥事與藥品管理；感染預防與控制；醫技、檢驗與病理；手術、麻醉與疼痛管理；急診與緊急醫療；職業安全與員工健康；醫療器材與設備；消防、治安與應急管理；環境、能源與醫療廢棄物；財務、採購與內部稽核；醫院評鑑與醫療品質；後勤、建築與設施安全；醫療治理與依法執業","xlsx","45840","2024-07-18T06:03:18.000Z","classified_candidate","0.75"
"a4941a0579494b9c","用電安全管理辦法.docx","99台灣等級評審\用電安全管理辦法.docx","TW","台灣","年份待確認","","醫院評鑑／認證標準","醫技、檢驗與病理","手術、麻醉與疼痛管理；急診與緊急醫療；職業安全與員工健康；醫療器材與設備；消防、治安與應急管理；環境、能源與醫療廢棄物；財務、採購與內部稽核；醫院評鑑與醫療品質；醫療治理與依法執業","docx","93011","2025-03-14T05:37:30.000Z","classified_candidate","0.75"
"b96274194e8c3021","申請資料-附件1_112年度中醫醫院評鑑申請書.docx","99台灣等級評審\申請資料-附件1_112年度中醫醫院評鑑申請書.docx","TW","台灣","年份待確認","","醫院評鑑／認證標準","資訊安全與個人資料","臨床研究與人體試驗；醫院評鑑與醫療品質；醫療治理與依法執業","docx","23216","2024-02-05T01:19:04.000Z","classified_candidate","0.75"
"ad08ee424eb83d4e","申請資料-附件2_開業登記事項查證回復單.docx","99台灣等級評審\申請資料-附件2_開業登記事項查證回復單.docx","TW","台灣","年份待確認","","醫院評鑑／認證標準","醫院評鑑與醫療品質","資訊安全與個人資料；醫院評鑑與醫療品質；醫療治理與依法執業","docx","43107","2024-02-05T01:19:04.000Z","classified_candidate","0.75"
"4f45385fa999b5f6","申請資料-附件3_中醫醫院評鑑資料表.docx","99台灣等級評審\申請資料-附件3_中醫醫院評鑑資料表.docx","TW","台灣","年份待確認","","醫院評鑑／認證標準","資訊安全與個人資料","藥事與藥品管理；護理管理；醫院評鑑與醫療品質；醫療治理與依法執業","docx","33733","2024-02-05T01:19:04.000Z","classified_candidate","0.75"
"f4c00441d94b7711","申請資料-附件4_中醫醫院評鑑自評表.docx","99台灣等級評審\申請資料-附件4_中醫醫院評鑑自評表.docx","TW","台灣","年份待確認","","醫院評鑑／認證標準","醫院評鑑與醫療品質","病歷、電子病歷與醫療資料；資訊安全與個人資料；藥事與藥品管理；感染預防與控制；護理管理；醫技、檢驗與病理；手術、麻醉與疼痛管理；急診與緊急醫療；臨床研究與人體試驗；職業安全與員工健康；醫療器材與設備；消防、治安與應急管理；環境、能源與醫療廢棄物；醫院評鑑與醫療品質；醫療治理與依法執業","docx","259979","2024-02-05T01:19:06.000Z","classified_candidate","0.75"
"057bcf697103c1d3","衛生福利部醫院評鑑及教學醫院評鑑儲備評鑑委員遴選委員會組織及運作要點(1080321).pdf","99台灣等級評審\衛生福利部醫院評鑑及教學醫院評鑑儲備評鑑委員遴選委員會組織及運作要點(1080321).pdf","TW","台灣","年份待確認","","醫院評鑑／認證標準","醫院評鑑與醫療品質","","pdf","160642","2023-07-27T12:27:52.000Z","classified_candidate","0.75"
"c465eb9bda558faa","通訊診察治療辦法修正總說明及修正條文對照表.pdf","99台灣等級評審\通訊診察治療辦法修正總說明及修正條文對照表.pdf","TW","台灣","年份待確認","","醫院評鑑／認證標準","醫院評鑑與醫療品質","","pdf","404612","2024-04-30T11:30:00.000Z","classified_candidate","0.75"
"36d4288bafd235eb","醫院及教學醫院儲備評鑑委員繼續教育實施作業要點(衛福部核定).pdf","99台灣等級評審\醫院及教學醫院儲備評鑑委員繼續教育實施作業要點(衛福部核定).pdf","TW","台灣","年份待確認","","醫院評鑑／認證標準","醫院評鑑與醫療品質","","pdf","131504","2024-02-05T01:18:22.000Z","classified_candidate","0.75"
"171e3f6cf95f76ee","醫院評鑑及教學醫院評鑑委員評核作業要點(衛福部核定).pdf","99台灣等級評審\醫院評鑑及教學醫院評鑑委員評核作業要點(衛福部核定).pdf","TW","台灣","年份待確認","","醫院評鑑／認證標準","醫院評鑑與醫療品質","","pdf","432195","2024-02-05T01:18:22.000Z","classified_candidate","0.75"
"c4918650705c4ac9","醫院評鑑及教學醫院評鑑委員遴聘要點(Guidelines+for+Hospital+Accreditation+Surveyors+Selection+and+Appointment).pdf","99台灣等級評審\醫院評鑑及教學醫院評鑑委員遴聘要點(Guidelines+for+Hospital+Accreditation+Surveyors+Selection+and+Appointment).pdf","TW","台灣","年份待確認","","醫院評鑑／認證標準","醫院評鑑與醫療品質","","pdf","5955765","2024-02-05T01:18:22.000Z","classified_candidate","0.75"
"9c307bc842287463","附件1：通訊診察治療辦法修正重點懶人包.pdf","99台灣等級評審\附件1：通訊診察治療辦法修正重點懶人包.pdf","TW","台灣","年份待確認","","醫院評鑑／認證標準","醫院評鑑與醫療品質","","pdf","10355542","2024-04-30T11:29:42.000Z","classified_candidate","0.75"
"fd6204064445c917","附件3_中醫醫院評鑑資料表.docx","99台灣等級評審\附件3_中醫醫院評鑑資料表.docx","TW","台灣","年份待確認","","醫院評鑑／認證標準","資訊安全與個人資料","藥事與藥品管理；護理管理；醫院評鑑與醫療品質；醫療治理與依法執業","docx","28359","2024-02-05T01:19:12.000Z","classified_candidate","0.75"
"833e0754cb2f4d63","附件3、112年度IRB不定時追蹤查核作業審查會自評暨審查表(範本).pdf","99台灣等級評審\附件3、112年度IRB不定時追蹤查核作業審查會自評暨審查表(範本).pdf","TW","台灣","年份待確認","","醫院評鑑／認證標準","醫院評鑑與醫療品質","","pdf","380237","2024-02-05T01:19:34.000Z","classified_candidate","0.75"
"35b9f96e87d531a9","附件4_中醫醫院評鑑自評表.docx","99台灣等級評審\附件4_中醫醫院評鑑自評表.docx","TW","台灣","年份待確認","","醫院評鑑／認證標準","醫院評鑑與醫療品質","資訊安全與個人資料；藥事與藥品管理；感染預防與控制；護理管理；醫技、檢驗與病理；手術、麻醉與疼痛管理；急診與緊急醫療；臨床研究與人體試驗；職業安全與員工健康；醫療器材與設備；消防、治安與應急管理；環境、能源與醫療廢棄物；醫院評鑑與醫療品質；醫療治理與依法執業","docx","155178","2024-02-05T01:19:12.000Z","classified_candidate","0.75"
"33e052c49495d31f","附件6_107年度中醫醫院評鑑基準.doc","99台灣等級評審\附件6_107年度中醫醫院評鑑基準.doc","TW","台灣","年份待確認","","醫院評鑑／認證標準","醫院評鑑與醫療品質","","doc","453120","2024-02-05T01:19:14.000Z","classified_candidate","0.75"
"ef0d81c8686d50a5","附件7_107年度中醫醫院評鑑評量項目說明.doc","99台灣等級評審\附件7_107年度中醫醫院評鑑評量項目說明.doc","TW","台灣","年份待確認","","醫院評鑑／認證標準","醫院評鑑與醫療品質","","doc","620032","2024-02-05T01:19:16.000Z","classified_candidate","0.75"
"a30a6c35c9289cb8","01-114年度醫院評鑑基準及評量項目(區域醫院、地區醫院適用).pdf","TWESG節能\01-114年度醫院評鑑基準及評量項目(區域醫院、地區醫院適用).pdf","UNKNOWN","地區待確認","年份待確認","","醫院評鑑／認證標準","環境、能源與醫療廢棄物","環境、能源與醫療廢棄物；醫院評鑑與醫療品質","pdf","1707504","2026-03-27T00:43:12.000Z","classified_candidate","0.35"
"6ceb7c5209978d6a","02_醫療機構推動淨零排放政策與展望.pdf","TWESG節能\02_醫療機構推動淨零排放政策與展望.pdf","UNKNOWN","地區待確認","年份待確認","","待確認或非規範文件","環境、能源與醫療廢棄物","環境、能源與醫療廢棄物；醫療治理與依法執業","pdf","4851390","2026-03-27T00:52:22.000Z","classified_candidate","0.35"
"244e27cbb0d87db5","03-114年度教學醫院評鑑基準及評量項目(區域醫院、地區醫院適用).pdf","TWESG節能\03-114年度教學醫院評鑑基準及評量項目(區域醫院、地區醫院適用).pdf","UNKNOWN","地區待確認","年份待確認","","醫院評鑑／認證標準","環境、能源與醫療廢棄物","環境、能源與醫療廢棄物；醫院評鑑與醫療品質","pdf","1336548","2026-03-27T00:43:16.000Z","classified_candidate","0.35"
"fd1ba926575ebb9d","112660503.pdf","TWESG節能\112660503.pdf","UNKNOWN","地區待確認","年份待確認","","待確認或非規範文件","環境、能源與醫療廢棄物","環境、能源與醫療廢棄物","pdf","4043427","2026-03-27T00:50:02.000Z","classified_candidate","0.35"
"4428650678705be0","114680307.pdf","TWESG節能\114680307.pdf","UNKNOWN","地區待確認","年份待確認","","待確認或非規範文件","環境、能源與醫療廢棄物","環境、能源與醫療廢棄物","pdf","1563351","2026-03-27T00:47:58.000Z","classified_candidate","0.35"
"9e6e0407695cdf32","114年「綠色醫療永續規劃暨教育訓練補助計畫」公告.pdf","TWESG節能\114年「綠色醫療永續規劃暨教育訓練補助計畫」公告.pdf","UNKNOWN","地區待確認","年份待確認","","公告／通知／函釋","環境、能源與醫療廢棄物","環境、能源與醫療廢棄物","pdf","570777","2026-03-27T05:34:12.000Z","classified_candidate","0.35"
"174c918b92dd603f","114年度教學醫院評鑑基準及評量項目(區域醫院、地區醫院適用)(含委員共識).pdf","TWESG節能\114年度教學醫院評鑑基準及評量項目(區域醫院、地區醫院適用)(含委員共識).pdf","UNKNOWN","地區待確認","年份待確認","","醫院評鑑／認證標準","環境、能源與醫療廢棄物","環境、能源與醫療廢棄物；醫院評鑑與醫療品質","pdf","1411407","2026-03-27T00:43:22.000Z","classified_candidate","0.35"
"b8d122cc7f870973","114年度醫院評鑑基準及評量項目(區域醫院、地區醫院適用)(含委員共識).pdf","TWESG節能\114年度醫院評鑑基準及評量項目(區域醫院、地區醫院適用)(含委員共識).pdf","UNKNOWN","地區待確認","年份待確認","","醫院評鑑／認證標準","環境、能源與醫療廢棄物","環境、能源與醫療廢棄物；醫院評鑑與醫療品質","pdf","1719101","2026-03-27T00:43:20.000Z","classified_candidate","0.35"
"3a33531708fe8afe","114年綠色醫療永續規劃暨教育訓練補助計畫 (3).pdf","TWESG節能\114年綠色醫療永續規劃暨教育訓練補助計畫 (3).pdf","UNKNOWN","地區待確認","年份待確認","","待確認或非規範文件","環境、能源與醫療廢棄物","環境、能源與醫療廢棄物","pdf","729093","2026-03-27T05:42:34.000Z","classified_candidate","0.35"
"d38d8a636501affc","114年綠色醫療永續規劃暨教育訓練補助計畫.pdf","TWESG節能\114年綠色醫療永續規劃暨教育訓練補助計畫.pdf","UNKNOWN","地區待確認","年份待確認","","待確認或非規範文件","環境、能源與醫療廢棄物","環境、能源與醫療廢棄物","pdf","729093","2026-03-27T00:47:24.000Z","classified_candidate","0.35"
"e69db941da0f9d05","2024財團法人醫院評鑑暨醫療品質策進會企業社會責任報告書_0707.pdf","TWESG節能\2024財團法人醫院評鑑暨醫療品質策進會企業社會責任報告書_0707.pdf","UNKNOWN","地區待確認","2024","2024","醫院評鑑／認證標準","醫院評鑑與醫療品質","環境、能源與醫療廢棄物；環境、能源與醫療廢棄物；醫院評鑑與醫療品質","pdf","20319490","2026-03-27T00:43:04.000Z","classified_candidate","0.35"
"ba284ea0c1dacfeb","F_1768461971520e.pdf","TWESG節能\F_1768461971520e.pdf","UNKNOWN","地區待確認","1971","1971","待確認或非規範文件","環境、能源與醫療廢棄物","環境、能源與醫療廢棄物","pdf","3285120","2026-03-27T05:59:22.000Z","classified_candidate","0.35"
"00c5a53b4b3bb595","F_1768461981520e.pdf","TWESG節能\F_1768461981520e.pdf","UNKNOWN","地區待確認","1981","1981","待確認或非規範文件","環境、能源與醫療廢棄物","環境、能源與醫療廢棄物","pdf","3361108","2026-03-27T05:59:30.000Z","classified_candidate","0.35"
"d5ca9c1cb5f5bda1","TW應用能源模擬於醫院建築空調系統枝節能分析.pdf","TWESG節能\TW應用能源模擬於醫院建築空調系統枝節能分析.pdf","TW","地區待確認","年份待確認","","研究論文／文獻","環境、能源與醫療廢棄物","環境、能源與醫療廢棄物；後勤、建築與設施安全","pdf","2412130","2024-03-08T15:49:28.000Z","classified_candidate","0.75"
"5a7c5c8d1b62d9c6","TW能源管理制度範本.pdf","TWESG節能\TW能源管理制度範本.pdf","TW","地區待確認","年份待確認","","院內制度／SOP","環境、能源與醫療廢棄物","環境、能源與醫療廢棄物","pdf","522354","2023-08-13T06:52:30.000Z","classified_candidate","0.75"
"c30907e9b6d53b43","TW臺北榮民總醫院物料庫儲管理作業手冊第七版.pdf","TWESG節能\TW臺北榮民總醫院物料庫儲管理作業手冊第七版.pdf","TW","台灣","年份待確認","","待確認或非規範文件","環境、能源與醫療廢棄物","環境、能源與醫療廢棄物","pdf","1905303","2023-08-13T06:50:48.000Z","classified_candidate","0.75"
"b9d33685167f17cd","TW醫療機構電器設備儀器管理指引.pdf","TWESG節能\TW醫療機構電器設備儀器管理指引.pdf","TW","地區待確認","年份待確認","","待確認或非規範文件","醫療器材與設備","環境、能源與醫療廢棄物；環境、能源與醫療廢棄物；醫療治理與依法執業","pdf","94033","2023-08-13T06:47:32.000Z","classified_candidate","0.75"
"4dfa155eed03e5bc","tw醫院推行ISO-50001能源管理系統之節能成效.pdf","TWESG節能\tw醫院推行ISO-50001能源管理系統之節能成效.pdf","TW","地區待確認","年份待確認","","國家或地方標準","環境、能源與醫療廢棄物","環境、能源與醫療廢棄物","pdf","5922461","2022-12-12T06:33:58.000Z","classified_candidate","0.75"
"6efcddb4f52c9901","TW醫院節約能源應用技術手冊.pdf","TWESG節能\TW醫院節約能源應用技術手冊.pdf","TW","地區待確認","年份待確認","","研究論文／文獻","環境、能源與醫療廢棄物","環境、能源與醫療廢棄物","pdf","10166801","2022-12-12T06:35:56.000Z","classified_candidate","0.75"
"954bcf3fe0ef95a3","tw醫院節能技術手冊.pdf","TWESG節能\tw醫院節能技術手冊.pdf","TW","地區待確認","年份待確認","","待確認或非規範文件","環境、能源與醫療廢棄物","環境、能源與醫療廢棄物","pdf","4938527","2022-12-12T06:33:22.000Z","classified_candidate","0.75"
"ebe4f3fc7c2a7c50","TW長庚節能.pdf","TWESG節能\TW長庚節能.pdf","TW","地區待確認","年份待確認","","待確認或非規範文件","環境、能源與醫療廢棄物","環境、能源與醫療廢棄物","pdf","662455","2022-12-12T06:35:14.000Z","classified_candidate","0.75"
"dfff12355c9492ee","「ESG永續規劃師認證班_醫療專班」.pdf","TWESG節能\「ESG永續規劃師認證班_醫療專班」.pdf","UNKNOWN","地區待確認","年份待確認","","醫院評鑑／認證標準","環境、能源與醫療廢棄物","環境、能源與醫療廢棄物；醫院評鑑與醫療品質","pdf","951623","2026-03-27T06:00:10.000Z","classified_candidate","0.35"
"937dd239eb29e2cb","健康促進研究與實務.pdf","TWESG節能\健康促進研究與實務.pdf","UNKNOWN","地區待確認","年份待確認","","研究論文／文獻","臨床研究與人體試驗","環境、能源與醫療廢棄物；環境、能源與醫療廢棄物","pdf","13884140","2026-03-27T06:04:22.000Z","classified_candidate","0.35"
"90c73414f4390a5d","淨零碳排及數位醫療發展政策-醫事司.pdf","TWESG節能\淨零碳排及數位醫療發展政策-醫事司.pdf","UNKNOWN","地區待確認","年份待確認","","待確認或非規範文件","環境、能源與醫療廢棄物","環境、能源與醫療廢棄物","pdf","3362248","2026-03-27T00:49:10.000Z","classified_candidate","0.35"
"7b923023850cc4d9","附件.pdf","TWESG節能\附件.pdf","UNKNOWN","地區待確認","年份待確認","","待確認或非規範文件","環境、能源與醫療廢棄物","環境、能源與醫療廢棄物","pdf","441563","2026-03-27T00:47:46.000Z","classified_candidate","0.35"
"5a31199e2eb5535b","雙和醫院永續醫療聯盟.pdf","TWESG節能\雙和醫院永續醫療聯盟.pdf","UNKNOWN","地區待確認","年份待確認","","待確認或非規範文件","環境、能源與醫療廢棄物","環境、能源與醫療廢棄物","pdf","1617029","2026-03-27T06:01:30.000Z","classified_candidate","0.35"