documentId,title,fileName,relativePath,folderCategory,subcategory,jurisdiction,year,years,documentType,primaryTopic,secondaryTopics,extension,contentExtraction,contentHash,size,modifiedAt,classificationStatus,confidence
"67ddf74b456de353","資料夾分層規則","資料夾分層規則.md","00_索引與說明\01_查詢指南\資料夾分層規則.md","索引與說明","（無）","UNKNOWN","未標示年份","","技術規範／診療指南","資訊安全與個人資料","","md","filename_only","01cb652623251cf839bb5649c9d3622a8d2ebfc203d26f1d73f55ffaedf53ddd","2323","2026-09-15T07:42:30.106Z","needs_review","0.35"
"705f8f660b2484e3","公共场所卫生管理条例（2016修订）","公共场所卫生管理条例（2016修订）.pdf","01_醫療法規與政策\2016\公共场所卫生管理条例（2016修订）.pdf","醫療法規與政策","（無）","UNKNOWN","2016","2016","國家或地方標準","醫療治理與依法執業","","pdf","pdf_text_layer","950b03b454e047826417bfcd33259862c9ed2fb2a39578390eb1a31cb19fb51f","316527","2022-04-23T13:41:06.000Z","needs_review","0.35"
"8a8340fcddbafcd6","公共场所卫生管理条例（2016修订）（2）","公共场所卫生管理条例（2016修订）（2）.pdf","01_醫療法規與政策\2016\公共场所卫生管理条例（2016修订）（2）.pdf","醫療法規與政策","（無）","UNKNOWN","2016","2016","國家或地方標準","醫療治理與依法執業","","pdf","pdf_text_layer","950b03b454e047826417bfcd33259862c9ed2fb2a39578390eb1a31cb19fb51f","316527","2022-04-23T13:41:06.000Z","needs_review","0.35"
"1dde8400dea9ef7d","CEC-15-Dec-2022","CEC-15-Dec-2022.pdf","01_醫療法規與政策\2022\CEC-15-Dec-2022.pdf","醫療法規與政策","（無）","UNKNOWN","2022","2022","國家或地方標準","醫療治理與依法執業","","pdf","pdf_text_layer","a4d70be5b962874169b5040f3cb63d34181c093ce51918369d8a7f4025f8ed61","2526621","2023-11-27T05:30:06.000Z","needs_review","0.35"
"e53f63d254979d1a","关于印发医疗监督执法工作规范（试行）的通知（2）","关于印发医疗监督执法工作规范（试行）的通知（2）.pdf","01_醫療法規與政策\2023\关于印发医疗监督执法工作规范（试行）的通知（2）.pdf","醫療法規與政策","（無）","UNKNOWN","2023","2023","公告／通知／函釋","醫療治理與依法執業","","pdf","pdf_needs_ocr","0306e30ba534bba117a58935f926a37cea35e41924c15bc8cca3cc8c79172b9d","2770731","2025-05-20T12:15:04.000Z","needs_review","0.35"
"a70bf2f9c23f9232","DB4401_T 218-2023 按病种分值医保支付工作规范","DB4401_T 218-2023 按病种分值医保支付工作规范.pdf","01_醫療法規與政策\2023\DB4401_T 218-2023 按病种分值医保支付工作规范.pdf","醫療法規與政策","（無）","UNKNOWN","2023","2023；1953","國家或地方標準","醫療治理與依法執業","醫療保險與支付","pdf","pdf_text_layer","acee57be2e152c0ad1e37c7b4d5e3c002d793cf47ec361360fd5d81a0770676b","519437","2023-08-11T09:09:34.000Z","needs_review","0.35"
"474bf2e480f0d701","GPRs-1-Sep-2023","GPRs-1-Sep-2023.pdf","01_醫療法規與政策\2023\GPRs-1-Sep-2023.pdf","醫療法規與政策","（無）","UNKNOWN","2023","2023","國家或地方標準","醫療治理與依法執業","","pdf","pdf_text_layer","869b4bec306f8caa66d1090533c45c16074f1698ef2d6e7d9d0f230bdbc8bb75","536346","2023-11-27T05:30:48.000Z","needs_review","0.35"
"924b6022f992b0b3","2024年医疗保障基金飞行检查工作方案","2024年医疗保障基金飞行检查工作方案.wps","01_醫療法規與政策\2024\2024年医疗保障基金飞行检查工作方案.wps","醫療法規與政策","（無）","UNKNOWN","2024","2024","待確認或非規範文件","醫療治理與依法執業","","wps","filename_only","ea3ab0fb3b4d5a20e44ca719cd3dd775605b9c116e617ff61f844124a5f39527","41472","2024-05-23T05:11:46.000Z","needs_review","0.35"
"183d088e209f87ab","2024年医保基金违法违规问题专项整治工作方案","2024年医保基金违法违规问题专项整治工作方案.wps","01_醫療法規與政策\2024\2024年医保基金违法违规问题专项整治工作方案.wps","醫療法規與政策","（無）","UNKNOWN","2024","2024","待確認或非規範文件","醫療治理與依法執業","醫療保險與支付","wps","filename_only","be61673c7469ffc2d7591c70095c35431209626a0b1bc84cb7d1ecd98775b92c","57781","2024-05-23T05:11:46.000Z","needs_review","0.35"
"49bcb522b59a55c5","DB32_T 4780-2024 职业健康检查机构卫生监督执法工作规范","DB32_T 4780-2024 职业健康检查机构卫生监督执法工作规范.pdf","01_醫療法規與政策\2024\DB32_T 4780-2024 职业健康检查机构卫生监督执法工作规范.pdf","醫療法規與政策","（無）","UNKNOWN","2024","2024","國家或地方標準","醫療治理與依法執業","","pdf","pdf_text_layer","60d1b0b4e8cef71e132c04002d2e9e6ca798237320ea5178ca0996676cd707a6","509754","2024-06-21T01:40:24.000Z","needs_review","0.35"
"3fa0c97f81ff2e82","DB32_T 4780-2024 职业健康检查机构卫生监督执法工作规范（2）","DB32_T 4780-2024 职业健康检查机构卫生监督执法工作规范（2）.pdf","01_醫療法規與政策\2024\DB32_T 4780-2024 职业健康检查机构卫生监督执法工作规范（2）.pdf","醫療法規與政策","（無）","UNKNOWN","2024","2024","國家或地方標準","醫療治理與依法執業","","pdf","pdf_text_layer","60d1b0b4e8cef71e132c04002d2e9e6ca798237320ea5178ca0996676cd707a6","509754","2024-06-21T01:40:24.000Z","needs_review","0.35"
"3aea1a2c171eb6c2","DB41_T 2701-2024 医疗保障经办服务规范","DB41_T 2701-2024 医疗保障经办服务规范.pdf","01_醫療法規與政策\2024\DB41_T 2701-2024 医疗保障经办服务规范.pdf","醫療法規與政策","（無）","UNKNOWN","2024","2024；1903","國家或地方標準","醫療治理與依法執業","","pdf","pdf_text_layer","e17f34c2276e6d78cd04ac8f0999e368db82f4f956dcaca7ee18f3e89cb5218c","861082","2024-10-15T07:02:08.000Z","needs_review","0.35"
"0be6eaa162850894","《加强餐厨垃圾收运处理工作指导意见》政策解读","《加强餐厨垃圾收运处理工作指导意见》政策解读.pdf","01_醫療法規與政策\未標示年份\《加强餐厨垃圾收运处理工作指导意见》政策解读.pdf","醫療法規與政策","（無）","UNKNOWN","未標示年份","","公告／通知／函釋","醫療治理與依法執業","","pdf","pdf_text_layer","eb615b0a00df59cb395dac26ea5dda2c0ce0c0d887408b119ff0444eb149c9fb","269792","2022-06-30T08:45:28.000Z","needs_review","0.35"
"e7061117622f9460","《关于做好健康体重管理⻔诊设置与管理⼯作的通知》政策解读","《关于做好健康体重管理⻔诊设置与管理⼯作的通知》政策解读.pdf","01_醫療法規與政策\未標示年份\《关于做好健康体重管理⻔诊设置与管理⼯作的通知》政策解读.pdf","醫療法規與政策","（無）","UNKNOWN","未標示年份","","公告／通知／函釋","醫療治理與依法執業","","pdf","pdf_needs_ocr","91ed2740a125af81b25253f7afeacf50a3a11235999f272c5c80b272781f12ff","741703","2025-04-14T00:32:22.000Z","needs_review","0.35"
"b8f42869185e926a","《违法违规使用医疗保障基金举报奖励办法》政策解读","《违法违规使用医疗保障基金举报奖励办法》政策解读.wps","01_醫療法規與政策\未標示年份\《违法违规使用医疗保障基金举报奖励办法》政策解读.wps","醫療法規與政策","（無）","UNKNOWN","未標示年份","","公告／通知／函釋","醫療治理與依法執業","","wps","filename_only","96eac7de5000fc5800b86c7ae9531f8bdc793d75df38ea71777926d50319c378","27136","2024-05-23T05:11:46.000Z","needs_review","0.35"
"cbba99bce0de0d5a","3058-医疗保障 消毒供应","3058-医疗保障 消毒供应.pdf","01_醫療法規與政策\未標示年份\3058-医疗保障 消毒供应.pdf","醫療法規與政策","（無）","UNKNOWN","未標示年份","","國家或地方標準","醫療治理與依法執業","感染預防與控制","pdf","pdf_text_layer","13b68eeaa64c13f2ae6235f60066555cb187280e64541701f8e6ba71d61dac6d","828481","2022-07-19T02:55:30.000Z","needs_review","0.35"
"4b67441ad88f5a19","3058-医疗保障 消毒供应（2）","3058-医疗保障 消毒供应（2）.pdf","01_醫療法規與政策\未標示年份\3058-医疗保障 消毒供应（2）.pdf","醫療法規與政策","（無）","UNKNOWN","未標示年份","","國家或地方標準","醫療治理與依法執業","感染預防與控制","pdf","pdf_text_layer","13b68eeaa64c13f2ae6235f60066555cb187280e64541701f8e6ba71d61dac6d","828481","2022-07-19T02:55:30.000Z","needs_review","0.35"
"73b5bf10fcd071af","人体捐献器官获取收费和财务管理办法（试行）","人体捐献器官获取收费和财务管理办法（试行）.pdf","01_醫療法規與政策\未標示年份\人体捐献器官获取收费和财务管理办法（试行）.pdf","醫療法規與政策","（無）","UNKNOWN","未標示年份","","院內制度／SOP","醫療治理與依法執業","財務、採購與內部稽核","pdf","pdf_needs_ocr","3b68666af0b49c7a7cf66078f245e1e3484afdada266bb5209c15b81e909800a","1849859","2024-10-16T02:43:44.000Z","needs_review","0.35"
"1103e8e19113ade6","人体器官移植条例","人体器官移植条例.pdf","01_醫療法規與政策\未標示年份\人体器官移植条例.pdf","醫療法規與政策","（無）","UNKNOWN","未標示年份","","國家或地方標準","醫療治理與依法執業","輸血與器官移植","pdf","pdf_text_layer","931abb9d45faa06e7fe0a933845b7a95419da7dab023af9ffc054e6f3951e871","128990","2021-01-25T08:13:30.000Z","needs_review","0.35"
"451d7993965235e4","山西省安全技术防范条例实施细则","山西省安全技术防范条例实施细则.pdf","01_醫療法規與政策\未標示年份\山西省安全技术防范条例实施细则.pdf","醫療法規與政策","（無）","UNKNOWN","未標示年份","","國家或地方標準","醫療治理與依法執業","","pdf","pdf_text_layer","9de643f41849fb6f3856791d6d64e59c183a11941aed34e7dc07653cbb2520a7","589555","2022-08-27T11:34:10.000Z","needs_review","0.35"
"9b5ebfe9d1e9a974","山西省安全技术防范条例实施细则（2）","山西省安全技术防范条例实施细则（2）.pdf","01_醫療法規與政策\未標示年份\山西省安全技术防范条例实施细则（2）.pdf","醫療法規與政策","（無）","UNKNOWN","未標示年份","","國家或地方標準","醫療治理與依法執業","","pdf","pdf_text_layer","9de643f41849fb6f3856791d6d64e59c183a11941aed34e7dc07653cbb2520a7","589555","2022-08-27T11:34:10.000Z","needs_review","0.35"
"d6942c3ec9743a95","天津市医疗纠纷处置条例","天津市医疗纠纷处置条例.docx","01_醫療法規與政策\未標示年份\天津市医疗纠纷处置条例.docx","醫療法規與政策","（無）","UNKNOWN","2015","2015；2014；2009","公告／通知／函釋","醫療治理與依法執業","護理管理；病歷、電子病歷與醫療資料；資訊安全與個人資料；醫技、檢驗與病理；臨床診療與醫療技術；手術、麻醉與疼痛管理；輸血與器官移植；職業安全與員工健康；醫療保險與支付；消防、治安與應急管理","docx","office_xml","3ebc67af1550ce1ac1a02420778eaaa70101710ab8d420ba43f26a25ab90382c","17483","2022-05-26T02:10:24.000Z","needs_review","0.35"
"26a10105a90b3780","天津市医疗纠纷处置条例（2）","天津市医疗纠纷处置条例（2）.docx","01_醫療法規與政策\未標示年份\天津市医疗纠纷处置条例（2）.docx","醫療法規與政策","（無）","UNKNOWN","2015","2015；2014；2009","公告／通知／函釋","醫療治理與依法執業","護理管理；病歷、電子病歷與醫療資料；資訊安全與個人資料；醫技、檢驗與病理；臨床診療與醫療技術；手術、麻醉與疼痛管理；輸血與器官移植；職業安全與員工健康；醫療保險與支付；消防、治安與應急管理","docx","office_xml","3ebc67af1550ce1ac1a02420778eaaa70101710ab8d420ba43f26a25ab90382c","17483","2022-05-26T02:10:24.000Z","needs_review","0.35"
"fc85b407216982dc","关于印发《湖南省医疗保障信用管理暂行办法》的通知 - 湖南省医疗保障局","关于印发《湖南省医疗保障信用管理暂行办法》的通知 - 湖南省医疗保障局.pdf","01_醫療法規與政策\未標示年份\关于印发《湖南省医疗保障信用管理暂行办法》的通知 - 湖南省医疗保障局.pdf","醫療法規與政策","（無）","UNKNOWN","未標示年份","","國家或地方標準","醫療治理與依法執業","","pdf","pdf_text_layer","f699306327aed2b64cd39a88240c8f51dd85543c062848a397188229b1c0d6e7","727687","2022-10-10T02:58:50.000Z","needs_review","0.35"
"27c433cceb25fdde","关于印发医疗监督执法工作规范（试行）的通知 - 副本","关于印发医疗监督执法工作规范（试行）的通知 - 副本.pdf","01_醫療法規與政策\未標示年份\关于印发医疗监督执法工作规范（试行）的通知 - 副本.pdf","醫療法規與政策","（無）","UNKNOWN","未標示年份","","公告／通知／函釋","醫療治理與依法執業","","pdf","pdf_needs_ocr","0306e30ba534bba117a58935f926a37cea35e41924c15bc8cca3cc8c79172b9d","2770731","2025-05-20T12:15:04.000Z","needs_review","0.35"
"bdd71ead00110dfe","关于印发医疗监督执法工作规范（试行）的通知","关于印发医疗监督执法工作规范（试行）的通知.pdf","01_醫療法規與政策\未標示年份\关于印发医疗监督执法工作规范（试行）的通知.pdf","醫療法規與政策","（無）","UNKNOWN","未標示年份","","公告／通知／函釋","醫療治理與依法執業","","pdf","pdf_needs_ocr","0306e30ba534bba117a58935f926a37cea35e41924c15bc8cca3cc8c79172b9d","2770731","2025-05-20T12:15:04.000Z","needs_review","0.35"
"1a5c7374a45b9f43","关于制定职业病诊断鉴定费和预防接种异常反应鉴定费收费标准的函","关于制定职业病诊断鉴定费和预防接种异常反应鉴定费收费标准的函.docx","01_醫療法規與政策\未標示年份\关于制定职业病诊断鉴定费和预防接种异常反应鉴定费收费标准的函.docx","醫療法規與政策","（無）","UNKNOWN","2020","2020；2018；2016","研究論文／文獻","醫療治理與依法執業","生殖、婦幼與月子服務；臨床研究與人體試驗；職業安全與員工健康","docx","office_xml","641090801b13d4d2142f2d773c04b4adbbd2ccde08ba54507405a839f9228cc8","12327","2022-05-25T09:30:02.000Z","needs_review","0.35"
"308ad118a97b87bb","关于制定职业病诊断鉴定费和预防接种异常反应鉴定费收费标准的函（2）","关于制定职业病诊断鉴定费和预防接种异常反应鉴定费收费标准的函（2）.docx","01_醫療法規與政策\未標示年份\关于制定职业病诊断鉴定费和预防接种异常反应鉴定费收费标准的函（2）.docx","醫療法規與政策","（無）","UNKNOWN","2020","2020；2018；2016","研究論文／文獻","醫療治理與依法執業","生殖、婦幼與月子服務；臨床研究與人體試驗；職業安全與員工健康","docx","office_xml","641090801b13d4d2142f2d773c04b4adbbd2ccde08ba54507405a839f9228cc8","12327","2022-05-25T09:30:02.000Z","needs_review","0.35"
"f184294dd2aba718","印发医疗监督执法工作规范","印发医疗监督执法工作规范.pdf","01_醫療法規與政策\未標示年份\印发医疗监督执法工作规范.pdf","醫療法規與政策","（無）","UNKNOWN","未標示年份","","公告／通知／函釋","醫療治理與依法執業","","pdf","pdf_needs_ocr","8c7141732454dd36a9266ad2b2b3b104b3d6158ca0b382eb83aad450da2be3ce","2586712","2023-12-06T13:04:26.000Z","needs_review","0.35"
"5c1c690e41f026af","医疗机构管理条例","医疗机构管理条例.pdf","01_醫療法規與政策\未標示年份\医疗机构管理条例.pdf","醫療法規與政策","（無）","UNKNOWN","未標示年份","","國家或地方標準","醫療治理與依法執業","","pdf","pdf_text_layer","a6eb35c1cfab5046babe8b81539381f3dac601e0f4003ef7d6211fbf27eb53fc","217335","2024-08-09T06:11:32.000Z","needs_review","0.35"
"fc9d352c7a5b5fb0","医疗机构管理条例实施细则","医疗机构管理条例实施细则.pdf","01_醫療法規與政策\未標示年份\医疗机构管理条例实施细则.pdf","醫療法規與政策","（無）","UNKNOWN","未標示年份","","國家或地方標準","醫療治理與依法執業","","pdf","pdf_text_layer","0c806664f0aeb55b4d9026ba4831211503b77d8791bf06ef66261f6afd89889f","286202","2022-06-01T05:08:30.000Z","needs_review","0.35"
"8cabe1211c8aa856","医疗保障 消毒供应","医疗保障 消毒供应.pdf","01_醫療法規與政策\未標示年份\医疗保障 消毒供应.pdf","醫療法規與政策","（無）","UNKNOWN","未標示年份","","國家或地方標準","醫療治理與依法執業","感染預防與控制","pdf","pdf_text_layer","13b68eeaa64c13f2ae6235f60066555cb187280e64541701f8e6ba71d61dac6d","828481","2022-06-20T04:02:50.000Z","needs_review","0.35"
"1f5314ce0e079e0b","医疗保障基金飞行检查管理暂行办法","医疗保障基金飞行检查管理暂行办法.wps","01_醫療法規與政策\未標示年份\医疗保障基金飞行检查管理暂行办法.wps","醫療法規與政策","（無）","UNKNOWN","未標示年份","","行政法規／條例","醫療治理與依法執業","","wps","filename_only","815d903af3cd0a3d9971c9de2991f1b08e1e7d28e0d37369258fad43af7e064b","43008","2024-05-23T05:11:46.000Z","needs_review","0.35"
"7c2ff68c80fd54d6","护士条例","护士条例.docx","01_醫療法規與政策\未標示年份\护士条例.docx","醫療法規與政策","（無）","UNKNOWN","2008","2008","研究論文／文獻","醫療治理與依法執業","醫療人員與執業管理；護理管理；感染預防與控制；資訊安全與個人資料；臨床診療與醫療技術；急診與緊急醫療；臨床研究與人體試驗；職業安全與員工健康；消防、治安與應急管理；圖書、教育與文件管理","docx","office_xml","d0c4d424b05917fffc8f41d5f6f072cbfc9a48bdd246865c82b71851427687c4","18140","2021-01-25T08:01:32.000Z","needs_review","0.35"
"d2b588ee0e1f87fa","使用有毒物品作业场所劳动保护条例","使用有毒物品作业场所劳动保护条例.pdf","01_醫療法規與政策\未標示年份\使用有毒物品作业场所劳动保护条例.pdf","醫療法規與政策","（無）","UNKNOWN","未標示年份","","行政法規／條例","醫療治理與依法執業","","pdf","pdf_needs_ocr","b08dc361192233778511bd8ad480b098247350b1f2e058ed59d3343335b10d89","2980279","2023-04-02T08:04:08.000Z","needs_review","0.35"
"0c45e69767a6fcfa","国家医疗保障局 政策解读 《关于印发按病组（DRG）和病种分值（DIP）付费2.0版分组方案并深入推进相关工作的通知》政策解读","国家医疗保障局 政策解读 《关于印发按病组（DRG）和病种分值（DIP）付费2.0版分组方案并深入推进相关工作的通知》政策解读.pdf","01_醫療法規與政策\未標示年份\国家医疗保障局 政策解读 《关于印发按病组（DRG）和病种分值（DIP）付费2.0版分组方案并深入推进相关工作的通知》政策解读.pdf","醫療法規與政策","（無）","UNKNOWN","未標示年份","","國家或地方標準","醫療治理與依法執業","醫療保險與支付","pdf","pdf_text_layer","38deb5cca29299a5d5dc84a5468eae33fc33168327cc71b060c90a0b42ed178c","364543","2024-08-19T04:21:34.000Z","needs_review","0.35"
"0c056180b27c469c","放射性废物安全管理条例","放射性废物安全管理条例.pdf","01_醫療法規與政策\未標示年份\放射性废物安全管理条例.pdf","醫療法規與政策","（無）","UNKNOWN","未標示年份","","行政法規／條例","醫療治理與依法執業","","pdf","pdf_needs_ocr","f09635a98a823db3803ea8a4e7027ea400765700f6afb5b5e865f2951b285f23","2238917","2023-03-21T08:26:24.000Z","needs_review","0.35"
"d28189f8600101cf","易制毒化学品管理条例","易制毒化学品管理条例.pdf","01_醫療法規與政策\未標示年份\易制毒化学品管理条例.pdf","醫療法規與政策","（無）","UNKNOWN","未標示年份","","行政法規／條例","醫療治理與依法執業","","pdf","pdf_needs_ocr","9c7ecd78108e493607c0fb5566ebb578f35dd7b49aa0aff283c77d81d59fd951","2158590","2023-03-21T08:33:00.000Z","needs_review","0.35"
"bad44f859b572d09","河北省绿化条例","河北省绿化条例.pdf","01_醫療法規與政策\未標示年份\河北省绿化条例.pdf","醫療法規與政策","（無）","UNKNOWN","未標示年份","","國家或地方標準","醫療治理與依法執業","","pdf","pdf_text_layer","165ccd2f7ce2d93e0ffd8705eba3cdab46778e7450e50841dc07cf32726764cb","271991","2023-03-08T10:26:58.000Z","needs_review","0.35"
"5b6d9a3e87fa3e34","城市绿化条例","城市绿化条例.pdf","01_醫療法規與政策\未標示年份\城市绿化条例.pdf","醫療法規與政策","（無）","UNKNOWN","未標示年份","","行政法規／條例","醫療治理與依法執業","","pdf","pdf_needs_ocr","e5f967c365332cae0bb4e3994b1337a437ae397882b49ea679c64c8e68dd9a10","1376084","2023-02-12T06:38:42.000Z","needs_review","0.35"
"49607d01d67911ee","按病组（DRG）付费2.0版分组方案介绍","按病组（DRG）付费2.0版分组方案介绍.docx","01_醫療法規與政策\未標示年份\按病组（DRG）付费2.0版分组方案介绍.docx","醫療法規與政策","（無）","UNKNOWN","2021","2021；2020；2019","研究論文／文獻","醫療治理與依法執業","感染預防與控制；資訊安全與個人資料；臨床診療與醫療技術；手術、麻醉與疼痛管理；醫療保險與支付","docx","office_xml","3bd7b8837e619aa2f7827d80c640ee71d78edbce6223c4e5f62b12fdff9a09c8","415421","2024-08-19T04:21:06.000Z","needs_review","0.35"
"ed07facf347c7007","按病种分值（DIP）付费2.0版病种库介绍","按病种分值（DIP）付费2.0版病种库介绍.docx","01_醫療法規與政策\未標示年份\按病种分值（DIP）付费2.0版病种库介绍.docx","醫療法規與政策","（無）","UNKNOWN","2033","2033；2020","研究論文／文獻","醫療治理與依法執業","資訊安全與個人資料；臨床診療與醫療技術；手術、麻醉與疼痛管理；臨床研究與人體試驗；醫療保險與支付","docx","office_xml","19f6b3a719a50f919dd037246cf87c8bfcde82d2a746de5a6f25a4dbae4bbd82","440669","2024-08-19T04:21:08.000Z","needs_review","0.35"
"f70e2f402a4eb309","政府令148号石家庄市城市园林绿化管理条例实施细则","政府令148号石家庄市城市园林绿化管理条例实施细则 (1).doc","01_醫療法規與政策\未標示年份\政府令148号石家庄市城市园林绿化管理条例实施细则 (1).doc","醫療法規與政策","（無）","UNKNOWN","未標示年份","","行政法規／條例","醫療治理與依法執業","","doc","filename_only","3a26cf273ad382ec635549266d3bcd90e0c23051917d92f271f3e91f623a165d","51200","2023-02-12T06:40:18.000Z","needs_review","0.35"
"c587414467d43927","政府令148号石家庄市城市园林绿化管理条例实施细则","政府令148号石家庄市城市园林绿化管理条例实施细则.doc","01_醫療法規與政策\未標示年份\政府令148号石家庄市城市园林绿化管理条例实施细则.doc","醫療法規與政策","（無）","UNKNOWN","未標示年份","","行政法規／條例","醫療治理與依法執業","","doc","filename_only","3a26cf273ad382ec635549266d3bcd90e0c23051917d92f271f3e91f623a165d","51200","2023-02-12T06:40:10.000Z","needs_review","0.35"
"d3cccbf5de37dee3","济宁市医疗纠纷预防和处理办法","济宁市医疗纠纷预防和处理办法.docx","01_醫療法規與政策\未標示年份\济宁市医疗纠纷预防和处理办法.docx","醫療法規與政策","（無）","UNKNOWN","2023","2023；2020","研究論文／文獻","醫療治理與依法執業","醫院評鑑與醫療品質；醫療人員與執業管理；護理管理；藥事與藥品管理；感染預防與控制；病歷、電子病歷與醫療資料；資訊安全與個人資料；醫技、檢驗與病理；臨床診療與醫療技術；手術、麻醉與疼痛管理；急診與緊急醫療；輸血與器官移植；生殖、婦幼與月子服務；臨床研究與人體試驗；醫療保險與支付；醫療器材與設備；消防、治安與應急管理；圖書、教育與文件管理","docx","office_xml","6c78708043bc0ec18adcc90d9636dd21cf8af590094c46b5fb50c8069bbee713","424616","2022-05-26T03:10:54.000Z","needs_review","0.35"
"29996b703be9309a","济宁市医疗纠纷预防和处理办法（2）","济宁市医疗纠纷预防和处理办法（2）.docx","01_醫療法規與政策\未標示年份\济宁市医疗纠纷预防和处理办法（2）.docx","醫療法規與政策","（無）","UNKNOWN","2023","2023；2020","研究論文／文獻","醫療治理與依法執業","醫院評鑑與醫療品質；醫療人員與執業管理；護理管理；藥事與藥品管理；感染預防與控制；病歷、電子病歷與醫療資料；資訊安全與個人資料；醫技、檢驗與病理；臨床診療與醫療技術；手術、麻醉與疼痛管理；急診與緊急醫療；輸血與器官移植；生殖、婦幼與月子服務；臨床研究與人體試驗；醫療保險與支付；醫療器材與設備；消防、治安與應急管理；圖書、教育與文件管理","docx","office_xml","6c78708043bc0ec18adcc90d9636dd21cf8af590094c46b5fb50c8069bbee713","424616","2022-05-26T03:10:54.000Z","needs_review","0.35"
"a00af4ffe30cdc37","济南市绿化条例","济南市绿化条例.pdf","01_醫療法規與政策\未標示年份\济南市绿化条例.pdf","醫療法規與政策","（無）","UNKNOWN","未標示年份","","國家或地方標準","醫療治理與依法執業","","pdf","pdf_text_layer","018815b61a35065960d44576694df6b71b89cef9b55523211ed3323415ecddf5","418557","2022-10-19T07:40:00.000Z","needs_review","0.35"
"18ad3cf6bd3f553f","病原微生物实验室生物安全管理条例","病原微生物实验室生物安全管理条例.pdf","01_醫療法規與政策\未標示年份\病原微生物实验室生物安全管理条例.pdf","醫療法規與政策","（無）","UNKNOWN","未標示年份","","行政法規／條例","醫療治理與依法執業","醫技、檢驗與病理","pdf","pdf_needs_ocr","04bd3cb6db84c44f3bd3816821fd5913db1e01831cad4a23238a900dd0482e88","3683653","2024-07-26T09:06:02.000Z","needs_review","0.35"
"3bf89554670cd7f0","深圳经济特区绿化条例","深圳经济特区绿化条例.pdf","01_醫療法規與政策\未標示年份\深圳经济特区绿化条例.pdf","醫療法規與政策","（無）","UNKNOWN","未標示年份","","行政法規／條例","醫療治理與依法執業","","pdf","pdf_needs_ocr","91d637694a2a682ed8441241e5ddaa809d189b4231766c2b219ddfcb90d7e333","2369671","2023-02-12T06:33:42.000Z","needs_review","0.35"
"669a360ef55b41d9","职业卫生技术服务机构监督执法工作规范","职业卫生技术服务机构监督执法工作规范.pdf","01_醫療法規與政策\未標示年份\职业卫生技术服务机构监督执法工作规范.pdf","醫療法規與政策","（無）","UNKNOWN","未標示年份","","待確認或非規範文件","醫療治理與依法執業","","pdf","pdf_needs_ocr","4b28170471067fac0dda3c956dc5fad2ebcfb0725fc18a0a38220c367a7dbafb","1658509","2023-12-06T13:01:08.000Z","needs_review","0.35"
"af5753c9c2890bd1","职业卫生技术服务机构监督执法工作规范（2）","职业卫生技术服务机构监督执法工作规范（2）.pdf","01_醫療法規與政策\未標示年份\职业卫生技术服务机构监督执法工作规范（2）.pdf","醫療法規與政策","（無）","UNKNOWN","未標示年份","","待確認或非規範文件","醫療治理與依法執業","","pdf","pdf_needs_ocr","4b28170471067fac0dda3c956dc5fad2ebcfb0725fc18a0a38220c367a7dbafb","1658509","2023-12-06T13:01:08.000Z","needs_review","0.35"
"72e33fd5ebdc9e44","湖南省实施《城市绿化条例》办法","湖南省实施《城市绿化条例》办法.pdf","01_醫療法規與政策\未標示年份\湖南省实施《城市绿化条例》办法.pdf","醫療法規與政策","（無）","UNKNOWN","未標示年份","","行政法規／條例","醫療治理與依法執業","","pdf","pdf_needs_ocr","44c618c2bde0fa1f75e41538e7aa29aea70e712a5bf38c294c784d3ab7375acf","1781495","2023-02-12T06:39:24.000Z","needs_review","0.35"
"2826bc120c9c768d","DRG付费改革对某专科医院医疗服务及住院费用的影响分析","DRG付费改革对某专科医院医疗服务及住院费用的影响分析.pdf","01_醫療法規與政策\未標示年份\DRG付费改革对某专科医院医疗服务及住院费用的影响分析.pdf","醫療法規與政策","（無）","UNKNOWN","未標示年份","","研究論文／文獻","醫療治理與依法執業","醫療保險與支付","pdf","pdf_needs_ocr","4e3326a86164edf9dedfd08e0648aa4c04e1880c5ef4bd29bbda56bb728576a3","1457935","2024-08-22T06:54:32.000Z","needs_review","0.35"
"c4240e4e326dec64","ESG体系下公立医院财务会计转型与高质量发展路径研究","ESG体系下公立医院财务会计转型与高质量发展路径研究.pdf","01_醫療法規與政策\未標示年份\ESG体系下公立医院财务会计转型与高质量发展路径研究.pdf","醫療法規與政策","（無）","UNKNOWN","未標示年份","","研究論文／文獻","醫療治理與依法執業","臨床研究與人體試驗；環境、能源與醫療廢棄物；財務、採購與內部稽核","pdf","pdf_text_layer","88e72f9685f6d4cf5aab1fcd27fed41ab4cedfa8d3e9df860edccf970359bf90","691548","2026-03-26T07:55:02.000Z","needs_review","0.35"
"f07f39c70bd2ca81","DB11_ 336-2006 医疗卫生机构安全风险等级与技术防范防护级别","DB11_ 336-2006 医疗卫生机构安全风险等级与技术防范防护级别.pdf","02_醫院管理與品質\2006\DB11_ 336-2006 医疗卫生机构安全风险等级与技术防范防护级别.pdf","醫院管理與品質","（無）","UNKNOWN","2006","2006","國家或地方標準","其他／待確認","","pdf","pdf_text_layer","ad324013951859d9f092c1e0e41feb611d929be6edb7b221f2994e79f3ef98de","947041","2023-08-11T09:05:56.000Z","needs_review","0.35"
"eb021b1d66370520","医疗机构标志标准（代替WS 307—2009）","医疗机构标志标准（代替WS 307—2009）.pdf","02_醫院管理與品質\2009\医疗机构标志标准（代替WS 307—2009）.pdf","醫院管理與品質","（無）","UNKNOWN","2009","2009","國家或地方標準","醫療治理與依法執業","","pdf","pdf_text_layer","1adf4abb224c6584f5adc6b207d41229a1a16931d9ce1ada92e381d1c5a29a81","315275","2024-08-22T05:23:48.000Z","needs_review","0.35"
"dd6cf4083275f5d6","WS 340-2011 准分子激光角膜屈光手术质量控制","WS 340-2011 准分子激光角膜屈光手术质量控制 (1).pdf","02_醫院管理與品質\2011\WS 340-2011 准分子激光角膜屈光手术质量控制 (1).pdf","醫院管理與品質","（無）","UNKNOWN","2011","2011","國家或地方標準","手術、麻醉與疼痛管理","","pdf","pdf_text_layer","67c64231bdbb87122fb930a0ff7ea3972e32c6a52343b7f45879d5d246724a6c","358653","2023-08-19T03:01:36.000Z","needs_review","0.35"
"d6c506b5ff2344ca","WS 340-2011 准分子激光角膜屈光手术质量控制","WS 340-2011 准分子激光角膜屈光手术质量控制.pdf","02_醫院管理與品質\2011\WS 340-2011 准分子激光角膜屈光手术质量控制.pdf","醫院管理與品質","（無）","UNKNOWN","2011","2011","國家或地方標準","手術、麻醉與疼痛管理","","pdf","pdf_text_layer","67c64231bdbb87122fb930a0ff7ea3972e32c6a52343b7f45879d5d246724a6c","358653","2023-08-19T03:01:12.000Z","needs_review","0.35"
"93f0e794798015d1","GB 16361-2012 临床核医学的患者防护与质量控制规范","GB 16361-2012 临床核医学的患者防护与质量控制规范.pdf","02_醫院管理與品質\2012\GB 16361-2012 临床核医学的患者防护与质量控制规范.pdf","醫院管理與品質","（無）","UNKNOWN","2012","2012","國家或地方標準","臨床診療與醫療技術","","pdf","pdf_needs_ocr","0306339676c69e5780e00cb761f6f96e8c4df5a46d7ccdf71137997d5e939bda","15588097","2023-10-25T04:06:02.000Z","needs_review","0.35"
"e3e69c4eb086cac5","GB_T 9704-2012 党政机关公文格式 - 副本","GB_T 9704-2012 党政机关公文格式 - 副本.pdf","02_醫院管理與品質\2012\GB_T 9704-2012 党政机关公文格式 - 副本.pdf","醫院管理與品質","（無）","UNKNOWN","2012","2012","國家或地方標準","圖書、教育與文件管理","","pdf","pdf_needs_ocr","5d18d11b76f628c05b181720438d3570b6a58a6cb4ae05a6acfe73432692384f","6079620","2025-02-21T02:35:02.000Z","needs_review","0.35"
"0a6ca692a8ae154d","GB_T 9704-2012 党政机关公文格式","GB_T 9704-2012 党政机关公文格式.pdf","02_醫院管理與品質\2012\GB_T 9704-2012 党政机关公文格式.pdf","醫院管理與品質","（無）","UNKNOWN","2012","2012","國家或地方標準","圖書、教育與文件管理","","pdf","pdf_needs_ocr","5d18d11b76f628c05b181720438d3570b6a58a6cb4ae05a6acfe73432692384f","6079620","2025-02-21T02:35:02.000Z","needs_review","0.35"
"88aa63e4540cb3d2","GB_T 9704-2012 党政机关公文格式（2）","GB_T 9704-2012 党政机关公文格式（2）.pdf","02_醫院管理與品質\2012\GB_T 9704-2012 党政机关公文格式（2）.pdf","醫院管理與品質","（無）","UNKNOWN","2012","2012","國家或地方標準","圖書、教育與文件管理","","pdf","pdf_needs_ocr","5d18d11b76f628c05b181720438d3570b6a58a6cb4ae05a6acfe73432692384f","6079620","2025-02-21T02:35:02.000Z","needs_review","0.35"
"63c0ee91da7409cf","GB_T 9704-2012 党政机关公文格式（2）（3）","GB_T 9704-2012 党政机关公文格式（2）（3）.pdf","02_醫院管理與品質\2012\GB_T 9704-2012 党政机关公文格式（2）（3）.pdf","醫院管理與品質","（無）","UNKNOWN","2012","2012","國家或地方標準","圖書、教育與文件管理","","pdf","pdf_needs_ocr","5d18d11b76f628c05b181720438d3570b6a58a6cb4ae05a6acfe73432692384f","6079620","2025-02-21T02:35:02.000Z","needs_review","0.35"
"6a7f8d6155864981","WS_T 390-2012 医院急救科规范化流程","WS_T 390-2012 医院急救科规范化流程.pdf","02_醫院管理與品質\2012\WS_T 390-2012 医院急救科规范化流程.pdf","醫院管理與品質","（無）","UNKNOWN","2012","2012","國家或地方標準","其他／待確認","","pdf","pdf_needs_ocr","eb382308f8cf19ff406167d555d0203c3815ee7d4b6d5640f7127e73de88b25c","2632262","2023-11-15T12:21:16.000Z","needs_review","0.35"
"4d855995e7784e3a","急诊专业医疗质量控制指标（2015年版）","急诊专业医疗质量控制指标（2015年版）.docx","02_醫院管理與品質\2015\急诊专业医疗质量控制指标（2015年版）.docx","醫院管理與品質","（無）","UNKNOWN","2015","2015","待確認或非規範文件","醫療治理與依法執業","醫療人員與執業管理；臨床診療與醫療技術；手術、麻醉與疼痛管理；急診與緊急醫療","docx","office_xml","a49349db06a0d14276efadcddfaf14a1878eb40337743497e015220ac4dcf9aa","23345","2020-12-21T06:37:20.000Z","needs_review","0.35"
"ef4c3bfd78eb3138","麻醉专业医疗质量控制指标（2015年版）","麻醉专业医疗质量控制指标（2015年版）.docx","02_醫院管理與品質\2015\麻醉专业医疗质量控制指标（2015年版）.docx","醫院管理與品質","（無）","UNKNOWN","2015","2015","待確認或非規範文件","醫療治理與依法執業","醫院評鑑與醫療品質；醫療人員與執業管理；臨床診療與醫療技術；手術、麻醉與疼痛管理；急診與緊急醫療；輸血與器官移植","docx","office_xml","c7de9892fb0672ff4f1c0beb041ada85f4c724d5a28742e67fa30a0727a04c9c","25801","2020-12-21T06:36:04.000Z","needs_review","0.35"
"2d9339b426cce1ca","DB22_T 2404-2015 医院手术部(室)管理规范","DB22_T 2404-2015 医院手术部(室)管理规范.pdf","02_醫院管理與品質\2015\DB22_T 2404-2015 医院手术部(室)管理规范.pdf","醫院管理與品質","（無）","UNKNOWN","2015","2015","國家或地方標準","手術、麻醉與疼痛管理","","pdf","pdf_text_layer","03bbaf07152cebbf3a3c7972782ed4721b017e974be3e510295709314e428d38","206823","2025-07-03T05:13:14.000Z","needs_review","0.35"
"2e553d5f6726b8c1","建标 177-2016 急救中心建设标准","建标 177-2016 急救中心建设标准.pdf","02_醫院管理與品質\2016\建标 177-2016 急救中心建设标准.pdf","醫院管理與品質","（無）","UNKNOWN","2016","2016","待確認或非規範文件","其他／待確認","","pdf","pdf_needs_ocr","8eefad2d491241e0ef4fc473339505afe7534c2221f80037a24ad1ac220db7b3","894118","2023-11-15T12:25:38.000Z","needs_review","0.35"
"5ac625ab3452e183","GB-T-19001-2016-质量管理体系-要求最新","GB-T-19001-2016-质量管理体系-要求最新.pdf","02_醫院管理與品質\2016\GB-T-19001-2016-质量管理体系-要求最新.pdf","醫院管理與品質","（無）","UNKNOWN","2016","2016；1900","國家或地方標準","醫院評鑑與醫療品質","","pdf","pdf_text_layer","91ed0dae9f551e145edc8ffd7d1c090c60f2f5f1ff50f5ddb55e867e6940439e","1305342","2025-12-23T03:45:54.000Z","needs_review","0.35"
"e79b75e3b73413bf","14.质子和重离子加速器放射治疗技术临床应用质量控制指标（2017版）","14.质子和重离子加速器放射治疗技术临床应用质量控制指标（2017版）.docx","02_醫院管理與品質\2017\14.质子和重离子加速器放射治疗技术临床应用质量控制指标（2017版）.docx","醫院管理與品質","（無）","UNKNOWN","2017","2017","待確認或非規範文件","醫療治理與依法執業","藥事與藥品管理；醫技、檢驗與病理；臨床診療與醫療技術；醫療器材與設備；後勤、建築與設施安全","docx","office_xml","1f2a0e1ccd81d1cf9fa0acdaac9c5191cc4e1247cc88d8e99ec4a41c18871719","24522","2021-01-01T01:10:54.000Z","needs_review","0.35"
"26b633b43713917d","16.放射性粒子植入治疗技术临床应用质量控制指标（2017版）","16.放射性粒子植入治疗技术临床应用质量控制指标（2017版）.docx","02_醫院管理與品質\2017\16.放射性粒子植入治疗技术临床应用质量控制指标（2017版）.docx","醫院管理與品質","（無）","UNKNOWN","2017","2017","研究論文／文獻","醫療治理與依法執業","藥事與藥品管理；感染預防與控制；醫技、檢驗與病理；臨床診療與醫療技術；手術、麻醉與疼痛管理","docx","office_xml","9810d542f4d1372a0f92e8bf34212f2292f95ad045f8916950ad4ffc195a4338","24368","2021-01-01T01:11:28.000Z","needs_review","0.35"
"ae1e2039bb507398","(2018年版)二级中医医院评审专家手册","(2018年版)二级中医医院评审专家手册.doc","02_醫院管理與品質\2018\(2018年版)二级中医医院评审专家手册.doc","醫院管理與品質","（無）","UNKNOWN","2018","2018","醫院評鑑／認證標準","其他／待確認","","doc","filename_only","5f5f1d0cc2efa62727d9a811c41c24a33dbd5ef3325f16fbdf924d915e7b4576","2801145","2023-08-31T12:09:30.000Z","needs_review","0.35"
"834ddebc4e4df00b","准分子激光屈光性角膜技术管理规范-修【北京版】2018","准分子激光屈光性角膜技术管理规范-修【北京版】2018.pdf","02_醫院管理與品質\2018\准分子激光屈光性角膜技术管理规范-修【北京版】2018.pdf","醫院管理與品質","（無）","CN","2018","2018","待確認或非規範文件","其他／待確認","","pdf","pdf_text_layer","5a5c11313ef3decf84cda243037042342543eda5da34d4f3330777cb2b1dcf18","194416","2023-08-20T08:40:24.000Z","needs_review","0.35"
"30dedb06bc9cbd34","TCHAA 001-2018 超重或肥胖人群体重管理规范","TCHAA 001-2018 超重或肥胖人群体重管理规范.pdf","02_醫院管理與品質\2018\TCHAA 001-2018 超重或肥胖人群体重管理规范.pdf","醫院管理與品質","（無）","UNKNOWN","2018","2018","國家或地方標準","其他／待確認","","pdf","pdf_text_layer","7fc4d4b77e5a7c313a02c6ab9bdd0590496652c99829685b3c4a8da0ecc43b53","1850956","2025-04-14T01:16:02.000Z","needs_review","0.35"
"0c7caa3af62a9246","TCHAS 10-2-3-2018急救綠色通道","TCHAS 10-2-3-2018急救綠色通道.pdf","02_醫院管理與品質\2018\TCHAS 10-2-3-2018急救綠色通道.pdf","醫院管理與品質","（無）","UNKNOWN","2018","2018","待確認或非規範文件","其他／待確認","","pdf","pdf_needs_ocr","5a49ba290fcb61c3023791a7a4dcf380b0914eebdbd1c9f174b0fb30a9fa454b","1445118","2023-11-15T12:24:40.000Z","needs_review","0.35"
"7d0a47a788338a66","TCHAS 10-4-6-2018-2018医疗管理 医疗安全（不良）事件管理","TCHAS 10-4-6-2018-2018医疗管理 医疗安全（不良）事件管理.pdf","02_醫院管理與品質\2018\TCHAS 10-4-6-2018-2018医疗管理 医疗安全（不良）事件管理.pdf","醫院管理與品質","（無）","UNKNOWN","2018","2018","待確認或非規範文件","其他／待確認","","pdf","pdf_needs_ocr","6385753387466ef9b77e096c05f5536a1d314f08b3acd4393f9847bf7d021e3c","1827366","2025-10-12T05:59:12.000Z","needs_review","0.35"
"a10bf52b4ec507bb","WS 589—2018","WS 589—2018.pdf","02_醫院管理與品質\2018\WS 589—2018.pdf","醫院管理與品質","（無）","INTL","2018","2018；2012；2004","國家或地方標準","其他／待確認","","pdf","pdf_text_layer","9393803d850fdab90c468a049cce7658d37688fb65ecf0996c54028b43b2f1a8","1781917","2026-03-28T02:56:24.000Z","needs_review","0.35"
"bb4d2a06f35405ce","DB11T 1647-2019 新生儿转运技术规范","DB11T 1647-2019 新生儿转运技术规范.pdf","02_醫院管理與品質\2019\DB11T 1647-2019 新生儿转运技术规范.pdf","醫院管理與品質","（無）","UNKNOWN","2019","2019","技術規範／診療指南","其他／待確認","","pdf","pdf_text_layer","0600bf9f695631e1c6834943a1053c88775c9a33c61bce88c3cd3831092555c0","131355","2025-04-04T09:17:50.000Z","needs_review","0.35"
"8a1fbf4edf363c3c","GB 37487-2019 公共场所卫生管理规范","GB 37487-2019 公共场所卫生管理规范.pdf","02_醫院管理與品質\2019\GB 37487-2019 公共场所卫生管理规范.pdf","醫院管理與品質","（無）","UNKNOWN","2019","2019","國家或地方標準","其他／待確認","","pdf","pdf_needs_ocr","bc3513d10a1191791599360250580313c678a91c939e102a0be089b0512dc82b","4061622","2023-10-06T12:23:06.000Z","needs_review","0.35"
"5841787caf6149a4","GB 37487-2019 公共场所卫生管理规范（2）","GB 37487-2019 公共场所卫生管理规范（2）.pdf","02_醫院管理與品質\2019\GB 37487-2019 公共场所卫生管理规范（2）.pdf","醫院管理與品質","（無）","UNKNOWN","2019","2019","國家或地方標準","其他／待確認","","pdf","pdf_needs_ocr","bc3513d10a1191791599360250580313c678a91c939e102a0be089b0512dc82b","4061622","2025-04-03T02:40:54.000Z","needs_review","0.35"
"cb89319ce2a51ca2","GB 37488-2019 公共场所卫生指标及限值要求","GB 37488-2019 公共场所卫生指标及限值要求.pdf","02_醫院管理與品質\2019\GB 37488-2019 公共场所卫生指标及限值要求.pdf","醫院管理與品質","（無）","UNKNOWN","2019","2019","國家或地方標準","其他／待確認","","pdf","pdf_needs_ocr","f40eb29423abdecd414f2089b6482a204776b7a77b4db21255897c2ec7d83e21","2090698","2023-10-06T12:24:06.000Z","needs_review","0.35"
"f5c622f8e55b3da5","GB 37488-2019 公共场所卫生指标及限值要求（2）","GB 37488-2019 公共场所卫生指标及限值要求（2）.pdf","02_醫院管理與品質\2019\GB 37488-2019 公共场所卫生指标及限值要求（2）.pdf","醫院管理與品質","（無）","UNKNOWN","2019","2019","國家或地方標準","其他／待確認","","pdf","pdf_needs_ocr","f40eb29423abdecd414f2089b6482a204776b7a77b4db21255897c2ec7d83e21","2090698","2023-10-06T12:24:06.000Z","needs_review","0.35"
"8ae3c41189ebda52","T_CAME 2-2019 医院洁净手术部运行维护与管理规范","T_CAME 2-2019 医院洁净手术部运行维护与管理规范.pdf","02_醫院管理與品質\2019\T_CAME 2-2019 医院洁净手术部运行维护与管理规范.pdf","醫院管理與品質","（無）","UNKNOWN","2019","2019","待確認或非規範文件","手術、麻醉與疼痛管理","","pdf","pdf_needs_ocr","1abb6356fec933e2bc3ff88ea7dff6f984d887a8e68b0979af3d300e267508cd","5136170","2025-07-03T05:12:00.000Z","needs_review","0.35"
"30b936f32fdc3e82","T_CAME 2-2019 医院洁净手术部运行维护与管理规范（2）","T_CAME 2-2019 医院洁净手术部运行维护与管理规范（2）.pdf","02_醫院管理與品質\2019\T_CAME 2-2019 医院洁净手术部运行维护与管理规范（2）.pdf","醫院管理與品質","（無）","UNKNOWN","2019","2019","待確認或非規範文件","手術、麻醉與疼痛管理","","pdf","pdf_needs_ocr","1abb6356fec933e2bc3ff88ea7dff6f984d887a8e68b0979af3d300e267508cd","5136170","2023-06-09T05:43:42.000Z","needs_review","0.35"
"7bf724baf6d9af6a","TCACM 1318.23-2019","TCACM 1318.23-2019.pdf","02_醫院管理與品質\2019\TCACM 1318.23-2019.pdf","醫院管理與品質","（無）","UNKNOWN","2019","2019","國家或地方標準","其他／待確認","","pdf","pdf_text_layer","9e1270594ed52eede51c799826eb75c587f9ef7e15d7016649ce1d1766db2dc9","1605989","2025-08-03T17:01:54.000Z","needs_review","0.35"
"671794d9b1beb897","WS_T 653-2019医院病房床单元设施","WS_T 653-2019医院病房床单元设施.pdf","02_醫院管理與品質\2019\WS_T 653-2019医院病房床单元设施.pdf","醫院管理與品質","（無）","UNKNOWN","2019","2019","國家或地方標準","其他／待確認","","pdf","pdf_text_layer","520bb0479dd9a3e37097fb1b5916336d19fa50ea0feaf5db5bfc80dbf1fa5e23","1051763","2023-06-02T23:37:20.000Z","needs_review","0.35"
"f556f1e8a7db695e","WST658—2019婴儿培养箱安全管理","WST658—2019婴儿培养箱安全管理.pdf","02_醫院管理與品質\2019\WST658—2019婴儿培养箱安全管理.pdf","醫院管理與品質","（無）","UNKNOWN","2019","2019","國家或地方標準","其他／待確認","","pdf","pdf_text_layer","348eda7bbba0908420bfef12644a4e9a305f7981aff6ef43abcb25e370b5a62c","543282","2020-06-13T11:21:06.000Z","needs_review","0.35"
"9cb7ea1abb435555","2018—2020年江苏省三级综合医院评审结果分析及发展策略探讨","2018—2020年江苏省三级综合医院评审结果分析及发展策略探讨.pdf","02_醫院管理與品質\2020\2018—2020年江苏省三级综合医院评审结果分析及发展策略探讨.pdf","醫院管理與品質","（無）","CN","2020","2020；2018","醫院評鑑／認證標準","其他／待確認","","pdf","pdf_needs_ocr","2ad4e595f057df7150c95a767cd535eda70ae111502fb68edb75b016f7f67bb6","1332531","2024-08-24T08:41:26.000Z","needs_review","0.35"
"df671db6e2727591","2020年三级综合医院现场评审评审员职责与纪律","2020年三级综合医院现场评审评审员职责与纪律.docx","02_醫院管理與品質\2020\2020年三级综合医院现场评审评审员职责与纪律.docx","醫院管理與品質","（無）","UNKNOWN","2020","2020；2012","醫院評鑑／認證標準","醫療治理與依法執業","資訊安全與個人資料；臨床研究與人體試驗；醫療保險與支付","docx","office_xml","1f2289ca1354519cabd4b62e1406f719f31f80a5b8a5df12a4ddc5558b1d9b5d","26923","2023-09-06T06:01:44.000Z","needs_review","0.35"
"c8ebc34f77ccdd58","2020年昆明市民营及公立医院超声质量控制现状分析","2020年昆明市民营及公立医院超声质量控制现状分析.pdf","02_醫院管理與品質\2020\2020年昆明市民营及公立医院超声质量控制现状分析.pdf","醫院管理與品質","（無）","UNKNOWN","2020","2020","研究論文／文獻","其他／待確認","","pdf","pdf_text_layer","72a9bac11f3769b0c3637187c0223492a59a1a4560b2114dbc0eeb023775bbdc","854441","2022-07-06T10:39:36.000Z","needs_review","0.35"
"5ca2a589fecac454","2020年昆明市民营及公立医院超声质量控制现状分析（2）","2020年昆明市民营及公立医院超声质量控制现状分析（2）.pdf","02_醫院管理與品質\2020\2020年昆明市民营及公立医院超声质量控制现状分析（2）.pdf","醫院管理與品質","（無）","UNKNOWN","2020","2020","研究論文／文獻","其他／待確認","","pdf","pdf_text_layer","72a9bac11f3769b0c3637187c0223492a59a1a4560b2114dbc0eeb023775bbdc","854441","2022-07-06T10:39:36.000Z","needs_review","0.35"
"3596169d76f9f17c","护理专业医疗质量控制指标（2020 年版）","护理专业医疗质量控制指标（2020 年版）.pdf","02_醫院管理與品質\2020\护理专业医疗质量控制指标（2020 年版）.pdf","醫院管理與品質","（無）","UNKNOWN","2020","2020；2016","國家或地方標準","護理管理","","pdf","pdf_text_layer","eb7338588571177c1ff3969238de5b6135a200c7a46010b345ddb8a852874ee1","415135","2020-12-21T06:06:52.000Z","needs_review","0.35"
"a1fa48e888685b0d","DB11!T-485-2020集中空调通风系统卫生管理规范","DB11!T-485-2020集中空调通风系统卫生管理规范.pdf","02_醫院管理與品質\2020\DB11!T-485-2020集中空调通风系统卫生管理规范.pdf","醫院管理與品質","（無）","UNKNOWN","2020","2020","國家或地方標準","其他／待確認","","pdf","pdf_text_layer","95221fa8b40b4b7d4a525ff60dbeaa9b8e776f71bbc5260e4cad642b37cd34f3","270442","2022-08-17T13:58:12.000Z","needs_review","0.35"
"529f48a4386858dc","DB13T 5274-2020医疗机构安全生产风险管控与隐患排查","DB13T 5274-2020医疗机构安全生产风险管控与隐患排查.docx","02_醫院管理與品質\2020\DB13T 5274-2020医疗机构安全生产风险管控与隐患排查.docx","醫院管理與品質","（無）","UNKNOWN","2020","2020；2019；2017；2016；2013；2011；2009；2008；1948","查檢表／稽核表","醫療治理與依法執業","醫療人員與執業管理；藥事與藥品管理；感染預防與控制；資訊安全與個人資料；醫技、檢驗與病理；臨床診療與醫療技術；手術、麻醉與疼痛管理；急診與緊急醫療；職業安全與員工健康；醫療器材與設備；後勤、建築與設施安全；消防、治安與應急管理；環境、能源與醫療廢棄物；財務、採購與內部稽核；圖書、教育與文件管理","docx","office_xml","1b61babf1d093eef9a84db4f296ec9b58929eae553b4cfc7487c1788a839e509","415791","2023-03-22T10:47:32.000Z","needs_review","0.35"
"74986fd303d15ebe","DB3205T 1008-2020 公共卫生间建设与管理规范","DB3205T 1008-2020 公共卫生间建设与管理规范.pdf","02_醫院管理與品質\2020\DB3205T 1008-2020 公共卫生间建设与管理规范.pdf","醫院管理與品質","（無）","UNKNOWN","2020","2020","國家或地方標準","後勤、建築與設施安全","","pdf","pdf_text_layer","f7501f943a9b9e2ffe66c0f45c8c5ab0bc44677248a6957439d10eb85da6cb89","1221132","2025-07-16T10:30:26.000Z","needs_review","0.35"
"25e6213c5ac01d8c","DB4403T 90-2020 医疗不良事件管理规范","DB4403T 90-2020 医疗不良事件管理规范.pdf","02_醫院管理與品質\2020\DB4403T 90-2020 医疗不良事件管理规范.pdf","醫院管理與品質","（無）","UNKNOWN","2020","2020","國家或地方標準","其他／待確認","","pdf","pdf_text_layer","df6c581749f1721c85583e9dded49539376c783ca7f21f930ab8f837419f77e0","362668","2025-06-25T14:07:58.000Z","needs_review","0.35"
"ce0fb7ec1b8b4a00","2019-2021年全国15项临床检验质量指标室间质量评价结果分析","2019-2021年全国15项临床检验质量指标室间质量评价结果分析.pdf","02_醫院管理與品質\2021\2019-2021年全国15项临床检验质量指标室间质量评价结果分析.pdf","醫院管理與品質","（無）","UNKNOWN","2021","2021；2019","研究論文／文獻","醫技、檢驗與病理","臨床診療與醫療技術","pdf","pdf_text_layer","7262ccc722d638140c0af077dbee57ae5eca4bd85f6f6b4f09d6dde65cc691c2","1047494","2024-08-21T02:41:22.000Z","needs_review","0.35"
"836be463ce099d26","2021配电室安全管理规范","2021配电室安全管理规范.pdf","02_醫院管理與品質\2021\2021配电室安全管理规范.pdf","醫院管理與品質","（無）","UNKNOWN","2021","2021；2015","國家或地方標準","其他／待確認","","pdf","pdf_text_layer","22bde6a410d4375d12d465412e48b716af724992b1ac3a053f009842002f102b","348927","2022-07-06T14:12:28.000Z","needs_review","0.35"
"4e2ebd21d87ab111","血液净化标准操作规程（2021版）","血液净化标准操作规程（2021版）.pdf","02_醫院管理與品質\2021\血液净化标准操作规程（2021版）.pdf","醫院管理與品質","（無）","UNKNOWN","2021","2021","院內制度／SOP","其他／待確認","","pdf","pdf_text_layer","4e6c9fcc37eec3f54dec18f7a9dfdabd143ff4cc52e13a9123a2dca3ed3bec4b","4951207","2022-11-29T02:34:08.000Z","needs_review","0.35"
"16d82440dd4501c6","建标 106-2021 中医医院建设标准","建标 106-2021 中医医院建设标准.pdf","02_醫院管理與品質\2021\建标 106-2021 中医医院建设标准.pdf","醫院管理與品質","（無）","UNKNOWN","2021","2021","待確認或非規範文件","其他／待確認","","pdf","pdf_needs_ocr","b93e3d7a5a7750200b2f3d21acd204c53b82e86871ddf693d6d2cacd5dcf3d60","5443411","2025-02-28T01:35:06.000Z","needs_review","0.35"
"adefdbfb470ec3f2","DB11T 527-2021 配电室安全管理规范","DB11T 527-2021 配电室安全管理规范.pdf","02_醫院管理與品質\2021\DB11T 527-2021 配电室安全管理规范.pdf","醫院管理與品質","（無）","UNKNOWN","2021","2021；2015","國家或地方標準","其他／待確認","","pdf","pdf_text_layer","1e2c4eb580a208932678526e30c4eb7d0796a57025ddb12ec776f3e374ead90c","346965","2025-05-11T11:39:42.000Z","needs_review","0.35"
"305e37dd1a7bbc2a","DB31_T 1339-2021 医院多学科诊疗管理规范","DB31_T 1339-2021 医院多学科诊疗管理规范.pdf","02_醫院管理與品質\2021\DB31_T 1339-2021 医院多学科诊疗管理规范.pdf","醫院管理與品質","（無）","UNKNOWN","2021","2021","國家或地方標準","臨床診療與醫療技術","","pdf","pdf_needs_ocr","fd371c79b9db7605eb61dbe04400b8301af3158c64693b6e40c124fff08598cb","819865","2023-02-12T08:53:06.000Z","needs_review","0.35"
"2cea5945b95604f9","GB_T 40665.1-2021 中医四诊操作规范 第1部分：望诊","GB_T 40665.1-2021 中医四诊操作规范 第1部分：望诊.pdf","02_醫院管理與品質\2021\GB_T 40665.1-2021 中医四诊操作规范 第1部分：望诊.pdf","醫院管理與品質","（無）","UNKNOWN","2021","2021","國家或地方標準","其他／待確認","","pdf","pdf_text_layer","e5dab0dddd7b320c07d45d10a8bbdcef79ce801b6d4ef68147d209181f123736","676975","2024-05-15T06:39:36.000Z","needs_review","0.35"
"a4ec5a16e4189d6a","GB_T 40665.2-2021 中医四诊操作规范 第2部分：闻诊","GB_T 40665.2-2021 中医四诊操作规范 第2部分：闻诊.pdf","02_醫院管理與品質\2021\GB_T 40665.2-2021 中医四诊操作规范 第2部分：闻诊.pdf","醫院管理與品質","（無）","UNKNOWN","2021","2021","國家或地方標準","其他／待確認","","pdf","pdf_text_layer","9d7d74c473174bc34bf84eb5649767bb9fbd4d2fe0bbd7d291a7d2cf318455b9","491875","2024-05-15T06:39:26.000Z","needs_review","0.35"
"8a72a34aebc740ae","GB_T 40665.3-2021 中医四诊操作规范 第3部分：问诊","GB_T 40665.3-2021 中医四诊操作规范 第3部分：问诊.pdf","02_醫院管理與品質\2021\GB_T 40665.3-2021 中医四诊操作规范 第3部分：问诊.pdf","醫院管理與品質","（無）","UNKNOWN","2021","2021","國家或地方標準","其他／待確認","","pdf","pdf_text_layer","63938f0df1800b768d7058c437750c7eaba13a0adb5fef5ac567e9b5cb0b3ca5","863240","2024-05-15T06:39:16.000Z","needs_review","0.35"
"c9ed69c975412ec6","GB_T 40665.4-2021 中医四诊操作规范 第4部分：切诊","GB_T 40665.4-2021 中医四诊操作规范 第4部分：切诊.pdf","02_醫院管理與品質\2021\GB_T 40665.4-2021 中医四诊操作规范 第4部分：切诊.pdf","醫院管理與品質","（無）","UNKNOWN","2021","2021","國家或地方標準","其他／待確認","","pdf","pdf_text_layer","e66f8ba4bd9fb3e3029ab7bcfc2b82b8ffccfef148088696dc96e64ae6d500f8","683660","2024-05-15T06:39:06.000Z","needs_review","0.35"
"9d8f5d8f1c60dce7","TCMCHA 007-2021 医疗机构新生儿奶具清洗消毒管理规范","TCMCHA 007-2021 医疗机构新生儿奶具清洗消毒管理规范.pdf","02_醫院管理與品質\2021\TCMCHA 007-2021 医疗机构新生儿奶具清洗消毒管理规范.pdf","醫院管理與品質","（無）","UNKNOWN","2021","2021","國家或地方標準","醫療治理與依法執業","感染預防與控制","pdf","pdf_text_layer","b70b5c53645cd85664ea9a5b652af436c5f4af4c95b6871f9b921304d9caad00","389811","2025-04-04T09:16:48.000Z","needs_review","0.35"
"b0a7f3cd20b22d39","2022 医院医疗器械管理规范 第 1 部分：总则","2022 医院医疗器械管理规范 第 1 部分：总则.pdf","02_醫院管理與品質\2022\2022 医院医疗器械管理规范 第 1 部分：总则.pdf","醫院管理與品質","（無）","UNKNOWN","2022","2022","國家或地方標準","醫療器材與設備","","pdf","pdf_text_layer","c1a2051e1937ffac0b950d8dff988c0b06a1bd1a95bd9db1509e6f7eb7a596f1","297397","2023-06-25T03:51:00.000Z","needs_review","0.35"
"ae0f126694185a4f","2022 医院医疗器械管理规范 第15突发事件应急预案","2022 医院医疗器械管理规范 第15突发事件应急预案.pdf","02_醫院管理與品質\2022\2022 医院医疗器械管理规范 第15突发事件应急预案.pdf","醫院管理與品質","（無）","UNKNOWN","2022","2022","國家或地方標準","急診與緊急醫療","醫療器材與設備；消防、治安與應急管理","pdf","pdf_text_layer","5c0516d05662f77010d7c6f1309241e20574d134a190452ecd386acade63bef2","310779","2023-06-25T03:52:56.000Z","needs_review","0.35"
"edfb6b17ad9b231f","2022 医院医疗器械管理规范 第8部分安全使用管理","2022 医院医疗器械管理规范 第8部分安全使用管理.pdf","02_醫院管理與品質\2022\2022 医院医疗器械管理规范 第8部分安全使用管理.pdf","醫院管理與品質","（無）","UNKNOWN","2022","2022；2020","國家或地方標準","醫療器材與設備","","pdf","pdf_text_layer","129a59aa9453bca904c5d13be67bb0466a5433ddacfd7a84d134d6be45800dae","270905","2023-06-25T03:53:32.000Z","needs_review","0.35"
"cf18d18b64b89ac5","3.临床营养专业医疗质量控制指标（2022年版）","3.临床营养专业医疗质量控制指标（2022年版）.pdf","02_醫院管理與品質\2022\3.临床营养专业医疗质量控制指标（2022年版）.pdf","醫院管理與品質","（無）","UNKNOWN","2022","2022","國家或地方標準","臨床診療與醫療技術","","pdf","pdf_text_layer","7b291fb302deee26a6b3751177b5c52bf5076c5eb2d4c5321b4567b48c315c4f","299308","2024-10-06T09:05:22.000Z","needs_review","0.35"
"3fa61c4704566320","国家限制类技术目录（2022 年版","国家限制类技术目录（2022 年版.pdf","02_醫院管理與品質\2022\国家限制类技术目录（2022 年版.pdf","醫院管理與品質","（無）","UNKNOWN","2022","2022","國家或地方標準","其他／待確認","","pdf","pdf_text_layer","2dbecbb15c2f2a2ba5e613f647d3abaea94aa5ebdd60a165f958e2e76c388a80","207420","2022-08-27T04:47:50.000Z","needs_review","0.35"
"8696be953277c102","国家限制类技术临床应用管理规范2022","国家限制类技术临床应用管理规范2022.pdf","02_醫院管理與品質\2022\国家限制类技术临床应用管理规范2022.pdf","醫院管理與品質","（無）","UNKNOWN","2022","2022","國家或地方標準","臨床診療與醫療技術","","pdf","pdf_text_layer","fca7b76191c0e5c2dbb866e05e6851342cd7a35b7687ffa9407f6dbfa81de708","763268","2022-08-27T04:48:28.000Z","needs_review","0.35"
"5bac14b19d050d42","河北省限制类医疗技术目录2022","河北省限制类医疗技术目录2022.pdf","02_醫院管理與品質\2022\河北省限制类医疗技术目录2022.pdf","醫院管理與品質","（無）","UNKNOWN","2022","2022","待確認或非規範文件","臨床診療與醫療技術","","pdf","pdf_text_layer","d1c7d8c462c4612098f8125738f38a3151d3153eb11621566f9cc659f2c95f59","111975","2022-08-27T04:49:28.000Z","needs_review","0.35"
"d1aa929026c235af","河北省限制类医疗技术临床应用质量控制指标2022","河北省限制类医疗技术临床应用质量控制指标2022.pdf","02_醫院管理與品質\2022\河北省限制类医疗技术临床应用质量控制指标2022.pdf","醫院管理與品質","（無）","UNKNOWN","2022","2022","待確認或非規範文件","臨床診療與醫療技術","","pdf","pdf_text_layer","9595f97fa1e0866ea3cb7f61d544a1a0b50d2cd1d0ffe157a57b7bccd04dbd16","510254","2022-08-27T04:50:02.000Z","needs_review","0.35"
"f8443b91ccd9753a","DB13_T 5614-2022 变配电室安全管理规范","DB13_T 5614-2022 变配电室安全管理规范.pdf","02_醫院管理與品質\2022\DB13_T 5614-2022 变配电室安全管理规范.pdf","醫院管理與品質","（無）","UNKNOWN","2022","2022；1989","國家或地方標準","其他／待確認","","pdf","pdf_text_layer","7671e2b0555d19d57a363ee4c8b9eb8547753fe3bc9a887ef78a0e8035f0d646","781205","2025-05-11T11:39:00.000Z","needs_review","0.35"
"44d6cf7159d1c0b8","DB1310_T 292-2022 母婴护理员培训质量规范","DB1310_T 292-2022 母婴护理员培训质量规范.pdf","02_醫院管理與品質\2022\DB1310_T 292-2022 母婴护理员培训质量规范.pdf","醫院管理與品質","（無）","UNKNOWN","2022","2022","國家或地方標準","護理管理","生殖、婦幼與月子服務；圖書、教育與文件管理","pdf","pdf_text_layer","a1df57f88f7a4a0472b3c804dbd98dfcb2ac15129cbc52cf017057b7785ae3b8","1240130","2024-08-22T05:36:28.000Z","needs_review","0.35"
"1a400d807e350f04","DB34_T 4329-2022 门诊急救管理规范","DB34_T 4329-2022 门诊急救管理规范.pdf","02_醫院管理與品質\2022\DB34_T 4329-2022 门诊急救管理规范.pdf","醫院管理與品質","（無）","CN","2022","2022","國家或地方標準","其他／待確認","","pdf","pdf_text_layer","fd8b7e1cf8b6bf216c98405882a682dcb61526e3d937464b7d8fa41b25d1e7d5","213295","2023-11-15T12:20:28.000Z","needs_review","0.35"
"9e37713c85ba3f79","DB34_T 4329-2022 门诊急救管理规范（2）","DB34_T 4329-2022 门诊急救管理规范（2）.pdf","02_醫院管理與品質\2022\DB34_T 4329-2022 门诊急救管理规范（2）.pdf","醫院管理與品質","（無）","CN","2022","2022","國家或地方標準","其他／待確認","","pdf","pdf_text_layer","fd8b7e1cf8b6bf216c98405882a682dcb61526e3d937464b7d8fa41b25d1e7d5","213295","2023-11-15T12:20:28.000Z","needs_review","0.35"
"ffb46dadc7415640","DB36_T 1687-2022 医疗卫生机构二级生物安全实验室管理规范","DB36_T 1687-2022 医疗卫生机构二级生物安全实验室管理规范.pdf","02_醫院管理與品質\2022\DB36_T 1687-2022 医疗卫生机构二级生物安全实验室管理规范.pdf","醫院管理與品質","（無）","UNKNOWN","2022","2022","國家或地方標準","醫技、檢驗與病理","","pdf","pdf_text_layer","7789b2a267fa51f9922dbfa8fa8c86c3f704b484c2e0c3a64bdccc888f47a071","1091892","2026-03-30T03:57:12.000Z","needs_review","0.35"
"4b563f12ee69008b","DB4413_T 29-2022 城市园林绿化养护管理规范","DB4413_T 29-2022 城市园林绿化养护管理规范.pdf","02_醫院管理與品質\2022\DB4413_T 29-2022 城市园林绿化养护管理规范.pdf","醫院管理與品質","（無）","UNKNOWN","2022","2022","國家或地方標準","其他／待確認","","pdf","pdf_text_layer","06719832865ce8143125d8c1f849f4e676263694dcf00af81d8f07d296f55973","1424473","2023-06-09T05:42:34.000Z","needs_review","0.35"
"37fe5a629586850e","DB52_T 1694-2022 医疗机构营养健康食堂建设管理规范","DB52_T 1694-2022 医疗机构营养健康食堂建设管理规范.pdf","02_醫院管理與品質\2022\DB52_T 1694-2022 医疗机构营养健康食堂建设管理规范.pdf","醫院管理與品質","（無）","UNKNOWN","2022","2022；2020；2016","國家或地方標準","醫療治理與依法執業","","pdf","pdf_text_layer","ef71e7a6cb82047aa9bc425aac6e3d68d91ccffab30b38fbcbe52140e6599044","1653972","2024-10-06T07:41:04.000Z","needs_review","0.35"
"a71229aa647d9e17","T_BJWSA 0001-2022 医院应急管理体系建设规范","T_BJWSA 0001-2022 医院应急管理体系建设规范.pdf","02_醫院管理與品質\2022\T_BJWSA 0001-2022 医院应急管理体系建设规范.pdf","醫院管理與品質","（無）","UNKNOWN","2022","2022","待確認或非規範文件","急診與緊急醫療","消防、治安與應急管理","pdf","pdf_text_layer","e2f3ac90721c396f08af9c324861be12653ace5c0beb0bf91a6c38f74112f4e1","318468","2023-02-12T08:44:26.000Z","needs_review","0.35"
"490389a2e836adb7","T_CACM 1385-2022 慢性前列腺炎湿热瘀滞证诊断标准","T_CACM 1385-2022 慢性前列腺炎湿热瘀滞证诊断标准.pdf","02_醫院管理與品質\2022\T_CACM 1385-2022 慢性前列腺炎湿热瘀滞证诊断标准.pdf","醫院管理與品質","（無）","CN","2022","2022；2019；2018；2016；2015；2014；2013","國家或地方標準","其他／待確認","","pdf","pdf_text_layer","707898a9f0a9bbdaf108ed4402005185e1d3019458421697705d867ecfe6241d","594758","2025-08-03T17:04:08.000Z","needs_review","0.35"
"afd613852416c878","T_CHAS 10-2-23-2022质量安全管理患者服务 高压氧治疗","T_CHAS 10-2-23-2022质量安全管理患者服务 高压氧治疗.pdf","02_醫院管理與品質\2022\T_CHAS 10-2-23-2022质量安全管理患者服务 高压氧治疗.pdf","醫院管理與品質","（無）","UNKNOWN","2022","2022","待確認或非規範文件","臨床診療與醫療技術","","pdf","pdf_text_layer","5f34969c15b3b11538a97053cb192b9997ec303a999e43ecaff2e4f1a6188949","397048","2024-11-22T01:14:22.000Z","needs_review","0.35"
"f1649d1ce78e0d61","T_GDJX 1-2022 月子中心安全与服务管理规范","T_GDJX 1-2022 月子中心安全与服务管理规范.pdf","02_醫院管理與品質\2022\T_GDJX 1-2022 月子中心安全与服务管理规范.pdf","醫院管理與品質","（無）","UNKNOWN","2022","2022","國家或地方標準","生殖、婦幼與月子服務","","pdf","pdf_text_layer","7b776fa7f16da3594f1ef7fb803a0a6205dcbe9d1556bc9d897bbc6fa036206a","582334","2024-08-22T05:29:24.000Z","needs_review","0.35"
"a0ca5fcc797b6a02","T_GDMDMA 0012.1-2022 医院医疗器械管理规范 第1部分","T_GDMDMA 0012.1-2022 医院医疗器械管理规范 第1部分.pdf","02_醫院管理與品質\2022\T_GDMDMA 0012.1-2022 医院医疗器械管理规范 第1部分.pdf","醫院管理與品質","（無）","UNKNOWN","2022","2022","國家或地方標準","醫療器材與設備","","pdf","pdf_text_layer","c1a2051e1937ffac0b950d8dff988c0b06a1bd1a95bd9db1509e6f7eb7a596f1","297397","2023-06-25T03:50:10.000Z","needs_review","0.35"
"856577b11db9f323","T_GDMDMA 0012.10-2022 医院医疗器械管理规范 第10","T_GDMDMA 0012.10-2022 医院医疗器械管理规范 第10.pdf","02_醫院管理與品質\2022\T_GDMDMA 0012.10-2022 医院医疗器械管理规范 第10.pdf","醫院管理與品質","（無）","UNKNOWN","2022","2022","國家或地方標準","醫療器材與設備","","pdf","pdf_text_layer","dcdac7836ea6e0a78ea7c19284fc53deb6d8bb814a5f54bc686a25e20f3480ce","427369","2026-02-02T08:27:00.000Z","needs_review","0.35"
"8de57a3dbef648f6","T_GDMDMA 0012.15-2022 医院医疗器械管理规范 第15","T_GDMDMA 0012.15-2022 医院医疗器械管理规范 第15.pdf","02_醫院管理與品質\2022\T_GDMDMA 0012.15-2022 医院医疗器械管理规范 第15.pdf","醫院管理與品質","（無）","UNKNOWN","2022","2022","國家或地方標準","醫療器材與設備","","pdf","pdf_text_layer","5c0516d05662f77010d7c6f1309241e20574d134a190452ecd386acade63bef2","310779","2023-06-25T03:52:42.000Z","needs_review","0.35"
"d8f616fc61b90188","T_GDMDMA 0012.16-2022 医院医疗器械管理规范 第16","T_GDMDMA 0012.16-2022 医院医疗器械管理规范 第16.pdf","02_醫院管理與品質\2022\T_GDMDMA 0012.16-2022 医院医疗器械管理规范 第16.pdf","醫院管理與品質","（無）","UNKNOWN","2022","2022","國家或地方標準","醫療器材與設備","","pdf","pdf_text_layer","f4a90b8b3456ff4b29c0067dc80f2d182e2d9c2f20e1eb7a132151bee30bf525","288836","2024-07-02T04:33:16.000Z","needs_review","0.35"
"e18b0a28a9f55d1d","T_GDMDMA 0012.16-2022 医院医疗器械管理规范 第16（2）","T_GDMDMA 0012.16-2022 医院医疗器械管理规范 第16（2）.pdf","02_醫院管理與品質\2022\T_GDMDMA 0012.16-2022 医院医疗器械管理规范 第16（2）.pdf","醫院管理與品質","（無）","UNKNOWN","2022","2022","國家或地方標準","醫療器材與設備","","pdf","pdf_text_layer","f4a90b8b3456ff4b29c0067dc80f2d182e2d9c2f20e1eb7a132151bee30bf525","288836","2024-07-02T04:33:16.000Z","needs_review","0.35"
"6f3fc27ec9bcccbb","T_GDMDMA 0012.8-2022 医院医疗器械管理规范 第8部分","T_GDMDMA 0012.8-2022 医院医疗器械管理规范 第8部分.pdf","02_醫院管理與品質\2022\T_GDMDMA 0012.8-2022 医院医疗器械管理规范 第8部分.pdf","醫院管理與品質","（無）","UNKNOWN","2022","2022；2020","國家或地方標準","醫療器材與設備","","pdf","pdf_text_layer","129a59aa9453bca904c5d13be67bb0466a5433ddacfd7a84d134d6be45800dae","270905","2023-06-25T03:53:18.000Z","needs_review","0.35"
"2f2b5ebe50718b1c","T_GDMDMA 0012.8-2022 医院医疗器械管理规范 第8部分（2）","T_GDMDMA 0012.8-2022 医院医疗器械管理规范 第8部分（2）.pdf","02_醫院管理與品質\2022\T_GDMDMA 0012.8-2022 医院医疗器械管理规范 第8部分（2）.pdf","醫院管理與品質","（無）","UNKNOWN","2022","2022；2020","國家或地方標準","醫療器材與設備","","pdf","pdf_text_layer","129a59aa9453bca904c5d13be67bb0466a5433ddacfd7a84d134d6be45800dae","270905","2023-06-25T03:53:18.000Z","needs_review","0.35"
"2f07a3cee20e976c","T_GDMDMA 0012.9-2022 医院医疗器械管理规范 第 9","T_GDMDMA 0012.9-2022 医院医疗器械管理规范 第 9.pdf","02_醫院管理與品質\2022\T_GDMDMA 0012.9-2022 医院医疗器械管理规范 第 9.pdf","醫院管理與品質","（無）","UNKNOWN","2022","2022","國家或地方標準","醫療器材與設備","","pdf","pdf_text_layer","7cdda8fa3d27448c96fc565885103b2d7d76bfae8aee7c49253d1311afee741d","283992","2023-06-25T01:58:18.000Z","needs_review","0.35"
"f59108be1fb80904","T_NAHIEM 56-2022 医疗机构放疗中心建设标准","T_NAHIEM 56-2022 医疗机构放疗中心建设标准.pdf","02_醫院管理與品質\2022\T_NAHIEM 56-2022 医疗机构放疗中心建设标准.pdf","醫院管理與品質","（無）","UNKNOWN","2022","2022","待確認或非規範文件","醫療治理與依法執業","","pdf","pdf_needs_ocr","03b7a3de29d7179c15e51460ca1ef5ba5db2410e8000ead1c96894b2ef78948c","13015473","2023-08-11T09:12:20.000Z","needs_review","0.35"
"429d9670988a638f","T_NAHIEM 56-2022 医疗机构放疗中心建设标准（2）","T_NAHIEM 56-2022 医疗机构放疗中心建设标准（2）.pdf","02_醫院管理與品質\2022\T_NAHIEM 56-2022 医疗机构放疗中心建设标准（2）.pdf","醫院管理與品質","（無）","UNKNOWN","2022","2022","待確認或非規範文件","醫療治理與依法執業","","pdf","pdf_needs_ocr","03b7a3de29d7179c15e51460ca1ef5ba5db2410e8000ead1c96894b2ef78948c","13015473","2024-05-15T06:36:26.000Z","needs_review","0.35"
"6140cf7f88fdd5f6","T_SCNA 0001-2022 日间手术中心护理质量安全管理","T_SCNA 0001-2022 日间手术中心护理质量安全管理.pdf","02_醫院管理與品質\2022\T_SCNA 0001-2022 日间手术中心护理质量安全管理.pdf","醫院管理與品質","（無）","UNKNOWN","2022","2022","待確認或非規範文件","護理管理","手術、麻醉與疼痛管理","pdf","pdf_text_layer","7da2957d4b0610f94af6f93e0dc01dda6dfb99881435c0d628d4eb86f4ea4f94","493227","2023-06-09T05:39:38.000Z","needs_review","0.35"
"0903f84013efbbfc","T_SHWSHQ 10-2022 医疗卫生机构医用气体系统安全管理规范","T_SHWSHQ 10-2022 医疗卫生机构医用气体系统安全管理规范.pdf","02_醫院管理與品質\2022\T_SHWSHQ 10-2022 医疗卫生机构医用气体系统安全管理规范.pdf","醫院管理與品質","（無）","UNKNOWN","2022","2022","國家或地方標準","其他／待確認","","pdf","pdf_text_layer","a7d9e03e837220eeaadf234df7e5b0a3f44666ac8f9695232dc4a60a8799cd3d","500117","2024-11-22T01:11:52.000Z","needs_review","0.35"
"74f4f0525645cbe8","T_SHWSHQ 10-2022 医疗卫生机构医用气体系统安全管理规范（2）","T_SHWSHQ 10-2022 医疗卫生机构医用气体系统安全管理规范（2）.pdf","02_醫院管理與品質\2022\T_SHWSHQ 10-2022 医疗卫生机构医用气体系统安全管理规范（2）.pdf","醫院管理與品質","（無）","UNKNOWN","2022","2022","國家或地方標準","其他／待確認","","pdf","pdf_text_layer","a7d9e03e837220eeaadf234df7e5b0a3f44666ac8f9695232dc4a60a8799cd3d","500117","2024-07-02T04:33:44.000Z","needs_review","0.35"
"2d474df5a66052d5","TACSC 01-2022 辅助医学生殖中心建设标准","TACSC 01-2022 辅助医学生殖中心建设标准.pdf","02_醫院管理與品質\2022\TACSC 01-2022 辅助医学生殖中心建设标准.pdf","醫院管理與品質","（無）","UNKNOWN","2022","2022","國家或地方標準","生殖、婦幼與月子服務","","pdf","pdf_text_layer","aeaa4961e4f94fb001d5f45a956e8efb14f6002c4d0218b1262b9a862bbeba03","1976458","2023-09-25T12:48:56.000Z","needs_review","0.35"
"74699cad6be6110e","TBJWSA 0001—2022医院应急管理体系建设规范","TBJWSA 0001—2022医院应急管理体系建设规范.pdf","02_醫院管理與品質\2022\TBJWSA 0001—2022医院应急管理体系建设规范.pdf","醫院管理與品質","（無）","UNKNOWN","2022","2022","待確認或非規範文件","急診與緊急醫療","消防、治安與應急管理","pdf","pdf_text_layer","a8f828b3a36531e52d80e7dbe9a0c469948cd8b592cd9c24e93cbc446762e65c","301720","2023-03-31T13:15:10.000Z","needs_review","0.35"
"685eb5a076ec96fd","YY_T 0793.4-2022 血液透析和相关治疗用液体的制备和质量管","YY_T 0793.4-2022 血液透析和相关治疗用液体的制备和质量管 (1).pdf","02_醫院管理與品質\2022\YY_T 0793.4-2022 血液透析和相关治疗用液体的制备和质量管 (1).pdf","醫院管理與品質","（無）","UNKNOWN","2022","2022","待確認或非規範文件","臨床診療與醫療技術","","pdf","pdf_text_layer","81dd927b01238a641635cc5b1f5962f451d4c69c22683e60d12d627482ba0548","1300817","2026-01-08T02:34:06.000Z","needs_review","0.35"
"8b3b2742484a69e8","YY_T 0793.4-2022 血液透析和相关治疗用液体的制备和质量管","YY_T 0793.4-2022 血液透析和相关治疗用液体的制备和质量管.pdf","02_醫院管理與品質\2022\YY_T 0793.4-2022 血液透析和相关治疗用液体的制备和质量管.pdf","醫院管理與品質","（無）","UNKNOWN","2022","2022","待確認或非規範文件","臨床診療與醫療技術","","pdf","pdf_text_layer","81dd927b01238a641635cc5b1f5962f451d4c69c22683e60d12d627482ba0548","1300817","2026-01-08T02:13:46.000Z","needs_review","0.35"
"1aeff24250162e29","2023年度健康管理领域十大进展","2023年度健康管理领域十大进展.pdf","02_醫院管理與品質\2023\2023年度健康管理领域十大进展.pdf","醫院管理與品質","（無）","UNKNOWN","2023","2023","待確認或非規範文件","其他／待確認","","pdf","pdf_needs_ocr","087c7577024b38958c69b70799ce49f8a35db37e5cf10348abcf1eadee0efd7a","3499600","2024-08-24T06:28:06.000Z","needs_review","0.35"
"11ce8cd8a002bdf6","三级妇产专科医院中心建设标准及评分细则（2023版）","三级妇产专科医院中心建设标准及评分细则（2023版）.pdf","02_醫院管理與品質\2023\三级妇产专科医院中心建设标准及评分细则（2023版）.pdf","醫院管理與品質","（無）","UNKNOWN","2023","2023","國家或地方標準","其他／待確認","","pdf","pdf_text_layer","25660c49f59e2be9c1d43ac26b79386ea960b22571879d988df0aec77e8db855","472314","2023-03-25T12:53:28.000Z","needs_review","0.35"
"74dd20b3b1bf9366","国家卫生健康委办公厅关于通报2023年度县医院医疗服务能力评估情况的函","国家卫生健康委办公厅关于通报2023年度县医院医疗服务能力评估情况的函.pdf","02_醫院管理與品質\2023\国家卫生健康委办公厅关于通报2023年度县医院医疗服务能力评估情况的函.pdf","醫院管理與品質","（無）","UNKNOWN","2023","2023","國家或地方標準","醫療治理與依法執業","","pdf","pdf_text_layer","7613e2089b92f46af6bdea4e9a88297f1e14ab63aa254a0868a9fc58a347b53d","839910","2024-07-30T11:03:08.000Z","needs_review","0.35"
"1cba164a7a8c21ae","DB32_T 3545.5-2023 血液净化治疗技术管理 第5部分：血","DB32_T 3545.5-2023 血液净化治疗技术管理 第5部分：血.pdf","02_醫院管理與品質\2023\DB32_T 3545.5-2023 血液净化治疗技术管理 第5部分：血.pdf","醫院管理與品質","（無）","UNKNOWN","2023","2023","國家或地方標準","臨床診療與醫療技術","","pdf","pdf_text_layer","67ea7ae053d7ce8184348d5e77c0c92fd44523e1e780464e608bf8e8aa439824","564722","2023-09-05T12:35:22.000Z","needs_review","0.35"
"e6b5b92c21f06579","DB32_T 4616-2023 卫生健康非现场执法工作规范","DB32_T 4616-2023 卫生健康非现场执法工作规范.pdf","02_醫院管理與品質\2023\DB32_T 4616-2023 卫生健康非现场执法工作规范.pdf","醫院管理與品質","（無）","UNKNOWN","2023","2023","國家或地方標準","醫療治理與依法執業","","pdf","pdf_text_layer","cdf8afe23ea955f154cda928ed8254fb0e86d9be34cbbfd80a92674946b1c108","523424","2025-07-11T13:18:14.000Z","needs_review","0.35"
"5971de8fdf468301","DB32_T 4616-2023 卫生健康非现场执法工作规范（2）","DB32_T 4616-2023 卫生健康非现场执法工作规范（2）.pdf","02_醫院管理與品質\2023\DB32_T 4616-2023 卫生健康非现场执法工作规范（2）.pdf","醫院管理與品質","（無）","UNKNOWN","2023","2023","國家或地方標準","醫療治理與依法執業","","pdf","pdf_text_layer","cdf8afe23ea955f154cda928ed8254fb0e86d9be34cbbfd80a92674946b1c108","523424","2025-07-11T13:18:14.000Z","needs_review","0.35"
"284fddff5bd8101a","DB3210_T 1148-2023 医院导医服务规范","DB3210_T 1148-2023 医院导医服务规范.pdf","02_醫院管理與品質\2023\DB3210_T 1148-2023 医院导医服务规范.pdf","醫院管理與品質","（無）","UNKNOWN","2023","2023","國家或地方標準","其他／待確認","","pdf","pdf_text_layer","a6df9949e7791618f33cb79b62df52888e3dddb5577f086fb53ffed8e6374343","478129","2023-11-15T01:51:58.000Z","needs_review","0.35"
"e7d409897dacab19","DB41_T 2563-2023 新生儿脐静脉导管维护技术操作规范","DB41_T 2563-2023 新生儿脐静脉导管维护技术操作规范.pdf","02_醫院管理與品質\2023\DB41_T 2563-2023 新生儿脐静脉导管维护技术操作规范.pdf","醫院管理與品質","（無）","CN","2023","2023；2019；2012","國家或地方標準","其他／待確認","","pdf","pdf_text_layer","8f77f44be421273cadebb0cedfda96aefdbf302cab46adb6439d2aa1264cfc9a","459308","2025-04-04T09:17:12.000Z","needs_review","0.35"
"1e5fd3e03221d0d3","DB5117_T 71-2023 中医体质辨识管理与服务规范","DB5117_T 71-2023 中医体质辨识管理与服务规范.pdf","02_醫院管理與品質\2023\DB5117_T 71-2023 中医体质辨识管理与服务规范.pdf","醫院管理與品質","（無）","UNKNOWN","2023","2023","國家或地方標準","其他／待確認","","pdf","pdf_text_layer","580b941dfc2a5c8ccdd486c192b82a65fa39a94fe63d8f49c89c2a4d6d82289f","762849","2024-05-15T06:36:54.000Z","needs_review","0.35"
"18ee2ee13bd025a3","T_CALC 003-2023 手术室患者人文关怀管理规范","T_CALC 003-2023 手术室患者人文关怀管理规范 (1).pdf","02_醫院管理與品質\2023\T_CALC 003-2023 手术室患者人文关怀管理规范 (1).pdf","醫院管理與品質","（無）","UNKNOWN","2023","2023；2030；2025；2022；2021；2019；2017；2016；2015；2012；2008；2006","國家或地方標準","手術、麻醉與疼痛管理","","pdf","pdf_text_layer","9b7b325737eb941254ab2a3953d1017d6da0225cc6666b4ad949a0bcf7b002e8","812996","2025-07-03T05:18:16.000Z","needs_review","0.35"
"bca0b1b546787f01","T_CALC 003-2023 手术室患者人文关怀管理规范","T_CALC 003-2023 手术室患者人文关怀管理规范.pdf","02_醫院管理與品質\2023\T_CALC 003-2023 手术室患者人文关怀管理规范.pdf","醫院管理與品質","（無）","UNKNOWN","2023","2023；2030；2025；2022；2021；2019；2017；2016；2015；2012；2008；2006","國家或地方標準","手術、麻醉與疼痛管理","","pdf","pdf_text_layer","9b7b325737eb941254ab2a3953d1017d6da0225cc6666b4ad949a0bcf7b002e8","812996","2025-07-03T05:18:12.000Z","needs_review","0.35"
"255c463970b508b8","T_CHAS 10-2-15-2023 中国医院质量安全管理 第2-15","T_CHAS 10-2-15-2023 中国医院质量安全管理 第2-15.pdf","02_醫院管理與品質\2023\T_CHAS 10-2-15-2023 中国医院质量安全管理 第2-15.pdf","醫院管理與品質","（無）","CN","2023","2023","國家或地方標準","其他／待確認","","pdf","pdf_text_layer","6dbdbb61863f88ed7d231359d98411c339956287c35d447b59b7bcd30dc6c15e","961392","2025-08-14T05:21:40.000Z","needs_review","0.35"
"8711421a1db88cce","T_CHES 105-2023 医院节水管理规范","T_CHES 105-2023 医院节水管理规范.pdf","02_醫院管理與品質\2023\T_CHES 105-2023 医院节水管理规范.pdf","醫院管理與品質","（無）","UNKNOWN","2023","2023","待確認或非規範文件","其他／待確認","","pdf","pdf_text_layer","853326af2bfd2cb50978b5e3af1f27c01b2075b0618c2ce6ea46b98f7ca460fe","289040","2024-02-19T08:21:28.000Z","needs_review","0.35"
"85a126bcf60cf171","T_CI 171-2023 胆总管结石中西医结合介入诊疗 规范","T_CI 171-2023 胆总管结石中西医结合介入诊疗 规范.pdf","02_醫院管理與品質\2023\T_CI 171-2023 胆总管结石中西医结合介入诊疗 规范.pdf","醫院管理與品質","（無）","UNKNOWN","2023","2023","國家或地方標準","臨床診療與醫療技術","","pdf","pdf_text_layer","57d20bea82072a083c7e25ad86625f7f07f068d13c0e57b455a792410460f76b","425755","2025-08-03T17:02:14.000Z","needs_review","0.35"
"672cfd55c4044fb7","T_CNAS 30-2023 住院精神疾病患者攻击行为预防","T_CNAS 30-2023 住院精神疾病患者攻击行为预防.pdf","02_醫院管理與品質\2023\T_CNAS 30-2023 住院精神疾病患者攻击行为预防.pdf","醫院管理與品質","（無）","UNKNOWN","2023","2023","待確認或非規範文件","臨床診療與醫療技術","","pdf","pdf_text_layer","ef526c2efe7267c09ff83ad0d981072ddf29ae900a15938d1f3b3cbbbdeb8025","279532","2024-11-07T06:36:30.000Z","needs_review","0.35"
"34537800f6b748da","T_NAHIEM 70-2023 体重管理诚信服务规范","T_NAHIEM 70-2023 体重管理诚信服务规范.pdf","02_醫院管理與品質\2023\T_NAHIEM 70-2023 体重管理诚信服务规范.pdf","醫院管理與品質","（無）","UNKNOWN","2023","2023","待確認或非規範文件","其他／待確認","","pdf","pdf_text_layer","3476984e54f9f6f9dd873dce15ee3b5085098fdaf99f15c70338a3190ab8bad4","283342","2025-04-14T01:16:34.000Z","needs_review","0.35"
"a6a268669a7a11e0","T_QGCML 2688-2023 体重体态体质管理标准","T_QGCML 2688-2023 体重体态体质管理标准.pdf","02_醫院管理與品質\2023\T_QGCML 2688-2023 体重体态体质管理标准.pdf","醫院管理與品質","（無）","UNKNOWN","2023","2023；2020","待確認或非規範文件","其他／待確認","","pdf","pdf_text_layer","757b3405aae5fc520d60de043b99389b8d8bb3277af79fab78ccc2a12b15c964","791874","2025-04-14T01:14:56.000Z","needs_review","0.35"
"30c23cfc147ddda0","YY 0793.2-2023 血液透析和相关治疗用液体的制备和质量管理","YY 0793.2-2023 血液透析和相关治疗用液体的制备和质量管理.pdf","02_醫院管理與品質\2023\YY 0793.2-2023 血液透析和相关治疗用液体的制备和质量管理.pdf","醫院管理與品質","（無）","UNKNOWN","2023","2023","國家或地方標準","醫院評鑑與醫療品質","臨床診療與醫療技術","pdf","pdf_text_layer","ce5d0fc2b851249a3d7c1f8958bff537d50bf93e6967cfda72c5ae5ee707b495","1288126","2026-01-08T02:34:34.000Z","needs_review","0.35"
"acf4587f5b0b192c","YY_T 1914-2023 人类辅助生殖技术用医疗器械 器具类产品通用","YY_T 1914-2023 人类辅助生殖技术用医疗器械 器具类产品通用.pdf","02_醫院管理與品質\2023\YY_T 1914-2023 人类辅助生殖技术用医疗器械 器具类产品通用.pdf","醫院管理與品質","（無）","UNKNOWN","2023","2023；1914","國家或地方標準","生殖、婦幼與月子服務","醫療器材與設備","pdf","pdf_text_layer","18b41cf80f463205a371f92ece678e212368ef59ccaa32327725afe5de476ea1","296226","2023-09-25T12:56:50.000Z","needs_review","0.35"
"85a203113d3658f8","《关于印发非新生儿破伤风诊疗规范（2024年版）的通知》解读","《关于印发非新生儿破伤风诊疗规范（2024年版）的通知》解读.pdf","02_醫院管理與品質\2024\《关于印发非新生儿破伤风诊疗规范（2024年版）的通知》解读.pdf","醫院管理與品質","（無）","UNKNOWN","2024","2024","公告／通知／函釋","臨床診療與醫療技術","","pdf","pdf_needs_ocr","9f132a343cbc76feb99ae3c6055eb3507e89a5211383e59483252415419b54b4","334929","2025-03-03T01:48:16.000Z","needs_review","0.35"
"24c56fd255d2ae6a","2024 年国家医疗质量安全改进目标","2024 年国家医疗质量安全改进目标.pdf","02_醫院管理與品質\2024\2024 年国家医疗质量安全改进目标.pdf","醫院管理與品質","（無）","UNKNOWN","2024","2024","國家或地方標準","其他／待確認","","pdf","pdf_text_layer","fadb25036bd3c87ccc89196a9f3bcad66d711cd4472be108f2120bccc5dcd469","201562","2024-09-01T11:48:44.000Z","needs_review","0.35"
"a4b6f6f297e99d2c","2024 年国家医疗质量安全改进目标（2）","2024 年国家医疗质量安全改进目标（2）.pdf","02_醫院管理與品質\2024\2024 年国家医疗质量安全改进目标（2）.pdf","醫院管理與品質","（無）","UNKNOWN","2024","2024","國家或地方標準","其他／待確認","","pdf","pdf_text_layer","fadb25036bd3c87ccc89196a9f3bcad66d711cd4472be108f2120bccc5dcd469","201562","2024-09-01T11:48:44.000Z","needs_review","0.35"
"9366d10f7f97509b","门诊管理医疗质量控制指标（2024年版）","门诊管理医疗质量控制指标（2024年版）.pdf","02_醫院管理與品質\2024\门诊管理医疗质量控制指标（2024年版）.pdf","醫院管理與品質","（無）","UNKNOWN","2024","2024","國家或地方標準","其他／待確認","","pdf","pdf_text_layer","35308d280a21387e5a6f3c97bf18267218dbb2344e30e9af372f5ad63e59a9bc","1218625","2025-06-27T02:43:46.000Z","needs_review","0.35"
"510a4dde7b7d5f9b","角膜屈光性透镜取出术操作规范（2024年版","角膜屈光性透镜取出术操作规范（2024年版.pdf","02_醫院管理與品質\2024\角膜屈光性透镜取出术操作规范（2024年版.pdf","醫院管理與品質","（無）","UNKNOWN","2024","2024","國家或地方標準","其他／待確認","","pdf","pdf_text_layer","1f076d1a88d21668d88fa87595d1b6711dfacb8510a0166e777973254fd30906","291219","2025-03-03T01:43:40.000Z","needs_review","0.35"
"34f16fa3a8f8588b","角膜塑形镜验配技术操作规范（2024年版）","角膜塑形镜验配技术操作规范（2024年版）.pdf","02_醫院管理與品質\2024\角膜塑形镜验配技术操作规范（2024年版）.pdf","醫院管理與品質","（無）","UNKNOWN","2024","2024","待確認或非規範文件","其他／待確認","","pdf","pdf_text_layer","96011e135049ad2b87f4ddccc90eff8d896ad4012f85725ced52fbd1911aee38","280980","2025-03-03T01:44:46.000Z","needs_review","0.35"
"8428c3b0d1cbfd64","国家三级公立医院绩效考核操作手册2024 - 副本","国家三级公立医院绩效考核操作手册2024 - 副本.pdf","02_醫院管理與品質\2024\国家三级公立医院绩效考核操作手册2024 - 副本.pdf","醫院管理與品質","（無）","UNKNOWN","2024","2024","國家或地方標準","其他／待確認","","pdf","pdf_text_layer","f72cf8b0e2f68419196c6a9d3aca7d39c46bf4270372e9ce27e934a338ddd14c","2085435","2025-03-19T00:17:36.000Z","needs_review","0.35"
"f54098d842a04729","国家三级公立医院绩效考核操作手册2024","国家三级公立医院绩效考核操作手册2024.pdf","02_醫院管理與品質\2024\国家三级公立医院绩效考核操作手册2024.pdf","醫院管理與品質","（無）","UNKNOWN","2024","2024","國家或地方標準","其他／待確認","","pdf","pdf_text_layer","f72cf8b0e2f68419196c6a9d3aca7d39c46bf4270372e9ce27e934a338ddd14c","2085435","2025-03-19T00:17:36.000Z","needs_review","0.35"
"d2a473bd3de9a56a","放射影像专业医疗质量控制指标（2024年版）","放射影像专业医疗质量控制指标（2024年版）.pdf","02_醫院管理與品質\2024\放射影像专业医疗质量控制指标（2024年版）.pdf","醫院管理與品質","（無）","UNKNOWN","2024","2024","國家或地方標準","其他／待確認","","pdf","pdf_text_layer","6633220d5c4974a282d8e1fbf6729987f1c8c56fbd2a624575effc1b2708c5bc","1217026","2025-06-27T02:43:46.000Z","needs_review","0.35"
"fe15b98b0ab76a10","非新生儿破伤风诊疗规范（2024年版）","非新生儿破伤风诊疗规范（2024年版）.pdf","02_醫院管理與品質\2024\非新生儿破伤风诊疗规范（2024年版）.pdf","醫院管理與品質","（無）","UNKNOWN","2024","2024","待確認或非規範文件","臨床診療與醫療技術","","pdf","pdf_needs_ocr","60fd318ecf536fdda692afc5ef76d451c5bb3d7423544c98f12dfafce3ac675b","21417265","2025-03-03T01:47:46.000Z","needs_review","0.35"
"da277f13451542d0","急诊医学专业医疗质量控制指标（2024年版）","急诊医学专业医疗质量控制指标（2024年版）.pdf","02_醫院管理與品質\2024\急诊医学专业医疗质量控制指标（2024年版）.pdf","醫院管理與品質","（無）","UNKNOWN","2024","2024","國家或地方標準","急診與緊急醫療","","pdf","pdf_text_layer","9aecca10061e65d2d0757973e440109238f2b3d65b23be400341ee155d2be01b","1249904","2025-06-27T02:43:48.000Z","needs_review","0.35"
"4dff5f121b467e32","重症医学专业医疗质量控制指标（2024年版）","重症医学专业医疗质量控制指标（2024年版）.pdf","02_醫院管理與品質\2024\重症医学专业医疗质量控制指标（2024年版）.pdf","醫院管理與品質","（無）","UNKNOWN","2024","2024","國家或地方標準","其他／待確認","","pdf","pdf_text_layer","7433eb6cd155d65e329fa0d505b7dafe4f83b02b955fd2e6ca029b31cc1ed326","1150636","2025-06-27T03:12:42.000Z","needs_review","0.35"
"04d648984b9d9079","病理专业医疗质量控制指标（2024年版）","病理专业医疗质量控制指标（2024年版）.pdf","02_醫院管理與品質\2024\病理专业医疗质量控制指标（2024年版）.pdf","醫院管理與品質","（無）","UNKNOWN","2024","2024","國家或地方標準","醫技、檢驗與病理","","pdf","pdf_text_layer","9ed00c317f832e6509b82f80ec30b33dd0a2557327a310bd9ddd608e58ac993c","1219792","2025-06-27T02:43:48.000Z","needs_review","0.35"
"9e74f7c30b7beb0c","脑损伤评价医疗质量控制指标（2024年版）","脑损伤评价医疗质量控制指标（2024年版）.pdf","02_醫院管理與品質\2024\脑损伤评价医疗质量控制指标（2024年版）.pdf","醫院管理與品質","（無）","UNKNOWN","2024","2024","國家或地方標準","其他／待確認","","pdf","pdf_text_layer","36bcec7a6a07f9aba93bba3457b9b5ed20e13356bbc0cb59195f4984159580a6","1221794","2025-06-27T02:43:48.000Z","needs_review","0.35"
"1011967af37d1568","DB11_T 1481-2024 生产经营单位生产安全事故应急预案评审规","DB11_T 1481-2024 生产经营单位生产安全事故应急预案评审规.pdf","02_醫院管理與品質\2024\DB11_T 1481-2024 生产经营单位生产安全事故应急预案评审规.pdf","醫院管理與品質","（無）","UNKNOWN","2024","2024；2017","醫院評鑑／認證標準","急診與緊急醫療","消防、治安與應急管理","pdf","pdf_text_layer","eb04a3b8bb840cf66103b4a3a9cf4c3d36cf38b29cd4ae3ce694b7dc328d97e0","610055","2024-10-10T13:14:42.000Z","needs_review","0.35"
"bd9d43d11e6a9269","DB13_T 5947-2024 医疗卫生机构能源消耗限额引导性指标","DB13_T 5947-2024 医疗卫生机构能源消耗限额引导性指标.pdf","02_醫院管理與品質\2024\DB13_T 5947-2024 医疗卫生机构能源消耗限额引导性指标.pdf","醫院管理與品質","（無）","UNKNOWN","2024","2024；2020","國家或地方標準","環境、能源與醫療廢棄物","","pdf","pdf_text_layer","66520d68ccb0156fd5b64cef406ebe797843e042dce5f51425bcdffe15ada231","772093","2024-07-19T08:39:18.000Z","needs_review","0.35"
"8f9259e809ec51d4","DB14_T 2996-2024 医疗机构灸疗场所设置要求","DB14_T 2996-2024 医疗机构灸疗场所设置要求.pdf","02_醫院管理與品質\2024\DB14_T 2996-2024 医疗机构灸疗场所设置要求.pdf","醫院管理與品質","（無）","UNKNOWN","2024","2024","國家或地方標準","醫療治理與依法執業","","pdf","pdf_text_layer","d9e0ed346e295d60cf2f6d4e3f19905010cbe9f42185a64076b83e575addd845","1051895","2024-03-18T05:08:58.000Z","needs_review","0.35"
"b7cea8d91aca404e","DB14_T 3064-2024 医院入出院服务中心管理规范","DB14_T 3064-2024 医院入出院服务中心管理规范.pdf","02_醫院管理與品質\2024\DB14_T 3064-2024 医院入出院服务中心管理规范.pdf","醫院管理與品質","（無）","UNKNOWN","2024","2024","國家或地方標準","其他／待確認","","pdf","pdf_text_layer","da35dcf603e300ff39b5848f2ddb9edecc77a683d0a4b8c8d9e057e637eb5818","472861","2024-09-27T03:24:48.000Z","needs_review","0.35"
"e4e3e83160d45d38","DB14_T 3066-2024 住院患者院内转运工作规范","DB14_T 3066-2024 住院患者院内转运工作规范.pdf","02_醫院管理與品質\2024\DB14_T 3066-2024 住院患者院内转运工作规范.pdf","醫院管理與品質","（無）","UNKNOWN","2024","2024","國家或地方標準","其他／待確認","","pdf","pdf_text_layer","e4e4daaccc945f58618fbe5fec8e6d3157cd3936401d5e7c9bc7c9779640752b","369052","2024-11-07T06:35:56.000Z","needs_review","0.35"
"86cd2468b2220dc7","DB31_T 1473-2024 医疗卫生机构知识产权管理规范","DB31_T 1473-2024 医疗卫生机构知识产权管理规范.pdf","02_醫院管理與品質\2024\DB31_T 1473-2024 医疗卫生机构知识产权管理规范.pdf","醫院管理與品質","（無）","UNKNOWN","2024","2024","國家或地方標準","其他／待確認","","pdf","pdf_text_layer","41cd9676c4f0827f0b5f1a45f91802248c548b11dae4b1c889ab54c74ea01477","1085255","2024-06-09T02:42:14.000Z","needs_review","0.35"
"b75998b9ad143739","DB31_T 1473-2024 医疗卫生机构知识产权管理规范（2）","DB31_T 1473-2024 医疗卫生机构知识产权管理规范（2）.pdf","02_醫院管理與品質\2024\DB31_T 1473-2024 医疗卫生机构知识产权管理规范（2）.pdf","醫院管理與品質","（無）","UNKNOWN","2024","2024","國家或地方標準","其他／待確認","","pdf","pdf_text_layer","41cd9676c4f0827f0b5f1a45f91802248c548b11dae4b1c889ab54c74ea01477","1085255","2024-10-15T06:46:30.000Z","needs_review","0.35"
"adf437818d4cbf01","DB31_T 1487-2024 国际医疗服务规范","DB31_T 1487-2024 国际医疗服务规范.pdf","02_醫院管理與品質\2024\DB31_T 1487-2024 国际医疗服务规范.pdf","醫院管理與品質","（無）","UNKNOWN","2024","2024","國家或地方標準","其他／待確認","","pdf","pdf_text_layer","6ce660b28642008803d5fd8882597d663374756e1344f4e9ed809eb2297e5ade","1037803","2024-07-19T08:41:02.000Z","needs_review","0.35"
"8dfdecafab8c1cd9","DB32_T 4698-2024 中医治未病诊疗路径规范","DB32_T 4698-2024 中医治未病诊疗路径规范.pdf","02_醫院管理與品質\2024\DB32_T 4698-2024 中医治未病诊疗路径规范.pdf","醫院管理與品質","（無）","UNKNOWN","2024","2024","研究論文／文獻","臨床診療與醫療技術","","pdf","pdf_text_layer","af7be107b48c31e3cfd8f5690957bd987774434941d4be369cfdbbd2d7486c1b","746124","2024-05-15T06:30:24.000Z","needs_review","0.35"
"bae40207cbb7e0b9","DB32_T 4736-2024 医疗卫生信用评价规范","DB32_T 4736-2024 医疗卫生信用评价规范.pdf","02_醫院管理與品質\2024\DB32_T 4736-2024 医疗卫生信用评价规范.pdf","醫院管理與品質","（無）","UNKNOWN","2024","2024","國家或地方標準","其他／待確認","","pdf","pdf_text_layer","556e72be5f6d9dd85e5a340f522b446dd9533b7e71e578c4e4d5ccbcdbfbfd29","2008530","2024-06-09T02:42:28.000Z","needs_review","0.35"
"731c31f5e7fb83e7","DB32_T 4806-2024 家庭医生签约服务系统基本功能规范","DB32_T 4806-2024 家庭医生签约服务系统基本功能规范.pdf","02_醫院管理與品質\2024\DB32_T 4806-2024 家庭医生签约服务系统基本功能规范.pdf","醫院管理與品質","（無）","UNKNOWN","2024","2024","國家或地方標準","其他／待確認","","pdf","pdf_text_layer","5b2821bdd296c6950fc12b28b3e2edf6d99682fd5114c0de955997c560760875","1276168","2024-06-21T01:17:04.000Z","needs_review","0.35"
"9f05736fed4ce7f3","DB3208_T 214-2024 中医养生保健推拿服务规范","DB3208_T 214-2024 中医养生保健推拿服务规范.pdf","02_醫院管理與品質\2024\DB3208_T 214-2024 中医养生保健推拿服务规范.pdf","醫院管理與品質","（無）","CN","2024","2024","國家或地方標準","其他／待確認","","pdf","pdf_text_layer","fc8082b5d0880aea4397792d8b09a7a80c8ce771aaa5fd1fb3e5179f5ad5ad61","714865","2024-03-18T05:10:04.000Z","needs_review","0.35"
"28cb8319d0f6bcd7","DB3212_T 1164-2024 公共场所卫生检测指标及现场采样要求","DB3212_T 1164-2024 公共场所卫生检测指标及现场采样要求.pdf","02_醫院管理與品質\2024\DB3212_T 1164-2024 公共场所卫生检测指标及现场采样要求.pdf","醫院管理與品質","（無）","UNKNOWN","2024","2024","國家或地方標準","其他／待確認","","pdf","pdf_text_layer","aefe0f2099c37b000a35215fb71c192eb8972fe055fd5fdbdd01d3597b06c222","303248","2025-04-03T02:40:00.000Z","needs_review","0.35"
"9ffbe79ae3d3e7cc","DB3301_T 0222-2024 国际化医院建设规范","DB3301_T 0222-2024 国际化医院建设规范.pdf","02_醫院管理與品質\2024\DB3301_T 0222-2024 国际化医院建设规范.pdf","醫院管理與品質","（無）","UNKNOWN","2024","2024；2018；2017","國家或地方標準","其他／待確認","","pdf","pdf_text_layer","c2386d5716883a6780ec1a48ba6502179cbbfa12f174ff6f319ec5d4eab06b53","378156","2024-06-09T04:10:54.000Z","needs_review","0.35"
"8f68293b55a6df53","DB34_T 4865-2024 医院门诊投诉处置规范","DB34_T 4865-2024 医院门诊投诉处置规范.pdf","02_醫院管理與品質\2024\DB34_T 4865-2024 医院门诊投诉处置规范.pdf","醫院管理與品質","（無）","UNKNOWN","2024","2024；2025；2023","國家或地方標準","其他／待確認","","pdf","pdf_text_layer","70900a379b729f61318dfd2309c0a4cface6164c5db6a14e402597b05c1e1462","448542","2024-09-27T03:24:02.000Z","needs_review","0.35"
"5005ea7a49eecad3","DB34_T 4865-2024 医院门诊投诉处置规范（2）","DB34_T 4865-2024 医院门诊投诉处置规范（2）.pdf","02_醫院管理與品質\2024\DB34_T 4865-2024 医院门诊投诉处置规范（2）.pdf","醫院管理與品質","（無）","UNKNOWN","2024","2024；2025；2023","國家或地方標準","其他／待確認","","pdf","pdf_text_layer","70900a379b729f61318dfd2309c0a4cface6164c5db6a14e402597b05c1e1462","448542","2024-09-27T03:24:02.000Z","needs_review","0.35"
"c67d241f373c28d9","DB36_T 1981-2024 医疗机构老年人就医门诊服务管理规范","DB36_T 1981-2024 医疗机构老年人就医门诊服务管理规范.pdf","02_醫院管理與品質\2024\DB36_T 1981-2024 医疗机构老年人就医门诊服务管理规范.pdf","醫院管理與品質","（無）","UNKNOWN","2024","2024；1981","國家或地方標準","醫療治理與依法執業","","pdf","pdf_text_layer","8c1c9245aa25943843e60e1f262624e9e82955c96c88567eb52f9f0b5dd5a17c","682505","2024-07-19T08:40:04.000Z","needs_review","0.35"
"2c6ae5ffa468e6d2","DB36_T 1981-2024 医疗机构老年人就医门诊服务管理规范（2）","DB36_T 1981-2024 医疗机构老年人就医门诊服务管理规范（2）.pdf","02_醫院管理與品質\2024\DB36_T 1981-2024 医疗机构老年人就医门诊服务管理规范（2）.pdf","醫院管理與品質","（無）","UNKNOWN","2024","2024；1981","國家或地方標準","醫療治理與依法執業","","pdf","pdf_text_layer","8c1c9245aa25943843e60e1f262624e9e82955c96c88567eb52f9f0b5dd5a17c","682505","2024-07-19T08:40:04.000Z","needs_review","0.35"
"87b0753aa6b75c9b","DB4101_T 115-2024 老年医学多学科诊疗管理规范","DB4101_T 115-2024 老年医学多学科诊疗管理规范.pdf","02_醫院管理與品質\2024\DB4101_T 115-2024 老年医学多学科诊疗管理规范.pdf","醫院管理與品質","（無）","UNKNOWN","2024","2024；2018","國家或地方標準","臨床診療與醫療技術","","pdf","pdf_text_layer","423c2cfc09af40ca150b61f0d4324ac84ce560074735850169d401b821e94cdb","1170164","2024-10-28T00:14:12.000Z","needs_review","0.35"
"03d9e92a92a52960","DB43_T 2913-2024 营养健康食堂建设管理规范","DB43_T 2913-2024 营养健康食堂建设管理规范.pdf","02_醫院管理與品質\2024\DB43_T 2913-2024 营养健康食堂建设管理规范.pdf","醫院管理與品質","（無）","UNKNOWN","2024","2024","國家或地方標準","其他／待確認","","pdf","pdf_needs_ocr","7d59eee35ed043b39682af8790fda4f560b52e864a9f183b450a0cf12e9a9023","2473478","2024-10-06T07:39:00.000Z","needs_review","0.35"
"13181ebb2896fade","DB43_T 2927-2024 中医护理门诊建设与管理规范","DB43_T 2927-2024 中医护理门诊建设与管理规范 (1).pdf","02_醫院管理與品質\2024\DB43_T 2927-2024 中医护理门诊建设与管理规范 (1).pdf","醫院管理與品質","（無）","UNKNOWN","2024","2024","國家或地方標準","護理管理","","pdf","pdf_needs_ocr","0acf5eecaddba22a12ab9bf2f0f4f5f71ad803656ce603374b30f8a1a7eaec20","1729515","2024-06-21T01:21:26.000Z","needs_review","0.35"
"dee03b96c3a37c37","DB43_T 2927-2024 中医护理门诊建设与管理规范","DB43_T 2927-2024 中医护理门诊建设与管理规范.pdf","02_醫院管理與品質\2024\DB43_T 2927-2024 中医护理门诊建设与管理规范.pdf","醫院管理與品質","（無）","UNKNOWN","2024","2024","國家或地方標準","護理管理","","pdf","pdf_needs_ocr","0acf5eecaddba22a12ab9bf2f0f4f5f71ad803656ce603374b30f8a1a7eaec20","1729515","2024-06-21T01:21:16.000Z","needs_review","0.35"
"d12d4101c5412b59","DB4401_T 252-2024 医疗废物暂存间卫生管理规范","DB4401_T 252-2024 医疗废物暂存间卫生管理规范.pdf","02_醫院管理與品質\2024\DB4401_T 252-2024 医疗废物暂存间卫生管理规范.pdf","醫院管理與品質","（無）","UNKNOWN","2024","2024","國家或地方標準","其他／待確認","","pdf","pdf_text_layer","85a9376904d2bee4fd69e8c00ee05ad6977995aaf6979b89e3c1aed46e9482bd","602021","2026-05-12T22:40:42.000Z","needs_review","0.35"
"83aeaed27179e2c2","DB4403_T 541-2024 医疗机构医疗器械不良事件监测和报告技","DB4403_T 541-2024 医疗机构医疗器械不良事件监测和报告技.pdf","02_醫院管理與品質\2024\DB4403_T 541-2024 医疗机构医疗器械不良事件监测和报告技.pdf","醫院管理與品質","（無）","UNKNOWN","2024","2024","國家或地方標準","醫療治理與依法執業","醫療器材與設備","pdf","pdf_text_layer","d67d8c4f8ff7732ea06a0e1f69f9019db56101dda77c7274d118a1227c4c6028","290473","2025-06-25T14:07:12.000Z","needs_review","0.35"
"e83f282ba4f4a45b","DB51_T 3232-2024 用户配电室智能化运维管理规范","DB51_T 3232-2024 用户配电室智能化运维管理规范.pdf","02_醫院管理與品質\2024\DB51_T 3232-2024 用户配电室智能化运维管理规范.pdf","醫院管理與品質","（無）","UNKNOWN","2024","2024；2025","國家或地方標準","其他／待確認","","pdf","pdf_text_layer","856ebb49f337cd1e2414d88cc9d2b269510978c6d5e27489416afb78b4a77c96","1052989","2025-09-14T12:05:14.000Z","needs_review","0.35"
"f9b390f1746a7729","T_BPM 001-2024 围手术期质量管理 第3部分：手术中管理","T_BPM 001-2024 围手术期质量管理 第3部分：手术中管理.pdf","02_醫院管理與品質\2024\T_BPM 001-2024 围手术期质量管理 第3部分：手术中管理.pdf","醫院管理與品質","（無）","UNKNOWN","2024","2024","國家或地方標準","醫院評鑑與醫療品質","手術、麻醉與疼痛管理","pdf","pdf_text_layer","f21232271824c5a4ea70418a0ab1119445c6219004daf3b1c4f6b29130ac2f05","404059","2024-10-06T03:32:58.000Z","needs_review","0.35"
"d5252442b16d66ee","T_BPM 002-2024 围手术期质量管理 第4部分：手术后管理","T_BPM 002-2024 围手术期质量管理 第4部分：手术后管理.pdf","02_醫院管理與品質\2024\T_BPM 002-2024 围手术期质量管理 第4部分：手术后管理.pdf","醫院管理與品質","（無）","UNKNOWN","2024","2024","國家或地方標準","醫院評鑑與醫療品質","手術、麻醉與疼痛管理","pdf","pdf_text_layer","cc91042780ef19869a67d4b72351e74ce0d082c8e67798d1a5998b73979032e9","535092","2024-10-06T03:32:50.000Z","needs_review","0.35"
"755f31673d37e960","T_CADERM 9301-2024 急救中心医疗服务规范","T_CADERM 9301-2024 急救中心医疗服务规范.pdf","02_醫院管理與品質\2024\T_CADERM 9301-2024 急救中心医疗服务规范.pdf","醫院管理與品質","（無）","UNKNOWN","2024","2024","國家或地方標準","其他／待確認","","pdf","pdf_text_layer","ae3746a094f39dac4aba76bfb6d4df58c5425d45fbce0bb3ff21f16113443eba","312278","2024-07-15T09:01:08.000Z","needs_review","0.35"
"4d174771252ff502","T_CAME 64-2024 医用气体系统管道技术与管理规范","T_CAME 64-2024 医用气体系统管道技术与管理规范.pdf","02_醫院管理與品質\2024\T_CAME 64-2024 医用气体系统管道技术与管理规范.pdf","醫院管理與品質","（無）","UNKNOWN","2024","2024","待確認或非規範文件","其他／待確認","","pdf","pdf_text_layer","0707489dc1ae33fa066852d42a3066e7cfbef437ccdb5a6754d44bb9c5fceb96","215404","2024-11-22T01:10:50.000Z","needs_review","0.35"
"4ccd855e797c9b9f","T_CAME 65-2024 手术室植入物管理规范","T_CAME 65-2024 手术室植入物管理规范.pdf","02_醫院管理與品質\2024\T_CAME 65-2024 手术室植入物管理规范.pdf","醫院管理與品質","（無）","UNKNOWN","2024","2024","國家或地方標準","手術、麻醉與疼痛管理","","pdf","pdf_text_layer","faeb64c1f2543e8d04c918b5039c8d258b1319e761bfc04e0a6e2b2b9dc3d96f","211389","2024-10-06T03:30:18.000Z","needs_review","0.35"
"794df3a285b68883","T_CHAS 10-2-36-2024 中国医院质量安全管理 第2-36","T_CHAS 10-2-36-2024 中国医院质量安全管理 第2-36.pdf","02_醫院管理與品質\2024\T_CHAS 10-2-36-2024 中国医院质量安全管理 第2-36.pdf","醫院管理與品質","（無）","CN","2024","2024","待確認或非規範文件","其他／待確認","","pdf","pdf_text_layer","2360e398b025bbfc29499013283f5cdb36fb3cebd883312e88a645b40a7dba93","1327851","2026-02-04T04:48:34.000Z","needs_review","0.35"
"596acda42ef0b466","T_CQAP 4002-2024 医疗安全（不良）事件根本原因分析法活动","T_CQAP 4002-2024 医疗安全（不良）事件根本原因分析法活动.pdf","02_醫院管理與品質\2024\T_CQAP 4002-2024 医疗安全（不良）事件根本原因分析法活动.pdf","醫院管理與品質","（無）","UNKNOWN","2024","2024","研究論文／文獻","其他／待確認","","pdf","pdf_text_layer","6233044c050db866a5abf1e672d8556e1754064c977b2ec847a6929223830efc","717948","2025-06-25T14:06:54.000Z","needs_review","0.35"
"064dce9d276cc725","T_GDACM 0128-2024 中医慢病管理技术规范 腹膜透析","T_GDACM 0128-2024 中医慢病管理技术规范 腹膜透析.pdf","02_醫院管理與品質\2024\T_GDACM 0128-2024 中医慢病管理技术规范 腹膜透析.pdf","醫院管理與品質","（無）","UNKNOWN","2024","2024","技術規範／診療指南","其他／待確認","","pdf","pdf_text_layer","974284ad6324c75e5f43b2765ce8059b25916effbd930c1a1c4960b71b77f814","2193244","2024-05-15T06:31:14.000Z","needs_review","0.35"
"1b3e7127aa215d13","T_HPEPEA 002-2024 高压电力用户变（配）电室安全管理规范","T_HPEPEA 002-2024 高压电力用户变（配）电室安全管理规范.pdf","02_醫院管理與品質\2024\T_HPEPEA 002-2024 高压电力用户变（配）电室安全管理规范.pdf","醫院管理與品質","（無）","UNKNOWN","2024","2024","國家或地方標準","其他／待確認","","pdf","pdf_text_layer","e2cf54f4a2264fe59834099251fcacb2b1f46528eda49e70d848dbd166537209","584744","2025-05-11T11:38:52.000Z","needs_review","0.35"
"6bfcba1544271e6d","T_SATCM 002-2024 公立中医医院高质量发展评价规范","T_SATCM 002-2024 公立中医医院高质量发展评价规范.pdf","02_醫院管理與品質\2024\T_SATCM 002-2024 公立中医医院高质量发展评价规范.pdf","醫院管理與品質","（無）","UNKNOWN","2024","2024","待確認或非規範文件","其他／待確認","","pdf","pdf_text_layer","4cb87a944409cc72fda46c9b4291d1de3aa8910997da7c42e7b7fbdfa0f8cfd7","346943","2025-02-28T01:33:54.000Z","needs_review","0.35"
"4254914df6c0bab9","T_SHWSHQ 12-2024 医疗机构电动自行车停放安全管理规范","T_SHWSHQ 12-2024 医疗机构电动自行车停放安全管理规范.pdf","02_醫院管理與品質\2024\T_SHWSHQ 12-2024 医疗机构电动自行车停放安全管理规范.pdf","醫院管理與品質","（無）","UNKNOWN","2024","2024","國家或地方標準","醫療治理與依法執業","","pdf","pdf_text_layer","8e19fa4505e56bce22108a7cb409a266c5561dcf227d9862e7ffecf748cb7bb4","288924","2025-05-11T11:41:04.000Z","needs_review","0.35"
"72bceb93f5288fc0","T_ZCHSP 007-2024 多学科诊疗门诊操作规范","T_ZCHSP 007-2024 多学科诊疗门诊操作规范.pdf","02_醫院管理與品質\2024\T_ZCHSP 007-2024 多学科诊疗门诊操作规范.pdf","醫院管理與品質","（無）","UNKNOWN","2024","2024","待確認或非規範文件","臨床診療與醫療技術","","pdf","pdf_text_layer","835cfdb513c74f5df1560ec77fc26904b1bf4fc998ec08ca27c4ea8499792582","662834","2024-11-06T08:13:44.000Z","needs_review","0.35"
"de527494d082356c","T_ZCHSP 007-2024 多学科诊疗门诊操作规范（2）","T_ZCHSP 007-2024 多学科诊疗门诊操作规范（2）.pdf","02_醫院管理與品質\2024\T_ZCHSP 007-2024 多学科诊疗门诊操作规范（2）.pdf","醫院管理與品質","（無）","UNKNOWN","2024","2024","待確認或非規範文件","臨床診療與醫療技術","","pdf","pdf_text_layer","835cfdb513c74f5df1560ec77fc26904b1bf4fc998ec08ca27c4ea8499792582","662834","2024-11-06T08:13:44.000Z","needs_review","0.35"
"1bda0d87a59011de","WS_T 307-2024 医疗机构标志标准","WS_T 307-2024 医疗机构标志标准.pdf","02_醫院管理與品質\2024\WS_T 307-2024 医疗机构标志标准.pdf","醫院管理與品質","（無）","UNKNOWN","2024","2024","國家或地方標準","醫療治理與依法執業","","pdf","pdf_text_layer","1a4bd6a6f5b194c99a748839101b709f03bc16ae543a9b0b3019e6ce973a36af","314207","2024-10-15T06:44:34.000Z","needs_review","0.35"
"435fa65f4bc60243","WS_T 403-2024 临床化学检验常用项目分析质量标准","WS_T 403-2024 临床化学检验常用项目分析质量标准.pdf","02_醫院管理與品質\2024\WS_T 403-2024 临床化学检验常用项目分析质量标准.pdf","醫院管理與品質","（無）","UNKNOWN","2024","2024","研究論文／文獻","醫技、檢驗與病理","臨床診療與醫療技術","pdf","pdf_text_layer","22442ed22877b122ced59ae00d868ed1c8109febadb5166f876214115ca2f1e9","264656","2024-10-05T07:40:42.000Z","needs_review","0.35"
"f4a729b2ab5ee916","WS_T 406-2024 临床血液检验常用项目分析质量标准","WS_T 406-2024 临床血液检验常用项目分析质量标准.pdf","02_醫院管理與品質\2024\WS_T 406-2024 临床血液检验常用项目分析质量标准.pdf","醫院管理與品質","（無）","UNKNOWN","2024","2024","研究論文／文獻","醫技、檢驗與病理","臨床診療與醫療技術","pdf","pdf_text_layer","851c1ab21cd9cce86b61d41cd930e94f1946bd90a12f7e71f0bb1cc829b000b5","1291840","2024-10-05T07:40:20.000Z","needs_review","0.35"
"3f60ccbc1cc1f893","2025 年全国医疗机构设置规划主要指标","2025 年全国医疗机构设置规划主要指标.pdf","02_醫院管理與品質\2025\2025 年全国医疗机构设置规划主要指标.pdf","醫院管理與品質","（無）","UNKNOWN","2025","2025","國家或地方標準","醫療治理與依法執業","","pdf","pdf_text_layer","e0212fe922e7093455a7f8cb3eed21a91e112f995d01df21fc83a5b33bd7671d","362314","2023-04-23T08:15:30.000Z","needs_review","0.35"
"13bc4340c77facf9","国家卫生健康委办公厅关于印发手术质量安全提升行动方案（2023-2025年）的通知","国家卫生健康委办公厅关于印发手术质量安全提升行动方案（2023-2025年）的通知.pdf","02_醫院管理與品質\2025\国家卫生健康委办公厅关于印发手术质量安全提升行动方案（2023-2025年）的通知.pdf","醫院管理與品質","（無）","UNKNOWN","2025","2025；2023","公告／通知／函釋","醫療治理與依法執業","手術、麻醉與疼痛管理","pdf","pdf_needs_ocr","b06cc52250cb7b9ca507493fe6ed724f2c2af22ab626aa35272758208ae30df1","2977808","2023-10-10T01:32:16.000Z","needs_review","0.35"
"8cf74eba631097f2","流行性感冒诊疗方案2025年版","流行性感冒诊疗方案2025年版.pdf","02_醫院管理與品質\2025\流行性感冒诊疗方案2025年版.pdf","醫院管理與品質","（無）","UNKNOWN","2025","2025","技術規範／診療指南","臨床診療與醫療技術","","pdf","pdf_text_layer","d19f8cba72af08fd11fe17c0d6c3614c9aaac8d8c77fa803e7e9b999abea1125","362851","2025-04-14T00:36:24.000Z","needs_review","0.35"
"651773ad374ba3da","麻醉重症监护病房质量控制专家共识(2025版)","麻醉重症监护病房质量控制专家共识(2025版).pdf","02_醫院管理與品質\2025\麻醉重症监护病房质量控制专家共识(2025版).pdf","醫院管理與品質","（無）","UNKNOWN","2025","2025","專家共識","手術、麻醉與疼痛管理","","pdf","pdf_needs_ocr","f86f0deb972fedfcdd990a73cb685872f239c0512626fe2a4abcb5a6b7d9627e","2105466","2026-02-05T04:26:36.000Z","needs_review","0.35"
"20130d2d04cc60b2","CNAS-GL012：2025 《实验室和检验机构管理评审指南》","CNAS-GL012：2025 《实验室和检验机构管理评审指南》.pdf","02_醫院管理與品質\2025\CNAS-GL012：2025 《实验室和检验机构管理评审指南》.pdf","醫院管理與品質","（無）","UNKNOWN","2025","2025","醫院評鑑／認證標準","醫技、檢驗與病理","","pdf","pdf_text_layer","52499b12a28b35a81c0c24898a8a57b53e05fcb29187d2efc982261bd54e12d9","640501","2026-03-25T09:34:02.000Z","needs_review","0.35"
"dff370dedbf3381c","DB11_T 2395-2025 能源计量器具配备和管理规范 医院","DB11_T 2395-2025 能源计量器具配备和管理规范 医院.pdf","02_醫院管理與品質\2025\DB11_T 2395-2025 能源计量器具配备和管理规范 医院.pdf","醫院管理與品質","（無）","UNKNOWN","2025","2025；2024","國家或地方標準","環境、能源與醫療廢棄物","","pdf","pdf_text_layer","154b1606be551055fae469edfb1ee1d627acfdd3381e0fcae361e051639d52c2","158490","2025-05-30T02:26:22.000Z","needs_review","0.35"
"900572b8dae0f9d9","DB31_T 1621-2025 健康促进医院建设规范","DB31_T 1621-2025 健康促进医院建设规范.pdf","02_醫院管理與品質\2025\DB31_T 1621-2025 健康促进医院建设规范.pdf","醫院管理與品質","（無）","UNKNOWN","2025","2025","國家或地方標準","其他／待確認","","pdf","pdf_text_layer","d8fcaca459f1c36a3ee08ff05d98dcb15fc56b918f3a9f2c2b7aa0d992b669bf","171551","2025-11-11T06:58:48.000Z","needs_review","0.35"
"ac2627abec8561c4","DB32_T 5063-2025 三级医疗机构门诊服务规范","DB32_T 5063-2025 三级医疗机构门诊服务规范.pdf","02_醫院管理與品質\2025\DB32_T 5063-2025 三级医疗机构门诊服务规范.pdf","醫院管理與品質","（無）","UNKNOWN","2025","2025","國家或地方標準","醫療治理與依法執業","","pdf","pdf_text_layer","a31372bf44b4448c2e635ceb5a9a5ca588db8486b1548f6bd0d5802529dcfc5f","430227","2025-04-02T06:36:06.000Z","needs_review","0.35"
"b779c6d029bbbcb3","DB3311_T 306-2025 养老管家服务与管理规范","DB3311_T 306-2025 养老管家服务与管理规范.pdf","02_醫院管理與品質\2025\DB3311_T 306-2025 养老管家服务与管理规范.pdf","醫院管理與品質","（無）","UNKNOWN","2025","2025","國家或地方標準","其他／待確認","","pdf","pdf_text_layer","1fc9e350c8e6f3ef9005443ee25479d0260385232cf0c8402331787cf5799709","200763","2025-05-30T02:28:16.000Z","needs_review","0.35"
"2632ee36d797dbca","DB34_T 5124-2025 医疗卫生机构医疗废物管理规范","DB34_T 5124-2025 医疗卫生机构医疗废物管理规范.pdf","02_醫院管理與品質\2025\DB34_T 5124-2025 医疗卫生机构医疗废物管理规范.pdf","醫院管理與品質","（無）","UNKNOWN","2025","2025；2011；2003；2000","國家或地方標準","其他／待確認","","pdf","pdf_text_layer","1c2fffd18bdb691f60cb4951819d1839bde39f6b68587b2977401c3d90aeed25","449816","2025-03-31T06:22:42.000Z","needs_review","0.35"
"2b423e7f94d16f3b","DB34_T 5290-2025 麻醉机临床使用管理与质量控制规范","DB34_T 5290-2025 麻醉机临床使用管理与质量控制规范.pdf","02_醫院管理與品質\2025\DB34_T 5290-2025 麻醉机临床使用管理与质量控制规范.pdf","醫院管理與品質","（無）","UNKNOWN","2025","2025；2019","國家或地方標準","臨床診療與醫療技術","手術、麻醉與疼痛管理","pdf","pdf_text_layer","3fcf76ca627750afcd189f17a959917b6fe2b91053067776a5a9f8df96274f52","298636","2025-12-22T07:11:44.000Z","needs_review","0.35"
"e36b0b742f81aee6","DB50_T 1787-2025 医养结合机构安宁疗护服务规范 - 副本","DB50_T 1787-2025 医养结合机构安宁疗护服务规范 - 副本.pdf","02_醫院管理與品質\2025\DB50_T 1787-2025 医养结合机构安宁疗护服务规范 - 副本.pdf","醫院管理與品質","（無）","UNKNOWN","2025","2025","國家或地方標準","其他／待確認","","pdf","pdf_text_layer","a96d4a60fa19ee3af9ef44d29a21f59be67fb1dd44a2ace615090b3830b7776b","395397","2025-05-30T02:42:48.000Z","needs_review","0.35"
"f5134896739f8720","DB50_T 1787-2025 医养结合机构安宁疗护服务规范","DB50_T 1787-2025 医养结合机构安宁疗护服务规范.pdf","02_醫院管理與品質\2025\DB50_T 1787-2025 医养结合机构安宁疗护服务规范.pdf","醫院管理與品質","（無）","UNKNOWN","2025","2025","國家或地方標準","其他／待確認","","pdf","pdf_text_layer","a96d4a60fa19ee3af9ef44d29a21f59be67fb1dd44a2ace615090b3830b7776b","395397","2025-05-30T02:42:48.000Z","needs_review","0.35"
"36e20c22416bc233","DB52_T 1893-2025 日间手术麻醉管理规范","DB52_T 1893-2025 日间手术麻醉管理规范.pdf","02_醫院管理與品質\2025\DB52_T 1893-2025 日间手术麻醉管理规范.pdf","醫院管理與品質","（無）","UNKNOWN","2025","2025；2024；2023；2022；2021；2020；2019；2014","國家或地方標準","手術、麻醉與疼痛管理","","pdf","pdf_text_layer","886ec6cbc567ea44a7948ba6b322933725fa13a24a1733cb9aa4ef33b47ba888","633741","2026-02-04T04:49:04.000Z","needs_review","0.35"
"e39a714c4cfae0fb","DB64_T 2121-2025 医疗卫生机构安全风险防控规范","DB64_T 2121-2025 医疗卫生机构安全风险防控规范.pdf","02_醫院管理與品質\2025\DB64_T 2121-2025 医疗卫生机构安全风险防控规范.pdf","醫院管理與品質","（無）","UNKNOWN","2025","2025","國家或地方標準","其他／待確認","","pdf","pdf_text_layer","3189fb71e0c91932c02883bfad0f39236d76b5084e960056c36588da7d5ea6d2","867226","2025-06-10T03:54:18.000Z","needs_review","0.35"
"8bf18c3d5af03b4e","T_CAV 019-2025 疫苗区域仓储冷库管理规范","T_CAV 019-2025 疫苗区域仓储冷库管理规范.pdf","02_醫院管理與品質\2025\T_CAV 019-2025 疫苗区域仓储冷库管理规范.pdf","醫院管理與品質","（無）","UNKNOWN","2025","2025","國家或地方標準","生殖、婦幼與月子服務","","pdf","pdf_text_layer","1a427a45e9b2c5812f9d2f833de3e1323874c2ef6608878ebbd2d1760f2bb54d","634683","2025-08-16T05:11:08.000Z","needs_review","0.35"
"bd1cb70074a6320b","T_CWEMS 001-2025 精益医疗管理规范","T_CWEMS 001-2025 精益医疗管理规范.pdf","02_醫院管理與品質\2025\T_CWEMS 001-2025 精益医疗管理规范.pdf","醫院管理與品質","（無）","CN","2025","2025；2019；2016","國家或地方標準","其他／待確認","","pdf","pdf_text_layer","3a67d8063af6d01bf26a6b662ce9bd66bea1138bf956f0f3e9606c7caddbb1ce","740738","2025-02-24T03:35:04.000Z","needs_review","0.35"
"2f93e2c02f5539e1","T_CWEMS 002-2025 医疗质量持续改进工作规范","T_CWEMS 002-2025 医疗质量持续改进工作规范.pdf","02_醫院管理與品質\2025\T_CWEMS 002-2025 医疗质量持续改进工作规范.pdf","醫院管理與品質","（無）","UNKNOWN","2025","2025；2016；2013；1999","國家或地方標準","其他／待確認","","pdf","pdf_text_layer","8ffdb3ca8f5ce0f6e0910c144779e67c39b4d40d073c4e5fdcd2b610ede5d14b","696178","2025-02-24T03:31:22.000Z","needs_review","0.35"
"a4e6a99b9d858ce3","T_GDPMAA 0018-2025 医院多学科联合诊疗肥胖症中心建设指","T_GDPMAA 0018-2025 医院多学科联合诊疗肥胖症中心建设指.pdf","02_醫院管理與品質\2025\T_GDPMAA 0018-2025 医院多学科联合诊疗肥胖症中心建设指.pdf","醫院管理與品質","（無）","UNKNOWN","2025","2025","待確認或非規範文件","臨床診療與醫療技術","","pdf","pdf_text_layer","ec74998c430a836ff806b578e8b2842f1046b89a002772609803111f42a4091f","562394","2025-07-16T02:27:28.000Z","needs_review","0.35"
"e906be8e2564ccdf","T_NAHIEM 142-2025 医院可复用手术器械管理规范","T_NAHIEM 142-2025 医院可复用手术器械管理规范.pdf","02_醫院管理與品質\2025\T_NAHIEM 142-2025 医院可复用手术器械管理规范.pdf","醫院管理與品質","（無）","UNKNOWN","2025","2025","國家或地方標準","手術、麻醉與疼痛管理","","pdf","pdf_text_layer","d756bf4a1779ddbe43cdbc77d11a7ec0735722f2069a6464a7da753401f2df55","1437339","2025-02-28T01:22:18.000Z","needs_review","0.35"
"9875d4cab6fb33e1","T_NAHIEM 142-2025 医院可复用手术器械管理规范（2）","T_NAHIEM 142-2025 医院可复用手术器械管理规范（2）.pdf","02_醫院管理與品質\2025\T_NAHIEM 142-2025 医院可复用手术器械管理规范（2）.pdf","醫院管理與品質","（無）","UNKNOWN","2025","2025","國家或地方標準","手術、麻醉與疼痛管理","","pdf","pdf_text_layer","d756bf4a1779ddbe43cdbc77d11a7ec0735722f2069a6464a7da753401f2df55","1437339","2025-07-03T05:15:24.000Z","needs_review","0.35"
"4145d4b225fc48ed","T_NAHIEM 142-2025 医院可复用手术器械管理规范（2）（3）","T_NAHIEM 142-2025 医院可复用手术器械管理规范（2）（3）.pdf","02_醫院管理與品質\2025\T_NAHIEM 142-2025 医院可复用手术器械管理规范（2）（3）.pdf","醫院管理與品質","（無）","UNKNOWN","2025","2025","國家或地方標準","手術、麻醉與疼痛管理","","pdf","pdf_text_layer","d756bf4a1779ddbe43cdbc77d11a7ec0735722f2069a6464a7da753401f2df55","1437339","2025-02-28T01:22:18.000Z","needs_review","0.35"
"03ab4a5b966c9302","T_TFZX 54-2025 医院行风建设规范 五书一函制度建设","T_TFZX 54-2025 医院行风建设规范 五书一函制度建设.pdf","02_醫院管理與品質\2025\T_TFZX 54-2025 医院行风建设规范 五书一函制度建设.pdf","醫院管理與品質","（無）","UNKNOWN","2025","2025","國家或地方標準","其他／待確認","","pdf","pdf_text_layer","39e2f0882cf155f6f12991893bbb68f6cd41726c9f8d8880708c2687d2dd1fad","437345","2025-11-11T07:00:52.000Z","needs_review","0.35"
"3c4f2f70fe4aaccf","T_ZJHIA 18-2025 医院智慧安防基本要求","T_ZJHIA 18-2025 医院智慧安防基本要求.pdf","02_醫院管理與品質\2025\T_ZJHIA 18-2025 医院智慧安防基本要求.pdf","醫院管理與品質","（無）","UNKNOWN","2025","2025","國家或地方標準","其他／待確認","","pdf","pdf_text_layer","4c9694dc2450a7607ccfe8a9f222f5e6810f0da1a7e5711b4a0689eb65dfb357","443449","2025-11-11T07:01:46.000Z","needs_review","0.35"
"bda8826cb0153dc8","WS T 868-2025体重管理标准","WS T 868-2025体重管理标准.pdf","02_醫院管理與品質\2025\WS T 868-2025体重管理标准.pdf","醫院管理與品質","（無）","UNKNOWN","2025","2025","國家或地方標準","其他／待確認","","pdf","pdf_text_layer","632e81d0d776cd73fdaa90607f9aa2949683a3659aa831d6067bcddcd943df8c","259511","2025-07-20T12:37:46.000Z","needs_review","0.35"
"dcd8a3051b29b8b3","WS T 872—2025-基层医疗卫生机构高血压防治管理标准","WS T 872—2025-基层医疗卫生机构高血压防治管理标准.pdf","02_醫院管理與品質\2025\WS T 872—2025-基层医疗卫生机构高血压防治管理标准.pdf","醫院管理與品質","（無）","UNKNOWN","2025","2025","國家或地方標準","其他／待確認","","pdf","pdf_text_layer","4c099a4a656b72d6524c7acd05359da10b4dd861def402b80acd94a307d410d6","364853","2025-10-08T02:25:20.000Z","needs_review","0.35"
"03c4c2b0316b3028","WST 840-2025患者身份识别管理标准","WST 840-2025患者身份识别管理标准.pdf","02_醫院管理與品質\2025\WST 840-2025患者身份识别管理标准.pdf","醫院管理與品質","（無）","UNKNOWN","2025","2025","國家或地方標準","其他／待確認","","pdf","pdf_text_layer","463dcf5ce82664fa86c7298b472d42e8c45832ab9bd12bb1c98a91175dfd5e61","362790","2025-08-26T04:49:44.000Z","needs_review","0.35"
"507e89a15a1cdcb8","GBT+31458-2026医院安全防范要求","GBT+31458-2026医院安全防范要求 (2).pdf","02_醫院管理與品質\2026\GBT+31458-2026医院安全防范要求 (2).pdf","醫院管理與品質","（無）","UNKNOWN","2026","2026","國家或地方標準","消防、治安與應急管理","","pdf","pdf_text_layer","8db3ff8328c073746259bc3529d83dff40e53421d343ff2d4f3e09b8f587f7fb","463111","2026-06-08T02:51:44.000Z","needs_review","0.35"
"ac7d652fa6ec5945","WST 641—2026-20260612145316250","WST 641—2026-20260612145316250.pdf","02_醫院管理與品質\2026\WST 641—2026-20260612145316250.pdf","醫院管理與品質","（無）","UNKNOWN","2026","2026","國家或地方標準","其他／待確認","","pdf","pdf_text_layer","e81f670b6e58fc8ad093e21c19f88e5ab4d7db3b37476d9ffa03ff07ae1ffa86","1627137","2026-06-22T03:46:06.000Z","needs_review","0.35"
"65da2d5759768696","WST 876—2026医养结合健康管理服务标准","WST 876—2026医养结合健康管理服务标准.pdf","02_醫院管理與品質\2026\WST 876—2026医养结合健康管理服务标准.pdf","醫院管理與品質","（無）","UNKNOWN","2026","2026","國家或地方標準","其他／待確認","","pdf","pdf_text_layer","151e1809c12dc262e4e72b761e1f64f795aa2694f7834acf68149b52236815dd","302977","2026-05-25T04:21:00.000Z","needs_review","0.35"
"884585bcaaab6e8d","WST 876—2026医养结合健康管理服务标准（2）","WST 876—2026医养结合健康管理服务标准（2）.pdf","02_醫院管理與品質\2026\WST 876—2026医养结合健康管理服务标准（2）.pdf","醫院管理與品質","（無）","UNKNOWN","2026","2026","國家或地方標準","其他／待確認","","pdf","pdf_text_layer","151e1809c12dc262e4e72b761e1f64f795aa2694f7834acf68149b52236815dd","302977","2026-05-25T04:21:00.000Z","needs_review","0.35"
"cdc9cf77547f8adf","WST 885—2026临床检验结果互认的基本技术条件及质量","WST 885—2026临床检验结果互认的基本技术条件及质量.pdf","02_醫院管理與品質\2026\WST 885—2026临床检验结果互认的基本技术条件及质量.pdf","醫院管理與品質","（無）","UNKNOWN","2026","2026","國家或地方標準","醫技、檢驗與病理","臨床診療與醫療技術","pdf","pdf_text_layer","3ba0068d81c88dd38d8c7ac5374faace18219c4419bbae11c3568bb3e9a3c81a","201568","2026-06-22T03:45:42.000Z","needs_review","0.35"
"8daf53b57181e76b","WST 885—2026临床检验结果互认的基本技术条件及质量（2）","WST 885—2026临床检验结果互认的基本技术条件及质量（2）.pdf","02_醫院管理與品質\2026\WST 885—2026临床检验结果互认的基本技术条件及质量（2）.pdf","醫院管理與品質","（無）","UNKNOWN","2026","2026","國家或地方標準","醫技、檢驗與病理","臨床診療與醫療技術","pdf","pdf_text_layer","3ba0068d81c88dd38d8c7ac5374faace18219c4419bbae11c3568bb3e9a3c81a","201568","2026-06-22T03:45:42.000Z","needs_review","0.35"
"c11d4cde4bb98c9e","WST 886—2026","WST 886—2026.pdf","02_醫院管理與品質\2026\WST 886—2026.pdf","醫院管理與品質","（無）","UNKNOWN","2026","2026","國家或地方標準","其他／待確認","","pdf","pdf_text_layer","4c5c21bd7eb19d42de8ee965e83ccb885db3899d975b50fef158434595d7febc","316390","2026-06-22T03:45:48.000Z","needs_review","0.35"
"77e172e7e97692da","WST 894—2026","WST 894—2026.pdf","02_醫院管理與品質\2026\WST 894—2026.pdf","醫院管理與品質","（無）","UNKNOWN","2026","2026","國家或地方標準","其他／待確認","","pdf","pdf_text_layer","bfcb0ca877ca052d6f184d279d9cd14cbfa02cfd530034e6c933b7d4b6ee6590","1451778","2026-05-07T00:09:16.000Z","needs_review","0.35"
"df44b73dc87a7eae","WST 895—2026","WST 895—2026.pdf","02_醫院管理與品質\2026\WST 895—2026.pdf","醫院管理與品質","（無）","UNKNOWN","2026","2026","國家或地方標準","其他／待確認","","pdf","pdf_text_layer","a736215b2b6ec3cacaa0ba346acb222113671a9d8bd1301e3c0c3bd13b4eb0bb","251795","2026-05-07T00:09:26.000Z","needs_review","0.35"
"1db56f9fa0c664eb","01-112年醫院評鑑及教學醫院評鑑作業程序","01-112年醫院評鑑及教學醫院評鑑作業程序.pdf","02_醫院管理與品質\未標示年份\01-112年醫院評鑑及教學醫院評鑑作業程序.pdf","醫院管理與品質","（無）","UNKNOWN","2058","2058","醫院評鑑／認證標準","醫院評鑑與醫療品質","","pdf","pdf_text_layer","417f974e3ee09f8d66f0b023b4e4a0d8ab1ac37fed44e83fff28a40fa74c1326","1289597","2023-07-27T12:29:16.000Z","needs_review","0.35"
"7f52ae5abacb2ce5","01-評定作業重點說明","01-評定作業重點說明 (1).pdf","02_醫院管理與品質\未標示年份\01-評定作業重點說明 (1).pdf","醫院管理與品質","（無）","UNKNOWN","未標示年份","","國家或地方標準","其他／待確認","","pdf","pdf_text_layer","d7c23ce2bfa79f73c0fa1898671681480b2d87478202136718dbd4ad8574db48","1028853","2024-02-05T01:20:28.000Z","needs_review","0.35"
"9842e17ebfdd6083","01-評定作業重點說明","01-評定作業重點說明.pdf","02_醫院管理與品質\未標示年份\01-評定作業重點說明.pdf","醫院管理與品質","（無）","UNKNOWN","未標示年份","","國家或地方標準","其他／待確認","","pdf","pdf_text_layer","d7c23ce2bfa79f73c0fa1898671681480b2d87478202136718dbd4ad8574db48","1028853","2024-02-05T01:20:26.000Z","needs_review","0.35"
"b3f40fc82dd24f56","03-第二章、急性腦中風醫療評定基準說明","03-第二章、急性腦中風醫療評定基準說明.pdf","02_醫院管理與品質\未標示年份\03-第二章、急性腦中風醫療評定基準說明.pdf","醫院管理與品質","（無）","TW","未標示年份","","國家或地方標準","其他／待確認","","pdf","pdf_text_layer","c44184081ac75a5c35f1c37e08a8bcc980e44c2d4734edbf04f73b6c69cd4857","949002","2024-02-05T01:20:30.000Z","needs_review","0.35"
"3f1a5802293678aa","03-醫院評鑑基準(醫學中心適用)-第1.4至1.8章","03-醫院評鑑基準(醫學中心適用)-第1.4至1.8章.pdf","02_醫院管理與品質\未標示年份\03-醫院評鑑基準(醫學中心適用)-第1.4至1.8章.pdf","醫院管理與品質","（無）","UNKNOWN","未標示年份","","醫院評鑑／認證標準","醫院評鑑與醫療品質","","pdf","pdf_text_layer","b2fee138675c5829cef7c8a15553ac52026d69f22fe2d451cfea61ce520f12b4","1815627","2023-07-27T12:29:22.000Z","needs_review","0.35"
"d65f650ca306a870","04-112年本院精神科病房服務員作業實施要點","04-112年本院精神科病房服務員作業實施要點(1111201).pdf","02_醫院管理與品質\未標示年份\04-112年本院精神科病房服務員作業實施要點(1111201).pdf","醫院管理與品質","（無）","UNKNOWN","未標示年份","","國家或地方標準","其他／待確認","","pdf","pdf_text_layer","f3935d3307460d1f0e52d0ecaa3d9a3d75690318fe060ac7b109d7bc765653b4","231404","2023-08-13T07:58:20.000Z","needs_review","0.35"
"fd0775ac87ecce24","04-第三章、急性冠心症醫療評定基準說明-0511","04-第三章、急性冠心症醫療評定基準說明-0511.pdf","02_醫院管理與品質\未標示年份\04-第三章、急性冠心症醫療評定基準說明-0511.pdf","醫院管理與品質","（無）","TW","未標示年份","","國家或地方標準","其他／待確認","","pdf","pdf_text_layer","ee6c48d62d791de6827a0a0dc715a393f2e41322d9c95a3be80cfb3dff3456b6","920498","2024-02-05T01:20:32.000Z","needs_review","0.35"
"4ed4712f1b60c629","05-113年度教學醫院評鑑基準及評量項目(醫學中心適用)","05-113年度教學醫院評鑑基準及評量項目(醫學中心適用).pdf","02_醫院管理與品質\未標示年份\05-113年度教學醫院評鑑基準及評量項目(醫學中心適用).pdf","醫院管理與品質","（無）","UNKNOWN","未標示年份","","醫院評鑑／認證標準","醫院評鑑與醫療品質","","pdf","pdf_text_layer","13f45d92d1caf5513143c87b1e38a47b50aafa2e0d5d51fdbf3fba8595f983ec","1508165","2024-04-30T11:32:40.000Z","needs_review","0.35"
"4f21f36dcdc6eb29","05-第四章、緊急外傷醫療評定基準說明","05-第四章、緊急外傷醫療評定基準說明.pdf","02_醫院管理與品質\未標示年份\05-第四章、緊急外傷醫療評定基準說明.pdf","醫院管理與品質","（無）","TW","未標示年份","","國家或地方標準","其他／待確認","","pdf","pdf_text_layer","ea9ac5435190243af8055cdd53628819159bee2b841a219eb90ff6bb69628b2b","925686","2024-02-05T01:20:34.000Z","needs_review","0.35"
"7830e931535c6030","06-113年度教學醫院評鑑基準及評量項目(醫學中心適用)-修正對照表","06-113年度教學醫院評鑑基準及評量項目(醫學中心適用)-修正對照表.pdf","02_醫院管理與品質\未標示年份\06-113年度教學醫院評鑑基準及評量項目(醫學中心適用)-修正對照表.pdf","醫院管理與品質","（無）","UNKNOWN","未標示年份","","醫院評鑑／認證標準","醫院評鑑與醫療品質","","pdf","pdf_text_layer","222f71775b7595346fc29802c8d8226b1d29eb89c44c1dfeefb74af4fa71e0f1","3139881","2024-04-30T11:32:40.000Z","needs_review","0.35"
"ff95768a4419ed3f","06-第五章、高危險妊娠醫療評定基準說明","06-第五章、高危險妊娠醫療評定基準說明.pdf","02_醫院管理與品質\未標示年份\06-第五章、高危險妊娠醫療評定基準說明.pdf","醫院管理與品質","（無）","TW","未標示年份","","國家或地方標準","其他／待確認","","pdf","pdf_text_layer","0b79c4ac53e1afde691909ad8a546091d2a2791e674f1aa82063d9adbd5a277f","766120","2024-02-05T01:20:34.000Z","needs_review","0.35"
"0a97957e19e04968","07-113年度教學醫院評鑑基準及評量項目(區域醫院、地區醫院適用)","07-113年度教學醫院評鑑基準及評量項目(區域醫院、地區醫院適用).pdf","02_醫院管理與品質\未標示年份\07-113年度教學醫院評鑑基準及評量項目(區域醫院、地區醫院適用).pdf","醫院管理與品質","（無）","UNKNOWN","未標示年份","","醫院評鑑／認證標準","醫院評鑑與醫療品質","","pdf","pdf_text_layer","152e2c150f240b23e89309d9f22fe265abcb9c255cbfdd4237e1bee0e18de1e7","1339733","2024-04-30T11:32:42.000Z","needs_review","0.35"
"bab27d772f10db4c","07-第五章、新生兒醫療評定基準說明","07-第五章、新生兒醫療評定基準說明.pdf","02_醫院管理與品質\未標示年份\07-第五章、新生兒醫療評定基準說明.pdf","醫院管理與品質","（無）","TW","未標示年份","","國家或地方標準","其他／待確認","","pdf","pdf_text_layer","efd4d3b8aa448cd97b6dd1b2e1a2998fc900114b8a88927a429645c409b937b7","796937","2024-02-05T01:20:36.000Z","needs_review","0.35"
"4524d572e1c90f9e","08-113年度教學醫院評鑑基準及評量項目(區域醫院、地區醫院適用)修正對照表","08-113年度教學醫院評鑑基準及評量項目(區域醫院、地區醫院適用)修正對照表.pdf","02_醫院管理與品質\未標示年份\08-113年度教學醫院評鑑基準及評量項目(區域醫院、地區醫院適用)修正對照表.pdf","醫院管理與品質","（無）","UNKNOWN","未標示年份","","醫院評鑑／認證標準","醫院評鑑與醫療品質","","pdf","pdf_text_layer","ace6ad2a9ca896cafc9a878401c8076e427e9395e8a04bb29792b84d375f2af3","2579177","2024-04-30T11:32:42.000Z","needs_review","0.35"
"dcb844245d2eda5f","08-教學醫院評鑑基準(醫學中心)-第五章5.1-5.3節","08-教學醫院評鑑基準(醫學中心)-第五章5.1-5.3節.pptx","02_醫院管理與品質\未標示年份\08-教學醫院評鑑基準(醫學中心)-第五章5.1-5.3節.pptx","醫院管理與品質","（無）","UNKNOWN","未標示年份","","查檢表／稽核表","醫療治理與依法執業","醫院評鑑與醫療品質；醫療人員與執業管理；感染預防與控制；病歷、電子病歷與醫療資料；資訊安全與個人資料；醫技、檢驗與病理；臨床診療與醫療技術；手術、麻醉與疼痛管理；急診與緊急醫療；生殖、婦幼與月子服務；臨床研究與人體試驗；醫療器材與設備；環境、能源與醫療廢棄物","pptx","office_xml","c8befb1a4ce1b6ca4918405714713c4cc2d0784d39cf6be3634ade398ee54284","2136316","2023-07-27T12:29:28.000Z","needs_review","0.35"
"8584d1137c14f2fd","08-第六章、加護病房照護評定基準說明","08-第六章、加護病房照護評定基準說明.pdf","02_醫院管理與品質\未標示年份\08-第六章、加護病房照護評定基準說明.pdf","醫院管理與品質","（無）","TW","未標示年份","","國家或地方標準","其他／待確認","","pdf","pdf_text_layer","c328bce479adf2e35d3708fe020a8dabd66e7c5d5135bbf0144ad392e9418942","968379","2024-02-05T01:20:36.000Z","needs_review","0.35"
"2e8a4787d25f6d8d","1-1-112年度醫院評鑑基本資料表、補充資料表修正說明-申請醫學中心適用","1-1-112年度醫院評鑑基本資料表、補充資料表修正說明-申請醫學中心適用.pdf","02_醫院管理與品質\未標示年份\1-1-112年度醫院評鑑基本資料表、補充資料表修正說明-申請醫學中心適用.pdf","醫院管理與品質","（無）","UNKNOWN","未標示年份","","醫院評鑑／認證標準","醫院評鑑與醫療品質","資訊安全與個人資料","pdf","pdf_text_layer","ba1e6808bcc2caf0de80c8c25debb0adec1a4d9a996bd3e8af9c4107bab4491e","135296","2023-07-27T12:29:42.000Z","needs_review","0.35"
"753ec731b13cc2e2","1-2-112年度醫院評鑑及教學醫院評鑑基本資料表-申請醫學中心適用","1-2-112年度醫院評鑑及教學醫院評鑑基本資料表-申請醫學中心適用.pdf","02_醫院管理與品質\未標示年份\1-2-112年度醫院評鑑及教學醫院評鑑基本資料表-申請醫學中心適用.pdf","醫院管理與品質","（無）","UNKNOWN","未標示年份","","醫院評鑑／認證標準","醫院評鑑與醫療品質","資訊安全與個人資料","pdf","pdf_text_layer","ea898ee72ea027fbf73067bf1f3b0bdbc69ad38a0b3a54de208d306962760863","1284472","2023-07-27T12:29:44.000Z","needs_review","0.35"
"a023fc06cb43ee19","1-3-112年度醫院評鑑補充資料表-第1篇、經營管理-申請醫學中心適用","1-3-112年度醫院評鑑補充資料表-第1篇、經營管理-申請醫學中心適用.pdf","02_醫院管理與品質\未標示年份\1-3-112年度醫院評鑑補充資料表-第1篇、經營管理-申請醫學中心適用.pdf","醫院管理與品質","（無）","UNKNOWN","未標示年份","","醫院評鑑／認證標準","醫院評鑑與醫療品質","資訊安全與個人資料","pdf","pdf_text_layer","cb6321e9139428be7e475adf5f1e3c365ad3ae9d4424808b11d3222744ef26a5","529289","2023-07-27T12:29:44.000Z","needs_review","0.35"
"cf0e02f5c1979f62","1-6-112年度教學醫院評鑑補充資料表-申請醫學中心適用","1-6-112年度教學醫院評鑑補充資料表-申請醫學中心適用.pdf","02_醫院管理與品質\未標示年份\1-6-112年度教學醫院評鑑補充資料表-申請醫學中心適用.pdf","醫院管理與品質","（無）","UNKNOWN","未標示年份","","醫院評鑑／認證標準","醫院評鑑與醫療品質","資訊安全與個人資料","pdf","pdf_text_layer","e9d9c1a30a9d85b037325c9425186f734a50ea18fc1315433ad386d3a3c91de0","1038239","2023-07-27T12:29:48.000Z","needs_review","0.35"
"79bce202f9409b68","1.112年度醫院緊急醫療能力分級評定作業申請、申報說明(含申請書)","1.112年度醫院緊急醫療能力分級評定作業申請、申報說明(含申請書).pdf","02_醫院管理與品質\未標示年份\1.112年度醫院緊急醫療能力分級評定作業申請、申報說明(含申請書).pdf","醫院管理與品質","（無）","TW","未標示年份","","國家或地方標準","其他／待確認","","pdf","pdf_text_layer","de2c717ba75345b6bbd6262bb489208fb4f6a1df4d3ce20d666523acf20be717","202795","2024-02-05T01:20:40.000Z","needs_review","0.35"
"cd5d792426c02a33","1.手术质量安全提升行动监测指标","1.手术质量安全提升行动监测指标.pdf","02_醫院管理與品質\未標示年份\1.手术质量安全提升行动监测指标.pdf","醫院管理與品質","（無）","UNKNOWN","未標示年份","","待確認或非規範文件","手術、麻醉與疼痛管理","","pdf","pdf_text_layer","ae7a3e2bcf5fbc847045ad06536b8295d865b0c46f89d241604edb9dce88f13b","86634","2023-10-10T01:33:18.000Z","needs_review","0.35"
"74875c7704516d60","1.患者安全专项行动监测指标","1.患者安全专项行动监测指标.pdf","02_醫院管理與品質\未標示年份\1.患者安全专项行动监测指标.pdf","醫院管理與品質","（無）","UNKNOWN","未標示年份","","待確認或非規範文件","醫院評鑑與醫療品質","","pdf","pdf_text_layer","0f7ae2650b467520c1c8e721d8240ae5595140d906a2823a6eb97912e02e6e7b","102343","2025-10-13T02:09:48.000Z","needs_review","0.35"
"4b1883d8deff42bb","10-教學醫院評鑑基準(醫學中心)-第五章5.7-5.8節","10-教學醫院評鑑基準(醫學中心)-第五章5.7-5.8節.pdf","02_醫院管理與品質\未標示年份\10-教學醫院評鑑基準(醫學中心)-第五章5.7-5.8節.pdf","醫院管理與品質","（無）","UNKNOWN","未標示年份","","醫院評鑑／認證標準","醫院評鑑與醫療品質","","pdf","pdf_text_layer","021fc415f6e793fa315f03c01937d6020310fd0e87625d3c15b355b3e964300c","908286","2023-07-27T12:29:30.000Z","needs_review","0.35"
"96e60d6d005b65a8","108年不定時及即時追蹤輔導訪查作業程序","108年不定時及即時追蹤輔導訪查作業程序.pdf","02_醫院管理與品質\未標示年份\108年不定時及即時追蹤輔導訪查作業程序.pdf","醫院管理與品質","（無）","TW","未標示年份","","國家或地方標準","其他／待確認","","pdf","pdf_text_layer","5484c6d711a58e6f463644e620819cd221db6fbe9025380540cf4607e7f1f9bc","188642","2023-07-27T12:27:00.000Z","needs_review","0.35"
"1b1b4210e308edf7","108年醫院評鑑及教學醫院評鑑委員遴聘要點","108年醫院評鑑及教學醫院評鑑委員遴聘要點.pdf","02_醫院管理與品質\未標示年份\108年醫院評鑑及教學醫院評鑑委員遴聘要點.pdf","醫院管理與品質","（無）","UNKNOWN","未標示年份","","醫院評鑑／認證標準","醫院評鑑與醫療品質","","pdf","pdf_needs_ocr","b9140d557394411c46f88788fdbf739c427614535ac20cdde1bc1d056a6c2d3d","5955765","2023-07-27T12:26:26.000Z","needs_review","0.35"
"21e1d74a2514c21c","11-教學醫院評鑑基準(醫學中心適用)-第六章","11-教學醫院評鑑基準(醫學中心適用)-第六章.pdf","02_醫院管理與品質\未標示年份\11-教學醫院評鑑基準(醫學中心適用)-第六章.pdf","醫院管理與品質","（無）","UNKNOWN","未標示年份","","醫院評鑑／認證標準","醫院評鑑與醫療品質","","pdf","pdf_text_layer","7dcfa59eefff1e607629dc3f41862fdc71bdea6e40c75e6304e640af5dafb9da","893573","2023-07-27T12:29:30.000Z","needs_review","0.35"
"75276eef3f8e7b1f","111年相關表單【簡報說明】","111年相關表單【簡報說明】.pdf","02_醫院管理與品質\未標示年份\111年相關表單【簡報說明】.pdf","醫院管理與品質","（無）","TW","未標示年份","","國家或地方標準","其他／待確認","","pdf","pdf_text_layer","6aee8e7844233942e5a9b790eea0adbbd8d7fd3fb4db4e43bcaa428baa9edea7","141856","2024-02-05T01:19:52.000Z","needs_review","0.35"
"9fc953ad4c56ae8b","112年定期查核作業申請書","112年定期查核作業申請書.docx","02_醫院管理與品質\未標示年份\112年定期查核作業申請書.docx","醫院管理與品質","（無）","UNKNOWN","未標示年份","","查檢表／稽核表","醫療治理與依法執業","醫療人員與執業管理；資訊安全與個人資料；臨床診療與醫療技術；臨床研究與人體試驗；財務、採購與內部稽核","docx","office_xml","c09ee705a04f957106da9de329d1446425922b0eb78a98acab655d00cf48d8a9","790405","2024-02-05T01:19:38.000Z","needs_review","0.35"
"3da96b28537ca8e6","112年度醫院緊急醫療能力分級評定說明會問答集","112年度醫院緊急醫療能力分級評定說明會問答集.pdf","02_醫院管理與品質\未標示年份\112年度醫院緊急醫療能力分級評定說明會問答集.pdf","醫院管理與品質","（無）","UNKNOWN","未標示年份","","國家或地方標準","其他／待確認","","pdf","pdf_text_layer","5d6c634903fb52fd241a0266ac04ea7afd3a82861223aab28c900fb3218f0ba7","289363","2024-02-05T01:20:24.000Z","needs_review","0.35"
"97fe790f7c301a26","13-醫學中心任務指標審查說明-任務二","13-醫學中心任務指標審查說明-任務二.pdf","02_醫院管理與品質\未標示年份\13-醫學中心任務指標審查說明-任務二.pdf","醫院管理與品質","（無）","CN","未標示年份","","國家或地方標準","其他／待確認","","pdf","pdf_text_layer","89bd8be27b32bdce379679bfe455589eb426e3f1f19d3ba8136ea7378beeb788","901159","2023-07-27T12:29:32.000Z","needs_review","0.35"
"1f4b6f6472d8e24c","14-醫學中心任務指標審查說明-任務三","14-醫學中心任務指標審查說明-任務三.pdf","02_醫院管理與品質\未標示年份\14-醫學中心任務指標審查說明-任務三.pdf","醫院管理與品質","（無）","CN","未標示年份","","國家或地方標準","其他／待確認","","pdf","pdf_text_layer","5990129c8c2438bb0143103579e5b1f56bc2de741000344479a37fbdd91b66c3","656223","2023-07-27T12:29:34.000Z","needs_review","0.35"
"24f6de2f830c9a52","15-醫學中心任務指標審查說明-任務四","15-醫學中心任務指標審查說明-任務四.pdf","02_醫院管理與品質\未標示年份\15-醫學中心任務指標審查說明-任務四.pdf","醫院管理與品質","（無）","CN","未標示年份","","國家或地方標準","其他／待確認","","pdf","pdf_text_layer","6a4deca9292962a56288bfc6fee062212a429a1bd336bf19d90881fc7d3a576c","633929","2023-07-27T12:29:36.000Z","needs_review","0.35"
"3c720e08fab5be57","16-醫學中心任務指標審查說明-任務五","16-醫學中心任務指標審查說明-任務五.pdf","02_醫院管理與品質\未標示年份\16-醫學中心任務指標審查說明-任務五.pdf","醫院管理與品質","（無）","CN","未標示年份","","國家或地方標準","其他／待確認","","pdf","pdf_text_layer","01b52c71dd502386a9e3cc11ea0005788923e929a01ff1f190b68de513cd51fd","699195","2023-07-27T12:29:38.000Z","needs_review","0.35"
"a13f831db60403e6","2.医疗机构手术质量安全管理示意图","2.医疗机构手术质量安全管理示意图.pdf","02_醫院管理與品質\未標示年份\2.医疗机构手术质量安全管理示意图.pdf","醫院管理與品質","（無）","UNKNOWN","未標示年份","","國家或地方標準","醫療治理與依法執業","手術、麻醉與疼痛管理","pdf","pdf_text_layer","550262e5767a4acf778b4a154a0c77215a0ec1654c7db007eea08fecbe0b12ef","356191","2023-10-10T01:33:44.000Z","needs_review","0.35"
"1e5ddf17c0b6d022","3058-住院患者靜脈血栓防治","3058-住院患者靜脈血栓防治.pdf","02_醫院管理與品質\未標示年份\3058-住院患者靜脈血栓防治.pdf","醫院管理與品質","（無）","UNKNOWN","未標示年份","","待確認或非規範文件","其他／待確認","","pdf","pdf_needs_ocr","dc32570deb0243bbf13b281427c99cb2b7f9d0922db467f40ce26652f562d811","937697","2022-07-19T02:56:00.000Z","needs_review","0.35"
"8ce4e676d1dc3a8a","3058-患者服务 随访服务","3058-患者服务 随访服务.pdf","02_醫院管理與品質\未標示年份\3058-患者服务 随访服务.pdf","醫院管理與品質","（無）","UNKNOWN","未標示年份","","待確認或非規範文件","其他／待確認","","pdf","pdf_text_layer","100b5fa4661e3a39410280bd409f7071c55abcd512b6c4f944de7283f1919aaf","1268821","2022-07-19T02:55:12.000Z","needs_review","0.35"
"2fe986b3bad601db","3058-患者服務門診處方","3058-患者服務門診處方.pdf","02_醫院管理與品質\未標示年份\3058-患者服務門診處方.pdf","醫院管理與品質","（無）","UNKNOWN","未標示年份","","待確認或非規範文件","藥事與藥品管理","","pdf","pdf_needs_ocr","6eba66af50a6ef89bd89c2481acdf92347b2306b0da4654eee7586d9fec0be45","516493","2022-07-19T02:56:20.000Z","needs_review","0.35"
"986e18fbbc6ebaa2","4-危急值管理标准","4-危急值管理标准.pdf","02_醫院管理與品質\未標示年份\4-危急值管理标准.pdf","醫院管理與品質","（無）","UNKNOWN","未標示年份","","國家或地方標準","其他／待確認","","pdf","pdf_text_layer","2539871b3e57d14fa445501e3d1f143c3ebb89124e1a59a045ed527950d8f7cc","1086375","2022-06-20T04:00:24.000Z","needs_review","0.35"
"3aa76550743477ba","6S 管理在医院医护工作中的应用","6S 管理在医院医护工作中的应用.pdf","02_醫院管理與品質\未標示年份\6S 管理在医院医护工作中的应用.pdf","醫院管理與品質","（無）","CN","2096","2096；2018；2017；2016；2015；2014；2013；2012；2010；2009；2008；2007；2006；2005；2000；1998","待確認或非規範文件","其他／待確認","","pdf","pdf_text_layer","5f2544e96df9ae0d89efa4a99c981a13c7e877f003f75444462b45feb082a3ba","1545065","2022-07-14T07:18:48.000Z","needs_review","0.35"
"7fbfbc6adf16cd58","人工生殖資料通報及管理辦法-104","人工生殖資料通報及管理辦法-104.pdf","02_醫院管理與品質\未標示年份\人工生殖資料通報及管理辦法-104.pdf","醫院管理與品質","（無）","UNKNOWN","未標示年份","","國家或地方標準","資訊安全與個人資料","生殖、婦幼與月子服務","pdf","pdf_text_layer","ff872a23c12f9a3f932e7b9861e32ead92eb459b6ab89deb823e56ee246ee9a9","603997","2023-09-25T13:09:30.000Z","needs_review","0.35"
"516dc40920b7cfc2","人工生殖機構許可辦法-103","人工生殖機構許可辦法-103.pdf","02_醫院管理與品質\未標示年份\人工生殖機構許可辦法-103.pdf","醫院管理與品質","（無）","UNKNOWN","未標示年份","","國家或地方標準","生殖、婦幼與月子服務","","pdf","pdf_text_layer","215be4466bb9b37e36f8290e99cd61e9e136b188f653ccea2baf652b8a9dd021","297294","2023-09-25T13:13:08.000Z","needs_review","0.35"
"cda1837f0772e7cc","人体器官移植伦理委员会工作规则","人体器官移植伦理委员会工作规则.pdf","02_醫院管理與品質\未標示年份\人体器官移植伦理委员会工作规则.pdf","醫院管理與品質","（無）","UNKNOWN","未標示年份","","待確認或非規範文件","輸血與器官移植","","pdf","pdf_needs_ocr","78b345c716dc6cbdf6cbcaa8cd190320970566fc7737e1b7d4946fe0f27af065","1012349","2024-10-16T02:43:20.000Z","needs_review","0.35"
"41be4bc50d750e6e","人类辅助生殖技术应用规划测算参考方法","人类辅助生殖技术应用规划测算参考方法.doc","02_醫院管理與品質\未標示年份\人类辅助生殖技术应用规划测算参考方法.doc","醫院管理與品質","（無）","UNKNOWN","未標示年份","","教材／簡報／參考資料","生殖、婦幼與月子服務","","doc","filename_only","88d3decda1de0516e65febada18157de91b7b676a53f5c1cc2146d98ac468e5b","19968","2023-09-25T12:54:22.000Z","needs_review","0.35"
"ae241d0e37f5af30","人类辅助生殖技术管理办法","人类辅助生殖技术管理办法.pdf","02_醫院管理與品質\未標示年份\人类辅助生殖技术管理办法.pdf","醫院管理與品質","（無）","UNKNOWN","未標示年份","","院內制度／SOP","生殖、婦幼與月子服務","","pdf","pdf_needs_ocr","a1a1c1f643cf8b666f136969b4ac74fb7b8321ca8ed8eaee432c537871e9b40a","795680","2023-09-25T12:55:58.000Z","needs_review","0.35"
"4504a80520cc0867","三级医院对口支援县级医院成效评估","三级医院对口支援县级医院成效评估.xlsx","02_醫院管理與品質\未標示年份\三级医院对口支援县级医院成效评估.xlsx","醫院管理與品質","（無）","UNKNOWN","2022","2022；2021；2020","醫院評鑑／認證標準","醫院評鑑與醫療品質","醫療人員與執業管理；藥事與藥品管理；感染預防與控制；病歷、電子病歷與醫療資料；資訊安全與個人資料；醫技、檢驗與病理；臨床診療與醫療技術；手術、麻醉與疼痛管理；急診與緊急醫療；臨床研究與人體試驗；圖書、教育與文件管理","xlsx","office_xml","2e820f344dbd5039ea69eadfa23afc82a5cf0fe99c3787e0a681de452bc06ff7","13608","2022-08-27T06:11:50.000Z","needs_review","0.35"
"e10600ef8ce9a20a","卫生部三甲医院评审员手册(新版)","卫生部三甲医院评审员手册(新版).doc","02_醫院管理與品質\未標示年份\卫生部三甲医院评审员手册(新版).doc","醫院管理與品質","（無）","UNKNOWN","未標示年份","","醫院評鑑／認證標準","其他／待確認","","doc","filename_only","0885d531d0da9924958d81fc0120837282f2f4aeddc5368fbf9002ddc79f204f","88104","2023-09-06T06:02:16.000Z","needs_review","0.35"
"d569c98f25a3c423","卫生部关于印发《医疗卫生机构医学装备管理办法》的通知","卫生部关于印发《医疗卫生机构医学装备管理办法》的通知.docx","02_醫院管理與品質\未標示年份\卫生部关于印发《医疗卫生机构医学装备管理办法》的通知.docx","醫院管理與品質","（無）","UNKNOWN","2011","2011；1996","研究論文／文獻","醫療治理與依法執業","醫院評鑑與醫療品質；醫療人員與執業管理；感染預防與控制；資訊安全與個人資料；臨床診療與醫療技術；急診與緊急醫療；臨床研究與人體試驗；醫療器材與設備；消防、治安與應急管理；環境、能源與醫療廢棄物；財務、採購與內部稽核；圖書、教育與文件管理","docx","office_xml","46fcf89d94e9fe7cefb6a4d9969c2c7b9f75e420c54bb842902f3ad7b6ecac69","25238","2023-03-01T09:19:24.000Z","needs_review","0.35"
"bde4122f3c657662","飞行检查单","飞行检查单.pdf","02_醫院管理與品質\未標示年份\飞行检查单.pdf","醫院管理與品質","（無）","UNKNOWN","2002","2002","查檢表／稽核表","其他／待確認","","pdf","pdf_text_layer","7ce8ba4b7d605899a7ad114d646f65d38a8f3977d2214af32fd0a01e458fcc16","176102","2025-08-07T12:28:44.000Z","needs_review","0.35"
"fbe557f56dfeb0ef","不同胎龄新生儿出生时生长评价标准","不同胎龄新生儿出生时生长评价标准.pdf","02_醫院管理與品質\未標示年份\不同胎龄新生儿出生时生长评价标准.pdf","醫院管理與品質","（無）","UNKNOWN","未標示年份","","待確認或非規範文件","其他／待確認","","pdf","pdf_text_layer","f668a2565502134cb98fc31c8b53838746db9cb1b1c3187190d9a3914527074e","202017","2022-08-27T04:50:52.000Z","needs_review","0.35"
"b29f49bd3b644e3f","中共中央办公厅印发《推进领导干部能上能下规定》---河北省卫生健康委员会","中共中央办公厅印发《推进领导干部能上能下规定》---河北省卫生健康委员会.pdf","02_醫院管理與品質\未標示年份\中共中央办公厅印发《推进领导干部能上能下规定》---河北省卫生健康委员会.pdf","醫院管理與品質","（無）","UNKNOWN","未標示年份","","國家或地方標準","醫療治理與依法執業","","pdf","pdf_text_layer","d71b50b73d4db6647fcc6d328f69b90894f291e9ff97d76f7160345fda81de03","404973","2022-10-26T14:57:32.000Z","needs_review","0.35"
"2077b347197113d6","中共中央组织部 国家卫生计生委关于印发《公立医院领导人员管理暂行办法》的通知","中共中央组织部 国家卫生计生委关于印发《公立医院领导人员管理暂行办法》的通知.pdf","02_醫院管理與品質\未標示年份\中共中央组织部 国家卫生计生委关于印发《公立医院领导人员管理暂行办法》的通知.pdf","醫院管理與品質","（無）","UNKNOWN","未標示年份","","國家或地方標準","醫療人員與執業管理","","pdf","pdf_text_layer","857e0b52ed580e7df4fa5679cef7457162470259083831794feaa30cb8f12a3e","492461","2022-07-01T06:16:10.000Z","needs_review","0.35"
"a429b7df70deeaa2","中华人民共和国基本医疗卫生与健康促进法","中华人民共和国基本医疗卫生与健康促进法.pdf","02_醫院管理與品質\未標示年份\中华人民共和国基本医疗卫生与健康促进法.pdf","醫院管理與品質","（無）","CN","未標示年份","","國家或地方標準","其他／待確認","","pdf","pdf_text_layer","a1b5e4fc7527dd89e7e5845a5857abce286441bf7615008335783a7e3ec1f15c","388101","2022-06-17T07:54:14.000Z","needs_review","0.35"
"3f466f52129d7c13","从_医疗质量安全核心制度_浅析超声医学专业的质量安全与管理","从_医疗质量安全核心制度_浅析超声医学专业的质量安全与管理.pdf","02_醫院管理與品質\未標示年份\从_医疗质量安全核心制度_浅析超声医学专业的质量安全与管理.pdf","醫院管理與品質","（無）","UNKNOWN","未標示年份","","院內制度／SOP","其他／待確認","","pdf","pdf_needs_ocr","3e0f2a0fdd502e0c1f013f4b7daa56aa1cb9f5bd4c4fdbbcc6d56496575a2934","874815","2022-07-06T10:21:34.000Z","needs_review","0.35"
"e6fb143459e56c2a","从_医疗质量安全核心制度_浅析超声医学专业的质量安全与管理（2）","从_医疗质量安全核心制度_浅析超声医学专业的质量安全与管理（2）.pdf","02_醫院管理與品質\未標示年份\从_医疗质量安全核心制度_浅析超声医学专业的质量安全与管理（2）.pdf","醫院管理與品質","（無）","UNKNOWN","未標示年份","","院內制度／SOP","其他／待確認","","pdf","pdf_needs_ocr","3e0f2a0fdd502e0c1f013f4b7daa56aa1cb9f5bd4c4fdbbcc6d56496575a2934","874815","2022-07-06T10:21:34.000Z","needs_review","0.35"
"0ee8dda67cc4e90a","公告-108年度不定時及即時追蹤輔導訪查作業程序","公告-108年度不定時及即時追蹤輔導訪查作業程序.pdf","02_醫院管理與品質\未標示年份\公告-108年度不定時及即時追蹤輔導訪查作業程序.pdf","醫院管理與品質","（無）","UNKNOWN","未標示年份","","公告／通知／函釋","其他／待確認","","pdf","pdf_needs_ocr","033b73998258988cf3397d9480b05920bb321583455c25c63efcd5c7ac85919c","496880","2023-07-27T12:26:58.000Z","needs_review","0.35"
"e0d2d8c018f875de","公告-112年醫院評鑑及教學醫院評鑑作業程序","公告-112年醫院評鑑及教學醫院評鑑作業程序.pdf","02_醫院管理與品質\未標示年份\公告-112年醫院評鑑及教學醫院評鑑作業程序.pdf","醫院管理與品質","（無）","UNKNOWN","未標示年份","","醫院評鑑／認證標準","醫院評鑑與醫療品質","","pdf","pdf_needs_ocr","b82d8fc0822c079e09aeccf3756096a546afd0ce7720c91cf4c11432bf215ced","65039","2023-07-27T12:27:10.000Z","needs_review","0.35"
"69b224fba0b8418c","公告版-112年度醫院緊急醫療能力分級評定基準及評分說明與評量方法","公告版-112年度醫院緊急醫療能力分級評定基準及評分說明與評量方法.pdf","02_醫院管理與品質\未標示年份\公告版-112年度醫院緊急醫療能力分級評定基準及評分說明與評量方法.pdf","醫院管理與品質","（無）","TW","未標示年份","","國家或地方標準","其他／待確認","","pdf","pdf_text_layer","dff523bab2865e70ee34a203a0b25bc8bd07847cce8f7e122c32b65cebdd5ebb","772337","2024-02-05T01:20:40.000Z","needs_review","0.35"
"a243b6be9310d19e","开展产前筛查技术医疗机构基本标准","开展产前筛查技术医疗机构基本标准.doc","02_醫院管理與品質\未標示年份\开展产前筛查技术医疗机构基本标准.doc","醫院管理與品質","（無）","UNKNOWN","未標示年份","","待確認或非規範文件","醫療治理與依法執業","","doc","filename_only","e2f6c915ace67029a2ec5255723f834e1e9bc17e1622b40173964ade1861563c","36352","2022-07-06T02:37:38.000Z","needs_review","0.35"
"1a60c69b906474a4","手术质量安全提升行动监测指标","手术质量安全提升行动监测指标.pdf","02_醫院管理與品質\未標示年份\手术质量安全提升行动监测指标.pdf","醫院管理與品質","（無）","UNKNOWN","未標示年份","","待確認或非規範文件","手術、麻醉與疼痛管理","","pdf","pdf_text_layer","ae7a3e2bcf5fbc847045ad06536b8295d865b0c46f89d241604edb9dce88f13b","86634","2024-09-03T01:39:54.000Z","needs_review","0.35"
"032de025bf56d44d","无室间质量评价时的临床检验质量评价","无室间质量评价时的临床检验质量评价.pdf","02_醫院管理與品質\未標示年份\无室间质量评价时的临床检验质量评价.pdf","醫院管理與品質","（無）","UNKNOWN","未標示年份","","國家或地方標準","醫技、檢驗與病理","臨床診療與醫療技術","pdf","pdf_text_layer","86b71a9297554d9c0bb5c960a4fd473181826996b32a75853a2e0f06ded6cf0f","1236463","2026-01-29T02:40:22.000Z","needs_review","0.35"
"e8c726fa860668a4","无室间质量评价时的临床检验质量评价（2）","无室间质量评价时的临床检验质量评价（2）.pdf","02_醫院管理與品質\未標示年份\无室间质量评价时的临床检验质量评价（2）.pdf","醫院管理與品質","（無）","UNKNOWN","未標示年份","","國家或地方標準","醫技、檢驗與病理","臨床診療與醫療技術","pdf","pdf_text_layer","86b71a9297554d9c0bb5c960a4fd473181826996b32a75853a2e0f06ded6cf0f","1236463","2024-08-09T06:02:50.000Z","needs_review","0.35"
"08da5425b0eefa43","日间化疗质量与安全评价指标体系构建与应用","日间化疗质量与安全评价指标体系构建与应用 (1).pdf","02_醫院管理與品質\未標示年份\日间化疗质量与安全评价指标体系构建与应用 (1).pdf","醫院管理與品質","（無）","UNKNOWN","未標示年份","","待確認或非規範文件","其他／待確認","","pdf","pdf_needs_ocr","225d096399b74c77a958cbb7bc3ca122edb0c3d1e55e62b4284dd63b9c109687","1166550","2025-12-24T08:25:42.000Z","needs_review","0.35"
"1cafbe7aea43f347","日间化疗质量与安全评价指标体系构建与应用","日间化疗质量与安全评价指标体系构建与应用.pdf","02_醫院管理與品質\未標示年份\日间化疗质量与安全评价指标体系构建与应用.pdf","醫院管理與品質","（無）","UNKNOWN","未標示年份","","待確認或非規範文件","其他／待確認","","pdf","pdf_needs_ocr","225d096399b74c77a958cbb7bc3ca122edb0c3d1e55e62b4284dd63b9c109687","1166550","2025-12-24T08:25:40.000Z","needs_review","0.35"
"f37642256fc19f49","日间手术中心管理的华西经验：三种模式保证质量与安全！","日间手术中心管理的华西经验：三种模式保证质量与安全！.pdf","02_醫院管理與品質\未標示年份\日间手术中心管理的华西经验：三种模式保证质量与安全！.pdf","醫院管理與品質","（無）","UNKNOWN","未標示年份","","國家或地方標準","手術、麻醉與疼痛管理","","pdf","pdf_text_layer","2a138ee278fcc48e17073f8f7d4a4b188a2cdcda7e19f9313bcf6f2e9ea3a902","183498","2023-08-28T05:17:58.000Z","needs_review","0.35"
"495a4fc8389dbb0d","东莞市二级及三级医院超声基线情况调查与质量指标分析","东莞市二级及三级医院超声基线情况调查与质量指标分析.pdf","02_醫院管理與品質\未標示年份\东莞市二级及三级医院超声基线情况调查与质量指标分析.pdf","醫院管理與品質","（無）","UNKNOWN","2021","2021；2020；2019；2018","研究論文／文獻","其他／待確認","","pdf","pdf_text_layer","6487ff29f57b6f0dd5d4bcaecfc5afb4f9e6cf8e35ba1b8180d78945aeba3f37","947773","2022-07-06T10:39:50.000Z","needs_review","0.35"
"92eb4e5f4f4f015b","东莞市二级及三级医院超声基线情况调查与质量指标分析（2）","东莞市二级及三级医院超声基线情况调查与质量指标分析（2）.pdf","02_醫院管理與品質\未標示年份\东莞市二级及三级医院超声基线情况调查与质量指标分析（2）.pdf","醫院管理與品質","（無）","UNKNOWN","2021","2021；2020；2019；2018","研究論文／文獻","其他／待確認","","pdf","pdf_text_layer","6487ff29f57b6f0dd5d4bcaecfc5afb4f9e6cf8e35ba1b8180d78945aeba3f37","947773","2022-07-06T10:39:50.000Z","needs_review","0.35"
"13d634158bec9ccd","以基于内审机制下的医疗质量提升行动实践","以基于内审机制下的医疗质量提升行动实践.pdf","02_醫院管理與品質\未標示年份\以基于内审机制下的医疗质量提升行动实践.pdf","醫院管理與品質","（無）","UNKNOWN","2021","2021","國家或地方標準","醫療保險與支付","財務、採購與內部稽核","pdf","pdf_text_layer","b65f99996c060cd55bf20006e0c7ac8acc2eb1d422768514e2825953d61a9526","455098","2025-07-09T03:26:26.000Z","needs_review","0.35"
"a78a9c80057144a3","四川省基层医疗卫生机构状况及居家医疗服务开展现状调查","四川省基层医疗卫生机构状况及居家医疗服务开展现状调查.pdf","02_醫院管理與品質\未標示年份\四川省基层医疗卫生机构状况及居家医疗服务开展现状调查.pdf","醫院管理與品質","（無）","UNKNOWN","未標示年份","","待確認或非規範文件","其他／待確認","","pdf","pdf_needs_ocr","5d16e966d5134916529cf1eac08a6d993e68d624b0962886c565036c81c7390c","1901954","2024-08-24T08:39:10.000Z","needs_review","0.35"
"4d49aff43e8c66ab","处方管理办法","处方管理办法.pdf","02_醫院管理與品質\未標示年份\处方管理办法.pdf","醫院管理與品質","（無）","UNKNOWN","2007","2007；2005；2004","國家或地方標準","藥事與藥品管理","","pdf","pdf_text_layer","973b55edf28cb6a5dc1698cb920c15315bd11dc3f4d054ef5908b768cdca698a","215728","2022-06-04T07:28:02.000Z","needs_review","0.35"
"cea4503cb9213df1","失效模式与效应分析及计划-执行-检查-处理循环优化门诊采血的效果","失效模式与效应分析及计划-执行-检查-处理循环优化门诊采血的效果.pdf","02_醫院管理與品質\未標示年份\失效模式与效应分析及计划-执行-检查-处理循环优化门诊采血的效果.pdf","醫院管理與品質","（無）","UNKNOWN","未標示年份","","研究論文／文獻","其他／待確認","","pdf","pdf_needs_ocr","08956509fac68bde23a0e1a9413516b10781c8fe6580c6a136bd1dd24613ff57","1385975","2024-08-24T08:53:36.000Z","needs_review","0.35"
"dc7faad9f939cad0","孕产妇危重症评审方案","孕产妇危重症评审方案.doc","02_醫院管理與品質\未標示年份\孕产妇危重症评审方案.doc","醫院管理與品質","（無）","UNKNOWN","未標示年份","","醫院評鑑／認證標準","生殖、婦幼與月子服務","","doc","filename_only","b05d89452e1a01071f1e11a2ed25910ed678d8d3668a4a4061e66bcb115e1f7a","158208","2023-07-13T10:47:48.000Z","needs_review","0.35"
"c0fe5abff4d5ae49","孕前优生健康检查","孕前优生健康检查.pdf","02_醫院管理與品質\未標示年份\孕前优生健康检查.pdf","醫院管理與品質","（無）","UNKNOWN","2020","2020","國家或地方標準","其他／待確認","","pdf","pdf_text_layer","8769aca2170777353986f67868e0bb40f24810e5518cdd318c19793d34b129e7","1377449","2022-08-26T08:36:24.000Z","needs_review","0.35"
"f462c8b00afed90f","平急结合视角下医疗机构重大突发公共卫生事件实验室生物安全评估指标体系构建","平急结合视角下医疗机构重大突发公共卫生事件实验室生物安全评估指标体系构建.pdf","02_醫院管理與品質\未標示年份\平急结合视角下医疗机构重大突发公共卫生事件实验室生物安全评估指标体系构建.pdf","醫院管理與品質","（無）","UNKNOWN","未標示年份","","待確認或非規範文件","醫療治理與依法執業","醫技、檢驗與病理；急診與緊急醫療","pdf","pdf_needs_ocr","8486675eb9528ac58e9106726b49ae8b5a317622b067e555ffaa320d712bb335","1773336","2026-03-28T02:47:12.000Z","needs_review","0.35"
"bbe219455668f1c9","正电子发射及X射线计算机断层成像系统","正电子发射及X射线计算机断层成像系统.pdf","02_醫院管理與品質\未標示年份\正电子发射及X射线计算机断层成像系统.pdf","醫院管理與品質","（無）","UNKNOWN","未標示年份","","國家或地方標準","其他／待確認","","pdf","pdf_text_layer","267b35029f33f3d889723c34584075de79cabd7c38530d40ae181adcf9b509b9","354125","2024-08-22T05:24:50.000Z","needs_review","0.35"
"6f2310365fc8ef26","用電安全管理辦法","用電安全管理辦法.docx","02_醫院管理與品質\未標示年份\用電安全管理辦法.docx","醫院管理與品質","（無）","UNKNOWN","2025","2025","醫院評鑑／認證標準","醫療治理與依法執業","醫院評鑑與醫療品質；醫技、檢驗與病理；臨床診療與醫療技術；手術、麻醉與疼痛管理；急診與緊急醫療；職業安全與員工健康；醫療器材與設備；消防、治安與應急管理；環境、能源與醫療廢棄物；財務、採購與內部稽核","docx","office_xml","6c6c6d9a230d69ec1cbdba94ea54c37069aab4cb343632e1f1ab40d17ca36a36","93011","2025-03-14T05:37:30.000Z","needs_review","0.35"
"0291b7263768d07a","申請資料-附件2_開業登記事項查證回復單","申請資料-附件2_開業登記事項查證回復單.docx","02_醫院管理與品質\未標示年份\申請資料-附件2_開業登記事項查證回復單.docx","醫院管理與品質","（無）","UNKNOWN","2000","2000","醫院評鑑／認證標準","醫療治理與依法執業","醫院評鑑與醫療品質；醫療人員與執業管理；資訊安全與個人資料；臨床診療與醫療技術","docx","office_xml","ee613d52a3fec083da0a3495ac628aa9812af2a14c7a6decd880911623f2a383","43107","2024-02-05T01:19:04.000Z","needs_review","0.35"
"2f2733db3e3d3fe1","申請資料-附件3_中醫醫院評鑑資料表","申請資料-附件3_中醫醫院評鑑資料表.docx","02_醫院管理與品質\未標示年份\申請資料-附件3_中醫醫院評鑑資料表.docx","醫院管理與品質","（無）","UNKNOWN","未標示年份","","醫院評鑑／認證標準","醫療治理與依法執業","醫院評鑑與醫療品質；醫療人員與執業管理；護理管理；藥事與藥品管理；資訊安全與個人資料；臨床診療與醫療技術","docx","office_xml","d62a885083ec2a3f9e12c8bf29d41d06f375179d7520abea3c55ebcd026c5abb","33733","2024-02-05T01:19:04.000Z","needs_review","0.35"
"af9d7d709c81351c","产科专业医疗质量安全管理","产科专业医疗质量安全管理.pdf","02_醫院管理與品質\未標示年份\产科专业医疗质量安全管理.pdf","醫院管理與品質","（無）","UNKNOWN","未標示年份","","待確認或非規範文件","生殖、婦幼與月子服務","","pdf","pdf_needs_ocr","600e6cfe1ac570dbfe7c7dbbe68583928c00cc5c251938006b1c35b7467d191c","515625","2023-08-06T08:37:48.000Z","needs_review","0.35"
"b0fe9bd21df3a988","产科麻醉相关不良事件及质量控制分析","产科麻醉相关不良事件及质量控制分析.pdf","02_醫院管理與品質\未標示年份\产科麻醉相关不良事件及质量控制分析.pdf","醫院管理與品質","（無）","UNKNOWN","未標示年份","","研究論文／文獻","手術、麻醉與疼痛管理","生殖、婦幼與月子服務","pdf","pdf_needs_ocr","a951e3cb91a2facf18994af8aba05db4c0067361637b5423a8e6cb5a38deae20","1682642","2025-07-16T03:55:40.000Z","needs_review","0.35"
"2ddda9f1113049a7","价值共创视角下数字赋能护理质量管理的研究进展","价值共创视角下数字赋能护理质量管理的研究进展.pdf","02_醫院管理與品質\未標示年份\价值共创视角下数字赋能护理质量管理的研究进展.pdf","醫院管理與品質","（無）","UNKNOWN","未標示年份","","研究論文／文獻","醫院評鑑與醫療品質","護理管理；臨床研究與人體試驗","pdf","pdf_needs_ocr","4f4937977f1ee081eda6b6a3ea630b0c9812231452c570c5a904c0c672e15f68","2127817","2025-08-05T07:22:12.000Z","needs_review","0.35"
"05088aef9d822132","关于开展医疗乱象专项整治行动的通知","关于开展医疗乱象专项整治行动的通知.docx","02_醫院管理與品質\未標示年份\关于开展医疗乱象专项整治行动的通知.docx","醫院管理與品質","（無）","UNKNOWN","2020","2020；2019","研究論文／文獻","醫療治理與依法執業","醫療人員與執業管理；藥事與藥品管理；資訊安全與個人資料；醫技、檢驗與病理；臨床診療與醫療技術；手術、麻醉與疼痛管理；生殖、婦幼與月子服務；臨床研究與人體試驗；醫療保險與支付；醫療器材與設備；環境、能源與醫療廢棄物","docx","office_xml","91e6f7c1a88a859e97f886dcd4c21b49245a7f3976549517935e36c57baac8fd","17632","2022-05-25T10:00:22.000Z","needs_review","0.35"
"c565bb3e90ec8884","关于加强辅助生殖技术服务机构和人员管理的若干规定","关于加强辅助生殖技术服务机构和人员管理的若干规定.pdf","02_醫院管理與品質\未標示年份\关于加强辅助生殖技术服务机构和人员管理的若干规定.pdf","醫院管理與品質","（無）","UNKNOWN","未標示年份","","行政法規／條例","醫療人員與執業管理","生殖、婦幼與月子服務","pdf","pdf_needs_ocr","285736febb441ec5c82a64a85833119bfed586f02aae3eab3f4eba17ec5db332","851559","2023-09-25T12:53:00.000Z","needs_review","0.35"
"53ace9d374cd3bc9","关于再次强调严禁分解入院的通知","关于再次强调严禁分解入院的通知.docx","02_醫院管理與品質\未標示年份\关于再次强调严禁分解入院的通知.docx","醫院管理與品質","（無）","UNKNOWN","2021","2021","公告／通知／函釋","臨床診療與醫療技術","醫療保險與支付","docx","office_xml","8857048b8d1c69e0340ea762b3602e79e4930ce6e5fdcebce66e24d2c9ceece3","14423","2022-07-11T14:17:14.000Z","needs_review","0.35"
"0774c80581c1ac71","关于印发《连云港市卫生计生系统失信黑名单管理办法（试行）》的通知","关于印发《连云港市卫生计生系统失信黑名单管理办法（试行）》的通知.pdf","02_醫院管理與品質\未標示年份\关于印发《连云港市卫生计生系统失信黑名单管理办法（试行）》的通知.pdf","醫院管理與品質","（無）","UNKNOWN","未標示年份","","公告／通知／函釋","其他／待確認","","pdf","pdf_needs_ocr","321dcd4f6926b9c9f4ff51512733998596a5e86e05f1df432662ed8fa3385db4","3714080","2022-10-10T02:50:32.000Z","needs_review","0.35"
"763a95641c5384e2","关于印发《南京市医疗卫生信用分类监管办法（试行）》的通知","关于印发《南京市医疗卫生信用分类监管办法（试行）》的通知.pdf","02_醫院管理與品質\未標示年份\关于印发《南京市医疗卫生信用分类监管办法（试行）》的通知.pdf","醫院管理與品質","（無）","CN","未標示年份","","公告／通知／函釋","其他／待確認","","pdf","pdf_text_layer","e89ffae77b764ee26ba9803fa6f736a686bf115cd03887dbcd6b9c9255c39559","578433","2022-10-10T02:59:24.000Z","needs_review","0.35"
"d2b584ac138e8279","关于印发《科研失信行为调查处理规则》的通知---河北省卫生健康委员会","关于印发《科研失信行为调查处理规则》的通知---河北省卫生健康委员会.pdf","02_醫院管理與品質\未標示年份\关于印发《科研失信行为调查处理规则》的通知---河北省卫生健康委员会.pdf","醫院管理與品質","（無）","UNKNOWN","未標示年份","","國家或地方標準","醫療治理與依法執業","臨床研究與人體試驗","pdf","pdf_text_layer","705db894649d67a4647b49bf9ae368b4000e688b667709774c1365b938f02a8d","518179","2022-10-26T14:57:54.000Z","needs_review","0.35"
"a5777f11db96e87c","关于印发医疗卫生机构亡故患者全流程服务管理规定的通知","关于印发医疗卫生机构亡故患者全流程服务管理规定的通知.pdf","02_醫院管理與品質\未標示年份\关于印发医疗卫生机构亡故患者全流程服务管理规定的通知.pdf","醫院管理與品質","（無）","UNKNOWN","未標示年份","","公告／通知／函釋","其他／待確認","","pdf","pdf_needs_ocr","1a2c7ccd3393b28030de8cf68c2de4824ec3142f47d71ea9cd9b37b810061164","1548986","2026-05-07T00:11:08.000Z","needs_review","0.35"
"343e392c1a84d370","关于印发医疗机构工作人员廉洁从业九项准则的通知","关于印发医疗机构工作人员廉洁从业九项准则的通知.pdf","02_醫院管理與品質\未標示年份\关于印发医疗机构工作人员廉洁从业九项准则的通知.pdf","醫院管理與品質","（無）","UNKNOWN","未標示年份","","國家或地方標準","醫療治理與依法執業","","pdf","pdf_text_layer","c307cd4f58fba55e282ddb7d08715ccca0b03afd7385725046042469ea98b56c","603898","2022-06-09T09:28:54.000Z","needs_review","0.35"
"3633b2a075116d8c","关于印发医疗联合体管理办法（试行）的通知","关于印发医疗联合体管理办法（试行）的通知.pdf","02_醫院管理與品質\未標示年份\关于印发医疗联合体管理办法（试行）的通知.pdf","醫院管理與品質","（無）","UNKNOWN","未標示年份","","國家或地方標準","其他／待確認","","pdf","pdf_text_layer","f22c8baedabf09007b01b86b622b2c72c48ea0d6a9ff87bf8c997ead8885239c","334745","2022-06-04T06:36:50.000Z","needs_review","0.35"
"b86c5866189e5b46","关于进一步做好分级诊疗制度建设有关重点工作的通知","关于进一步做好分级诊疗制度建设有关重点工作的通知.docx","02_醫院管理與品質\未標示年份\关于进一步做好分级诊疗制度建设有关重点工作的通知.docx","醫院管理與品質","（無）","UNKNOWN","2020","2020；2018；2017；2015","醫院評鑑／認證標準","醫療治理與依法執業","醫院評鑑與醫療品質；醫療人員與執業管理；護理管理；藥事與藥品管理；感染預防與控制；資訊安全與個人資料；醫技、檢驗與病理；臨床診療與醫療技術；手術、麻醉與疼痛管理；急診與緊急醫療；生殖、婦幼與月子服務；臨床研究與人體試驗；醫療保險與支付；醫療器材與設備；圖書、教育與文件管理","docx","office_xml","a56fe75ed545a17ca52b3fbf1b50e7b2894b583f03e8d06ef8f5da822d9f958c","17582","2023-03-01T02:09:48.000Z","needs_review","0.35"
"bc139d4554cec641","关于做好健康体重管理门诊设置与管理工作的通知","关于做好健康体重管理门诊设置与管理工作的通知.pdf","02_醫院管理與品質\未標示年份\关于做好健康体重管理门诊设置与管理工作的通知.pdf","醫院管理與品質","（無）","UNKNOWN","未標示年份","","公告／通知／函釋","其他／待確認","","pdf","pdf_needs_ocr","6fae25e2ad422a42b213718e4c8f0d4663d4c8031fc48b90a6c5dc95f9862c5c","941411","2025-04-14T00:31:36.000Z","needs_review","0.35"
"60be8bec4e27ae2a","关于做好健康体重管理门诊设置与管理工作的通知（2）","关于做好健康体重管理门诊设置与管理工作的通知（2）.pdf","02_醫院管理與品質\未標示年份\关于做好健康体重管理门诊设置与管理工作的通知（2）.pdf","醫院管理與品質","（無）","UNKNOWN","未標示年份","","公告／通知／函釋","其他／待確認","","pdf","pdf_needs_ocr","6fae25e2ad422a42b213718e4c8f0d4663d4c8031fc48b90a6c5dc95f9862c5c","941411","2025-04-14T00:31:36.000Z","needs_review","0.35"
"ef552efe2011e00e","关节镜诊疗技术临床应用管理规范","关节镜诊疗技术临床应用管理规范.pdf","02_醫院管理與品質\未標示年份\关节镜诊疗技术临床应用管理规范.pdf","醫院管理與品質","（無）","UNKNOWN","未標示年份","","國家或地方標準","臨床診療與醫療技術","","pdf","pdf_text_layer","259593772305e80698fd24f5d7db62446496ea8892efeb5373f679fab9f535e9","178181","2024-05-29T11:14:14.000Z","needs_review","0.35"
"6c1de01c9fc1cfef","妇科内镜诊疗技术临床应用管理规范","妇科内镜诊疗技术临床应用管理规范.pdf","02_醫院管理與品質\未標示年份\妇科内镜诊疗技术临床应用管理规范.pdf","醫院管理與品質","（無）","UNKNOWN","未標示年份","","國家或地方標準","臨床診療與醫療技術","","pdf","pdf_text_layer","c13305dcda6f6ed8afcb029e832ad2db3f7a02cc6f8c19c5dc3954c134c8132a","174825","2024-05-29T11:14:48.000Z","needs_review","0.35"
"03c7f24576cd06ba","成人中心静脉导管冲管及封管指南质量评级及内容分析","成人中心静脉导管冲管及封管指南质量评级及内容分析.pdf","02_醫院管理與品質\未標示年份\成人中心静脉导管冲管及封管指南质量评级及内容分析.pdf","醫院管理與品質","（無）","UNKNOWN","未標示年份","","研究論文／文獻","其他／待確認","","pdf","pdf_text_layer","fbb9f93b9fc6ebea6f95e85171eef7b8bc86112d94d4cc176331072c4f8af3f0","1393969","2025-04-02T05:33:58.000Z","needs_review","0.35"
"6a2463e9f162c403","成人癌痛评估与管理指南的方法学质量评价","成人癌痛评估与管理指南的方法学质量评价.pdf","02_醫院管理與品質\未標示年份\成人癌痛评估与管理指南的方法学质量评价.pdf","醫院管理與品質","（無）","CN","未標示年份","","技術規範／診療指南","其他／待確認","","pdf","pdf_text_layer","161c382acf4ce30d23efea8659131afd81432c19141aaed8b5e48d3fa8bd5382","1248748","2025-04-02T05:33:20.000Z","needs_review","0.35"
"a459781068ee8dc9","有晶状体眼后房型人工晶状体植入术","有晶状体眼后房型人工晶状体植入术.pdf","02_醫院管理與品質\未標示年份\有晶状体眼后房型人工晶状体植入术.pdf","醫院管理與品質","（無）","UNKNOWN","未標示年份","","國家或地方標準","其他／待確認","","pdf","pdf_text_layer","513295d1225c86b91830559c03a9c4334267d47c3063e3acf32ef10ff224e496","274131","2025-03-03T01:44:12.000Z","needs_review","0.35"
"831bddbab9332233","江苏省三级综合医院评审标准实施细则","江苏省三级综合医院评审标准实施细则.pdf","02_醫院管理與品質\未標示年份\江苏省三级综合医院评审标准实施细则.pdf","醫院管理與品質","（無）","CN","未標示年份","","醫院評鑑／認證標準","其他／待確認","","pdf","pdf_text_layer","59ac776c20f378b4b3183e9ce78177614b6714de5aec9de2f0c1499f4211ad2a","12842182","2024-04-18T07:19:30.000Z","needs_review","0.35"
"09bc55526c43ce61","江苏省三级综合医院评审标准实施细则（2）","江苏省三级综合医院评审标准实施细则（2）.pdf","02_醫院管理與品質\未標示年份\江苏省三级综合医院评审标准实施细则（2）.pdf","醫院管理與品質","（無）","CN","未標示年份","","醫院評鑑／認證標準","其他／待確認","","pdf","pdf_text_layer","59ac776c20f378b4b3183e9ce78177614b6714de5aec9de2f0c1499f4211ad2a","12842182","2025-05-06T03:11:24.000Z","needs_review","0.35"
"b1f04e187237df50","老年住院患者衰弱预防及管理临床实践指南的质量评价及内容分析","老年住院患者衰弱预防及管理临床实践指南的质量评价及内容分析.pdf","02_醫院管理與品質\未標示年份\老年住院患者衰弱预防及管理临床实践指南的质量评价及内容分析.pdf","醫院管理與品質","（無）","UNKNOWN","未標示年份","","研究論文／文獻","臨床診療與醫療技術","","pdf","pdf_needs_ocr","3202cca86e38f483ccbf867d057771f710c67860b72fe77d7fcd8ef9a35a3535","11552555","2025-04-02T05:31:20.000Z","needs_review","0.35"
"8f47f12356dadc79","血液淨化","血液淨化.pdf","02_醫院管理與品質\未標示年份\血液淨化.pdf","醫院管理與品質","（無）","UNKNOWN","2021","2021","待確認或非規範文件","其他／待確認","","pdf","pdf_text_layer","4e6c9fcc37eec3f54dec18f7a9dfdabd143ff4cc52e13a9123a2dca3ed3bec4b","4951207","2022-07-07T03:24:56.000Z","needs_review","0.35"
"564366079f6a3ba1","血液淨化室質量規範","血液淨化室質量規範.docx","02_醫院管理與品質\未標示年份\血液淨化室質量規範.docx","醫院管理與品質","（無）","UNKNOWN","未標示年份","","待確認或非規範文件","其他／待確認","","docx","empty_or_unsupported","0cb33409d9b570872577c7fbf1436dc06e8b2320a7197c2ceef3e14ff01b4be6","8057528","2022-08-15T12:14:36.000Z","needs_review","0.35"
"ad2d62d698afd6f8","血液淨化室質量規範","血液淨化室質量規範.pdf","02_醫院管理與品質\未標示年份\血液淨化室質量規範.pdf","醫院管理與品質","（無）","UNKNOWN","未標示年份","","待確認或非規範文件","其他／待確認","","pdf","pdf_text_layer","da9b957209c389aabf1ca014b0981b6a462091793f4efae3533497e951c07906","9278671","2022-08-15T09:26:24.000Z","needs_review","0.35"
"28e06c1c5ca70cf9","血液淨化室質量規範","血液淨化室質量規範(1).docx","02_醫院管理與品質\未標示年份\血液淨化室質量規範(1).docx","醫院管理與品質","（無）","UNKNOWN","未標示年份","","待確認或非規範文件","其他／待確認","","docx","empty_or_unsupported","c890c812022eb22f1bd0edcd8a1c89c40538773355055a0ea606282ba9e7023e","10181927","2025-09-05T01:31:08.000Z","needs_review","0.35"
"6b66b8c65f8b79c0","医师外出会诊管理暂行规定","医师外出会诊管理暂行规定.pdf","02_醫院管理與品質\未標示年份\医师外出会诊管理暂行规定.pdf","醫院管理與品質","（無）","UNKNOWN","未標示年份","","行政法規／條例","醫療人員與執業管理","","pdf","pdf_text_layer","b5b1416f13d96b3ca3cbd7b4b6bff23ba402c1a996734c2bdd875035527394ec","168319","2022-06-01T05:02:58.000Z","needs_review","0.35"
"b346044a5b87c9cc","医疗卫生机构医疗废物卫生管理规范遼寧","医疗卫生机构医疗废物卫生管理规范遼寧.pdf","02_醫院管理與品質\未標示年份\医疗卫生机构医疗废物卫生管理规范遼寧.pdf","醫院管理與品質","（無）","UNKNOWN","未標示年份","","待確認或非規範文件","其他／待確認","","pdf","pdf_needs_ocr","3ccd8dcc0666ffc88a4d8df85b68048127bce561fdd3d042cce477687f8d4b73","655565","2023-03-31T13:08:40.000Z","needs_review","0.35"
"a4423d8e461cd3cd","医疗广告管理办法","医疗广告管理办法.docx","02_醫院管理與品質\未標示年份\医疗广告管理办法.docx","醫院管理與品質","（無）","UNKNOWN","2007","2007","公告／通知／函釋","醫療治理與依法執業","臨床診療與醫療技術；臨床研究與人體試驗","docx","office_xml","fbe8efbcfa7356a31bbf97db784e22bd576936943a80725d82c0a1f06cfb1a7c","15304","2021-01-25T08:54:56.000Z","needs_review","0.35"
"f7c857213055afbb","医疗广告管理办法（2）","医疗广告管理办法（2）.docx","02_醫院管理與品質\未標示年份\医疗广告管理办法（2）.docx","醫院管理與品質","（無）","UNKNOWN","2007","2007","公告／通知／函釋","醫療治理與依法執業","臨床診療與醫療技術；臨床研究與人體試驗","docx","office_xml","ebb3d3e44c339592073e906ac8a038cd883914eec5b40e555564c36fbdf365a5","15100","2022-05-26T01:00:34.000Z","needs_review","0.35"
"ff0e10eb1ecd0bc5","医疗不良事件的统计方式及存在的问题","医疗不良事件的统计方式及存在的问题.pdf","02_醫院管理與品質\未標示年份\医疗不良事件的统计方式及存在的问题.pdf","醫院管理與品質","（無）","UNKNOWN","未標示年份","","待確認或非規範文件","其他／待確認","","pdf","pdf_needs_ocr","3471cd50c84c2e6cd0609870f253f18a96ae3c4f1a169c41ec522038eefea59f","1269505","2025-09-12T00:56:22.000Z","needs_review","0.35"
"03256e4840fae7b5","医疗机构与第三方医疗业务合作自查表","医疗机构与第三方医疗业务合作自查表.docx","02_醫院管理與品質\未標示年份\医疗机构与第三方医疗业务合作自查表.docx","醫院管理與品質","（無）","UNKNOWN","未標示年份","","待確認或非規範文件","醫療治理與依法執業","","docx","office_xml","650670890dc922892d2fbb6dcb165ed384954c3672c796d4deca38e4482d0532","17042","2022-07-11T14:20:08.000Z","needs_review","0.35"
"042f0b7e4dd4d5ea","医疗机构手术质量安全管理示意图","医疗机构手术质量安全管理示意图.pdf","02_醫院管理與品質\未標示年份\医疗机构手术质量安全管理示意图.pdf","醫院管理與品質","（無）","UNKNOWN","未標示年份","","國家或地方標準","醫療治理與依法執業","手術、麻醉與疼痛管理","pdf","pdf_text_layer","550262e5767a4acf778b4a154a0c77215a0ec1654c7db007eea08fecbe0b12ef","356191","2025-07-03T05:08:38.000Z","needs_review","0.35"
"4cc5669cee4cfccc","医疗机构日间医疗质量管理暂行规定","医疗机构日间医疗质量管理暂行规定.pdf","02_醫院管理與品質\未標示年份\医疗机构日间医疗质量管理暂行规定.pdf","醫院管理與品質","（無）","UNKNOWN","未標示年份","","行政法規／條例","醫療治理與依法執業","醫院評鑑與醫療品質","pdf","pdf_needs_ocr","9de673dbfe5f7d1a161f74325794124512b08659f56ad1eb565996f5f1b457e4","1573232","2023-08-28T05:14:36.000Z","needs_review","0.35"
"77fc70ad234dcc09","医疗机构投诉接待处理“十应当”","医疗机构投诉接待处理“十应当”.doc","02_醫院管理與品質\未標示年份\医疗机构投诉接待处理“十应当”.doc","醫院管理與品質","（無）","UNKNOWN","未標示年份","","待確認或非規範文件","醫療治理與依法執業","","doc","filename_only","414b6d638915acb7eeee77a5699b8feda039b057398987c2ce10dde86853c7c1","18432","2022-08-24T07:16:02.000Z","needs_review","0.35"
"eac2c59c73d89078","医疗机构投诉接待处理“十应当”","医疗机构投诉接待处理“十应当”.docx","02_醫院管理與品質\未標示年份\医疗机构投诉接待处理“十应当”.docx","醫院管理與品質","（無）","UNKNOWN","2021","2021","研究論文／文獻","醫療治理與依法執業","資訊安全與個人資料；臨床研究與人體試驗；消防、治安與應急管理；環境、能源與醫療廢棄物；圖書、教育與文件管理","docx","office_xml","bec0c2383e1d76c527276855c86238d1f0ef2dc97969121f5d08afdb643f2900","14933","2022-05-25T09:59:20.000Z","needs_review","0.35"
"2af1f073a3b48cad","医疗机构投诉管理办法","医疗机构投诉管理办法 (2).doc","02_醫院管理與品質\未標示年份\医疗机构投诉管理办法 (2).doc","醫院管理與品質","（無）","UNKNOWN","未標示年份","","院內制度／SOP","醫療治理與依法執業","","doc","filename_only","049bf94ef7f8a7f920f7420ade5c2f925d2c7f52f8a77019af29a27ecea05233","54842","2022-06-05T15:27:56.000Z","needs_review","0.35"
"de98072e0d3594e0","医疗机构投诉管理办法","医疗机构投诉管理办法.doc","02_醫院管理與品質\未標示年份\医疗机构投诉管理办法.doc","醫院管理與品質","（無）","UNKNOWN","未標示年份","","院內制度／SOP","醫療治理與依法執業","","doc","filename_only","3b01e4b86934b2309fdd241969a2ff98b7356284a8dd0126bc00fb16979ecbce","54842","2023-03-01T09:30:06.000Z","needs_review","0.35"
"9e52ca3cbb52e3f0","医疗机构依法执业自查管理办法","医疗机构依法执业自查管理办法.pdf","02_醫院管理與品質\未標示年份\医疗机构依法执业自查管理办法.pdf","醫院管理與品質","（無）","UNKNOWN","未標示年份","","院內制度／SOP","醫療治理與依法執業","","pdf","pdf_needs_ocr","dbd3684cc31426dc3825d1943d1bbbc6898af83f3dd8c00ff18bfc5fe5417a1e","1557459","2026-01-27T07:57:08.000Z","needs_review","0.35"
"1c55c57cedac2769","医疗机构制度管理制度","医疗机构制度管理制度.pdf","02_醫院管理與品質\未標示年份\医疗机构制度管理制度.pdf","醫院管理與品質","（無）","UNKNOWN","未標示年份","","國家或地方標準","醫療治理與依法執業","","pdf","pdf_text_layer","32fed249f796212bb06054aed897315cf7f923915ed2d7181fabb1522c2c7804","840433","2025-03-03T06:16:28.000Z","needs_review","0.35"
"99f72ca5a8310e1e","医疗机构临床决策支持系统应用管理规范（试行）","医疗机构临床决策支持系统应用管理规范（试行）.pdf","02_醫院管理與品質\未標示年份\医疗机构临床决策支持系统应用管理规范（试行）.pdf","醫院管理與品質","（無）","UNKNOWN","未標示年份","","待確認或非規範文件","醫療治理與依法執業","臨床診療與醫療技術","pdf","pdf_needs_ocr","3e16f85c5ae8cfab0a9a0a567f073f84734901f7d6b1e285fe6cc352b1bdcc56","1559378","2023-09-21T07:36:00.000Z","needs_review","0.35"
"16adf57cfbceedd2","医疗机构标志标准","医疗机构标志标准.pdf","02_醫院管理與品質\未標示年份\医疗机构标志标准.pdf","醫院管理與品質","（無）","UNKNOWN","未標示年份","","國家或地方標準","醫療治理與依法執業","","pdf","pdf_text_layer","408350f5a3fd0baf878b5d3e3e7f56dce27eb1d1bc5b97f89b6a46f9642a6fdc","253809","2026-01-29T02:31:38.000Z","needs_review","0.35"
"a1e9a537695b6a61","医疗机构基本标准（试行）","医疗机构基本标准（试行）.docx","02_醫院管理與品質\未標示年份\医疗机构基本标准（试行）.docx","醫院管理與品質","（無）","UNKNOWN","未標示年份","","研究論文／文獻","醫療治理與依法執業","醫療人員與執業管理；護理管理；藥事與藥品管理；感染預防與控制；病歷、電子病歷與醫療資料；醫技、檢驗與病理；臨床診療與醫療技術；手術、麻醉與疼痛管理；急診與緊急醫療；輸血與器官移植；生殖、婦幼與月子服務；臨床研究與人體試驗；職業安全與員工健康；醫療器材與設備；後勤、建築與設施安全","docx","office_xml","827fbe22703dd92d0fa50dcafd6f483063e390e95c1a1aac06a206b89c10cd79","105981","2021-01-25T07:45:12.000Z","needs_review","0.35"
"662096b7602c91e8","医疗机构新生儿安全管理制度（试行）","医疗机构新生儿安全管理制度（试行）.docx","02_醫院管理與品質\未標示年份\医疗机构新生儿安全管理制度（试行）.docx","醫院管理與品質","（無）","UNKNOWN","2014","2014","公告／通知／函釋","醫療治理與依法執業","醫療人員與執業管理；護理管理；藥事與藥品管理；感染預防與控制；臨床診療與醫療技術；急診與緊急醫療；生殖、婦幼與月子服務；醫療器材與設備；消防、治安與應急管理；圖書、教育與文件管理","docx","office_xml","8f5b03d6c941858f182b25bfbdb08d6a37a58e17ffa8b7daa63cabcf728cadcb","16696","2022-08-24T09:15:18.000Z","needs_review","0.35"
"bdb7eb80154132ed","医疗质量安全核心制度要点","医疗质量安全核心制度要点.pdf","02_醫院管理與品質\未標示年份\医疗质量安全核心制度要点.pdf","醫院管理與品質","（無）","UNKNOWN","未標示年份","","院內制度／SOP","其他／待確認","","pdf","pdf_needs_ocr","05e962c62b8f05a759d0b059484da485b0cd4f284d942785319900b87275c840","1859667","2023-08-06T08:36:18.000Z","needs_review","0.35"
"06f71e44e8743598","医疗质量管理与控制指标汇编5.0版(1)","医疗质量管理与控制指标汇编5.0版(1)(1).pdf","02_醫院管理與品質\未標示年份\医疗质量管理与控制指标汇编5.0版(1)(1).pdf","醫院管理與品質","（無）","UNKNOWN","2023","2023；2021；2015","國家或地方標準","醫院評鑑與醫療品質","","pdf","pdf_text_layer","ad4ba64aa644193614aae014a386aef34646a639cb672d84fff6c821e9b7bb15","3656803","2023-11-25T02:26:32.000Z","needs_review","0.35"
"2367379be39c0caf","医疗质量管理办法","医疗质量管理办法.pdf","02_醫院管理與品質\未標示年份\医疗质量管理办法.pdf","醫院管理與品質","（無）","UNKNOWN","未標示年份","","院內制度／SOP","醫院評鑑與醫療品質","","pdf","pdf_text_layer","1cb3a618ffb312727dd98ac20f5928049b782b0dc5b8b19fbf8a23eec0b609ce","233744","2022-06-04T09:20:28.000Z","needs_review","0.35"
"ee79dae089ca0552","医疗质量管理办法（2）","医疗质量管理办法（2）.pdf","02_醫院管理與品質\未標示年份\医疗质量管理办法（2）.pdf","醫院管理與品質","（無）","UNKNOWN","未標示年份","","院內制度／SOP","醫院評鑑與醫療品質","","pdf","pdf_text_layer","1cb3a618ffb312727dd98ac20f5928049b782b0dc5b8b19fbf8a23eec0b609ce","233744","2022-06-04T09:20:28.000Z","needs_review","0.35"
"0870e139eac1de93","医疗联合体管理办法","医疗联合体管理办法.pdf","02_醫院管理與品質\未標示年份\医疗联合体管理办法.pdf","醫院管理與品質","（無）","UNKNOWN","未標示年份","","院內制度／SOP","其他／待確認","","pdf","pdf_text_layer","9109bf62059e3bf0bb6ec3bf6044ec6b15ea907e34494846be7a473604d9e2fe","290571","2022-06-04T06:37:48.000Z","needs_review","0.35"
"baa72041117aa4a7","医学检验实验室管理规范","医学检验实验室管理规范.pdf","02_醫院管理與品質\未標示年份\医学检验实验室管理规范.pdf","醫院管理與品質","（無）","UNKNOWN","未標示年份","","待確認或非規範文件","醫技、檢驗與病理","","pdf","pdf_needs_ocr","7f309644655a31c85f97a8e1645baea0d3d43c877cc3c727e00221bb7f0eb1f6","3164270","2022-08-24T01:58:08.000Z","needs_review","0.35"
"2eb2c3538d294fa7","医学X线检查操作规程","医学X线检查操作规程.pdf","02_醫院管理與品質\未標示年份\医学X线检查操作规程.pdf","醫院管理與品質","（無）","UNKNOWN","未標示年份","","國家或地方標準","其他／待確認","","pdf","pdf_text_layer","cf1391a1f76411317d4eb6ed82aaf7503f7c55d3535ec11608bdc804e878ab1f","833800","2024-08-22T05:24:12.000Z","needs_review","0.35"
"e48abc949b4e2601","医院手术部（室）管理规范","医院手术部（室）管理规范.doc","02_醫院管理與品質\未標示年份\医院手术部（室）管理规范.doc","醫院管理與品質","（無）","UNKNOWN","未標示年份","","待確認或非規範文件","手術、麻醉與疼痛管理","","doc","filename_only","2eedf7292ddcf05f712eea9035989217967df971821d902f3793309c818af818","36046","2024-08-07T07:12:00.000Z","needs_review","0.35"
"9c026eca28b9770d","医院多学科诊疗管理规范","医院多学科诊疗管理规范.pdf","02_醫院管理與品質\未標示年份\医院多学科诊疗管理规范.pdf","醫院管理與品質","（無）","UNKNOWN","未標示年份","","待確認或非規範文件","臨床診療與醫療技術","","pdf","pdf_needs_ocr","62bdb85bfb7ab7a81873fcd11929c132181233b0eff89e21005d06a3836809be","853945","2023-03-31T13:16:26.000Z","needs_review","0.35"
"4b9c20a214a2fccc","医院应急管理体系建设规范","医院应急管理体系建设规范.pdf","02_醫院管理與品質\未標示年份\医院应急管理体系建设规范.pdf","醫院管理與品質","（無）","UNKNOWN","未標示年份","","待確認或非規範文件","急診與緊急醫療","消防、治安與應急管理","pdf","pdf_text_layer","a8f828b3a36531e52d80e7dbe9a0c469948cd8b592cd9c24e93cbc446762e65c","301720","2023-03-31T13:15:10.000Z","needs_review","0.35"
"a3a29e171c25184b","医院评审专家库管理办法（全文）","医院评审专家库管理办法（全文）.docx","02_醫院管理與品質\未標示年份\医院评审专家库管理办法（全文）.docx","醫院管理與品質","（無）","UNKNOWN","未標示年份","","醫院評鑑／認證標準","醫療治理與依法執業","醫療人員與執業管理；資訊安全與個人資料；臨床研究與人體試驗；醫療保險與支付；圖書、教育與文件管理","docx","office_xml","2e521cc1c4926fe7089cf87c75db458823d5049027032e27ef618d1cbc07cfb7","17473","2023-08-31T12:00:44.000Z","needs_review","0.35"
"5b15640ebd3fe145","医院评审现场评价工作手册工作手册","医院评审现场评价工作手册工作手册.doc","02_醫院管理與品質\未標示年份\医院评审现场评价工作手册工作手册.doc","醫院管理與品質","（無）","UNKNOWN","未標示年份","","醫院評鑑／認證標準","其他／待確認","","doc","filename_only","5df1600e5f8fc032471c66c0fe29cf0071320b33c363d5ee4a29763e9e4a25cb","78964","2023-09-06T06:00:20.000Z","needs_review","0.35"
"002fec5f4aad7b36","医院候诊室卫生标准青海","医院候诊室卫生标准青海.pdf","02_醫院管理與品質\未標示年份\医院候诊室卫生标准青海.pdf","醫院管理與品質","（無）","UNKNOWN","未標示年份","","待確認或非規範文件","其他／待確認","","pdf","pdf_needs_ocr","0f6b36cdf53b965ed103bccee6de216229567558a2059023c9996a293fd7da19","698763","2023-10-06T12:20:50.000Z","needs_review","0.35"
"1d079c661843ad0f","医院消毒供应中心 第1部分：管理规范","医院消毒供应中心 第1部分：管理规范.pdf","02_醫院管理與品質\未標示年份\医院消毒供应中心 第1部分：管理规范.pdf","醫院管理與品質","（無）","UNKNOWN","未標示年份","","國家或地方標準","感染預防與控制","","pdf","pdf_text_layer","f732b6266e33b1652e9fbdb084471d442a0b12f87a726a48ef7d300da2068497","255326","2022-07-01T15:50:56.000Z","needs_review","0.35"
"0960b1815d24747c","医院消毒供应中心 第1部分：管理规范（2）","医院消毒供应中心 第1部分：管理规范（2）.pdf","02_醫院管理與品質\未標示年份\医院消毒供应中心 第1部分：管理规范（2）.pdf","醫院管理與品質","（無）","UNKNOWN","未標示年份","","國家或地方標準","感染預防與控制","","pdf","pdf_text_layer","f732b6266e33b1652e9fbdb084471d442a0b12f87a726a48ef7d300da2068497","255326","2022-07-01T15:50:56.000Z","needs_review","0.35"
"c8fee2a1e9ab9ca0","医院病房床单元设施","医院病房床单元设施.pdf","02_醫院管理與品質\未標示年份\医院病房床单元设施.pdf","醫院管理與品質","（無）","UNKNOWN","未標示年份","","國家或地方標準","其他／待確認","","pdf","pdf_text_layer","277c9b681df7322228144a1e2967c0c566210abcc76d37fceb29d5011f8130ec","484321","2020-06-13T11:21:04.000Z","needs_review","0.35"
"7c39cba39db258d1","医院病房床单元设施（2）","医院病房床单元设施（2）.pdf","02_醫院管理與品質\未標示年份\医院病房床单元设施（2）.pdf","醫院管理與品質","（無）","UNKNOWN","未標示年份","","國家或地方標準","其他／待確認","","pdf","pdf_text_layer","277c9b681df7322228144a1e2967c0c566210abcc76d37fceb29d5011f8130ec","484321","2022-08-26T08:37:28.000Z","needs_review","0.35"
"a9bec051c865bc4f","医院院长办公会议事与决策规则","医院院长办公会议事与决策规则.doc","02_醫院管理與品質\未標示年份\医院院长办公会议事与决策规则.doc","醫院管理與品質","（無）","UNKNOWN","未標示年份","","待確認或非規範文件","其他／待確認","","doc","filename_only","9a0340da3d6e8df29bfffc2ae3a540febfa7e5fae26abf9e6f2d6b79e0aa5bfe","32256","2022-06-03T09:14:52.000Z","needs_review","0.35"
"5c91bcfd7eedf6d6","医院等级评审模拟检查中责任制整体护理现场评审的实践与体会","医院等级评审模拟检查中责任制整体护理现场评审的实践与体会.pdf","02_醫院管理與品質\未標示年份\医院等级评审模拟检查中责任制整体护理现场评审的实践与体会.pdf","醫院管理與品質","（無）","UNKNOWN","未標示年份","","醫院評鑑／認證標準","護理管理","","pdf","pdf_needs_ocr","c9505b65a3f786ae706c1167d57b8a03fc0ef89f4e262f32e8c44702cb96252b","860692","2025-07-09T03:37:32.000Z","needs_review","0.35"
"f92f21e2b73b4e55","围手术期质量管理-手术中管理","围手术期质量管理-手术中管理.pptx","02_醫院管理與品質\未標示年份\围手术期质量管理-手术中管理.pptx","醫院管理與品質","（無）","UNKNOWN","未標示年份","","教材／簡報／參考資料","醫院評鑑與醫療品質","醫療人員與執業管理；感染預防與控制；資訊安全與個人資料；醫技、檢驗與病理；手術、麻醉與疼痛管理；急診與緊急醫療；輸血與器官移植；醫療器材與設備；消防、治安與應急管理；環境、能源與醫療廢棄物；圖書、教育與文件管理","pptx","office_xml","85654a1d7e3a24a68a3db84b8d2ba892ee65fcb8d1f5c1e6dc6e58be1774f110","3379198","2024-11-29T06:58:32.000Z","needs_review","0.35"
"10ac390c3908ec5f","妊娠期妇女体重增长推荐值标准","妊娠期妇女体重增长推荐值标准.pdf","02_醫院管理與品質\未標示年份\妊娠期妇女体重增长推荐值标准.pdf","醫院管理與品質","（無）","UNKNOWN","未標示年份","","待確認或非規範文件","其他／待確認","","pdf","pdf_text_layer","174b98506344c43d1f5d1a02059c587b2de5a10e6c372b9e585ebed69600a7bf","206985","2022-08-27T04:51:08.000Z","needs_review","0.35"
"8708d3201f4dcecd","护理专业小组在护理质量管理中的实践和效果_钟润芳","护理专业小组在护理质量管理中的实践和效果_钟润芳.pdf","02_醫院管理與品質\未標示年份\护理专业小组在护理质量管理中的实践和效果_钟润芳.pdf","醫院管理與品質","（無）","UNKNOWN","未標示年份","","待確認或非規範文件","醫院評鑑與醫療品質","護理管理","pdf","pdf_text_layer","3569278ea3197e6051d6df3d0680bf0baf9744c9304f0d875b4f86e431770cd7","138225","2025-08-05T07:32:04.000Z","needs_review","0.35"
"581001ed24b7014f","护理质量控制表格的设计及应用_许颖","护理质量控制表格的设计及应用_许颖.pdf","02_醫院管理與品質\未標示年份\护理质量控制表格的设计及应用_许颖.pdf","醫院管理與品質","（無）","UNKNOWN","未標示年份","","待確認或非規範文件","護理管理","","pdf","pdf_text_layer","1eb6a874c7f3e05f46e32b2023f8422b6fdd11fbe2ba2e58dddacd485e4459e1","42117","2025-08-05T07:31:18.000Z","needs_review","0.35"
"9efed8339b4c6ea6","护理质量管理失控原因及对策","护理质量管理失控原因及对策.pdf","02_醫院管理與品質\未標示年份\护理质量管理失控原因及对策.pdf","醫院管理與品質","（無）","UNKNOWN","未標示年份","","待確認或非規範文件","醫院評鑑與醫療品質","護理管理","pdf","pdf_needs_ocr","f1d80713e649c40381bbe767a1a7a3ec6690572c92ab7d922d04dd5541c75777","323250","2025-08-07T11:45:04.000Z","needs_review","0.35"
"4154a07cc544b9ac","系統性品質文化的力量：創造卓越的醫療典範","系統性品質文化的力量：創造卓越的醫療典範.pdf","02_醫院管理與品質\未標示年份\系統性品質文化的力量：創造卓越的醫療典範.pdf","醫院管理與品質","（無）","TW","2025","2025；2023；2022；2021；2016；2007；2000","國家或地方標準","其他／待確認","","pdf","pdf_text_layer","93bc56498463ee664661e071cb2ffaa141fd5ffc59c4758d5bb61c4e5144e571","1296004","2025-09-29T06:01:10.000Z","needs_review","0.35"
"819dccce866c8b64","评审员工作手册","评审员工作手册.doc","02_醫院管理與品質\未標示年份\评审员工作手册.doc","醫院管理與品質","（無）","UNKNOWN","未標示年份","","醫院評鑑／認證標準","其他／待確認","","doc","filename_only","5e1ce75e3d52bb0745e08681978e20f4c5848c4aba4cc09a7091555b87961f39","60928","2023-09-06T06:00:38.000Z","needs_review","0.35"
"d0c175e569f201de","函-修正112年度醫院評鑑基準(醫學中心適用)","函-修正112年度醫院評鑑基準(醫學中心適用).pdf","02_醫院管理與品質\未標示年份\函-修正112年度醫院評鑑基準(醫學中心適用).pdf","醫院管理與品質","（無）","UNKNOWN","未標示年份","","醫院評鑑／認證標準","醫院評鑑與醫療品質","","pdf","pdf_text_layer","03f602ace7e92eb030e637e4c6733b146a95eab19fda74adef15657c95318559","71220","2023-07-27T12:26:44.000Z","needs_review","0.35"
"5e511995f95144ef","国务院办公厅关于推进医疗联合体建设和发展的指导意见","国务院办公厅关于推进医疗联合体建设和发展的指导意见.docx","02_醫院管理與品質\未標示年份\国务院办公厅关于推进医疗联合体建设和发展的指导意见.docx","醫院管理與品質","（無）","UNKNOWN","2020","2020；2017","研究論文／文獻","醫療治理與依法執業","醫院評鑑與醫療品質；醫療人員與執業管理；護理管理；藥事與藥品管理；感染預防與控制；病歷、電子病歷與醫療資料；資訊安全與個人資料；醫技、檢驗與病理；臨床診療與醫療技術；急診與緊急醫療；生殖、婦幼與月子服務；臨床研究與人體試驗；醫療保險與支付；後勤、建築與設施安全；財務、採購與內部稽核；圖書、教育與文件管理","docx","office_xml","d76166708a23f8b3ea0c9cad440368cd54299d5ca52f24e2bd3b16a02a92a2b3","21782","2023-03-01T02:05:58.000Z","needs_review","0.35"
"f1641766d17cdfc2","国家卫生计生委办公厅关于开展特色医院文化医院建设工作的通知","国家卫生计生委办公厅关于开展特色医院文化医院建设工作的通知.pdf","02_醫院管理與品質\未標示年份\国家卫生计生委办公厅关于开展特色医院文化医院建设工作的通知.pdf","醫院管理與品質","（無）","UNKNOWN","未標示年份","","國家或地方標準","其他／待確認","","pdf","pdf_text_layer","8f723ecbe532872d6af12862dfbc264a00121ad76953c5e64483fadafd34355d","405576","2022-06-03T08:11:48.000Z","needs_review","0.35"
"8c6e9ac72560f5b7","国家卫生计生委办公厅关于印发《医疗机构新生儿安全管理制度（试行）》的通知","国家卫生计生委办公厅关于印发《医疗机构新生儿安全管理制度（试行）》的通知.pdf","02_醫院管理與品質\未標示年份\国家卫生计生委办公厅关于印发《医疗机构新生儿安全管理制度（试行）》的通知.pdf","醫院管理與品質","（無）","UNKNOWN","未標示年份","","國家或地方標準","醫療治理與依法執業","","pdf","pdf_text_layer","1da3a732d3a17dd7c61e3f056db40101bcb64d15fb89ad4d2156b9f18d5866cf","200484","2024-08-07T07:17:08.000Z","needs_review","0.35"
"0216e89d25f20725","国家卫生计生委关于印发医学检验实验室基本标准和管理规范（试行）的通知","国家卫生计生委关于印发医学检验实验室基本标准和管理规范（试行）的通知.pdf","02_醫院管理與品質\未標示年份\国家卫生计生委关于印发医学检验实验室基本标准和管理规范（试行）的通知.pdf","醫院管理與品質","（無）","UNKNOWN","未標示年份","","國家或地方標準","醫技、檢驗與病理","","pdf","pdf_text_layer","48e30a473c3763e077d4be2b903f6278f7e225a4152746afaed855b661fe7bd7","469898","2022-09-07T13:20:12.000Z","needs_review","0.35"
"bb09a94fc38a182e","国家卫生健康委关于印发进一步加强卫生健康行业内部审计工作若干意见的通知---河北省卫生健康委员会","国家卫生健康委关于印发进一步加强卫生健康行业内部审计工作若干意见的通知---河北省卫生健康委员会.pdf","02_醫院管理與品質\未標示年份\国家卫生健康委关于印发进一步加强卫生健康行业内部审计工作若干意见的通知---河北省卫生健康委员会.pdf","醫院管理與品質","（無）","UNKNOWN","未標示年份","","國家或地方標準","醫療治理與依法執業","財務、採購與內部稽核","pdf","pdf_text_layer","66a2abe57f0147baf40cfdcb637fca19ba70f666ed59bf887cba03a557669df9","377497","2022-10-26T14:59:52.000Z","needs_review","0.35"
"146d94734aece02a","国家限制类技术临床应用管理规范","国家限制类技术临床应用管理规范.pdf","02_醫院管理與品質\未標示年份\国家限制类技术临床应用管理规范.pdf","醫院管理與品質","（無）","UNKNOWN","未標示年份","","國家或地方標準","臨床診療與醫療技術","","pdf","pdf_text_layer","fca7b76191c0e5c2dbb866e05e6851342cd7a35b7687ffa9407f6dbfa81de708","763268","2022-06-04T08:00:04.000Z","needs_review","0.35"
"7a40d8ff83a479fa","河北三級醫院對口幫扶成效評估","河北三級醫院對口幫扶成效評估.pdf","02_醫院管理與品質\未標示年份\河北三級醫院對口幫扶成效評估.pdf","醫院管理與品質","（無）","UNKNOWN","未標示年份","","待確認或非規範文件","其他／待確認","","pdf","pdf_needs_ocr","f556323c3a814c67081fef5e028a1ab8868c7e4a945c834a2ac35af1c4bbe82f","2017626","2022-08-27T06:24:26.000Z","needs_review","0.35"
"6c77e39b855a4585","河南省超声医学质量控制与管理模式探讨","河南省超声医学质量控制与管理模式探讨.pdf","02_醫院管理與品質\未標示年份\河南省超声医学质量控制与管理模式探讨.pdf","醫院管理與品質","（無）","CN","2019","2019；2018","研究論文／文獻","其他／待確認","","pdf","pdf_text_layer","3ecdf8b6c84edaddd839e09c23fc9135c868df35e594777a3f4660d958cd35fe","1085149","2022-07-06T10:47:22.000Z","needs_review","0.35"
"56fe01345cc3dbb9","河南省超声医学质量控制与管理模式探讨（2）","河南省超声医学质量控制与管理模式探讨（2）.pdf","02_醫院管理與品質\未標示年份\河南省超声医学质量控制与管理模式探讨（2）.pdf","醫院管理與品質","（無）","CN","2019","2019；2018","研究論文／文獻","其他／待確認","","pdf","pdf_text_layer","3ecdf8b6c84edaddd839e09c23fc9135c868df35e594777a3f4660d958cd35fe","1085149","2022-07-06T10:47:22.000Z","needs_review","0.35"
"77a84cd8c5fb77c1","环节质量控制联合改良查对方法在儿科病房","环节质量控制联合改良查对方法在儿科病房.pdf","02_醫院管理與品質\未標示年份\环节质量控制联合改良查对方法在儿科病房.pdf","醫院管理與品質","（無）","TW","未標示年份","","國家或地方標準","其他／待確認","","pdf","pdf_text_layer","3f4c01570458d641dd7cfd38730adaab0ac6570065a916bd032d64777327086f","1538552","2025-04-02T03:52:12.000Z","needs_review","0.35"
"c7e0a1cf02e98488","现场督查在POCT质量管理中的作用探讨","现场督查在POCT质量管理中的作用探讨 (1).pdf","02_醫院管理與品質\未標示年份\现场督查在POCT质量管理中的作用探讨 (1).pdf","醫院管理與品質","（無）","UNKNOWN","未標示年份","","研究論文／文獻","醫院評鑑與醫療品質","","pdf","pdf_text_layer","93d1257a7f26e16d166c4dee3636fa2daa506a153cc9b1ff2becd824db1652f4","1428634","2024-04-16T12:20:48.000Z","needs_review","0.35"
"3da705574a5198e7","现场督查在POCT质量管理中的作用探讨","现场督查在POCT质量管理中的作用探讨.pdf","02_醫院管理與品質\未標示年份\现场督查在POCT质量管理中的作用探讨.pdf","醫院管理與品質","（無）","UNKNOWN","未標示年份","","研究論文／文獻","醫院評鑑與醫療品質","","pdf","pdf_text_layer","93d1257a7f26e16d166c4dee3636fa2daa506a153cc9b1ff2becd824db1652f4","1428634","2024-04-16T12:19:36.000Z","needs_review","0.35"
"f2bc30aa6a5aca78","肥胖专病门诊建设经验与体重管理路径构建","肥胖专病门诊建设经验与体重管理路径构建.pdf","02_醫院管理與品質\未標示年份\肥胖专病门诊建设经验与体重管理路径构建.pdf","醫院管理與品質","（無）","UNKNOWN","未標示年份","","研究論文／文獻","其他／待確認","","pdf","pdf_needs_ocr","01c4464320c4145d9fa322e57998990aab7df09ad9c2f7b1b442c869d85350b8","1039850","2025-04-14T01:56:30.000Z","needs_review","0.35"
"d9e35d08aa21e549","肥胖专病门诊建设经验与体重管理路径构建（2）","肥胖专病门诊建设经验与体重管理路径构建（2）.pdf","02_醫院管理與品質\未標示年份\肥胖专病门诊建设经验与体重管理路径构建（2）.pdf","醫院管理與品質","（無）","UNKNOWN","未標示年份","","研究論文／文獻","其他／待確認","","pdf","pdf_needs_ocr","01c4464320c4145d9fa322e57998990aab7df09ad9c2f7b1b442c869d85350b8","1039850","2025-04-14T01:56:30.000Z","needs_review","0.35"
"f8a0a926bd6d1984","诚信计量管理规范 第 6 部分：","诚信计量管理规范 第 6 部分：.pdf","02_醫院管理與品質\未標示年份\诚信计量管理规范 第 6 部分：.pdf","醫院管理與品質","（無）","UNKNOWN","未標示年份","","國家或地方標準","其他／待確認","","pdf","pdf_text_layer","b0a9edc922622bb4971ba53e06bbce1d64b22fd7876f2aca4b474bd6f2773946","375967","2023-02-12T08:49:10.000Z","needs_review","0.35"
"0489a540941f2f8a","质量控制专项管理在提升超声科医疗质量中的作用","质量控制专项管理在提升超声科医疗质量中的作用.pdf","02_醫院管理與品質\未標示年份\质量控制专项管理在提升超声科医疗质量中的作用.pdf","醫院管理與品質","（無）","UNKNOWN","2021","2021","國家或地方標準","其他／待確認","","pdf","pdf_text_layer","a3fb81e1f12090b915fd5c1b56ba0b8fda9fd064aed8cc10836fa6c08499d0fb","1950267","2022-07-06T10:39:38.000Z","needs_review","0.35"
"d9d7b5d2b1df8179","质量控制专项管理在提升超声科医疗质量中的作用（2）","质量控制专项管理在提升超声科医疗质量中的作用（2）.pdf","02_醫院管理與品質\未標示年份\质量控制专项管理在提升超声科医疗质量中的作用（2）.pdf","醫院管理與品質","（無）","UNKNOWN","2021","2021","國家或地方標準","其他／待確認","","pdf","pdf_text_layer","a3fb81e1f12090b915fd5c1b56ba0b8fda9fd064aed8cc10836fa6c08499d0fb","1950267","2022-07-06T10:39:38.000Z","needs_review","0.35"
"a6b240f366eeb3df","附件3_中醫醫院評鑑資料表","附件3_中醫醫院評鑑資料表.docx","02_醫院管理與品質\未標示年份\附件3_中醫醫院評鑑資料表.docx","醫院管理與品質","（無）","UNKNOWN","未標示年份","","醫院評鑑／認證標準","醫療治理與依法執業","醫院評鑑與醫療品質；醫療人員與執業管理；護理管理；藥事與藥品管理；資訊安全與個人資料；臨床診療與醫療技術","docx","office_xml","41090d60405d259395b355f838868ca134a5fd860056a3ee4aaa78f51dd1422a","28359","2024-02-05T01:19:12.000Z","needs_review","0.35"
"a9aa66eaf36ada92","附件3、112年度IRB不定時追蹤查核作業審查會自評暨審查表(範本)","附件3、112年度IRB不定時追蹤查核作業審查會自評暨審查表(範本).pdf","02_醫院管理與品質\未標示年份\附件3、112年度IRB不定時追蹤查核作業審查會自評暨審查表(範本).pdf","醫院管理與品質","（無）","UNKNOWN","未標示年份","","國家或地方標準","其他／待確認","","pdf","pdf_text_layer","75d3b76b846ea40212728684b49dc200ca513e991c5b702c37e1671ae5e86d46","380237","2024-02-05T01:19:34.000Z","needs_review","0.35"
"ef1383f8a0583146","附件3健康体检标准","附件3健康体检标准.pdf","02_醫院管理與品質\未標示年份\附件3健康体检标准.pdf","醫院管理與品質","（無）","UNKNOWN","未標示年份","","待確認或非規範文件","其他／待確認","","pdf","pdf_text_layer","47244bdd6aa7a29d63fb57cfaccca6f694add8566c4db0dcee041f74b04d3b7b","951884","2022-06-20T03:59:24.000Z","needs_review","0.35"
"d6057534098d794f","附件6_107年度中醫醫院評鑑基準","附件6_107年度中醫醫院評鑑基準.doc","02_醫院管理與品質\未標示年份\附件6_107年度中醫醫院評鑑基準.doc","醫院管理與品質","（無）","UNKNOWN","未標示年份","","醫院評鑑／認證標準","醫院評鑑與醫療品質","","doc","filename_only","7c2773b9d116c189663613e0cd0a69fe804b725bc3eb9ef87f503ba870299926","453120","2024-02-05T01:19:14.000Z","needs_review","0.35"
"6cd72a411e62e2c9","附件7_107年度中醫醫院評鑑評量項目說明","附件7_107年度中醫醫院評鑑評量項目說明.doc","02_醫院管理與品質\未標示年份\附件7_107年度中醫醫院評鑑評量項目說明.doc","醫院管理與品質","（無）","UNKNOWN","未標示年份","","醫院評鑑／認證標準","醫院評鑑與醫療品質","","doc","filename_only","8166cefb747f0f0d9b7278722b57ea291b1ad7e95d2d9b26ee3e774932113896","620032","2024-02-05T01:19:16.000Z","needs_review","0.35"
"40a36feddd2d08fa","临床化学检验常用项目分析质量标准","临床化学检验常用项目分析质量标准.pdf","02_醫院管理與品質\未標示年份\临床化学检验常用项目分析质量标准.pdf","醫院管理與品質","（無）","UNKNOWN","未標示年份","","研究論文／文獻","醫技、檢驗與病理","臨床診療與醫療技術","pdf","pdf_text_layer","7b9d8c904ccaea73aced0fb725b204754f3c50a06305fba432490a29fc08c6ed","265280","2026-01-29T02:41:12.000Z","needs_review","0.35"
"8408031cd86797df","临床血液检验常用项目分析质量标准","临床血液检验常用项目分析质量标准.pdf","02_醫院管理與品質\未標示年份\临床血液检验常用项目分析质量标准.pdf","醫院管理與品質","（無）","UNKNOWN","未標示年份","","研究論文／文獻","醫技、檢驗與病理","臨床診療與醫療技術","pdf","pdf_text_layer","c2b73ecd97909e4b8ef0c5e063aed5f2dc63f4193e784a7894f3439e8b08dfe0","1293092","2026-01-29T02:40:50.000Z","needs_review","0.35"
"70fc77b6b129a564","便携式血糖仪临床操作和质量管理指南","便携式血糖仪临床操作和质量管理指南.pdf","02_醫院管理與品質\未標示年份\便携式血糖仪临床操作和质量管理指南.pdf","醫院管理與品質","（無）","UNKNOWN","未標示年份","","技術規範／診療指南","醫院評鑑與醫療品質","臨床診療與醫療技術","pdf","pdf_text_layer","ac877e04af21483cda84c2bd617cbc767e5b2aa1ad91762e50f9c9269c724ecd","310770","2026-01-29T02:42:34.000Z","needs_review","0.35"
"ed232e97fdeb1b82","便携式血糖仪临床操作和质量管理指南（2）","便携式血糖仪临床操作和质量管理指南（2）.pdf","02_醫院管理與品質\未標示年份\便携式血糖仪临床操作和质量管理指南（2）.pdf","醫院管理與品質","（無）","UNKNOWN","未標示年份","","技術規範／診療指南","醫院評鑑與醫療品質","臨床診療與醫療技術","pdf","pdf_text_layer","ac877e04af21483cda84c2bd617cbc767e5b2aa1ad91762e50f9c9269c724ecd","310770","2022-08-26T08:33:34.000Z","needs_review","0.35"
"b2d3ba0c60139337","咽喉科内镜诊疗技术临床应用管理规范","咽喉科内镜诊疗技术临床应用管理规范.pdf","02_醫院管理與品質\未標示年份\咽喉科内镜诊疗技术临床应用管理规范.pdf","醫院管理與品質","（無）","UNKNOWN","未標示年份","","國家或地方標準","臨床診療與醫療技術","","pdf","pdf_text_layer","b78c22ba8d10f15c903489cd043190681d12c3bb2bf5302774d7dde8ae31268d","179540","2024-05-29T11:15:42.000Z","needs_review","0.35"
"c4b27548527a4688","室间质量评价不合格原因分析","室间质量评价不合格原因分析.pdf","02_醫院管理與品質\未標示年份\室间质量评价不合格原因分析.pdf","醫院管理與品質","（無）","UNKNOWN","未標示年份","","研究論文／文獻","其他／待確認","","pdf","pdf_text_layer","5f09ca192e800251997e4be1ac0b25b3baae5e548a02975ff5af67f6e850278a","263677","2026-01-29T02:39:52.000Z","needs_review","0.35"
"f001c5c998b71f1a","室间质量评价不合格原因分析（2）","室间质量评价不合格原因分析（2）.pdf","02_醫院管理與品質\未標示年份\室间质量评价不合格原因分析（2）.pdf","醫院管理與品質","（無）","UNKNOWN","未標示年份","","研究論文／文獻","其他／待確認","","pdf","pdf_text_layer","5f09ca192e800251997e4be1ac0b25b3baae5e548a02975ff5af67f6e850278a","263677","2024-08-09T06:03:02.000Z","needs_review","0.35"
"951350cd62166b0a","浅谈医院等级评审对后勤管理工作的影响","浅谈医院等级评审对后勤管理工作的影响.pdf","02_醫院管理與品質\未標示年份\浅谈医院等级评审对后勤管理工作的影响.pdf","醫院管理與品質","（無）","UNKNOWN","未標示年份","","醫院評鑑／認證標準","後勤、建築與設施安全","","pdf","pdf_needs_ocr","73637ffb8181b081c9f1fbe0ded97a780a54c69565f4e02bc5a6ca5222eb213f","1399309","2023-02-12T06:25:58.000Z","needs_review","0.35"
"5398e89f91a1ca29","浅谈医院超声科室质量控制与管理常见问题及政策建议","浅谈医院超声科室质量控制与管理常见问题及政策建议.pdf","02_醫院管理與品質\未標示年份\浅谈医院超声科室质量控制与管理常见问题及政策建议.pdf","醫院管理與品質","（無）","UNKNOWN","未標示年份","","待確認或非規範文件","其他／待確認","","pdf","pdf_needs_ocr","96b62f70a20c7b66a13ce8c4fca8cb02f2048c348e0f96207dd649d02def97f8","1174346","2022-07-06T10:39:42.000Z","needs_review","0.35"
"ae7ffca48ec86552","浅谈医院超声科室质量控制与管理常见问题及政策建议（2）","浅谈医院超声科室质量控制与管理常见问题及政策建议（2）.pdf","02_醫院管理與品質\未標示年份\浅谈医院超声科室质量控制与管理常见问题及政策建议（2）.pdf","醫院管理與品質","（無）","UNKNOWN","未標示年份","","待確認或非規範文件","其他／待確認","","pdf","pdf_needs_ocr","96b62f70a20c7b66a13ce8c4fca8cb02f2048c348e0f96207dd649d02def97f8","1174346","2022-07-06T10:39:42.000Z","needs_review","0.35"
"7910ed0da1203b35","结核病临床检验实验室生物安全管理指标体系构建","结核病临床检验实验室生物安全管理指标体系构建.pdf","02_醫院管理與品質\未標示年份\结核病临床检验实验室生物安全管理指标体系构建.pdf","醫院管理與品質","（無）","UNKNOWN","未標示年份","","待確認或非規範文件","醫技、檢驗與病理","臨床診療與醫療技術","pdf","pdf_needs_ocr","8c88e58d3fe4467b019c686e7e318c42bbe4ee31d4099e838d9b123d2c7a0556","997120","2026-03-24T04:20:54.000Z","needs_review","0.35"
"ceff76632b3b381e","重庆市医护人员执业信用管理办法（试行）","重庆市医护人员执业信用管理办法（试行）.pdf","02_醫院管理與品質\未標示年份\重庆市医护人员执业信用管理办法（试行）.pdf","醫院管理與品質","（無）","CN","未標示年份","","國家或地方標準","其他／待確認","","pdf","pdf_text_layer","96fcadb3e59e18d07dcd4cfc910b20a5141a31291629e38bba9182e604fca2d2","686307","2022-10-10T03:05:28.000Z","needs_review","0.35"
"1c7f3d00e6ade0e3","重点场景视频监控辅助质控在急诊输液室质量管理中的应用效果","重点场景视频监控辅助质控在急诊输液室质量管理中的应用效果.pdf","02_醫院管理與品質\未標示年份\重点场景视频监控辅助质控在急诊输液室质量管理中的应用效果.pdf","醫院管理與品質","（無）","UNKNOWN","未標示年份","","國家或地方標準","醫院評鑑與醫療品質","急診與緊急醫療","pdf","pdf_text_layer","6d6fa43ad221fcc1a76f484bd4022b611f2d1f16d7661faa6e41a384a0e978b9","8262604","2025-04-02T05:27:12.000Z","needs_review","0.35"
"51e01725152815db","重点场景视频监控辅助质控在急诊输液室质量管理中的应用效果（2）","重点场景视频监控辅助质控在急诊输液室质量管理中的应用效果（2）.pdf","02_醫院管理與品質\未標示年份\重点场景视频监控辅助质控在急诊输液室质量管理中的应用效果（2）.pdf","醫院管理與品質","（無）","UNKNOWN","未標示年份","","國家或地方標準","醫院評鑑與醫療品質","急診與緊急醫療","pdf","pdf_text_layer","6d6fa43ad221fcc1a76f484bd4022b611f2d1f16d7661faa6e41a384a0e978b9","8262604","2025-04-02T05:27:12.000Z","needs_review","0.35"
"b78cbcd1cdf3a43f","重点场景视频监控辅助质控在急诊输液室质量管理中的应用效果（2）（3）","重点场景视频监控辅助质控在急诊输液室质量管理中的应用效果（2）（3）.pdf","02_醫院管理與品質\未標示年份\重点场景视频监控辅助质控在急诊输液室质量管理中的应用效果（2）（3）.pdf","醫院管理與品質","（無）","UNKNOWN","未標示年份","","國家或地方標準","醫院評鑑與醫療品質","急診與緊急醫療","pdf","pdf_text_layer","6d6fa43ad221fcc1a76f484bd4022b611f2d1f16d7661faa6e41a384a0e978b9","8262604","2025-04-02T05:27:12.000Z","needs_review","0.35"
"d3f80c4391678949","重症监护病房管理规范(试行)","重症监护病房管理规范(试行).doc","02_醫院管理與品質\未標示年份\重症监护病房管理规范(试行).doc","醫院管理與品質","（無）","UNKNOWN","未標示年份","","待確認或非規範文件","其他／待確認","","doc","filename_only","1d1fd5fc9b94b68982f1f4957db97b73bb525d9388dfff97663f10a6045d56ab","41472","2022-06-09T03:01:38.000Z","needs_review","0.35"
"cd10c1fc98d99f70","病理标本处理管理规范","病理标本处理管理规范.pdf","02_醫院管理與品質\未標示年份\病理标本处理管理规范.pdf","醫院管理與品質","（無）","UNKNOWN","未標示年份","","國家或地方標準","醫技、檢驗與病理","","pdf","pdf_text_layer","e52487650a8dbbe9a7380b90416570b492ccb3a5495e6d80430f3a888d8e21aa","466966","2022-08-15T09:00:08.000Z","needs_review","0.35"
"8c4527d5ac923311","脊柱内镜诊疗技术临床应用管理规范","脊柱内镜诊疗技术临床应用管理规范.pdf","02_醫院管理與品質\未標示年份\脊柱内镜诊疗技术临床应用管理规范.pdf","醫院管理與品質","（無）","UNKNOWN","未標示年份","","國家或地方標準","臨床診療與醫療技術","","pdf","pdf_text_layer","d4668a9fa12e2909c04a812c2115ddc48971d57ede659ea1568e0ee73ce57fa9","179810","2024-05-29T11:14:24.000Z","needs_review","0.35"
"59af78639b4fb212","追踪方法学持续质量改进结合变频工作制干预改善门急诊输液室输液护理质量的效果","追踪方法学持续质量改进结合变频工作制干预改善门急诊输液室输液护理质量的效果.pdf","02_醫院管理與品質\未標示年份\追踪方法学持续质量改进结合变频工作制干预改善门急诊输液室输液护理质量的效果.pdf","醫院管理與品質","（無）","UNKNOWN","未標示年份","","待確認或非規範文件","護理管理","急診與緊急醫療","pdf","pdf_needs_ocr","022b1fae56bec9af7956dd18dacde2c4f231338948c7c2cc5236bc3add352841","1424973","2024-08-24T08:39:50.000Z","needs_review","0.35"
"5821244e7b862a35","追踪方法学持续质量改进结合变频工作制干预改善门急诊输液室输液护理质量的效果（2）","追踪方法学持续质量改进结合变频工作制干预改善门急诊输液室输液护理质量的效果（2）.pdf","02_醫院管理與品質\未標示年份\追踪方法学持续质量改进结合变频工作制干预改善门急诊输液室输液护理质量的效果（2）.pdf","醫院管理與品質","（無）","UNKNOWN","未標示年份","","待確認或非規範文件","護理管理","急診與緊急醫療","pdf","pdf_needs_ocr","022b1fae56bec9af7956dd18dacde2c4f231338948c7c2cc5236bc3add352841","1424973","2024-08-24T08:39:50.000Z","needs_review","0.35"
"2da23e23421b5e12","院前医疗急救调度操作规范","院前医疗急救调度操作规范.pdf","02_醫院管理與品質\未標示年份\院前医疗急救调度操作规范.pdf","醫院管理與品質","（無）","UNKNOWN","未標示年份","","待確認或非規範文件","其他／待確認","","pdf","pdf_needs_ocr","95f0beff41366576e481793b85724e359186149dc85f926e588e9f6b66532485","1276023","2023-07-13T03:37:02.000Z","needs_review","0.35"
"b96b24ee321be154","高质量高水平医院的评价体系初探","高质量高水平医院的评价体系初探.pdf","02_醫院管理與品質\未標示年份\高质量高水平医院的评价体系初探.pdf","醫院管理與品質","（無）","UNKNOWN","未標示年份","","待確認或非規範文件","其他／待確認","","pdf","pdf_needs_ocr","d8d5f6e72c048c7f67229c5f4b64844947ff3c78f99ed1a4416089900b38a5c5","1296440","2025-12-24T08:19:44.000Z","needs_review","0.35"
"83e0625a91838b6a","健康体检管理暂行规定","健康体检管理暂行规定.pdf","02_醫院管理與品質\未標示年份\健康体检管理暂行规定.pdf","醫院管理與品質","（無）","UNKNOWN","未標示年份","","行政法規／條例","其他／待確認","","pdf","pdf_needs_ocr","e112e7c4c26aeb03b851f56f6b8890ef4ede061e671673d15b2d08407b379071","916578","2023-09-21T07:20:14.000Z","needs_review","0.35"
"aa9fb979308e320e","基于价值医疗的病种绩效管理实践与探索","基于价值医疗的病种绩效管理实践与探索.pdf","02_醫院管理與品質\未標示年份\基于价值医疗的病种绩效管理实践与探索.pdf","醫院管理與品質","（無）","UNKNOWN","未標示年份","","國家或地方標準","其他／待確認","","pdf","pdf_text_layer","8b644daf042b7dbb505fb9779a3b9203d598375b7b05f5b583ad058a1b3c19be","818013","2026-04-14T05:20:02.000Z","needs_review","0.35"
"7a872f62f7dcc1d6","基于全面质量管理理论的_日-月-季_质量控制模式对护理质量的影响","基于全面质量管理理论的_日-月-季_质量控制模式对护理质量的影响.pdf","02_醫院管理與品質\未標示年份\基于全面质量管理理论的_日-月-季_质量控制模式对护理质量的影响.pdf","醫院管理與品質","（無）","UNKNOWN","未標示年份","","待確認或非規範文件","醫院評鑑與醫療品質","護理管理","pdf","pdf_needs_ocr","1c5b226491b3290a6cfe55ac457c2ce66ea63cc94ec5e80f3a85475c2d898963","1509870","2026-02-05T04:21:28.000Z","needs_review","0.35"
"a398f13fcce7e877","基于SERVPERF模型的_互联网+护理服务_质量评价指标体系的构建","基于SERVPERF模型的_互联网+护理服务_质量评价指标体系的构建.pdf","02_醫院管理與品質\未標示年份\基于SERVPERF模型的_互联网+护理服务_质量评价指标体系的构建.pdf","醫院管理與品質","（無）","UNKNOWN","未標示年份","","國家或地方標準","護理管理","","pdf","pdf_text_layer","18e235a1ade0658b7044e1f8619248603f109245adfebfbab36d63e25012d486","1326086","2025-08-05T08:34:40.000Z","needs_review","0.35"
"189acaa24da9dc2b","基于TQM和内审机制的全面医疗质量控制体系建设","基于TQM和内审机制的全面医疗质量控制体系建设.pdf","02_醫院管理與品質\未標示年份\基于TQM和内审机制的全面医疗质量控制体系建设.pdf","醫院管理與品質","（無）","UNKNOWN","未標示年份","","待確認或非規範文件","財務、採購與內部稽核","","pdf","pdf_needs_ocr","516b5dc302ca0cda18dbde101fe3e0945ac423a57b7dfc94709d77eb4905af1c","1154758","2025-07-09T03:26:18.000Z","needs_review","0.35"
"6f11ec298552f195","眼科医院基本标准（试行","眼科医院基本标准（试行.pdf","02_醫院管理與品質\未標示年份\眼科医院基本标准（试行.pdf","醫院管理與品質","（無）","UNKNOWN","未標示年份","","待確認或非規範文件","其他／待確認","","pdf","pdf_needs_ocr","b8094973a1072edf7ee63f7ccbee7a671bf220a197302ac968027109ccc2f5a8","324604","2023-09-21T07:21:30.000Z","needs_review","0.35"
"c8d21825a121ce09","眼科医院管理（试行","眼科医院管理（试行.docx","02_醫院管理與品質\未標示年份\眼科医院管理（试行.docx","醫院管理與品質","（無）","UNKNOWN","未標示年份","","研究論文／文獻","醫療治理與依法執業","醫院評鑑與醫療品質；醫療人員與執業管理；護理管理；藥事與藥品管理；感染預防與控制；病歷、電子病歷與醫療資料；資訊安全與個人資料；醫技、檢驗與病理；臨床診療與醫療技術；手術、麻醉與疼痛管理；急診與緊急醫療；生殖、婦幼與月子服務；職業安全與員工健康；醫療器材與設備；後勤、建築與設施安全；消防、治安與應急管理；環境、能源與醫療廢棄物；財務、採購與內部稽核；圖書、教育與文件管理","docx","office_xml","80a93670a2f584d4b0606fb8ea9503ae8ff2747dac882bf5cbd9d29d5a7d88cd","17349","2023-09-21T07:23:26.000Z","needs_review","0.35"
"9c1aab1279cf50b2","第 2-20 部分：患者服务 血液净化","第 2-20 部分：患者服务 血液净化.pdf","02_醫院管理與品質\未標示年份\第 2-20 部分：患者服务 血液净化.pdf","醫院管理與品質","（無）","UNKNOWN","未標示年份","","待確認或非規範文件","其他／待確認","","pdf","pdf_text_layer","5a78dc953bf49289c7054731eb6174722d085b8ae540090caedba16548e6621a","1786138","2022-06-20T04:02:26.000Z","needs_review","0.35"
"f4ac753ddffcedd4","第 4-4 部分：医疗管理 医疗风险管理","第 4-4 部分：医疗管理 医疗风险管理.pdf","02_醫院管理與品質\未標示年份\第 4-4 部分：医疗管理 医疗风险管理.pdf","醫院管理與品質","（無）","UNKNOWN","未標示年份","","待確認或非規範文件","其他／待確認","","pdf","pdf_text_layer","7b7095ec2e02c4723ef614b586ae58189bf6ef0b7f08033d35b92711679e2fe5","799822","2022-06-20T04:05:36.000Z","needs_review","0.35"
"683261d66351f294","第 4-4 部分：医疗管理 医疗风险管理（2）","第 4-4 部分：医疗管理 医疗风险管理（2）.pdf","02_醫院管理與品質\未標示年份\第 4-4 部分：医疗管理 医疗风险管理（2）.pdf","醫院管理與品質","（無）","UNKNOWN","未標示年份","","待確認或非規範文件","其他／待確認","","pdf","pdf_text_layer","7b7095ec2e02c4723ef614b586ae58189bf6ef0b7f08033d35b92711679e2fe5","799822","2022-06-20T04:05:36.000Z","needs_review","0.35"
"cb70d457c731af5a","辅助生殖技术临床关键指标质控专家共识","辅助生殖技术临床关键指标质控专家共识.doc","02_醫院管理與品質\未標示年份\辅助生殖技术临床关键指标质控专家共识.doc","醫院管理與品質","（無）","UNKNOWN","未標示年份","","專家共識","醫院評鑑與醫療品質","臨床診療與醫療技術；生殖、婦幼與月子服務","doc","filename_only","42a279875d5711488506e7cfe826ea524401a9a10f289ae2e78b4befedf4b00e","48680","2023-10-09T05:55:54.000Z","needs_review","0.35"
"92cda9d14746e493","辅助医学生殖中心建设标准","辅助医学生殖中心建设标准.pdf","02_醫院管理與品質\未標示年份\辅助医学生殖中心建设标准.pdf","醫院管理與品質","（無）","UNKNOWN","2020","2020；2019；2017；2003","國家或地方標準","生殖、婦幼與月子服務","","pdf","pdf_text_layer","0d2e6972efcd8d61822ac15c79e29d98cd46aeccc68946bd2c007b096922b74f","2122343","2022-08-15T09:16:10.000Z","needs_review","0.35"
"2539fc00bc9fecf9","麻 醉 记 录 单 标 准","麻 醉 记 录 单 标 准.pdf","02_醫院管理與品質\未標示年份\麻 醉 记 录 单 标 准.pdf","醫院管理與品質","（無）","UNKNOWN","未標示年份","","待確認或非規範文件","其他／待確認","","pdf","pdf_text_layer","07a6a3538c367d66d3ce0ae447e0357a21d1a77708fb421bcb4be5b34de025f0","571406","2024-08-22T05:23:32.000Z","needs_review","0.35"
"70aabe8c67f0b7d9","提升质量管理体系内部审核效果的探讨","提升质量管理体系内部审核效果的探讨.pdf","02_醫院管理與品質\未標示年份\提升质量管理体系内部审核效果的探讨.pdf","醫院管理與品質","（無）","UNKNOWN","未標示年份","","研究論文／文獻","醫院評鑑與醫療品質","","pdf","pdf_needs_ocr","76f7f58f0bf8d3abc64aeae9bf6347620e5de54ec71aaca6ed013bfafc8aa68f","1189285","2025-07-09T03:26:40.000Z","needs_review","0.35"
"010c81015b440be1","智慧慢病系统助力医共体慢病服务模式的实践与启示","智慧慢病系统助力医共体慢病服务模式的实践与启示.pdf","02_醫院管理與品質\未標示年份\智慧慢病系统助力医共体慢病服务模式的实践与启示.pdf","醫院管理與品質","（無）","UNKNOWN","未標示年份","","國家或地方標準","其他／待確認","","pdf","pdf_text_layer","c9140d5661e04f5140d212156f8a40e179ad428f98082a22614dc463f0aa3d3a","704675","2024-08-24T08:37:48.000Z","needs_review","0.35"
"c24c88e0c1092f6b","湖北省三级中医医院评审标准","湖北省三级中医医院评审标准.pdf","02_醫院管理與品質\未標示年份\湖北省三级中医医院评审标准.pdf","醫院管理與品質","（無）","CN","未標示年份","","醫院評鑑／認證標準","其他／待確認","","pdf","pdf_text_layer","dff713a252d601f5bf8dc254710d031f9ac707093656782342e9e119837b39d3","1778722","2025-03-03T02:36:04.000Z","needs_review","0.35"
"df2eec8c2ca460d3","湖北省三级医院评审标准实施细则","湖北省三级医院评审标准实施细则.pdf","02_醫院管理與品質\未標示年份\湖北省三级医院评审标准实施细则.pdf","醫院管理與品質","（無）","CN","2023","2023；2022；2019","醫院評鑑／認證標準","其他／待確認","","pdf","pdf_text_layer","fad5e810cce17bfbc8014cce98d857e6555fcc0fa4349690764f105198c584ee","2250164","2025-03-03T02:40:40.000Z","needs_review","0.35"
"3060c57736097c3c","等级医院评审人体器官捐献与移植技术评价标准专家共识","等级医院评审人体器官捐献与移植技术评价标准专家共识.pdf","02_醫院管理與品質\未標示年份\等级医院评审人体器官捐献与移植技术评价标准专家共识.pdf","醫院管理與品質","（無）","UNKNOWN","未標示年份","","醫院評鑑／認證標準","其他／待確認","","pdf","pdf_needs_ocr","0a28177d5208c7eb115d29cd0afaf032fa80258890e672f584ba78dfcb6bc191","1357058","2024-08-24T08:40:52.000Z","needs_review","0.35"
"4edc8029593b36c2","联合委员会国际部评审对医院后勤管理的推动作用","联合委员会国际部评审对医院后勤管理的推动作用.pdf","02_醫院管理與品質\未標示年份\联合委员会国际部评审对医院后勤管理的推动作用.pdf","醫院管理與品質","（無）","UNKNOWN","未標示年份","","醫院評鑑／認證標準","後勤、建築與設施安全","","pdf","pdf_text_layer","933d75c16f02d8d3bcde81cb5a117c2df21532f971bd4fda81bd2a1e26ba9520","410673","2023-02-10T06:47:44.000Z","needs_review","0.35"
"e8233e717ac81cb4","超声医学图像及报告质量管理系统设计与应用","超声医学图像及报告质量管理系统设计与应用.pdf","02_醫院管理與品質\未標示年份\超声医学图像及报告质量管理系统设计与应用.pdf","醫院管理與品質","（無）","UNKNOWN","未標示年份","","國家或地方標準","醫院評鑑與醫療品質","","pdf","pdf_text_layer","b58bc216068e2b8e1e4f0af46e333ea759b040f856c67cd4bcb94da146485450","1503012","2022-07-06T10:39:32.000Z","needs_review","0.35"
"2fa1812cf09f7715","超声医学图像及报告质量管理系统设计与应用（2）","超声医学图像及报告质量管理系统设计与应用（2）.pdf","02_醫院管理與品質\未標示年份\超声医学图像及报告质量管理系统设计与应用（2）.pdf","醫院管理與品質","（無）","UNKNOWN","未標示年份","","國家或地方標準","醫院評鑑與醫療品質","","pdf","pdf_text_layer","b58bc216068e2b8e1e4f0af46e333ea759b040f856c67cd4bcb94da146485450","1503012","2022-07-06T10:39:32.000Z","needs_review","0.35"
"2b081d3baeb72569","超声诊断专业医疗质量控制指标","超声诊断专业医疗质量控制指标.pdf","02_醫院管理與品質\未標示年份\超声诊断专业医疗质量控制指标.pdf","醫院管理與品質","（無）","UNKNOWN","未標示年份","","待確認或非規範文件","其他／待確認","","pdf","pdf_text_layer","2641885f16dbfc782f54b7ac9df0e28e97ee04a855b519c600c10262ebe31f8e","500558","2022-07-06T02:12:00.000Z","needs_review","0.35"
"8886dc6af4e0e923","鼻科内镜诊疗技术临床应用管理规范","鼻科内镜诊疗技术临床应用管理规范.pdf","02_醫院管理與品質\未標示年份\鼻科内镜诊疗技术临床应用管理规范.pdf","醫院管理與品質","（無）","UNKNOWN","未標示年份","","國家或地方標準","臨床診療與醫療技術","","pdf","pdf_text_layer","7bd211e45288785e34da31b79c73945143936d39932f6a0c8ada449586e92d0d","163211","2024-05-29T11:15:36.000Z","needs_review","0.35"
"1d5cb0f4f06dfda0","衛生福利部醫院評鑑及教學醫院評鑑儲備評鑑委員遴選委員會組織及運作要點","衛生福利部醫院評鑑及教學醫院評鑑儲備評鑑委員遴選委員會組織及運作要點(1080321).pdf","02_醫院管理與品質\未標示年份\衛生福利部醫院評鑑及教學醫院評鑑儲備評鑑委員遴選委員會組織及運作要點(1080321).pdf","醫院管理與品質","（無）","UNKNOWN","未標示年份","","醫院評鑑／認證標準","醫院評鑑與醫療品質","","pdf","pdf_text_layer","49702d3a51457f00ab731c0b4784bd8cf625e2e99fbd42b227f1663b1aa82295","160642","2023-07-27T12:27:52.000Z","needs_review","0.35"
"74a70d10dc3e7b25","醫師外出會診管理規定","醫師外出會診管理規定.pdf","02_醫院管理與品質\未標示年份\醫師外出會診管理規定.pdf","醫院管理與品質","（無）","UNKNOWN","未標示年份","","行政法規／條例","醫療人員與執業管理","","pdf","pdf_text_layer","b5b1416f13d96b3ca3cbd7b4b6bff23ba402c1a996734c2bdd875035527394ec","168319","2022-11-16T07:41:06.000Z","needs_review","0.35"
"2003d38c54f4442a","醫院候診室衛生標準","醫院候診室衛生標準.pdf","02_醫院管理與品質\未標示年份\醫院候診室衛生標準.pdf","醫院管理與品質","（無）","UNKNOWN","未標示年份","","待確認或非規範文件","其他／待確認","","pdf","pdf_needs_ocr","d07ca8e4339caba1be77b106801da07dda8fc6e158d2486f9a124e9884be9023","1452940","2022-04-23T13:23:32.000Z","needs_review","0.35"
"81992361ee54bbb4","醫院評鑑及教學醫院評鑑委員評核作業要點(衛福部核定)","醫院評鑑及教學醫院評鑑委員評核作業要點(衛福部核定).pdf","02_醫院管理與品質\未標示年份\醫院評鑑及教學醫院評鑑委員評核作業要點(衛福部核定).pdf","醫院管理與品質","（無）","UNKNOWN","未標示年份","","醫院評鑑／認證標準","醫院評鑑與醫療品質","","pdf","pdf_text_layer","01d16413f1855263a060fef5543bc7b7989c700f99f4a466015fd24882d498bc","432195","2024-02-05T01:18:22.000Z","needs_review","0.35"
"7429c17c9652818c","醫院評鑑及教學醫院評鑑委員遴聘要點(Guidelines+for+Hospital+Accreditation+Surveyors+Selection+and+Appointment)","醫院評鑑及教學醫院評鑑委員遴聘要點(Guidelines+for+Hospital+Accreditation+Surveyors+Selection+and+Appointment).pdf","02_醫院管理與品質\未標示年份\醫院評鑑及教學醫院評鑑委員遴聘要點(Guidelines+for+Hospital+Accreditation+Surveyors+Selection+and+Appointment).pdf","醫院管理與品質","（無）","UNKNOWN","未標示年份","","醫院評鑑／認證標準","醫院評鑑與醫療品質","","pdf","pdf_needs_ocr","b9140d557394411c46f88788fdbf739c427614535ac20cdde1bc1d056a6c2d3d","5955765","2024-02-05T01:18:22.000Z","needs_review","0.35"
"5180d1f5c5feb994","醫療機構管理條例","醫療機構管理條例.pdf","02_醫院管理與品質\未標示年份\醫療機構管理條例.pdf","醫院管理與品質","（無）","UNKNOWN","未標示年份","","國家或地方標準","醫療治理與依法執業","","pdf","pdf_text_layer","3adf60a899243704615c4129e6a92726b1505957f7f3e3c868c3060fcc936a9a","490760","2022-06-01T05:03:52.000Z","needs_review","0.35"
"5e7eb63d035bd414","醫療機構管理條例細則","醫療機構管理條例細則.pdf","02_醫院管理與品質\未標示年份\醫療機構管理條例細則.pdf","醫院管理與品質","（無）","UNKNOWN","未標示年份","","國家或地方標準","醫療治理與依法執業","","pdf","pdf_text_layer","25845edff402484d453cbf80d752bf45c3c0047176bfab0e896289d1fe30f5e5","490735","2022-08-24T01:52:32.000Z","needs_review","0.35"
"24e84b0a5007bf7e","C172S-010001-02飞行检查单","C172S-010001-02飞行检查单.pdf","02_醫院管理與品質\未標示年份\C172S-010001-02飞行检查单.pdf","醫院管理與品質","（無）","INTL","2012","2012","查檢表／稽核表","其他／待確認","","pdf","pdf_text_layer","384ce11fccc3f3d4d5388d8384783dc68e41e44de08c2cfffd438b90d1e288da","150332","2025-08-07T12:34:46.000Z","needs_review","0.35"
"5bc555221db8bbdb","Comparative analysis of medical device adverse event reporting forms for patients and industries across various countries_ and the introduction of a unified generic form for harmonization","Comparative analysis of medical device adverse event reporting forms for patients and industries across various countries_ and the introduction of a unified generic form for harmonization (1).pdf","02_醫院管理與品質\未標示年份\Comparative analysis of medical device adverse event reporting forms for patients and industries across various countries_ and the introduction of a unified generic form for harmonization (1).pdf","醫院管理與品質","（無）","UNKNOWN","未標示年份","","待確認或非規範文件","其他／待確認","","pdf","pdf_text_layer","7474a3f19cd08e246342e04d46e08c7f099c19f18d8b6032eadea574e6c3a047","1149134","2025-09-08T10:28:12.000Z","needs_review","0.35"
"0c1e9623cf4d0042","Comparative analysis of medical device adverse event reporting forms for patients and industries across various countries_ and the introduction of a unified generic form for harmonization","Comparative analysis of medical device adverse event reporting forms for patients and industries across various countries_ and the introduction of a unified generic form for harmonization.pdf","02_醫院管理與品質\未標示年份\Comparative analysis of medical device adverse event reporting forms for patients and industries across various countries_ and the introduction of a unified generic form for harmonization.pdf","醫院管理與品質","（無）","UNKNOWN","未標示年份","","待確認或非規範文件","其他／待確認","","pdf","pdf_text_layer","7474a3f19cd08e246342e04d46e08c7f099c19f18d8b6032eadea574e6c3a047","1149134","2025-09-08T10:24:14.000Z","needs_review","0.35"
"f292bedda15cd3c9","CT检查操作规程","CT检查操作规程.pdf","02_醫院管理與品質\未標示年份\CT检查操作规程.pdf","醫院管理與品質","（無）","UNKNOWN","未標示年份","","國家或地方標準","其他／待確認","","pdf","pdf_text_layer","1ef278a3657a8092b7b2b23f3cebcc55dd79a2726fd40a7e621fb435dfb2b3fc","708777","2024-08-22T05:24:32.000Z","needs_review","0.35"
"4400376e33d1e65c","endorsed-documents-improving-root-cause-analyses-actions-prevent-harm","endorsed-documents-improving-root-cause-analyses-actions-prevent-harm.pdf","02_醫院管理與品質\未標示年份\endorsed-documents-improving-root-cause-analyses-actions-prevent-harm.pdf","醫院管理與品質","（無）","INTL","2015","2015；1997","國家或地方標準","其他／待確認","","pdf","pdf_text_layer","74561df7ee06833a2542b8af4257c3749e907672a1ae6d5b3cff5e4e0c140341","757788","2025-07-18T01:43:26.000Z","needs_review","0.35"
"fca8e9a1922731fc","ESG视域下公立医院可持续发展评价指标体系构建","ESG视域下公立医院可持续发展评价指标体系构建 (1).pdf","02_醫院管理與品質\未標示年份\ESG视域下公立医院可持续发展评价指标体系构建 (1).pdf","醫院管理與品質","（無）","UNKNOWN","未標示年份","","國家或地方標準","環境、能源與醫療廢棄物","","pdf","pdf_text_layer","87756cfe8c2a8f3ff5a8537fa0b4a39ea1d594668e97334d2f168a25694192d4","1266764","2026-03-28T08:18:24.000Z","needs_review","0.35"
"57eca7f51bc92440","ESG视域下公立医院可持续发展评价指标体系构建","ESG视域下公立医院可持续发展评价指标体系构建 (2).pdf","02_醫院管理與品質\未標示年份\ESG视域下公立医院可持续发展评价指标体系构建 (2).pdf","醫院管理與品質","（無）","UNKNOWN","未標示年份","","國家或地方標準","環境、能源與醫療廢棄物","","pdf","pdf_text_layer","87756cfe8c2a8f3ff5a8537fa0b4a39ea1d594668e97334d2f168a25694192d4","1266764","2026-03-26T08:20:22.000Z","needs_review","0.35"
"9f158cf8c36fec70","ESG视域下公立医院可持续发展评价指标体系构建","ESG视域下公立医院可持续发展评价指标体系构建.pdf","02_醫院管理與品質\未標示年份\ESG视域下公立医院可持续发展评价指标体系构建.pdf","醫院管理與品質","（無）","UNKNOWN","未標示年份","","國家或地方標準","環境、能源與醫療廢棄物","","pdf","pdf_text_layer","87756cfe8c2a8f3ff5a8537fa0b4a39ea1d594668e97334d2f168a25694192d4","1266764","2026-03-26T08:20:22.000Z","needs_review","0.35"
"0ba9f65b83238941","ESG视域下公立医院可持续发展评价指标体系构建（2）","ESG视域下公立医院可持续发展评价指标体系构建（2）.pdf","02_醫院管理與品質\未標示年份\ESG视域下公立医院可持续发展评价指标体系构建（2）.pdf","醫院管理與品質","（無）","UNKNOWN","未標示年份","","國家或地方標準","環境、能源與醫療廢棄物","","pdf","pdf_text_layer","87756cfe8c2a8f3ff5a8537fa0b4a39ea1d594668e97334d2f168a25694192d4","1266764","2026-03-28T02:31:08.000Z","needs_review","0.35"
"5833092aa661410b","ESG理念赋能公立医院高质量发展","ESG理念赋能公立医院高质量发展.pdf","02_醫院管理與品質\未標示年份\ESG理念赋能公立医院高质量发展.pdf","醫院管理與品質","（無）","UNKNOWN","未標示年份","","國家或地方標準","環境、能源與醫療廢棄物","","pdf","pdf_text_layer","820cd4745f90cb215443751f4074a4d8161693f29d613b8a037c54fbca12c1c7","1503042","2026-03-26T08:20:26.000Z","needs_review","0.35"
"71741f9b0d286a2d","ESG理念赋能公立医院高质量发展（2）","ESG理念赋能公立医院高质量发展（2）.pdf","02_醫院管理與品質\未標示年份\ESG理念赋能公立医院高质量发展（2）.pdf","醫院管理與品質","（無）","UNKNOWN","未標示年份","","國家或地方標準","環境、能源與醫療廢棄物","","pdf","pdf_text_layer","820cd4745f90cb215443751f4074a4d8161693f29d613b8a037c54fbca12c1c7","1503042","2026-03-26T08:20:26.000Z","needs_review","0.35"
"e1406f4a6b7a3253","PDCA循环在产房抢救车质量管理中的应用","PDCA循环在产房抢救车质量管理中的应用.pdf","02_醫院管理與品質\未標示年份\PDCA循环在产房抢救车质量管理中的应用.pdf","醫院管理與品質","（無）","UNKNOWN","未標示年份","","待確認或非規範文件","醫院評鑑與醫療品質","","pdf","pdf_needs_ocr","ff40df4eeb9bb0194358f1b216b7126d485b7428eb7fe70fbf5751beec2805b4","1011009","2022-06-30T05:19:14.000Z","needs_review","0.35"
"60c7b1dbcf0c40bb","rca2-improving-root-cause-analyses-and-actions-to-prevent-harm","rca2-improving-root-cause-analyses-and-actions-to-prevent-harm.pdf","02_醫院管理與品質\未標示年份\rca2-improving-root-cause-analyses-and-actions-to-prevent-harm.pdf","醫院管理與品質","（無）","TW","2008","2008；1960；1904","國家或地方標準","其他／待確認","","pdf","pdf_text_layer","b1a6c7e1a02d412c52da0c5c3de928454e75fcc7757dc864c0dae97a61792ac0","1312254","2025-07-18T01:52:12.000Z","needs_review","0.35"
"ccbc90feb4a82e26","T_ 医院医疗器械管理规范 第 9 维护维修管理","T_ 医院医疗器械管理规范 第 9 维护维修管理.pdf","02_醫院管理與品質\未標示年份\T_ 医院医疗器械管理规范 第 9 维护维修管理.pdf","醫院管理與品質","（無）","UNKNOWN","未標示年份","","國家或地方標準","醫療器材與設備","","pdf","pdf_text_layer","7cdda8fa3d27448c96fc565885103b2d7d76bfae8aee7c49253d1311afee741d","283992","2023-06-25T01:59:14.000Z","needs_review","0.35"
"032699bdc5860c1a","医院感染管理质量控制指标（2015年版）","医院感染管理质量控制指标（2015年版）.docx","03_內科系\2015\医院感染管理质量控制指标（2015年版）.docx","內科系","（無）","UNKNOWN","2015","2015","待確認或非規範文件","醫療治理與依法執業","藥事與藥品管理；感染預防與控制；醫技、檢驗與病理；臨床診療與醫療技術；手術、麻醉與疼痛管理；生殖、婦幼與月子服務","docx","office_xml","2b846f83e4adc33cff190e3b8509b4a2eab5235afe683a29ff29c6cbf1dd0d7b","24066","2020-12-21T06:38:54.000Z","needs_review","0.35"
"606b965559dcc24a","《重症监护病房医院感染预防与控制规范》WS 509-2016 发布","《重症监护病房医院感染预防与控制规范》WS 509-2016 发布.pdf","03_內科系\2016\《重症监护病房医院感染预防与控制规范》WS 509-2016 发布.pdf","內科系","（無）","UNKNOWN","2016","2016","國家或地方標準","感染預防與控制","","pdf","pdf_text_layer","8fdfb04e5dd51b10e5d15e6d3a036f165632abdb350be3bb6dfebe06849d0b33","141157","2022-06-09T03:06:20.000Z","needs_review","0.35"
"e769a33010149d25","WS_T 524-2016 医院感染暴发控制指南","WS_T 524-2016 医院感染暴发控制指南.pdf","03_內科系\2016\WS_T 524-2016 医院感染暴发控制指南.pdf","內科系","（無）","UNKNOWN","2016","2016","技術規範／診療指南","感染預防與控制","","pdf","pdf_text_layer","0e37af9afc2fc0f01b1a54dd643700653655067678b67eb5961fc14d60cafaf1","356335","2016-09-12T05:47:12.000Z","needs_review","0.35"
"c5bb0656347ca108","WST591-2018医疗机构门急诊医院感染管理规范","WST591-2018医疗机构门急诊医院感染管理规范.pdf","03_內科系\2018\WST591-2018医疗机构门急诊医院感染管理规范.pdf","內科系","（無）","UNKNOWN","2018","2018；2016","國家或地方標準","醫療治理與依法執業","感染預防與控制；急診與緊急醫療","pdf","pdf_text_layer","c406b9c691d2bc8d65208963df3b14442546fb4ab89833ff757195c596e1d6ea","307353","2022-06-30T07:38:34.000Z","needs_review","0.35"
"6b64c531c76788ec","TCACM 1250-2019 中医儿科临床诊疗指南 小儿泌尿道感染","TCACM 1250-2019 中医儿科临床诊疗指南 小儿泌尿道感染.pdf","03_內科系\2019\TCACM 1250-2019 中医儿科临床诊疗指南 小儿泌尿道感染.pdf","內科系","（無）","UNKNOWN","2019","2019","技術規範／診療指南","感染預防與控制","臨床診療與醫療技術","pdf","pdf_needs_ocr","b560029bd6c012da64dc5299e3acc0c441a2d0dddd02c8930faed590496766cb","3891951","2025-08-03T16:56:54.000Z","needs_review","0.35"
"c12895d3940babfc","2020新冠肺炎疫情期间医学观察和救治临时特殊场所","2020新冠肺炎疫情期间医学观察和救治临时特殊场所.pdf","03_內科系\2020\2020新冠肺炎疫情期间医学观察和救治临时特殊场所.pdf","內科系","（無）","UNKNOWN","2020","2020；2009；1919","國家或地方標準","急診與緊急醫療","","pdf","pdf_text_layer","b3205ff89703dd35eb937fcdf5d035d38fbb20897d6a71153d00cb5af17683f0","330068","2022-09-04T08:05:38.000Z","needs_review","0.35"
"04e441f95625b9f7","2020新冠肺炎疫情期间重点场所和单位卫生防护指南","2020新冠肺炎疫情期间重点场所和单位卫生防护指南.pdf","03_內科系\2020\2020新冠肺炎疫情期间重点场所和单位卫生防护指南.pdf","內科系","（無）","UNKNOWN","2020","2020","技術規範／診療指南","其他／待確認","","pdf","pdf_text_layer","6209b65ae8b814b408bab055fd0f8a84a0e039897fdd60de48dfe2bc9a119cb8","726811","2022-09-04T08:06:44.000Z","needs_review","0.35"
"1325780f924f2e6d","TCNMIA 0001-2020 社会办肾脏病专科医院能力评价","TCNMIA 0001-2020 社会办肾脏病专科医院能力评价.pdf","03_內科系\2020\TCNMIA 0001-2020 社会办肾脏病专科医院能力评价.pdf","內科系","（無）","CN","2020","2020","國家或地方標準","其他／待確認","","pdf","pdf_text_layer","e5811351eeee37358ae85f7f70a07152220beebf98fbe8a678cdbf3ff2a5ccf3","1654028","2025-08-03T16:58:44.000Z","needs_review","0.35"
"6268c149fab761fb","急性ST段抬高型心肌梗死诊疗规范(2021年版)","急性ST段抬高型心肌梗死诊疗规范(2021年版).doc","03_內科系\2021\急性ST段抬高型心肌梗死诊疗规范(2021年版).doc","內科系","（無）","UNKNOWN","2021","2021","待確認或非規範文件","臨床診療與醫療技術","","doc","filename_only","740228e5910a9c433d1c0dfda625a54982864ced55d6b4952a3c91caa710c3dd","107013","2022-06-15T09:19:14.000Z","needs_review","0.35"
"623599f7e3b070bd","急性ST段抬高型心肌梗死诊疗规范(2021年版)（2）","急性ST段抬高型心肌梗死诊疗规范(2021年版)（2）.doc","03_內科系\2021\急性ST段抬高型心肌梗死诊疗规范(2021年版)（2）.doc","內科系","（無）","UNKNOWN","2021","2021","待確認或非規範文件","臨床診療與醫療技術","","doc","filename_only","740228e5910a9c433d1c0dfda625a54982864ced55d6b4952a3c91caa710c3dd","107013","2022-06-15T09:19:14.000Z","needs_review","0.35"
"48256d6b191be49f","DB31_T 1340-2021 慢性肾脏病早期筛查规范","DB31_T 1340-2021 慢性肾脏病早期筛查规范.pdf","03_內科系\2021\DB31_T 1340-2021 慢性肾脏病早期筛查规范.pdf","內科系","（無）","UNKNOWN","2021","2021","國家或地方標準","其他／待確認","","pdf","pdf_needs_ocr","f40b6151acb110ebe0d08752486a5d5b9139e83e9d6fab69e8c7cd7281eddf0b","773886","2025-08-03T16:58:28.000Z","needs_review","0.35"
"6bb90909ec4adfdb","《呼吸机相关肺炎、呼吸机相关事件和非呼吸机相关医院获得性肺炎预防策略指南_2022版》要点解读","《呼吸机相关肺炎、呼吸机相关事件和非呼吸机相关医院获得性肺炎预防策略指南_2022版》要点解读.pdf","03_內科系\2022\《呼吸机相关肺炎、呼吸机相关事件和非呼吸机相关医院获得性肺炎预防策略指南_2022版》要点解读.pdf","內科系","（無）","UNKNOWN","2022","2022","技術規範／診療指南","其他／待確認","","pdf","pdf_text_layer","da7a5a8afcd4dc6fdcf5211693aa610a97dbf835e05311806ac0c8cf8ce5979e","2765056","2025-04-02T05:34:06.000Z","needs_review","0.35"
"a17ce9b9986f7b66","T_CNMIA 0038-2022 社会办肾脏病医院医疗质量服务能力评价","T_CNMIA 0038-2022 社会办肾脏病医院医疗质量服务能力评价.pdf","03_內科系\2022\T_CNMIA 0038-2022 社会办肾脏病医院医疗质量服务能力评价.pdf","內科系","（無）","UNKNOWN","2022","2022；2021；2017","待確認或非規範文件","其他／待確認","","pdf","pdf_text_layer","4bed80046381dc49a1d35e408e4c2313670df0951f723bcb819265d0d20a8b01","1554735","2025-08-03T17:00:02.000Z","needs_review","0.35"
"360d7bbc946c1948","DB13_T 5862-2023 新生儿重症监护室医院感染预防与控制规范","DB13_T 5862-2023 新生儿重症监护室医院感染预防与控制规范.pdf","03_內科系\2023\DB13_T 5862-2023 新生儿重症监护室医院感染预防与控制规范.pdf","內科系","（無）","UNKNOWN","2023","2023","國家或地方標準","感染預防與控制","","pdf","pdf_text_layer","052c76afaff373bb07d37cad08b9c9eb6e78bc87188155749921d622bbf84ec9","746018","2024-06-09T04:13:16.000Z","needs_review","0.35"
"78e26398ec60be40","DB36_T 1788-2023 医疗机构肿瘤登记报告和管理规范","DB36_T 1788-2023 医疗机构肿瘤登记报告和管理规范.pdf","03_內科系\2023\DB36_T 1788-2023 医疗机构肿瘤登记报告和管理规范.pdf","內科系","（無）","UNKNOWN","2023","2023","國家或地方標準","醫療治理與依法執業","","pdf","pdf_text_layer","e8034a7e1d0b0df74664e2c991c28e17efa84092d4154e7e1a8c5e8321f15846","698530","2023-08-11T09:03:14.000Z","needs_review","0.35"
"b320150735e0756c","T_CACM 1549-2023 糖尿病肾脏疾病中西医结合诊疗指南","T_CACM 1549-2023 糖尿病肾脏疾病中西医结合诊疗指南.pdf","03_內科系\2023\T_CACM 1549-2023 糖尿病肾脏疾病中西医结合诊疗指南.pdf","內科系","（無）","UNKNOWN","2023","2023","技術規範／診療指南","臨床診療與醫療技術","","pdf","pdf_needs_ocr","bbdcb893991e148e1cbb179f546e360b444d55ef4f3883498ba2b9fc430b300f","18701940","2025-08-03T16:58:06.000Z","needs_review","0.35"
"db3e62f57462fc4f","T_CNAS 26-2023 连续性肾脏替代治疗的护理","T_CNAS 26-2023 连续性肾脏替代治疗的护理.pdf","03_內科系\2023\T_CNAS 26-2023 连续性肾脏替代治疗的护理.pdf","內科系","（無）","UNKNOWN","2023","2023","國家或地方標準","護理管理","臨床診療與醫療技術","pdf","pdf_text_layer","b1cb3c9398d0c1327a641465f26c79b2a02326ee5c83c349a89586c16c1027a4","327399","2024-02-20T14:33:18.000Z","needs_review","0.35"
"6ea0eb5d6c52608a","T_CNAS 32-2023 注射相关感染预防与控制","T_CNAS 32-2023 注射相关感染预防与控制.pdf","03_內科系\2023\T_CNAS 32-2023 注射相关感染预防与控制.pdf","內科系","（無）","UNKNOWN","2023","2023","國家或地方標準","感染預防與控制","","pdf","pdf_text_layer","3146627e1dc077d1ef5cdb12876b22b7cd7998eefc63114e37b51c7beb65efb8","345223","2024-02-20T14:35:16.000Z","needs_review","0.35"
"30a4b4de9fe650fe","T_CNAS 34-2023 成人呼吸支持治疗器械相关压力性损伤的预防","T_CNAS 34-2023 成人呼吸支持治疗器械相关压力性损伤的预防.pdf","03_內科系\2023\T_CNAS 34-2023 成人呼吸支持治疗器械相关压力性损伤的预防.pdf","內科系","（無）","UNKNOWN","2023","2023","待確認或非規範文件","臨床診療與醫療技術","","pdf","pdf_text_layer","dcd3c496d9925ae73b3cbbef02ecdad17e3bad383b68259a3718e17503703c4c","372048","2024-02-20T14:28:42.000Z","needs_review","0.35"
"99ff0db7fde0d301","T_CPMA 034-2023 医务人员医院感染预防与控制","T_CPMA 034-2023 医务人员医院感染预防与控制.pdf","03_內科系\2023\T_CPMA 034-2023 医务人员医院感染预防与控制.pdf","內科系","（無）","UNKNOWN","2023","2023","待確認或非規範文件","感染預防與控制","","pdf","pdf_text_layer","448e0b75e276e2f52f276130052b69204929863ca746f2acbd04f2ee7722ee05","443667","2024-06-09T04:12:06.000Z","needs_review","0.35"
"77ffbf124767f93f","T_SHNA 0003-2023 消化内镜诊疗前消化道准备","T_SHNA 0003-2023 消化内镜诊疗前消化道准备.pdf","03_內科系\2023\T_SHNA 0003-2023 消化内镜诊疗前消化道准备.pdf","內科系","（無）","UNKNOWN","2023","2023","待確認或非規範文件","臨床診療與醫療技術","","pdf","pdf_text_layer","1a5d2f715c2bdbb8acca889907b97d26901f2aa58bef1cdd45fe89ee4f236f17","373538","2024-05-29T11:07:36.000Z","needs_review","0.35"
"adf84be9615e8e3a","WS_T 312-2023 医院感染监测标准","WS_T 312-2023 医院感染监测标准.pdf","03_內科系\2023\WS_T 312-2023 医院感染监测标准.pdf","內科系","（無）","UNKNOWN","2023","2023","國家或地方標準","感染預防與控制","","pdf","pdf_text_layer","1597a76a3b82ec7abe95489c18d17288e208b861ee7c9ea25579c3c76835cc40","287614","2024-06-09T04:13:42.000Z","needs_review","0.35"
"1d975d58a78755e4","WS_T 823-2023 产房医院感染预防与控制标准","WS_T 823-2023 产房医院感染预防与控制标准.pdf","03_內科系\2023\WS_T 823-2023 产房医院感染预防与控制标准.pdf","內科系","（無）","UNKNOWN","2023","2023","國家或地方標準","感染預防與控制","","pdf","pdf_text_layer","47cd63cb9760016eeb98015c3048d5527c39d142491b5d650f5b2c2d61683afb","309256","2023-08-11T09:01:12.000Z","needs_review","0.35"
"16763d22ab499316","WST 823—2023产房医院感染预防与控制标准","WST 823—2023产房医院感染预防与控制标准.pdf","03_內科系\2023\WST 823—2023产房医院感染预防与控制标准.pdf","內科系","（無）","UNKNOWN","2023","2023","國家或地方標準","感染預防與控制","","pdf","pdf_text_layer","014642ae9d01f912075bc3c705f65455fd3ecb03989a1aa8caf03d2ae449d527","310306","2026-01-29T02:37:26.000Z","needs_review","0.35"
"ff29a2af06e5a8a7","中国糖尿病行为与生活方式干预指南(2024版)","中国糖尿病行为与生活方式干预指南(2024版).pdf","03_內科系\2024\中国糖尿病行为与生活方式干预指南(2024版).pdf","內科系","（無）","CN","2024","2024","技術規範／診療指南","其他／待確認","","pdf","pdf_text_layer","c9cb08d7a5ec2ddc1f37d0c1090dea49cd44b81795c7c449067f901bdca9d315","1378964","2025-04-02T05:34:32.000Z","needs_review","0.35"
"e8022241a5591a4e","医院感染管理医疗质量控制指标（2024年版）","医院感染管理医疗质量控制指标（2024年版）.pdf","03_內科系\2024\医院感染管理医疗质量控制指标（2024年版）.pdf","內科系","（無）","UNKNOWN","2024","2024","國家或地方標準","感染預防與控制","","pdf","pdf_text_layer","cf8af1858eadb1b356333fb54df5d02082acb9a9ab48bc164bf69b0006fc2e6b","1227755","2025-06-27T02:43:44.000Z","needs_review","0.35"
"2e9f8e7d3c55ac27","肿瘤患者中心静脉血管通路装置相关皮肤损伤临床护理实践指南（2024）","肿瘤患者中心静脉血管通路装置相关皮肤损伤临床护理实践指南（2024）.pdf","03_內科系\2024\肿瘤患者中心静脉血管通路装置相关皮肤损伤临床护理实践指南（2024）.pdf","內科系","（無）","UNKNOWN","2024","2024","技術規範／診療指南","護理管理","臨床診療與醫療技術","pdf","pdf_needs_ocr","fc1dadfbe594931781249f8565829d34961f091f3878841b6cdfea73923fa733","2101471","2025-08-27T02:19:56.000Z","needs_review","0.35"
"3019acf2b3bfca1e","肿瘤患者中心静脉血管通路装置相关皮肤损伤临床护理实践指南（2024）（2）","肿瘤患者中心静脉血管通路装置相关皮肤损伤临床护理实践指南（2024）（2）.pdf","03_內科系\2024\肿瘤患者中心静脉血管通路装置相关皮肤损伤临床护理实践指南（2024）（2）.pdf","內科系","（無）","UNKNOWN","2024","2024","技術規範／診療指南","護理管理","臨床診療與醫療技術","pdf","pdf_needs_ocr","fc1dadfbe594931781249f8565829d34961f091f3878841b6cdfea73923fa733","2101471","2026-03-15T03:04:12.000Z","needs_review","0.35"
"65c076e9c19700f6","糖尿病患者体重管理专家共识（2024版）","糖尿病患者体重管理专家共识（2024版）.pdf","03_內科系\2024\糖尿病患者体重管理专家共识（2024版）.pdf","內科系","（無）","UNKNOWN","2024","2024","專家共識","其他／待確認","","pdf","pdf_needs_ocr","5ae0ab3434ed896aca604b9fe3e0d7b3f7bdb1d727ae12a877b163e42add111c","2284550","2025-04-14T01:51:58.000Z","needs_review","0.35"
"a696b8e2f088ad31","DB14_T 2992-2024 医疗肿瘤多学科诊疗工作规范","DB14_T 2992-2024 医疗肿瘤多学科诊疗工作规范.pdf","03_內科系\2024\DB14_T 2992-2024 医疗肿瘤多学科诊疗工作规范.pdf","內科系","（無）","UNKNOWN","2024","2024","國家或地方標準","臨床診療與醫療技術","","pdf","pdf_text_layer","154c4b6cb0a6922cd414af14cc97af2208f3521c1a109c9fef0b96c5771dd790","1477814","2024-03-18T05:09:18.000Z","needs_review","0.35"
"7b2d4feac29f8a17","DB50_T 1718-2024 母婴同室病区医院感染预防与控制规范","DB50_T 1718-2024 母婴同室病区医院感染预防与控制规范.pdf","03_內科系\2024\DB50_T 1718-2024 母婴同室病区医院感染预防与控制规范.pdf","內科系","（無）","UNKNOWN","2024","2024；2016；2015","國家或地方標準","感染預防與控制","生殖、婦幼與月子服務","pdf","pdf_text_layer","d5977c270cb96b3647edb210c1404db70e37358ee2c5315cb01fc39b4b9b3b17","718572","2025-02-28T01:22:38.000Z","needs_review","0.35"
"24150e68a84a9aa7","T_GDNAS 058-2024 妊娠期糖尿病专科护理门诊健康教育","T_GDNAS 058-2024 妊娠期糖尿病专科护理门诊健康教育.pdf","03_內科系\2024\T_GDNAS 058-2024 妊娠期糖尿病专科护理门诊健康教育.pdf","內科系","（無）","UNKNOWN","2024","2024","待確認或非規範文件","護理管理","","pdf","pdf_text_layer","abaefc72760aeed7d9018f4d1682c25399b527ac68a6e3509af6d93ee606164b","2228561","2024-08-22T05:28:22.000Z","needs_review","0.35"
"aa99593e5c5e1af1","WS_T 842-2024 口腔门诊医院感染管理标准","WS_T 842-2024 口腔门诊医院感染管理标准.pdf","03_內科系\2024\WS_T 842-2024 口腔门诊医院感染管理标准.pdf","內科系","（無）","UNKNOWN","2024","2024","國家或地方標準","感染預防與控制","","pdf","pdf_text_layer","fbd1571f0d9dcf5f2fe335bab9fccaf365f9ccae4516ee7d9f510e8813b1e1a7","476068","2024-10-05T06:49:04.000Z","needs_review","0.35"
"0a15b0c36631edc5","WST 842—2024口腔门诊医院感染管理标准","WST 842—2024口腔门诊医院感染管理标准.pdf","03_內科系\2024\WST 842—2024口腔门诊医院感染管理标准.pdf","內科系","（無）","UNKNOWN","2024","2024","國家或地方標準","感染預防與控制","","pdf","pdf_text_layer","d28f571a0c1378f98b1e0183826e98244047bce16bc9c569b71307342c3a26bb","430757","2026-01-29T02:37:10.000Z","needs_review","0.35"
"01c8438bc5b08ad4","小细胞肺癌免疫治疗专家共识（2025版）","小细胞肺癌免疫治疗专家共识（2025版） (1).pdf","03_內科系\2025\小细胞肺癌免疫治疗专家共识（2025版） (1).pdf","內科系","（無）","UNKNOWN","2025","2025","專家共識","臨床診療與醫療技術","","pdf","pdf_needs_ocr","ce096a36bf4b4d70609880e59e784bba8176b08583ae3e93bb3a36e95ba9f833","1906084","2025-06-03T03:47:56.000Z","needs_review","0.35"
"1980b80394f2f5f6","小细胞肺癌免疫治疗专家共识（2025版）","小细胞肺癌免疫治疗专家共识（2025版）.pdf","03_內科系\2025\小细胞肺癌免疫治疗专家共识（2025版）.pdf","內科系","（無）","UNKNOWN","2025","2025","專家共識","臨床診療與醫療技術","","pdf","pdf_needs_ocr","ce096a36bf4b4d70609880e59e784bba8176b08583ae3e93bb3a36e95ba9f833","1906084","2025-06-03T03:47:00.000Z","needs_review","0.35"
"cf0a53f64d48c3b6","内分泌性高血压筛查专家共识（2025版）","内分泌性高血压筛查专家共识（2025版）.pdf","03_內科系\2025\内分泌性高血压筛查专家共识（2025版）.pdf","內科系","（無）","UNKNOWN","2025","2025","專家共識","其他／待確認","","pdf","pdf_needs_ocr","a74f3266595ffd2d3bbecbe5958bb6cc16026d89486138de93de8528401716e7","2288711","2025-04-02T05:52:26.000Z","needs_review","0.35"
"3a398c4c51cfc323","丛状神经纤维瘤的全病程管理专家共识（2025版）","丛状神经纤维瘤的全病程管理专家共识（2025版）.pdf","03_內科系\2025\丛状神经纤维瘤的全病程管理专家共识（2025版）.pdf","內科系","（無）","UNKNOWN","2025","2025","專家共識","其他／待確認","","pdf","pdf_needs_ocr","487e34afd48692d1b1d13c54c3399f8de6ddfb173211496c8eef91742fef64ca","2505427","2025-06-03T03:53:56.000Z","needs_review","0.35"
"4e6b83bab5cb9a50","传染病监测管理办法2025","传染病监测管理办法2025.pdf","03_內科系\2025\传染病监测管理办法2025.pdf","內科系","（無）","UNKNOWN","2025","2025","院內制度／SOP","感染預防與控制","","pdf","pdf_needs_ocr","600fc74cba55ea410a92f7303807f75c58992ec419cf7c0ec96fa311c28e2a93","1076048","2026-04-01T00:53:38.000Z","needs_review","0.35"
"1c1229e69eb55951","GBZT 342—2025工作场所空气中呼吸性粉尘分级管理标准","GBZT 342—2025工作场所空气中呼吸性粉尘分级管理标准.pdf","03_內科系\2025\GBZT 342—2025工作场所空气中呼吸性粉尘分级管理标准.pdf","內科系","（無）","UNKNOWN","2025","2025","國家或地方標準","職業安全與員工健康","","pdf","pdf_text_layer","140ea4b2e3a325eda57b33b221767609d54bfb93e7d5d699812d2b15a027681d","392102","2025-09-06T02:56:44.000Z","needs_review","0.35"
"92eec1554ab4c22f","WS_T 855-2025 手术部（室）医院感染控制标准","WS_T 855-2025 手术部（室）医院感染控制标准.pdf","03_內科系\2025\WS_T 855-2025 手术部（室）医院感染控制标准.pdf","內科系","（無）","UNKNOWN","2025","2025","國家或地方標準","感染預防與控制","手術、麻醉與疼痛管理","pdf","pdf_text_layer","4d3201879ff4603b3886bf3731bcf8a7902cf111a85e8b6f2054306631b7c9f3","433066","2026-02-04T04:49:30.000Z","needs_review","0.35"
"515cdefcbdab35a2","WS_T 859-2025 新生儿病区医院感染预防与控制标准","WS_T 859-2025 新生儿病区医院感染预防与控制标准.pdf","03_內科系\2025\WS_T 859-2025 新生儿病区医院感染预防与控制标准.pdf","內科系","（無）","UNKNOWN","2025","2025","國家或地方標準","感染預防與控制","","pdf","pdf_text_layer","18772b8a9d92cb745d5171bae0c20fa68f19b5d2c096a41c79be2b5a8f62a51b","649518","2025-08-13T09:05:06.000Z","needs_review","0.35"
"3503af4e3458f574","WS_T 859-2025 新生儿病区医院感染预防与控制标准（2）","WS_T 859-2025 新生儿病区医院感染预防与控制标准（2）.pdf","03_內科系\2025\WS_T 859-2025 新生儿病区医院感染预防与控制标准（2）.pdf","內科系","（無）","UNKNOWN","2025","2025","國家或地方標準","感染預防與控制","","pdf","pdf_text_layer","18772b8a9d92cb745d5171bae0c20fa68f19b5d2c096a41c79be2b5a8f62a51b","649518","2025-12-21T00:16:06.000Z","needs_review","0.35"
"6b4996380253c8c9","WS_T 861-2025 手术部位感染预防与控制标准","WS_T 861-2025 手术部位感染预防与控制标准.pdf","03_內科系\2025\WS_T 861-2025 手术部位感染预防与控制标准.pdf","內科系","（無）","UNKNOWN","2025","2025","國家或地方標準","感染預防與控制","手術、麻醉與疼痛管理","pdf","pdf_text_layer","e41ca0d706e2413093b5e231517ee254f4b027868796c0fc7a646f63029a277e","265195","2026-02-04T04:49:22.000Z","needs_review","0.35"
"2c64b490f325716f","WST 524-2025医院感染暴发控制标准-20250819172006991","WST 524-2025医院感染暴发控制标准-20250819172006991.pdf","03_內科系\2025\WST 524-2025医院感染暴发控制标准-20250819172006991.pdf","內科系","（無）","UNKNOWN","2025","2025；2006；1917","國家或地方標準","感染預防與控制","","pdf","pdf_text_layer","ac9bf3f4b806f4f45e857c4023fc0ce4c0b8dc366ebf5219e0db8ca10ad7081b","486850","2026-01-29T02:36:12.000Z","needs_review","0.35"
"c7d4e7aa10ca32b5","WST 853-2025器官移植病区医院感染预防与控制标准-20250819172158580","WST 853-2025器官移植病区医院感染预防与控制标准-20250819172158580.pdf","03_內科系\2025\WST 853-2025器官移植病区医院感染预防与控制标准-20250819172158580.pdf","內科系","（無）","UNKNOWN","2025","2025；1917","國家或地方標準","感染預防與控制","輸血與器官移植","pdf","pdf_text_layer","909d725d690b9aeeca9facb101626b146c92764d7ede086ddd4d4aa36c4bc8f4","293963","2026-01-29T02:35:58.000Z","needs_review","0.35"
"c8786736633920d1","WST 853-2025器官移植病区医院感染预防与控制标准","WST 853-2025器官移植病区医院感染预防与控制标准.pdf","03_內科系\2025\WST 853-2025器官移植病区医院感染预防与控制标准.pdf","內科系","（無）","UNKNOWN","2025","2025","國家或地方標準","感染預防與控制","輸血與器官移植","pdf","pdf_text_layer","909d725d690b9aeeca9facb101626b146c92764d7ede086ddd4d4aa36c4bc8f4","293963","2025-08-26T04:50:00.000Z","needs_review","0.35"
"3ce261db44ae4c9a","WST 853-2025器官移植病区医院感染预防与控制标准（2）","WST 853-2025器官移植病区医院感染预防与控制标准（2）.pdf","03_內科系\2025\WST 853-2025器官移植病区医院感染预防与控制标准（2）.pdf","內科系","（無）","UNKNOWN","2025","2025","國家或地方標準","感染預防與控制","輸血與器官移植","pdf","pdf_text_layer","909d725d690b9aeeca9facb101626b146c92764d7ede086ddd4d4aa36c4bc8f4","293963","2025-08-26T04:50:00.000Z","needs_review","0.35"
"4d778e850efc9d91","WST 855-2025手术部（室）医院感染控制标准-20250819163121712","WST 855-2025手术部（室）医院感染控制标准-20250819163121712.pdf","03_內科系\2025\WST 855-2025手术部（室）医院感染控制标准-20250819163121712.pdf","內科系","（無）","UNKNOWN","2025","2025；1916","國家或地方標準","感染預防與控制","手術、麻醉與疼痛管理","pdf","pdf_text_layer","751e87dbe887f344de46b2493679889d3f47d02193acb8d7f4c5dca0f3f1510f","435413","2025-08-26T06:33:54.000Z","needs_review","0.35"
"45ed70c65f23141d","WST 855-2025手术部（室）医院感染控制标准-20250819172510108","WST 855-2025手术部（室）医院感染控制标准-20250819172510108.pdf","03_內科系\2025\WST 855-2025手术部（室）医院感染控制标准-20250819172510108.pdf","內科系","（無）","UNKNOWN","2025","2025；1917","國家或地方標準","感染預防與控制","手術、麻醉與疼痛管理","pdf","pdf_text_layer","751e87dbe887f344de46b2493679889d3f47d02193acb8d7f4c5dca0f3f1510f","435413","2026-01-29T02:35:34.000Z","needs_review","0.35"
"22bb7fa78f766b5c","WST 857-2025医院感染病例判定标准：通用原则-20250819173031968","WST 857-2025医院感染病例判定标准：通用原则-20250819173031968.pdf","03_內科系\2025\WST 857-2025医院感染病例判定标准：通用原则-20250819173031968.pdf","內科系","（無）","UNKNOWN","2025","2025；1968；1917","國家或地方標準","感染預防與控制","","pdf","pdf_text_layer","90ec410797a7a33a233501f2fda30557aa5d9dd58caf80aa2ecd059cb93fed71","274379","2026-01-29T02:35:10.000Z","needs_review","0.35"
"7c1bb27dd86a5ecb","WST 859-2025新生儿病区医院感染预防与控制标准-20250819173229726","WST 859-2025新生儿病区医院感染预防与控制标准-20250819173229726 (1).pdf","03_內科系\2025\WST 859-2025新生儿病区医院感染预防与控制标准-20250819173229726 (1).pdf","內科系","（無）","UNKNOWN","2025","2025；1917","國家或地方標準","感染預防與控制","","pdf","pdf_text_layer","0bd8bc39e55a3bbf52696e3de4144988073bd88425cb42591bddc74f9a05685a","650570","2026-01-29T02:34:58.000Z","needs_review","0.35"
"4644d3049e0dd742","WST 859-2025新生儿病区医院感染预防与控制标准-20250819173229726","WST 859-2025新生儿病区医院感染预防与控制标准-20250819173229726.pdf","03_內科系\2025\WST 859-2025新生儿病区医院感染预防与控制标准-20250819173229726.pdf","內科系","（無）","UNKNOWN","2025","2025；1917","國家或地方標準","感染預防與控制","","pdf","pdf_text_layer","0bd8bc39e55a3bbf52696e3de4144988073bd88425cb42591bddc74f9a05685a","650570","2026-01-29T02:28:16.000Z","needs_review","0.35"
"97c1d920da05b9f2","WST 859-2025新生儿病区医院感染预防与控制标准-20250819173229726（2）","WST 859-2025新生儿病区医院感染预防与控制标准-20250819173229726（2）.pdf","03_內科系\2025\WST 859-2025新生儿病区医院感染预防与控制标准-20250819173229726（2）.pdf","內科系","（無）","UNKNOWN","2025","2025；1917","國家或地方標準","感染預防與控制","","pdf","pdf_text_layer","0bd8bc39e55a3bbf52696e3de4144988073bd88425cb42591bddc74f9a05685a","650570","2025-08-19T10:04:38.000Z","needs_review","0.35"
"24e0fcf39830b237","WST 860-2025医疗机构重点部门感染预防与控制通用标准-20250819173333369","WST 860-2025医疗机构重点部门感染预防与控制通用标准-20250819173333369.pdf","03_內科系\2025\WST 860-2025医疗机构重点部门感染预防与控制通用标准-20250819173333369.pdf","內科系","（無）","UNKNOWN","2025","2025；1917","國家或地方標準","醫療治理與依法執業","感染預防與控制","pdf","pdf_text_layer","c8335dfbab7bd4b41bf95c295a669c358afe9b383f13f7ceb65cb58273f3ddd1","337651","2026-01-29T02:34:46.000Z","needs_review","0.35"
"e50ea198cf34ed26","WST 861-2025手术部位感染预防与控制标准-20250819173524855","WST 861-2025手术部位感染预防与控制标准-20250819173524855.pdf","03_內科系\2025\WST 861-2025手术部位感染预防与控制标准-20250819173524855.pdf","內科系","（無）","UNKNOWN","2025","2025；1917","國家或地方標準","感染預防與控制","手術、麻醉與疼痛管理","pdf","pdf_text_layer","05e932b676dba4aec7f085378be13035331113c2cd35abe0a6455f1d549cddec","266207","2026-01-29T02:34:36.000Z","needs_review","0.35"
"8def33462fb5abbc","WST 861-2025手术部位感染预防与控制标准-20250819173524855（2）","WST 861-2025手术部位感染预防与控制标准-20250819173524855（2）.pdf","03_內科系\2025\WST 861-2025手术部位感染预防与控制标准-20250819173524855（2）.pdf","內科系","（無）","UNKNOWN","2025","2025；1917","國家或地方標準","感染預防與控制","手術、麻醉與疼痛管理","pdf","pdf_text_layer","05e932b676dba4aec7f085378be13035331113c2cd35abe0a6455f1d549cddec","266207","2025-08-19T10:04:06.000Z","needs_review","0.35"
"5965d79123ca3086","WST 862-2025导尿管相关尿路感染预防与控制标准-20250819173634125","WST 862-2025导尿管相关尿路感染预防与控制标准-20250819173634125.pdf","03_內科系\2025\WST 862-2025导尿管相关尿路感染预防与控制标准-20250819173634125.pdf","內科系","（無）","UNKNOWN","2025","2025；1917","國家或地方標準","感染預防與控制","","pdf","pdf_text_layer","fa4669594bc3061199c142610d082a4450725e63adca6c9a2cb7e8a0a25b7e2e","269638","2026-01-29T02:34:26.000Z","needs_review","0.35"
"703489afe1badc14","WST 862-2025导尿管相关尿路感染预防与控制标准","WST 862-2025导尿管相关尿路感染预防与控制标准.pdf","03_內科系\2025\WST 862-2025导尿管相关尿路感染预防与控制标准.pdf","內科系","（無）","UNKNOWN","2025","2025","國家或地方標準","感染預防與控制","","pdf","pdf_text_layer","fa4669594bc3061199c142610d082a4450725e63adca6c9a2cb7e8a0a25b7e2e","269638","2025-08-26T06:34:16.000Z","needs_review","0.35"
"83e50599a23042e4","WST 863-2025呼吸机相关肺炎预防与控制标准-20250819173744929","WST 863-2025呼吸机相关肺炎预防与控制标准-20250819173744929.pdf","03_內科系\2025\WST 863-2025呼吸机相关肺炎预防与控制标准-20250819173744929.pdf","內科系","（無）","UNKNOWN","2025","2025；1917","國家或地方標準","其他／待確認","","pdf","pdf_text_layer","d5041326d364b6eae69c9ceb98da581041042713cd6627232e7a460f899e42a7","275845","2026-01-29T02:34:14.000Z","needs_review","0.35"
"9d7ade717ce231f5","WST 863-2025呼吸机相关肺炎预防与控制标准","WST 863-2025呼吸机相关肺炎预防与控制标准.pdf","03_內科系\2025\WST 863-2025呼吸机相关肺炎预防与控制标准.pdf","內科系","（無）","UNKNOWN","2025","2025","國家或地方標準","其他／待確認","","pdf","pdf_text_layer","d5041326d364b6eae69c9ceb98da581041042713cd6627232e7a460f899e42a7","275845","2025-08-26T06:35:42.000Z","needs_review","0.35"
"3769a103b119e263","1.新型冠状病毒肺炎疫情期间手术室护士相关培训专家共识","1.新型冠状病毒肺炎疫情期间手术室护士相关培训专家共识.pdf","03_內科系\未標示年份\1.新型冠状病毒肺炎疫情期间手术室护士相关培训专家共识.pdf","內科系","（無）","UNKNOWN","未標示年份","","專家共識","醫療人員與執業管理","手術、麻醉與疼痛管理；圖書、教育與文件管理","pdf","pdf_text_layer","3ac6178f92ea817401f4d7f10f96cd72e8cf0e9d6e888b1011e125778a60b548","445842","2024-08-19T01:19:46.000Z","needs_review","0.35"
"2bc16bded9f1a8ae","10.慢性呼吸疾病肺康复护理专家共识","10.慢性呼吸疾病肺康复护理专家共识.pdf","03_內科系\未標示年份\10.慢性呼吸疾病肺康复护理专家共识.pdf","內科系","（無）","UNKNOWN","未標示年份","","專家共識","護理管理","臨床診療與醫療技術","pdf","pdf_text_layer","6f091792df82bc77e442a61b5dc2c0520b9d2e16b83574e9079ee2045bc793de","1268888","2024-08-19T01:19:34.000Z","needs_review","0.35"
"c92ab029b5af1ada","11新型冠状病毒肺炎疑似或确诊患者复用医疗器械物品处置流程专家共识","11新型冠状病毒肺炎疑似或确诊患者复用医疗器械物品处置流程专家共识.pdf","03_內科系\未標示年份\11新型冠状病毒肺炎疑似或确诊患者复用医疗器械物品处置流程专家共识.pdf","內科系","（無）","UNKNOWN","未標示年份","","專家共識","醫療器材與設備","","pdf","pdf_text_layer","aba07146179504c7ade4a005cbc380badbd28f8a4cf76e6d4b32c8f1601eff35","1407132","2024-08-19T01:19:34.000Z","needs_review","0.35"
"e3a158c302962825","12成人新型冠状病毒肺炎患者静脉血栓栓塞症防控护理专家共识","12成人新型冠状病毒肺炎患者静脉血栓栓塞症防控护理专家共识.pdf","03_內科系\未標示年份\12成人新型冠状病毒肺炎患者静脉血栓栓塞症防控护理专家共识.pdf","內科系","（無）","UNKNOWN","2020","2020","專家共識","護理管理","","pdf","pdf_text_layer","5d04ffc207f5c4d733a5b297461ef484fffcf73951fd88a2876345926c93f013","1115184","2024-08-19T01:19:34.000Z","needs_review","0.35"
"b229f9c00d602ec7","13.胶质母细胞瘤肿瘤电场治疗头皮护理专家共识","13.胶质母细胞瘤肿瘤电场治疗头皮护理专家共识.pdf","03_內科系\未標示年份\13.胶质母细胞瘤肿瘤电场治疗头皮护理专家共识.pdf","內科系","（無）","UNKNOWN","未標示年份","","專家共識","護理管理","臨床診療與醫療技術","pdf","pdf_text_layer","ff669768573da525007ed6ba405a8d8a80122ecf28aa8f7ef05783f196843bf6","1687379","2024-08-19T01:19:52.000Z","needs_review","0.35"
"548c90b7f386dbda","13新型冠状病毒肺炎发热门诊护理管理专家共识","13新型冠状病毒肺炎发热门诊护理管理专家共识.pdf","03_內科系\未標示年份\13新型冠状病毒肺炎发热门诊护理管理专家共识.pdf","內科系","（無）","UNKNOWN","未標示年份","","專家共識","護理管理","","pdf","pdf_text_layer","1a8d4eeacfc22229df5fe456227f17cda3a15a666f1a51b0cc86eb2752615e83","782411","2024-08-19T01:19:34.000Z","needs_review","0.35"
"a6359befe3170fc3","14新型冠状病毒肺炎疫情下精神疾病医院防控护理专家共识","14新型冠状病毒肺炎疫情下精神疾病医院防控护理专家共识.pdf","03_內科系\未標示年份\14新型冠状病毒肺炎疫情下精神疾病医院防控护理专家共识.pdf","內科系","（無）","UNKNOWN","未標示年份","","專家共識","護理管理","臨床診療與醫療技術","pdf","pdf_text_layer","230d892d571c4fa8202a043cad51efb952f99acb6f2a3f61c993deb127f6ff7b","1522888","2024-08-19T01:19:34.000Z","needs_review","0.35"
"d417464401c5678b","15新型冠状病毒肺炎患者机械通气护理管理专家共识","15新型冠状病毒肺炎患者机械通气护理管理专家共识.pdf","03_內科系\未標示年份\15新型冠状病毒肺炎患者机械通气护理管理专家共识.pdf","內科系","（無）","UNKNOWN","未標示年份","","專家共識","護理管理","","pdf","pdf_text_layer","3cba1058cb23a1c3cde92d38f86a67c45ec7093dc7f2645fa50304f8687e35fe","1087236","2024-08-19T01:19:36.000Z","needs_review","0.35"
"7b3e907da7333b77","16.成人癫痫持续状态护理专家共识","16.成人癫痫持续状态护理专家共识.pdf","03_內科系\未標示年份\16.成人癫痫持续状态护理专家共识.pdf","內科系","（無）","UNKNOWN","未標示年份","","專家共識","護理管理","","pdf","pdf_text_layer","32a207b0990387000f487a697055a4672a84e9db1596b997abf7221c5891c6c7","1458476","2024-08-19T01:19:54.000Z","needs_review","0.35"
"58c6b677a4611d50","17肺部恶性肿瘤手术隔离技术专家共识","17肺部恶性肿瘤手术隔离技术专家共识.pdf","03_內科系\未標示年份\17肺部恶性肿瘤手术隔离技术专家共识.pdf","內科系","（無）","UNKNOWN","未標示年份","","專家共識","感染預防與控制","手術、麻醉與疼痛管理","pdf","pdf_text_layer","f604c58bdb69a619732f301f1648a2ea1b27d4e77835fc018547a04f67582903","981976","2024-08-19T01:19:38.000Z","needs_review","0.35"
"10c9c9f1ca08cb30","19呼吸道传染病产生气溶胶高风险护理操作防护专家共识","19呼吸道传染病产生气溶胶高风险护理操作防护专家共识.pdf","03_內科系\未標示年份\19呼吸道传染病产生气溶胶高风险护理操作防护专家共识.pdf","內科系","（無）","UNKNOWN","未標示年份","","專家共識","護理管理","感染預防與控制","pdf","pdf_text_layer","b49a83d0637e99a1a514cd975f149526fe6bb9af513f27d61612ae2449ac70d4","824688","2024-08-19T01:19:38.000Z","needs_review","0.35"
"06a3e13a6da1473d","22神经重症患者肠内喂养护理专家共识","22神经重症患者肠内喂养护理专家共识.pdf","03_內科系\未標示年份\22神经重症患者肠内喂养护理专家共识.pdf","內科系","（無）","UNKNOWN","2022","2022","專家共識","護理管理","","pdf","pdf_text_layer","2de0974986becc4c7687bc6a10642f4341a1835602856966d96db9ac37a52b0f","768948","2024-08-19T01:19:40.000Z","needs_review","0.35"
"7dc0beadab7fed6f","7重型危重型新型冠状病毒肺炎患者整体护理专家共识","7重型危重型新型冠状病毒肺炎患者整体护理专家共识.pdf","03_內科系\未標示年份\7重型危重型新型冠状病毒肺炎患者整体护理专家共识.pdf","內科系","（無）","UNKNOWN","2020","2020","專家共識","護理管理","","pdf","pdf_text_layer","f840dbd28d1ae153e3329a514c5861811defed204e161de14e7eec2c85c3c73f","1061786","2024-08-19T01:19:44.000Z","needs_review","0.35"
"106eb915fe83d95c","二级及以上综合医院感染性疾病科建设标准(建议稿)","二级及以上综合医院感染性疾病科建设标准(建议稿).pdf","03_內科系\未標示年份\二级及以上综合医院感染性疾病科建设标准(建议稿).pdf","內科系","（無）","UNKNOWN","未標示年份","","待確認或非規範文件","感染預防與控制","臨床診療與醫療技術","pdf","pdf_needs_ocr","c2960542d431bc8f7053f9308db325c105936bee982a9f3cf5e55c388d47d043","1237296","2026-02-05T04:27:40.000Z","needs_review","0.35"
"3c220eda1a479b40","儿科呼吸内镜诊疗技术临床应用管理规范","儿科呼吸内镜诊疗技术临床应用管理规范.pdf","03_內科系\未標示年份\儿科呼吸内镜诊疗技术临床应用管理规范.pdf","內科系","（無）","UNKNOWN","未標示年份","","國家或地方標準","臨床診療與醫療技術","","pdf","pdf_text_layer","60cb5e5ac67b4f9ded330eab947c46f67dbe6ec3f0604fa97155640e436dbb2d","183302","2024-05-29T11:15:04.000Z","needs_review","0.35"
"bafa22348b508713","儿科消化内镜诊疗技术临床应用管理规范","儿科消化内镜诊疗技术临床应用管理规范.pdf","03_內科系\未標示年份\儿科消化内镜诊疗技术临床应用管理规范.pdf","內科系","（無）","UNKNOWN","未標示年份","","國家或地方標準","臨床診療與醫療技術","","pdf","pdf_text_layer","56930042b78b8f15445c50cc88915309cc2fec081ce8ae75d18004bad67ad608","181278","2024-05-29T11:15:10.000Z","needs_review","0.35"
"fd232c546f6d9f65","口腔门诊医院感染管理标准","口腔门诊医院感染管理标准.pdf","03_內科系\未標示年份\口腔门诊医院感染管理标准.pdf","內科系","（無）","UNKNOWN","未標示年份","","待確認或非規範文件","感染預防與控制","","pdf","pdf_text_layer","d28f571a0c1378f98b1e0183826e98244047bce16bc9c569b71307342c3a26bb","430757","2024-08-22T05:25:18.000Z","needs_review","0.35"
"1f4515e222069394","内审员队伍在医院感染管理质量控制中的作用——等级医院评审中的实践与探索","内审员队伍在医院感染管理质量控制中的作用——等级医院评审中的实践与探索.pdf","03_內科系\未標示年份\内审员队伍在医院感染管理质量控制中的作用——等级医院评审中的实践与探索.pdf","內科系","（無）","UNKNOWN","未標示年份","","醫院評鑑／認證標準","感染預防與控制","財務、採購與內部稽核","pdf","pdf_text_layer","e7f59796d18c632db07c31821df23a1273718622e321e55ac749b9e755fc3df5","854161","2025-07-08T14:29:30.000Z","needs_review","0.35"
"6aa2738b3847543a","对市十五届人大六次会议 第0369号代表建议的答复_心血管危险因素筛查和综合管理","对市十五届人大六次会议 第0369号代表建议的答复_心血管危险因素筛查和综合管理.pdf","03_內科系\未標示年份\对市十五届人大六次会议 第0369号代表建议的答复_心血管危险因素筛查和综合管理.pdf","內科系","（無）","UNKNOWN","未標示年份","","國家或地方標準","其他／待確認","","pdf","pdf_text_layer","9ae2c378d03df38e8f7bf0dd5ee7c7567071901ee4d6be12803b63790bc41e32","491835","2022-08-29T13:03:48.000Z","needs_review","0.35"
"425c31c768924d3a","关于进一步重申加强新冠肺炎疫情期间医疗机构感染防控工作的通知","关于进一步重申加强新冠肺炎疫情期间医疗机构感染防控工作的通知.PDF","03_內科系\未標示年份\关于进一步重申加强新冠肺炎疫情期间医疗机构感染防控工作的通知.PDF","內科系","（無）","UNKNOWN","未標示年份","","公告／通知／函釋","醫療治理與依法執業","感染預防與控制","pdf","pdf_needs_ocr","aeca1a521e9d3cba5afc78cdbb591ffba5d5d38bf99d6557f83f4f5fc6cf9556","6930128","2022-09-18T09:23:38.000Z","needs_review","0.35"
"a88faacb82900070","创伤弧菌感染诊治、预防专家共识","创伤弧菌感染诊治、预防专家共识.pdf","03_內科系\未標示年份\创伤弧菌感染诊治、预防专家共识.pdf","內科系","（無）","UNKNOWN","未標示年份","","專家共識","感染預防與控制","","pdf","pdf_needs_ocr","5dce9567b4633e4a4c1a7a8fea9f2009a5512399262c42cfd86d42efd030eb64","1544269","2025-09-10T02:45:42.000Z","needs_review","0.35"
"c9b11fed93bfac1e","妇科常见恶性肿瘤全专结合管理专家共识","妇科常见恶性肿瘤全专结合管理专家共识.pdf","03_內科系\未標示年份\妇科常见恶性肿瘤全专结合管理专家共识.pdf","內科系","（無）","UNKNOWN","未標示年份","","專家共識","其他／待確認","","pdf","pdf_needs_ocr","c94f46ea698b800e7a10dd47cbaf689fc06e555b9dea174df1b0c233f1ae5cac","1568478","2025-06-03T03:45:50.000Z","needs_review","0.35"
"280a195b2811c38c","老年上消化道出血急诊诊疗专家共识","老年上消化道出血急诊诊疗专家共识.pdf","03_內科系\未標示年份\老年上消化道出血急诊诊疗专家共识.pdf","內科系","（無）","UNKNOWN","未標示年份","","專家共識","臨床診療與醫療技術","急診與緊急醫療","pdf","pdf_needs_ocr","808fc115778b893906da9ccda90f96b2ed482b5035fea68f19686f02f58d9f48","2769348","2025-03-26T06:04:52.000Z","needs_review","0.35"
"ab7cb385b2572728","耳念珠菌医院感染预防与控制专家共识","耳念珠菌医院感染预防与控制专家共识.pdf","03_內科系\未標示年份\耳念珠菌医院感染预防与控制专家共识.pdf","內科系","（無）","UNKNOWN","未標示年份","","專家共識","感染預防與控制","","pdf","pdf_needs_ocr","e1f6278ba5a68fcb5df102990d97bef789f8d29bf8b2d79839b0c7e64dab0f60","2091938","2026-03-24T10:48:14.000Z","needs_review","0.35"
"67bb70c1b51704a6","医疗机构内新型冠状病毒感染预防与控制","医疗机构内新型冠状病毒感染预防与控制.docx","03_內科系\未標示年份\医疗机构内新型冠状病毒感染预防与控制.docx","內科系","（無）","UNKNOWN","2020","2020；2019；2016；2015；2012；2009；1919","研究論文／文獻","醫療治理與依法執業","藥事與藥品管理；感染預防與控制；資訊安全與個人資料；醫技、檢驗與病理；臨床診療與醫療技術；手術、麻醉與疼痛管理；急診與緊急醫療；生殖、婦幼與月子服務；醫療器材與設備；後勤、建築與設施安全；消防、治安與應急管理；環境、能源與醫療廢棄物；圖書、教育與文件管理","docx","office_xml","7e77d312cb3ca28a4b34f88cb9d92ee27866c2e88303962b97dd2175d4808d8e","21461","2021-08-01T04:51:04.000Z","needs_review","0.35"
"4a48549ea20935ea","医疗机构传染病预检分诊管理办法","医疗机构传染病预检分诊管理办法.doc","03_內科系\未標示年份\医疗机构传染病预检分诊管理办法.doc","內科系","（無）","UNKNOWN","未標示年份","","院內制度／SOP","醫療治理與依法執業","感染預防與控制","doc","filename_only","5fea4b6df95fe24b954384f235a6633ef2b44e68cdefa4637692fd7a4953487e","31232","2022-10-08T05:38:32.000Z","needs_review","0.35"
"6121f70ef7221c79","医疗机构感染预防与控制基本制度","医疗机构感染预防与控制基本制度.docx","03_內科系\未標示年份\医疗机构感染预防与控制基本制度.docx","內科系","（無）","UNKNOWN","2019","2019","研究論文／文獻","醫療治理與依法執業","護理管理；藥事與藥品管理；感染預防與控制；資訊安全與個人資料；醫技、檢驗與病理；臨床診療與醫療技術；手術、麻醉與疼痛管理；急診與緊急醫療；生殖、婦幼與月子服務；臨床研究與人體試驗；醫療器材與設備；後勤、建築與設施安全；消防、治安與應急管理；環境、能源與醫療廢棄物；圖書、教育與文件管理","docx","office_xml","8439d2543a53b8df4b4fedf616dccfa7037dc3e5257d49d3c6d02915e07c982f","22536","2023-03-01T09:22:08.000Z","needs_review","0.35"
"0f042930b5e5030d","医疗管理 医院感染管理","医疗管理 医院感染管理.pdf","03_內科系\未標示年份\医疗管理 医院感染管理.pdf","內科系","（無）","UNKNOWN","未標示年份","","國家或地方標準","感染預防與控制","","pdf","pdf_text_layer","34a5921c73e0dd0d73065f603bc4ae0e2a2f45bf413c44d87e17a298410b57ea","472401","2022-06-20T04:03:04.000Z","needs_review","0.35"
"77ec930e5c519032","医院感染诊断标准(试行)","医院感染诊断标准(试行).doc","03_內科系\未標示年份\医院感染诊断标准(试行).doc","內科系","（無）","UNKNOWN","未標示年份","","待確認或非規範文件","感染預防與控制","","doc","filename_only","d8a3e3b678d85e3baf75e554232fad7d51117b29885174008eaa4a4ba33b157b","71680","2022-06-29T08:33:16.000Z","needs_review","0.35"
"ed7f6742f3732f85","医院感染监测规范","医院感染监测规范.pdf","03_內科系\未標示年份\医院感染监测规范.pdf","內科系","（無）","UNKNOWN","未標示年份","","待確認或非規範文件","感染預防與控制","","pdf","pdf_needs_ocr","57c4d25090e96777cf8b5ca698346e9e70ef136c6db29b113ae092c1f8c19023","4332239","2022-06-29T07:18:52.000Z","needs_review","0.35"
"1d6b1716ff514bf9","医院感染预防与控制评价规范","医院感染预防与控制评价规范.pdf","03_內科系\未標示年份\医院感染预防与控制评价规范.pdf","內科系","（無）","UNKNOWN","2018","2018","國家或地方標準","感染預防與控制","","pdf","pdf_text_layer","21635e3e383a52b35d2dd193b9b166a81d990ffa4b2d69a4ec15e4f97f429459","368159","2022-08-26T08:45:24.000Z","needs_review","0.35"
"4d3cc370e400710b","医院感染管理专业人员培训指南","医院感染管理专业人员培训指南.pdf","03_內科系\未標示年份\医院感染管理专业人员培训指南.pdf","內科系","（無）","UNKNOWN","2016","2016","技術規範／診療指南","感染預防與控制","圖書、教育與文件管理","pdf","pdf_text_layer","3a22e2093360436dfafe382e73619efc96f39d6186f924b6159430c601c757a7","256684","2022-06-29T06:55:58.000Z","needs_review","0.35"
"0b72e599fcd5ed94","医院感染管理办法","医院感染管理办法.doc","03_內科系\未標示年份\医院感染管理办法.doc","內科系","（無）","UNKNOWN","未標示年份","","院內制度／SOP","感染預防與控制","","doc","filename_only","ba66fd15a92114fcf97a04fb1e423aec12af187832c048141218f9cec429aeeb","59904","2022-06-29T06:54:14.000Z","needs_review","0.35"
"6541e453f8215786","医院感染暴发控制指南","医院感染暴发控制指南.pdf","03_內科系\未標示年份\医院感染暴发控制指南.pdf","內科系","（無）","UNKNOWN","2016","2016","技術規範／診療指南","感染預防與控制","","pdf","pdf_text_layer","0e37af9afc2fc0f01b1a54dd643700653655067678b67eb5961fc14d60cafaf1","356335","2022-06-02T07:52:10.000Z","needs_review","0.35"
"72d92e68bb1ce8c7","使用侵入性诊疗器械相关医院感染防控依从性监测方案","使用侵入性诊疗器械相关医院感染防控依从性监测方案.doc","03_內科系\未標示年份\使用侵入性诊疗器械相关医院感染防控依从性监测方案.doc","內科系","（無）","UNKNOWN","未標示年份","","待確認或非規範文件","感染預防與控制","臨床診療與醫療技術","doc","filename_only","6aeb4c1f3b16d3bcdc0c0bd76cd020a1838312849d9c5518a71f9aa57d7263c1","29285","2022-06-02T08:46:40.000Z","needs_review","0.35"
"72c976e847c3c5f2","呼吸内镜诊疗技术临床应用管理规范","呼吸内镜诊疗技术临床应用管理规范.pdf","03_內科系\未標示年份\呼吸内镜诊疗技术临床应用管理规范.pdf","內科系","（無）","UNKNOWN","未標示年份","","國家或地方標準","臨床診療與醫療技術","","pdf","pdf_text_layer","3d7dee031fdd1d0ea66a729925aaad7cb434f982983282a644cefac8c928f6fd","183361","2024-05-29T11:13:48.000Z","needs_review","0.35"
"19dc13838d28e07d","呼吸机安全管理 pdf","呼吸机安全管理 pdf.pdf","03_內科系\未標示年份\呼吸机安全管理 pdf.pdf","內科系","（無）","UNKNOWN","未標示年份","","國家或地方標準","其他／待確認","","pdf","pdf_text_layer","1ba971ffcf156523edab9fc121799336637f43ba614a9cf42f02b26874905a63","558245","2020-06-13T11:21:04.000Z","needs_review","0.35"
"80878cdfadaa32ae","国务院办公厅关于加强传染病防治人员安全防护的意见","国务院办公厅关于加强传染病防治人员安全防护的意见.pdf","03_內科系\未標示年份\国务院办公厅关于加强传染病防治人员安全防护的意见.pdf","內科系","（無）","UNKNOWN","未標示年份","","國家或地方標準","感染預防與控制","","pdf","pdf_text_layer","3f47f6eb363abd86871f3c7db508a9b61727c22baf968ba822820299430b4838","277860","2022-07-06T09:40:34.000Z","needs_review","0.35"
"a290ec699a1dac5b","国外肿瘤个案管理发展对国内的启示与思考","国外肿瘤个案管理发展对国内的启示与思考.pdf","03_內科系\未標示年份\国外肿瘤个案管理发展对国内的启示与思考.pdf","內科系","（無）","UNKNOWN","未標示年份","","待確認或非規範文件","其他／待確認","","pdf","pdf_needs_ocr","c4f6d2e6ac29d28064c856ba1755fe1ae96ce48a3a45a8a7ba6746c646777c9b","908082","2025-06-03T04:40:08.000Z","needs_review","0.35"
"36ac9e6790fc731e","国家卫生健康委办公厅关于印发综合医院风湿免疫科建设与管理指南（试行）的通知","国家卫生健康委办公厅关于印发综合医院风湿免疫科建设与管理指南（试行）的通知.pdf","03_內科系\未標示年份\国家卫生健康委办公厅关于印发综合医院风湿免疫科建设与管理指南（试行）的通知.pdf","內科系","（無）","UNKNOWN","未標示年份","","技術規範／診療指南","醫療治理與依法執業","","pdf","pdf_text_layer","ed422734572ce3c8f5511a66ed79cf91f2dca415af098960303c17796ed6f10d","476179","2022-08-24T01:45:46.000Z","needs_review","0.35"
"64e00ff7e430a65f","国家卫生健康委办公厅关于进一步加强医疗机构感染预防与控制工作的通知","国家卫生健康委办公厅关于进一步加强医疗机构感染预防与控制工作的通知.docx","03_內科系\未標示年份\国家卫生健康委办公厅关于进一步加强医疗机构感染预防与控制工作的通知.docx","內科系","（無）","UNKNOWN","2019","2019","醫院評鑑／認證標準","醫療治理與依法執業","醫院評鑑與醫療品質；醫療人員與執業管理；護理管理；藥事與藥品管理；感染預防與控制；資訊安全與個人資料；醫技、檢驗與病理；臨床診療與醫療技術；手術、麻醉與疼痛管理；急診與緊急醫療；輸血與器官移植；生殖、婦幼與月子服務；臨床研究與人體試驗；醫療器材與設備；後勤、建築與設施安全；消防、治安與應急管理；環境、能源與醫療廢棄物；圖書、教育與文件管理","docx","office_xml","85117da220768999b69f9b6ab5afd4583b7349c64fb1a7874fc340b79b3145b6","32364","2022-07-01T09:25:52.000Z","needs_review","0.35"
"5f192ce72f2a1da1","肺癌呼吸介入联合免疫治疗临床应用专家共识","肺癌呼吸介入联合免疫治疗临床应用专家共识.pdf","03_內科系\未標示年份\肺癌呼吸介入联合免疫治疗临床应用专家共识.pdf","內科系","（無）","UNKNOWN","未標示年份","","專家共識","臨床診療與醫療技術","","pdf","pdf_needs_ocr","1c4b7ec41520c05a7bb3fe25bf946fbff86bbb8ae3ea238432e7815b2ce6ee7b","2809167","2025-06-03T03:56:18.000Z","needs_review","0.35"
"95b2f26fd688672a","连续肾脏替代治疗装置性能技术指标检测与控制标准","连续肾脏替代治疗装置性能技术指标检测与控制标准.pdf","03_內科系\未標示年份\连续肾脏替代治疗装置性能技术指标检测与控制标准.pdf","內科系","（無）","UNKNOWN","未標示年份","","待確認或非規範文件","臨床診療與醫療技術","","pdf","pdf_text_layer","faab12ffbda0cd6cd71ad62ef8d30ef9dced5cba9f34140954fed914857b458c","1284290","2024-08-09T06:06:30.000Z","needs_review","0.35"
"7b45d1835c7dcb51","侵入性醫療感染管制作業基準","侵入性醫療感染管制作業基準.pdf","03_內科系\未標示年份\侵入性醫療感染管制作業基準.pdf","內科系","（無）","UNKNOWN","未標示年份","","國家或地方標準","感染預防與控制","","pdf","pdf_text_layer","ee09d4358372b1e28d5497271a41a92801bd559258fc7254f57ed3d45debc862","3247201","2022-06-02T09:45:52.000Z","needs_review","0.35"
"15b02ad57c698d18","建立健全医院感染管理组织的暂行办法","建立健全医院感染管理组织的暂行办法.docx","03_內科系\未標示年份\建立健全医院感染管理组织的暂行办法.docx","內科系","（無）","UNKNOWN","未標示年份","","研究論文／文獻","醫療人員與執業管理","護理管理；感染預防與控制；醫技、檢驗與病理；臨床診療與醫療技術；臨床研究與人體試驗；環境、能源與醫療廢棄物；圖書、教育與文件管理","docx","office_xml","75891a78accf4fd272121ad78981cab52ad4afa9e24cc5b1e94ef4c3935df2ba","12184","2022-08-24T09:34:26.000Z","needs_review","0.35"
"bd1e7a8c7ed80cce","恶性肿瘤患者术中自体血回输的临床实践指南","恶性肿瘤患者术中自体血回输的临床实践指南 (1).pdf","03_內科系\未標示年份\恶性肿瘤患者术中自体血回输的临床实践指南 (1).pdf","內科系","（無）","UNKNOWN","未標示年份","","技術規範／診療指南","臨床診療與醫療技術","","pdf","pdf_needs_ocr","3d5271d05ccf2b37c12939fe82c9b66b5c48ab4caaeb2307d208b86ca329d913","1311956","2025-12-15T22:19:36.000Z","needs_review","0.35"
"7c3cd48788c533e3","恶性肿瘤患者术中自体血回输的临床实践指南","恶性肿瘤患者术中自体血回输的临床实践指南.pdf","03_內科系\未標示年份\恶性肿瘤患者术中自体血回输的临床实践指南.pdf","內科系","（無）","UNKNOWN","未標示年份","","技術規範／診療指南","臨床診療與醫療技術","","pdf","pdf_needs_ocr","3d5271d05ccf2b37c12939fe82c9b66b5c48ab4caaeb2307d208b86ca329d913","1311956","2025-12-15T22:19:30.000Z","needs_review","0.35"
"bae7724f1f5761a0","消化内镜护士人体工效学负荷评价量表的研制与评价","消化内镜护士人体工效学负荷评价量表的研制与评价.pdf","03_內科系\未標示年份\消化内镜护士人体工效学负荷评价量表的研制与评价.pdf","內科系","（無）","UNKNOWN","未標示年份","","待確認或非規範文件","醫療人員與執業管理","","pdf","pdf_needs_ocr","e117a7fe153c0ee2bcdf2d0ceaca93fb1fbecadc479d5a997868315351abe22b","13525704","2025-04-02T05:28:58.000Z","needs_review","0.35"
"12a3d10b5c1b9581","消化内镜诊疗技术医疗质量控制指标","消化内镜诊疗技术医疗质量控制指标.pdf","03_內科系\未標示年份\消化内镜诊疗技术医疗质量控制指标.pdf","內科系","（無）","UNKNOWN","未標示年份","","國家或地方標準","臨床診療與醫療技術","","pdf","pdf_text_layer","601019ab23513ae2aea5fc1afe4debcba54ed8cf200ceccbfe7e6a4802e30c0f","267484","2024-05-29T11:17:48.000Z","needs_review","0.35"
"a44133ee03f5d8ec","消化内镜诊疗技术临床应用管理规范","消化内镜诊疗技术临床应用管理规范.pdf","03_內科系\未標示年份\消化内镜诊疗技术临床应用管理规范.pdf","內科系","（無）","UNKNOWN","未標示年份","","國家或地方標準","臨床診療與醫療技術","","pdf","pdf_text_layer","13d12672d03b4acb26fa4c3b8e6e83b81f47a6d5a4b4174d794e17cb20e1cd2c","171810","2024-05-29T11:13:56.000Z","needs_review","0.35"
"a1091115989263b7","疼痛护理路径在癌症疼痛治疗中的临床应用价值","疼痛护理路径在癌症疼痛治疗中的临床应用价值.pdf","03_內科系\未標示年份\疼痛护理路径在癌症疼痛治疗中的临床应用价值.pdf","內科系","（無）","UNKNOWN","2025","2025；2024；2023；2022；2021","研究論文／文獻","護理管理","臨床診療與醫療技術；手術、麻醉與疼痛管理","pdf","pdf_text_layer","88f68386572ea6dd658f4e455497ef9254640718aa58c4182007f64c957316bc","337219","2026-04-29T05:40:06.000Z","needs_review","0.35"
"f4c79a582216da20","基于人为因素实验室获得性感染风险与生物安全应对策略","基于人为因素实验室获得性感染风险与生物安全应对策略.pdf","03_內科系\未標示年份\基于人为因素实验室获得性感染风险与生物安全应对策略.pdf","內科系","（無）","UNKNOWN","未標示年份","","待確認或非規範文件","感染預防與控制","醫技、檢驗與病理","pdf","pdf_needs_ocr","5cfa81a63a713232033a69f3eb8592196021bdf38a9c754ab091a8d9f6c350df","1346744","2026-03-24T04:25:38.000Z","needs_review","0.35"
"782875feba89c880","基于灾害脆弱性分析的新生儿科医院感染风险评估","基于灾害脆弱性分析的新生儿科医院感染风险评估.pdf","03_內科系\未標示年份\基于灾害脆弱性分析的新生儿科医院感染风险评估.pdf","內科系","（無）","UNKNOWN","未標示年份","","研究論文／文獻","感染預防與控制","","pdf","pdf_needs_ocr","e1615aff511e9eac39be867d14186546b3940122d56aa8c4955e77ba60d01c3f","1032897","2025-07-03T07:08:16.000Z","needs_review","0.35"
"16e0688d997c58c1","超重_肥胖多囊卵巢综合征患者体重管理内分泌专家共识","超重_肥胖多囊卵巢综合征患者体重管理内分泌专家共识.pdf","03_內科系\未標示年份\超重_肥胖多囊卵巢综合征患者体重管理内分泌专家共识.pdf","內科系","（無）","UNKNOWN","未標示年份","","專家共識","其他／待確認","","pdf","pdf_needs_ocr","a35bee84034a560bdbd7d444189409f0939b63ced78db72b4b4558478e269a36","2037051","2025-04-14T01:54:14.000Z","needs_review","0.35"
"759b89e6832d64d5","感染性物质运输标准","感染性物质运输标准.pdf","03_內科系\未標示年份\感染性物质运输标准.pdf","內科系","（無）","UNKNOWN","未標示年份","","國家或地方標準","感染預防與控制","","pdf","pdf_text_layer","455b587efad28b1284cfcba8c53476cf94d4b1805a53fcd985f8674ae828e3ba","20830439","2026-01-29T02:55:04.000Z","needs_review","0.35"
"6dd2e39cab858aac","感染性物质运输标准（2）","感染性物质运输标准（2）.pdf","03_內科系\未標示年份\感染性物质运输标准（2）.pdf","內科系","（無）","UNKNOWN","未標示年份","","國家或地方標準","感染預防與控制","","pdf","pdf_text_layer","455b587efad28b1284cfcba8c53476cf94d4b1805a53fcd985f8674ae828e3ba","20830439","2025-08-19T10:06:12.000Z","needs_review","0.35"
"1271f4cdbf4e6af6","新生儿呼吸道病毒感染的研究进展","新生儿呼吸道病毒感染的研究进展.pdf","03_內科系\未標示年份\新生儿呼吸道病毒感染的研究进展.pdf","內科系","（無）","UNKNOWN","未標示年份","","研究論文／文獻","感染預防與控制","臨床研究與人體試驗","pdf","pdf_needs_ocr","6210cb3162102d5af919d7f6969ee7bd622d6064ec33581d7da8bbd1cb173002","1266276","2025-07-03T07:07:46.000Z","needs_review","0.35"
"a47c09cbc9512111","新冠肺炎疫情期间公共交通工具消毒","新冠肺炎疫情期间公共交通工具消毒.pdf","03_內科系\未標示年份\新冠肺炎疫情期间公共交通工具消毒.pdf","內科系","（無）","UNKNOWN","未標示年份","","國家或地方標準","感染預防與控制","","pdf","pdf_text_layer","b30ae22e0d7fd8d479c9c81fcdc5a5a4d7a11c789a9dd536b6bb4bb4c76120e6","232716","2022-09-04T08:06:06.000Z","needs_review","0.35"
"0d85ff54186a437d","新冠肺炎疫情期间特定人群个人防护指南","新冠肺炎疫情期间特定人群个人防护指南.pdf","03_內科系\未標示年份\新冠肺炎疫情期间特定人群个人防护指南.pdf","內科系","（無）","UNKNOWN","2020","2020","技術規範／診療指南","其他／待確認","","pdf","pdf_text_layer","79d5d8c382d9d51721f52809db5ebb292c7a65516fbe2698092a82c19ebadb97","321840","2022-09-04T08:06:36.000Z","needs_review","0.35"
"dcaf86ec56b1ce33","静疗小组干预策略结合无缝隙个案管理在肿瘤化疗患者PICC置管中的应用","静疗小组干预策略结合无缝隙个案管理在肿瘤化疗患者PICC置管中的应用.pdf","03_內科系\未標示年份\静疗小组干预策略结合无缝隙个案管理在肿瘤化疗患者PICC置管中的应用.pdf","內科系","（無）","UNKNOWN","未標示年份","","待確認或非規範文件","其他／待確認","","pdf","pdf_needs_ocr","4538eb8295c687d3837247790910c6333ef9c8a28ebf61362cdebabe238dcca0","1520674","2025-06-03T04:42:16.000Z","needs_review","0.35"
"78b19fbbe55694f9","静疗小组干预策略结合无缝隙个案管理在肿瘤化疗患者PICC置管中的应用（2）","静疗小组干预策略结合无缝隙个案管理在肿瘤化疗患者PICC置管中的应用（2）.pdf","03_內科系\未標示年份\静疗小组干预策略结合无缝隙个案管理在肿瘤化疗患者PICC置管中的应用（2）.pdf","內科系","（無）","UNKNOWN","未標示年份","","待確認或非規範文件","其他／待確認","","pdf","pdf_needs_ocr","4538eb8295c687d3837247790910c6333ef9c8a28ebf61362cdebabe238dcca0","1520674","2025-06-03T04:42:16.000Z","needs_review","0.35"
"2d5c2cbd56ea4c8c","糖尿病患者胰岛素无针注射操作指引","糖尿病患者胰岛素无针注射操作指引.pdf","03_內科系\未標示年份\糖尿病患者胰岛素无针注射操作指引.pdf","內科系","（無）","UNKNOWN","未標示年份","","國家或地方標準","其他／待確認","","pdf","pdf_text_layer","76198b3a408ac0f600e43c7fdab8e41b8becf442616b41652642bc9d3b642764","1066977","2024-08-19T01:19:32.000Z","needs_review","0.35"
"4339c4178403a2e5","DRG点数付费对恶性肿瘤手术患者住院费用和住院天数的影响分析","DRG点数付费对恶性肿瘤手术患者住院费用和住院天数的影响分析.pdf","03_內科系\未標示年份\DRG点数付费对恶性肿瘤手术患者住院费用和住院天数的影响分析.pdf","內科系","（無）","UNKNOWN","未標示年份","","研究論文／文獻","手術、麻醉與疼痛管理","醫療保險與支付","pdf","pdf_needs_ocr","197dbfed7dee5fde5784fe5781df08421184082a010d7694837264de38c5c293","1659113","2024-08-22T07:45:14.000Z","needs_review","0.35"
"da0abd554532bd90","PDCA护理对降低老年肿瘤患者PICC相关性感染的作用","PDCA护理对降低老年肿瘤患者PICC相关性感染的作用.pdf","03_內科系\未標示年份\PDCA护理对降低老年肿瘤患者PICC相关性感染的作用.pdf","內科系","（無）","UNKNOWN","未標示年份","","待確認或非規範文件","護理管理","感染預防與控制","pdf","pdf_needs_ocr","4f9d764b7df153760368d6426e2aa8c4378628e75dd6ec86b866be8503aea028","1112179","2024-08-24T06:15:16.000Z","needs_review","0.35"
"60bd982ba678d62b","老年髋部骨折围手术期衰弱护理管理专家共识","老年髋部骨折围手术期衰弱护理管理专家共识(2024).pdf","04_外科系\2024\老年髋部骨折围手术期衰弱护理管理专家共识(2024).pdf","外科系","（無）","UNKNOWN","2024","2024","專家共識","護理管理","手術、麻醉與疼痛管理","pdf","pdf_text_layer","8e8aecb4e5edb1b9cf2c7b158822bebb9a50ca2bda8fe3e8a9c7a8ce5897349c","1056303","2025-04-02T05:34:38.000Z","needs_review","0.35"
"f470af58ea3c933c","老年髋部骨折围手术期衰弱护理管理专家共识（2024）","老年髋部骨折围手术期衰弱护理管理专家共识（2024）.pdf","04_外科系\2024\老年髋部骨折围手术期衰弱护理管理专家共识（2024）.pdf","外科系","（無）","UNKNOWN","2024","2024","專家共識","護理管理","手術、麻醉與疼痛管理","pdf","pdf_needs_ocr","8b62d9aad8180ee588ae715256f3941a5e3fa76cfcb9bf1714355d3e4306b49a","1310176","2025-04-02T05:49:06.000Z","needs_review","0.35"
"5f99cab6549d59ac","T_CRHA 044-2024 住院期间成人泌尿造口护理技术规范","T_CRHA 044-2024 住院期间成人泌尿造口护理技术规范.pdf","04_外科系\2024\T_CRHA 044-2024 住院期间成人泌尿造口护理技术规范.pdf","外科系","（無）","UNKNOWN","2024","2024","技術規範／診療指南","護理管理","","pdf","pdf_text_layer","7e4bcb377e2cedfa10648c948322df8d40c42d4811f27bbda2c7442e7b40b071","350701","2025-08-03T17:04:58.000Z","needs_review","0.35"
"8a6b186966360495","附件1.突发事件创伤伤员医疗救治规范（2025年版）-20260114145843562","附件1.突发事件创伤伤员医疗救治规范（2025年版）-20260114145843562 (1).pdf","04_外科系\2025\附件1.突发事件创伤伤员医疗救治规范（2025年版）-20260114145843562 (1).pdf","外科系","（無）","UNKNOWN","2025","2025；2026","待確認或非規範文件","急診與緊急醫療","","pdf","pdf_needs_ocr","ca30aa2e5fdf70c2e6991992d6468a3bff819d7d8bae11678875ec1baf690ba5","4726777","2026-05-07T00:12:40.000Z","needs_review","0.35"
"51f650ea521402ca","附件1.突发事件创伤伤员医疗救治规范（2025年版）-20260114145843562","附件1.突发事件创伤伤员医疗救治规范（2025年版）-20260114145843562.pdf","04_外科系\2025\附件1.突发事件创伤伤员医疗救治规范（2025年版）-20260114145843562.pdf","外科系","（無）","UNKNOWN","2025","2025；2026","待確認或非規範文件","急診與緊急醫療","","pdf","pdf_needs_ocr","ca30aa2e5fdf70c2e6991992d6468a3bff819d7d8bae11678875ec1baf690ba5","4726777","2026-02-01T11:59:34.000Z","needs_review","0.35"
"442362afdf0b66b1","附件2.突发事件烧伤伤员医疗救治规范（2025年版）","附件2.突发事件烧伤伤员医疗救治规范（2025年版） (1).pdf","04_外科系\2025\附件2.突发事件烧伤伤员医疗救治规范（2025年版） (1).pdf","外科系","（無）","UNKNOWN","2025","2025","待確認或非規範文件","急診與緊急醫療","","pdf","pdf_needs_ocr","16ba65b2e6f52330e6ae57ca999efc2dbd3ed321b6dfee9fdf9ee65c672e8a9c","6858995","2026-05-07T00:12:52.000Z","needs_review","0.35"
"b740711e3fcc8075","附件2.突发事件烧伤伤员医疗救治规范（2025年版）","附件2.突发事件烧伤伤员医疗救治规范（2025年版）.pdf","04_外科系\2025\附件2.突发事件烧伤伤员医疗救治规范（2025年版）.pdf","外科系","（無）","UNKNOWN","2025","2025","待確認或非規範文件","急診與緊急醫療","","pdf","pdf_needs_ocr","16ba65b2e6f52330e6ae57ca999efc2dbd3ed321b6dfee9fdf9ee65c672e8a9c","6858995","2026-02-01T11:59:42.000Z","needs_review","0.35"
"f9cf4d47a738ac44","附件2.突发事件烧伤伤员医疗救治规范（2025年版）（2）","附件2.突发事件烧伤伤员医疗救治规范（2025年版）（2）.pdf","04_外科系\2025\附件2.突发事件烧伤伤员医疗救治规范（2025年版）（2）.pdf","外科系","（無）","UNKNOWN","2025","2025","待確認或非規範文件","急診與緊急醫療","","pdf","pdf_needs_ocr","16ba65b2e6f52330e6ae57ca999efc2dbd3ed321b6dfee9fdf9ee65c672e8a9c","6858995","2026-02-01T11:59:42.000Z","needs_review","0.35"
"f290c6cb0f5f0fce","脊柱骨折脱位患者术中翻身操作规范专家共识（2025版）","脊柱骨折脱位患者术中翻身操作规范专家共识（2025版）.pdf","04_外科系\2025\脊柱骨折脱位患者术中翻身操作规范专家共识（2025版）.pdf","外科系","（無）","UNKNOWN","2025","2025","專家共識","其他／待確認","","pdf","pdf_needs_ocr","bb3f49bc2523781ceb776113b63d19195697b488699dff832b3e416bc158f817","1957483","2025-04-02T05:50:08.000Z","needs_review","0.35"
"f856ea642bacb50c","TCNAS49─2025-成人泌尿造口护理","TCNAS49─2025-成人泌尿造口护理.pdf","04_外科系\2025\TCNAS49─2025-成人泌尿造口护理.pdf","外科系","（無）","UNKNOWN","2025","2025；2000","國家或地方標準","護理管理","","pdf","pdf_text_layer","9d37af0c892b6f5da41b8e2d3d906b8ff68dc6d46c450a37e5d9c4b75c3be095","429547","2025-10-15T01:03:10.000Z","needs_review","0.35"
"893b78ed2a2ee9ce","23普通外科患者静脉血栓栓塞症风险评估与预防护理专家共识","23普通外科患者静脉血栓栓塞症风险评估与预防护理专家共识.pdf","04_外科系\未標示年份\23普通外科患者静脉血栓栓塞症风险评估与预防护理专家共识.pdf","外科系","（無）","UNKNOWN","2022","2022","專家共識","護理管理","","pdf","pdf_text_layer","2327dffb6a363c85cca690e24a52d04f07f6d56ac39c92e9621f5fbb723dc43d","772530","2024-08-19T01:19:40.000Z","needs_review","0.35"
"a3762db091e12be8","小儿外科内镜诊疗技术临床应用管理规范","小儿外科内镜诊疗技术临床应用管理规范.pdf","04_外科系\未標示年份\小儿外科内镜诊疗技术临床应用管理规范.pdf","外科系","（無）","UNKNOWN","未標示年份","","國家或地方標準","臨床診療與醫療技術","","pdf","pdf_text_layer","89965a9eaf0d06e843681f058ee92f2c11f8e8349e25bc9ede2c55f308f0d5c8","195346","2024-05-29T11:15:28.000Z","needs_review","0.35"
"e79c0d5e38771595","外科手术中自体血回输与异体血输注治疗费用的调查","外科手术中自体血回输与异体血输注治疗费用的调查.pdf","04_外科系\未標示年份\外科手术中自体血回输与异体血输注治疗费用的调查.pdf","外科系","（無）","UNKNOWN","未標示年份","","待確認或非規範文件","臨床診療與醫療技術","手術、麻醉與疼痛管理","pdf","pdf_needs_ocr","e1ac5e5813edf2b54e848b96935f11eba7cd75084d3f1b24db487aea228d8079","6839126","2025-12-15T22:20:24.000Z","needs_review","0.35"
"b701c4fd2339dccc","生成式人工智能技术在整形外科科普中的应用","生成式人工智能技术在整形外科科普中的应用.pdf","04_外科系\未標示年份\生成式人工智能技术在整形外科科普中的应用.pdf","外科系","（無）","UNKNOWN","未標示年份","","待確認或非規範文件","其他／待確認","","pdf","pdf_needs_ocr","763d95a2ece521be05169f6ea93561c79dd74bb7a49e6b2e9d29514d06d79640","1195837","2024-08-24T08:40:20.000Z","needs_review","0.35"
"8d31ca38ac7fbd96","生成式人工智能技术在整形外科科普中的应用（2）","生成式人工智能技术在整形外科科普中的应用（2）.pdf","04_外科系\未標示年份\生成式人工智能技术在整形外科科普中的应用（2）.pdf","外科系","（無）","UNKNOWN","未標示年份","","待確認或非規範文件","其他／待確認","","pdf","pdf_needs_ocr","763d95a2ece521be05169f6ea93561c79dd74bb7a49e6b2e9d29514d06d79640","1195837","2024-08-24T08:40:20.000Z","needs_review","0.35"
"88baee247d9a7d04","关于制订泌尿外科指南和专家共识的思考","关于制订泌尿外科指南和专家共识的思考.pdf","04_外科系\未標示年份\关于制订泌尿外科指南和专家共识的思考.pdf","外科系","（無）","UNKNOWN","未標示年份","","專家共識","其他／待確認","","pdf","pdf_needs_ocr","38ff97b79f2fcbbddb703256f06e9f28cd486bb537bb979f8a4867b896650ce9","11554631","2025-04-02T05:39:50.000Z","needs_review","0.35"
"56f4a10ba478b068","成人创伤院前疼痛管理专家共识","成人创伤院前疼痛管理专家共识.pdf","04_外科系\未標示年份\成人创伤院前疼痛管理专家共识.pdf","外科系","（無）","UNKNOWN","未標示年份","","專家共識","手術、麻醉與疼痛管理","","pdf","pdf_text_layer","b980d744fde96443629a8751f42da3e26b30f05064e50aaf06bb10406de99382","1065399","2025-04-02T05:39:06.000Z","needs_review","0.35"
"954bdb690ed0ac3c","医联体背景下胰腺专病外科围手术期质量管理与控制实践探索","医联体背景下胰腺专病外科围手术期质量管理与控制实践探索 (1).pdf","04_外科系\未標示年份\医联体背景下胰腺专病外科围手术期质量管理与控制实践探索 (1).pdf","外科系","（無）","UNKNOWN","未標示年份","","待確認或非規範文件","醫院評鑑與醫療品質","手術、麻醉與疼痛管理","pdf","pdf_needs_ocr","b8cb9755e86d20356260d73566dd4f85af665f787ce0410ec6ce938a2bacb823","3141512","2025-10-13T07:23:06.000Z","needs_review","0.35"
"54cdec7e6cde4725","医联体背景下胰腺专病外科围手术期质量管理与控制实践探索","医联体背景下胰腺专病外科围手术期质量管理与控制实践探索.pdf","04_外科系\未標示年份\医联体背景下胰腺专病外科围手术期质量管理与控制实践探索.pdf","外科系","（無）","UNKNOWN","未標示年份","","待確認或非規範文件","醫院評鑑與醫療品質","手術、麻醉與疼痛管理","pdf","pdf_needs_ocr","1dacc57aebbcf4afc00118914ada13e44cdd96fe5c7f8eaef9315600aac79dd1","3141511","2025-10-13T07:22:40.000Z","needs_review","0.35"
"0bfafff2215c696f","泌尿外科内镜诊疗技术临床应用管理规范","泌尿外科内镜诊疗技术临床应用管理规范.pdf","04_外科系\未標示年份\泌尿外科内镜诊疗技术临床应用管理规范.pdf","外科系","（無）","UNKNOWN","未標示年份","","國家或地方標準","臨床診療與醫療技術","","pdf","pdf_text_layer","60b16cc2385d9e45d291eac300279dfe1dcf963c060719a7e5d7c68b96662c0f","206604","2024-05-29T11:14:32.000Z","needs_review","0.35"
"01e7ea3057785544","疼痛护理在四肢骨折患者术后疼痛控制及改善睡眠质量中的应用分析","疼痛护理在四肢骨折患者术后疼痛控制及改善睡眠质量中的应用分析.pdf","04_外科系\未標示年份\疼痛护理在四肢骨折患者术后疼痛控制及改善睡眠质量中的应用分析.pdf","外科系","（無）","UNKNOWN","2025","2025；2022；2020；2000","研究論文／文獻","護理管理","手術、麻醉與疼痛管理","pdf","pdf_text_layer","5baf3ba2d6e7902ae43e1603a1f153f4e370d6129aa57d41b3ffd9a1a3213092","2057255","2025-04-02T05:35:06.000Z","needs_review","0.35"
"213eee2713002980","胸外科内镜诊疗技术临床应用管理规范","胸外科内镜诊疗技术临床应用管理规范.pdf","04_外科系\未標示年份\胸外科内镜诊疗技术临床应用管理规范.pdf","外科系","（無）","UNKNOWN","未標示年份","","國家或地方標準","臨床診療與醫療技術","","pdf","pdf_text_layer","ebc140ed939a0661531d649b9131a288271158303c397aed89b97033b95c4d51","160680","2024-05-29T11:14:56.000Z","needs_review","0.35"
"3aa819f017ad0cce","普通外科内镜诊疗技术临床应用管理规范","普通外科内镜诊疗技术临床应用管理规范.pdf","04_外科系\未標示年份\普通外科内镜诊疗技术临床应用管理规范.pdf","外科系","（無）","UNKNOWN","未標示年份","","國家或地方標準","臨床診療與醫療技術","","pdf","pdf_text_layer","7cd7691c7710b03a971155d6a362347a48947cecf8c45eaabc1f5f7a52b00c98","173802","2024-05-29T11:14:02.000Z","needs_review","0.35"
"09dcf16d78ebe669","T-CNAS 12-2020 成人经口气管插管机械通气患者口腔护理","T-CNAS 12-2020 成人经口气管插管机械通气患者口腔护理.pdf","06_口腔科\2020\T-CNAS 12-2020 成人经口气管插管机械通气患者口腔护理.pdf","口腔科","（無）","UNKNOWN","2020","2020","國家或地方標準","護理管理","","pdf","pdf_text_layer","03ef7e29be2ce88e723a74b6075287ad2560cdc423d524a86392597cefdc58af","1813334","2024-02-20T14:42:04.000Z","needs_review","0.35"
"a75bee9fd5de6cb6","T-CNAS 15-2020 放化疗相关口腔黏膜炎预防及护理","T-CNAS 15-2020 放化疗相关口腔黏膜炎预防及护理.pdf","06_口腔科\2020\T-CNAS 15-2020 放化疗相关口腔黏膜炎预防及护理.pdf","口腔科","（無）","UNKNOWN","2020","2020","國家或地方標準","護理管理","","pdf","pdf_text_layer","f01c992b52577dacadf36c54bc3260f915fc4242bc23c42c7b96311aa9cd26fc","336330","2024-02-20T14:42:58.000Z","needs_review","0.35"
"5bb0411be6d59890","T_CHSA 086-2024 口腔急诊预检分诊分级专家共识","T_CHSA 086-2024 口腔急诊预检分诊分级专家共识.pdf","06_口腔科\2024\T_CHSA 086-2024 口腔急诊预检分诊分级专家共识.pdf","口腔科","（無）","UNKNOWN","2024","2024；2019；2010；2006；2004","專家共識","急診與緊急醫療","","pdf","pdf_text_layer","00a89064ac54f4d876c96edfafb090af7141ebdf4475ef29bcac0a5b6cd45d1e","485468","2025-04-21T00:57:54.000Z","needs_review","0.35"
"45d6b3ff88d5b728","TCNAS 46－2024 口腔癌术后口腔冲洗技术","TCNAS 46－2024 口腔癌术后口腔冲洗技术.pdf","06_口腔科\2024\TCNAS 46－2024 口腔癌术后口腔冲洗技术.pdf","口腔科","（無）","UNKNOWN","2024","2024","國家或地方標準","其他／待確認","","pdf","pdf_text_layer","9203102efa26735db8c5e06da2374426a397a0443607c6163eff4eef23afb065","264075","2025-02-16T02:25:48.000Z","needs_review","0.35"
"83b3726bbdc83716","18.口腔癌全周期吞咽障碍筛查与评估专家共识","18.口腔癌全周期吞咽障碍筛查与评估专家共识.pdf","06_口腔科\未標示年份\18.口腔癌全周期吞咽障碍筛查与评估专家共识.pdf","口腔科","（無）","UNKNOWN","未標示年份","","專家共識","其他／待確認","","pdf","pdf_text_layer","9b1edc0457f55211b8b44e2850784b9a913b902861e65aed75067b31942940ce","1506378","2024-08-19T01:19:56.000Z","needs_review","0.35"
"0c1a054b11c6ca6d","185833_637口腔癌术后口腔冲洗技术","185833_637口腔癌术后口腔冲洗技术.pdf","06_口腔科\未標示年份\185833_637口腔癌术后口腔冲洗技术.pdf","口腔科","（無）","UNKNOWN","未標示年份","","國家或地方標準","其他／待確認","","pdf","pdf_text_layer","9203102efa26735db8c5e06da2374426a397a0443607c6163eff4eef23afb065","264075","2025-03-07T07:10:44.000Z","needs_review","0.35"
"3c804eb438b700e8","成人经口气管插管机械通气患者口腔护理","成人经口气管插管机械通气患者口腔护理.pdf","06_口腔科\未標示年份\成人经口气管插管机械通气患者口腔护理.pdf","口腔科","（無）","UNKNOWN","未標示年份","","國家或地方標準","護理管理","","pdf","pdf_text_layer","03ef7e29be2ce88e723a74b6075287ad2560cdc423d524a86392597cefdc58af","1813334","2021-09-13T04:47:58.000Z","needs_review","0.35"
"e1ab52f704d67e25","放化疗相关口腔黏膜炎预防及护理","放化疗相关口腔黏膜炎预防及护理.pdf","06_口腔科\未標示年份\放化疗相关口腔黏膜炎预防及护理.pdf","口腔科","（無）","UNKNOWN","未標示年份","","國家或地方標準","護理管理","","pdf","pdf_text_layer","f01c992b52577dacadf36c54bc3260f915fc4242bc23c42c7b96311aa9cd26fc","336330","2021-09-13T04:47:54.000Z","needs_review","0.35"
"e79e949cc2d2711c","T_CNHAW 0010.1-2022 激光角膜屈光手术技术规范 第1部","T_CNHAW 0010.1-2022 激光角膜屈光手术技术规范 第1部.pdf","07_眼科與耳鼻喉科\2022\T_CNHAW 0010.1-2022 激光角膜屈光手术技术规范 第1部.pdf","眼科與耳鼻喉科","（無）","UNKNOWN","2022","2022","技術規範／診療指南","手術、麻醉與疼痛管理","","pdf","pdf_text_layer","b9aefb81099f98653564669fdad7aa18e8ef68d2333e5a5487536662b92eee8b","1074319","2023-08-19T03:02:24.000Z","needs_review","0.35"
"4f14a49a37882066","白内障健康管理流程专家共识（2024版）","白内障健康管理流程专家共识（2024版） (1).pdf","07_眼科與耳鼻喉科\2024\白内障健康管理流程专家共识（2024版） (1).pdf","眼科與耳鼻喉科","（無）","UNKNOWN","2024","2024","專家共識","其他／待確認","","pdf","pdf_needs_ocr","261cd18bc80f06856cb35506469c6044141973b64721abadd08f260b67e6fc96","1463317","2025-06-03T04:00:30.000Z","needs_review","0.35"
"26994cd75165f941","白内障健康管理流程专家共识（2024版）","白内障健康管理流程专家共识（2024版）.pdf","07_眼科與耳鼻喉科\2024\白内障健康管理流程专家共识（2024版）.pdf","眼科與耳鼻喉科","（無）","UNKNOWN","2024","2024","專家共識","其他／待確認","","pdf","pdf_needs_ocr","261cd18bc80f06856cb35506469c6044141973b64721abadd08f260b67e6fc96","1463317","2025-06-03T03:46:34.000Z","needs_review","0.35"
"bc19779a327a48a8","激光角膜屈光手术临床诊疗专家共识(全文)","激光角膜屈光手术临床诊疗专家共识(全文).doc","07_眼科與耳鼻喉科\未標示年份\激光角膜屈光手术临床诊疗专家共识(全文).doc","眼科與耳鼻喉科","（無）","UNKNOWN","未標示年份","","專家共識","臨床診療與醫療技術","手術、麻醉與疼痛管理","doc","filename_only","812e156bc8400aacdb8a336bbb257907218df0183e8e9d9eec68206bb985b74e","70696","2023-08-20T08:33:28.000Z","needs_review","0.35"
"fa91521876bedb40","羊水栓塞临床诊断与处理专家共识","羊水栓塞临床诊断与处理专家共识(2018).pdf","08_婦產兒科\2018\羊水栓塞临床诊断与处理专家共识(2018).pdf","婦產兒科","（無）","UNKNOWN","2018","2018","專家共識","臨床診療與醫療技術","","pdf","pdf_text_layer","b0cfba2ca22f244262f9457a62087b2df2c954ee0d572adf9c6cf88db880bba4","804551","2025-03-30T11:50:42.000Z","needs_review","0.35"
"f9cc46d6ff3b0d2b","羊水栓塞临床诊断与处理专家共识（2018）","羊水栓塞临床诊断与处理专家共识（2018）.pdf","08_婦產兒科\2018\羊水栓塞临床诊断与处理专家共识（2018）.pdf","婦產兒科","（無）","UNKNOWN","2018","2018","專家共識","臨床診療與醫療技術","","pdf","pdf_needs_ocr","1e0def974f3f08c1deef3ca39cc3f4f8eadd85753ae026acc19b782e16061f33","808486","2025-08-11T10:14:28.000Z","needs_review","0.35"
"e94759a55d59a029","WST658—2019婴儿培养箱安全管理","WST658—2019婴儿培养箱安全管理.pdf","08_婦產兒科\2019\WST658—2019婴儿培养箱安全管理.pdf","婦產兒科","（無）","UNKNOWN","2019","2019","國家或地方標準","其他／待確認","","pdf","pdf_text_layer","348eda7bbba0908420bfef12644a4e9a305f7981aff6ef43abcb25e370b5a62c","543282","2020-06-13T11:21:06.000Z","needs_review","0.35"
"f220ef8dd43c8ca5","TCNSS 011-2021 学龄儿童体重管理营养指导规范","TCNSS 011-2021 学龄儿童体重管理营养指导规范.pdf","08_婦產兒科\2021\TCNSS 011-2021 学龄儿童体重管理营养指导规范.pdf","婦產兒科","（無）","UNKNOWN","2021","2021","待確認或非規範文件","其他／待確認","","pdf","pdf_needs_ocr","5dfa231ab22eee95c5ad740931da1d8a551f60f8f8cb76cf1ed1c0f3c64e5973","6340543","2025-04-14T01:15:54.000Z","needs_review","0.35"
"50623712de4bd788","三级妇产专科医院中心建设标准及评分细则（2023版）","三级妇产专科医院中心建设标准及评分细则（2023版）.pdf","08_婦產兒科\2023\三级妇产专科医院中心建设标准及评分细则（2023版）.pdf","婦產兒科","（無）","UNKNOWN","2023","2023","國家或地方標準","其他／待確認","","pdf","pdf_text_layer","25660c49f59e2be9c1d43ac26b79386ea960b22571879d988df0aec77e8db855","472314","2023-03-25T12:53:28.000Z","needs_review","0.35"
"ff20c810f579af5d","DB4404_T 42.5-2023 产后母婴服务 第5部分：婴儿喂养良","DB4404_T 42.5-2023 产后母婴服务 第5部分：婴儿喂养良.pdf","08_婦產兒科\2023\DB4404_T 42.5-2023 产后母婴服务 第5部分：婴儿喂养良.pdf","婦產兒科","（無）","UNKNOWN","2023","2023","國家或地方標準","生殖、婦幼與月子服務","","pdf","pdf_text_layer","dda7f6aa0ec4bf6aedf6f22066ed17813f4eb1fa26102e6929363a7c03a12153","850448","2024-08-22T05:34:54.000Z","needs_review","0.35"
"124344738d86cf38","DB1303_T 377-2024 儿科优质护理服务规范","DB1303_T 377-2024 儿科优质护理服务规范.pdf","08_婦產兒科\2024\DB1303_T 377-2024 儿科优质护理服务规范.pdf","婦產兒科","（無）","UNKNOWN","2024","2024；2017；2010","國家或地方標準","護理管理","","pdf","pdf_text_layer","a913afd16cbb327562c07343e645c22786f90881685040c9719dc84665274994","988158","2025-03-07T06:56:06.000Z","needs_review","0.35"
"3e83870ec81fe47b","DB34_T 4960-2024 儿科居家延续护理规范","DB34_T 4960-2024 儿科居家延续护理规范.pdf","08_婦產兒科\2024\DB34_T 4960-2024 儿科居家延续护理规范.pdf","婦產兒科","（無）","UNKNOWN","2024","2024","國家或地方標準","護理管理","","pdf","pdf_text_layer","d2d4f3bc5a644494b46f1795425abe16c584e7bbc66ef9037dfad77da65c4dbd","469512","2024-11-07T08:07:36.000Z","needs_review","0.35"
"4201c4e3f8c653ea","T_CI 612-2024 椎管内分娩镇痛实施规范","T_CI 612-2024 椎管内分娩镇痛实施规范.pdf","08_婦產兒科\2024\T_CI 612-2024 椎管内分娩镇痛实施规范.pdf","婦產兒科","（無）","UNKNOWN","2024","2024","待確認或非規範文件","其他／待確認","","pdf","pdf_text_layer","de61b0d31bfdb503d573a4132d4650e3bd08e7268f5bdf05585674693958d853","551680","2025-07-16T06:37:58.000Z","needs_review","0.35"
"c9b6c0e45801586b","儿童脓毒性休克管理专家共识（2025）","儿童脓毒性休克管理专家共识（2025）.pdf","08_婦產兒科\2025\儿童脓毒性休克管理专家共识（2025）.pdf","婦產兒科","（無）","UNKNOWN","2025","2025","專家共識","其他／待確認","","pdf","pdf_needs_ocr","d61626d131260215b3e1913ce922b47abfb7ea06d4fcd0792c96270044b160a3","1741064","2025-07-22T09:05:14.000Z","needs_review","0.35"
"ba3ba68eaaef782c","新生儿肠外营养管理专家共识","新生儿肠外营养管理专家共识(2025).pdf","08_婦產兒科\2025\新生儿肠外营养管理专家共识(2025).pdf","婦產兒科","（無）","CN","2025","2025；2097；2096；2095；2051；2048；2024；2023；2022；2021；2020；2019；2018；2017；2016；2015；2014；2013；2012；2007；2006；2005","專家共識","其他／待確認","","pdf","pdf_text_layer","c3bc483c61cba8ca9d51d7dbfe67c09146205b4514b64d99e1c2516acb3ea948","1282567","2025-04-02T05:39:20.000Z","needs_review","0.35"
"21cbd41b7da131ae","T_CNAS 64-2026 儿童造血干细胞回输护理","T_CNAS 64-2026 儿童造血干细胞回输护理.pdf","08_婦產兒科\2026\T_CNAS 64-2026 儿童造血干细胞回输护理.pdf","婦產兒科","（無）","UNKNOWN","2026","2026；2022","國家或地方標準","護理管理","","pdf","pdf_text_layer","5c035fb1e5cd85e9e8077b7d2b83f6014413653c6ba9e7ebf62c44ad6e77ab15","369789","2026-08-04T07:34:44.000Z","needs_review","0.35"
"0a5a55dfb11f0b4c","《儿童动脉血气分析临床操作实践标准》 要点解读","《儿童动脉血气分析临床操作实践标准》 要点解读.pdf","08_婦產兒科\未標示年份\《儿童动脉血气分析临床操作实践标准》 要点解读.pdf","婦產兒科","（無）","UNKNOWN","未標示年份","","研究論文／文獻","臨床診療與醫療技術","","pdf","pdf_text_layer","d1db82c010bc2b887d22ee66c4337b9401467b2c3c63025794dfb44705251e5d","1752223","2024-08-19T01:19:28.000Z","needs_review","0.35"
"a0f9cabff44bf291","《儿童动脉血气分析临床操作实践标准》采血流程的实施研究","《儿童动脉血气分析临床操作实践标准》采血流程的实施研究.pdf","08_婦產兒科\未標示年份\《儿童动脉血气分析临床操作实践标准》采血流程的实施研究.pdf","婦產兒科","（無）","UNKNOWN","未標示年份","","研究論文／文獻","臨床診療與醫療技術","臨床研究與人體試驗","pdf","pdf_text_layer","8b7ff037536646d835a04d4e56f8973863ae3c5443eb9e9d4ee520994b119fdc","4222028","2024-08-19T01:19:28.000Z","needs_review","0.35"
"ad38a1cc545945f1","《新生儿病室建设与管理指南(试行)》","《新生儿病室建设与管理指南(试行)》.doc","08_婦產兒科\未標示年份\《新生儿病室建设与管理指南(试行)》.doc","婦產兒科","（無）","UNKNOWN","未標示年份","","技術規範／診療指南","其他／待確認","","doc","filename_only","246cce1be79f46c6cc621f93ab964a9456a6b4a7fe7236a946ba665cc2bd3238","32768","2021-07-05T06:26:26.000Z","needs_review","0.35"
"c338e6eefdaaa3a2","11.新生儿经外周置入中心静脉导管实践指南（第三版）解读（二）：并发症的预防与处理","11.新生儿经外周置入中心静脉导管实践指南（第三版）解读（二）：并发症的预防与处理.pdf","08_婦產兒科\未標示年份\11.新生儿经外周置入中心静脉导管实践指南（第三版）解读（二）：并发症的预防与处理.pdf","婦產兒科","（無）","TW","未標示年份","","技術規範／診療指南","其他／待確認","","pdf","pdf_text_layer","ed773f312924c9f67af1b9679967273e33638aa688da1c6597aaaf9ddc30d7a9","1422502","2024-08-19T01:20:06.000Z","needs_review","0.35"
"b32953d34c25dbfc","15.基于循证的儿童床旁超声护理专家共识","15.基于循证的儿童床旁超声护理专家共识.pdf","08_婦產兒科\未標示年份\15.基于循证的儿童床旁超声护理专家共识.pdf","婦產兒科","（無）","UNKNOWN","未標示年份","","專家共識","護理管理","","pdf","pdf_text_layer","5a89d7e72434d11578806ee8107cb6acde92ecefb45b1d589acbd77dcd840856","48033927","2024-08-19T01:37:28.000Z","needs_review","0.35"
"96398595710389f5","18儿童过敏原皮肤点刺试验护理实践专家共识","18儿童过敏原皮肤点刺试验护理实践专家共识.pdf","08_婦產兒科\未標示年份\18儿童过敏原皮肤点刺试验护理实践专家共识.pdf","婦產兒科","（無）","UNKNOWN","未標示年份","","專家共識","護理管理","","pdf","pdf_text_layer","01d8c3fb95d5895483a391dbb4b5b3b64f84f747709fa61e7f6e50d0233867c4","860829","2024-08-19T01:19:38.000Z","needs_review","0.35"
"83c7aa4eca907292","8.新生儿经外周置入中心静脉导管实践指南（第三版）解读（一）","8.新生儿经外周置入中心静脉导管实践指南（第三版）解读（一）.pdf","08_婦產兒科\未標示年份\8.新生儿经外周置入中心静脉导管实践指南（第三版）解读（一）.pdf","婦產兒科","（無）","UNKNOWN","未標示年份","","技術規範／診療指南","其他／待確認","","pdf","pdf_text_layer","63c3be595632c72cde04ee5283807d94c8e36a789080cc588859140ae11d871d","19159635","2024-08-19T01:20:18.000Z","needs_review","0.35"
"39a22a1ff5d28110","9.美国妇女健康、产科和新生儿护士协会第四版《新生儿皮肤护理循证临床实践指南》解读","9.美国妇女健康、产科和新生儿护士协会第四版《新生儿皮肤护理循证临床实践指南》解读.pdf","08_婦產兒科\未標示年份\9.美国妇女健康、产科和新生儿护士协会第四版《新生儿皮肤护理循证临床实践指南》解读.pdf","婦產兒科","（無）","UNKNOWN","未標示年份","","技術規範／診療指南","醫療人員與執業管理","護理管理；臨床診療與醫療技術；生殖、婦幼與月子服務","pdf","pdf_text_layer","4f8f757d2adaf0bcfc9b6b5b587da0c46b81af37999cb71ce62c727090f4b9b5","1470430","2024-08-19T01:20:20.000Z","needs_review","0.35"
"577c98e915f107a3","儿童过敏免疫诊疗中心_过敏免疫门诊规范化建设专家共识","儿童过敏免疫诊疗中心_过敏免疫门诊规范化建设专家共识.pdf","08_婦產兒科\未標示年份\儿童过敏免疫诊疗中心_过敏免疫门诊规范化建设专家共识.pdf","婦產兒科","（無）","UNKNOWN","未標示年份","","專家共識","臨床診療與醫療技術","","pdf","pdf_needs_ocr","64fe608ac1d946e0998ed971f2123e252d71c7e7c6bfd36870ca55bef717ca22","2700466","2025-06-03T03:58:06.000Z","needs_review","0.35"
"2688e18e076921b8","儿童肺血栓栓塞症诊断与治疗专家共识","儿童肺血栓栓塞症诊断与治疗专家共识.pdf","08_婦產兒科\未標示年份\儿童肺血栓栓塞症诊断与治疗专家共识.pdf","婦產兒科","（無）","UNKNOWN","未標示年份","","專家共識","臨床診療與醫療技術","","pdf","pdf_needs_ocr","aea50724e7a8d5f07e91558cbf5d4fa562ec704a1f3b6572d7a452571ffd29b8","2342556","2025-06-03T03:57:26.000Z","needs_review","0.35"
"2bb999c770ba9db9","儿童青少年超重肥胖的医学体重管理专家共识","儿童青少年超重肥胖的医学体重管理专家共识.pdf","08_婦產兒科\未標示年份\儿童青少年超重肥胖的医学体重管理专家共识.pdf","婦產兒科","（無）","UNKNOWN","未標示年份","","專家共識","其他／待確認","","pdf","pdf_needs_ocr","fe55f27d9322b6de1fbae789912161f5f1a49274011c76c7182b921bc0f11a85","2275328","2025-04-14T01:53:14.000Z","needs_review","0.35"
"f4aea66e3aa8d109","卫生部关于印发《新生儿病室建设与管理指南（试行）》的通知","卫生部关于印发《新生儿病室建设与管理指南（试行）》的通知.pdf","08_婦產兒科\未標示年份\卫生部关于印发《新生儿病室建设与管理指南（试行）》的通知.pdf","婦產兒科","（無）","UNKNOWN","未標示年份","","技術規範／診療指南","其他／待確認","","pdf","pdf_text_layer","aa2c5bc9016ca480e3d719ee27c03e515c7284695e30112e2e821bccdaec0703","398399","2022-06-06T03:22:34.000Z","needs_review","0.35"
"69c4f3b433324e2f","中国儿童雷暴哮喘专家共识","中国儿童雷暴哮喘专家共识.pdf","08_婦產兒科\未標示年份\中国儿童雷暴哮喘专家共识.pdf","婦產兒科","（無）","CN","未標示年份","","專家共識","其他／待確認","","pdf","pdf_needs_ocr","807a04166844893a486af6e4e3916854d46721cc5ec497fe32098c532a9546e0","1613952","2025-09-10T02:44:32.000Z","needs_review","0.35"
"67af253702ce3efb","分娩镇痛产妇舒适状况量表的研制及信效度检验","分娩镇痛产妇舒适状况量表的研制及信效度检验.pdf","08_婦產兒科\未標示年份\分娩镇痛产妇舒适状况量表的研制及信效度检验.pdf","婦產兒科","（無）","UNKNOWN","未標示年份","","待確認或非規範文件","醫技、檢驗與病理","","pdf","pdf_needs_ocr","58dab7816ef452639cb654cbee67699e67ba9862d7466593ce17a14b1dc72b11","1546849","2025-07-16T03:43:00.000Z","needs_review","0.35"
"096ad5646d547b44","加强对羊水栓塞的认识与提高诊断及治疗质量","加强对羊水栓塞的认识与提高诊断及治疗质量.doc","08_婦產兒科\未標示年份\加强对羊水栓塞的认识与提高诊断及治疗质量.doc","婦產兒科","（無）","UNKNOWN","未標示年份","","待確認或非規範文件","臨床診療與醫療技術","","doc","filename_only","9d6014e008b5d801a7850cc33599e7ded1bad8311b30f5a2440888f1b1d0536c","26112","2025-08-11T09:50:22.000Z","needs_review","0.35"
"a14717f1a0cbd158","孕产期保健工作管理办法及规范","孕产期保健工作管理办法及规范.pdf","08_婦產兒科\未標示年份\孕产期保健工作管理办法及规范.pdf","婦產兒科","（無）","UNKNOWN","未標示年份","","院內制度／SOP","生殖、婦幼與月子服務","","pdf","pdf_needs_ocr","4332a08f000608536289142003aa6d17a59590dc401ceba3e026b491ecc6a590","4910991","2023-07-13T07:37:20.000Z","needs_review","0.35"
"74e3bbfe94ce9904","孕妇静脉血栓栓塞风险感知与健康行为决策评估量表的编制","孕妇静脉血栓栓塞风险感知与健康行为决策评估量表的编制.pdf","08_婦產兒科\未標示年份\孕妇静脉血栓栓塞风险感知与健康行为决策评估量表的编制.pdf","婦產兒科","（無）","UNKNOWN","未標示年份","","待確認或非規範文件","其他／待確認","","pdf","pdf_needs_ocr","f8fb9fe56625b95e1800ac149d77f8c63f9a113a8921642075c8bf5cb4a9b576","19187178","2025-04-02T05:27:00.000Z","needs_review","0.35"
"15634442c341534b","产房分娩安全核查","产房分娩安全核查.doc","08_婦產兒科\未標示年份\产房分娩安全核查.doc","婦產兒科","（無）","UNKNOWN","未標示年份","","待確認或非規範文件","其他／待確認","","doc","filename_only","f65e5f7e17cfcaf2964574e9ca096d029004f6c2ef793777f94d2366a2b914b7","71168","2022-06-28T05:34:38.000Z","needs_review","0.35"
"d0cb788bea6df4f6","产房分娩安全核查表","产房分娩安全核查表.doc","08_婦產兒科\未標示年份\产房分娩安全核查表.doc","婦產兒科","（無）","UNKNOWN","未標示年份","","待確認或非規範文件","其他／待確認","","doc","filename_only","c910fe86008c6e8a97e87a8203977feb1c2ab78bdc780b0ef827120d3d13374a","71680","2023-08-06T08:38:08.000Z","needs_review","0.35"
"d74fdbf1a27b6f6b","产科危重孕产妇早期预警评估的应用现状及进展","产科危重孕产妇早期预警评估的应用现状及进展.pdf","08_婦產兒科\未標示年份\产科危重孕产妇早期预警评估的应用现状及进展.pdf","婦產兒科","（無）","UNKNOWN","2095","2095；2025；2020；2014；2010；2009","國家或地方標準","生殖、婦幼與月子服務","","pdf","pdf_text_layer","a3d27fe2504631ed59f637084d38464f56e896e166398de8dc0e064beecb776c","1539048","2025-08-11T09:26:26.000Z","needs_review","0.35"
"f3b8760c1ba3c1de","关于全面推进分娩镇痛工作的通知","关于全面推进分娩镇痛工作的通知.pdf","08_婦產兒科\未標示年份\关于全面推进分娩镇痛工作的通知.pdf","婦產兒科","（無）","UNKNOWN","未標示年份","","公告／通知／函釋","其他／待確認","","pdf","pdf_needs_ocr","13e4bb850792017b3723d7d784757e9401d6dea1eb4b6cdefe3d7ac7083e553e","1604143","2025-07-16T02:38:12.000Z","needs_review","0.35"
"d6e241296dcfeb4d","关于全面推进分娩镇痛工作的通知（2）","关于全面推进分娩镇痛工作的通知（2）.pdf","08_婦產兒科\未標示年份\关于全面推进分娩镇痛工作的通知（2）.pdf","婦產兒科","（無）","UNKNOWN","未標示年份","","公告／通知／函釋","其他／待確認","","pdf","pdf_needs_ocr","13e4bb850792017b3723d7d784757e9401d6dea1eb4b6cdefe3d7ac7083e553e","1604143","2025-07-16T02:38:12.000Z","needs_review","0.35"
"e560192121d50b29","羊水栓塞的早期识别与预防","羊水栓塞的早期识别与预防.pdf","08_婦產兒科\未標示年份\羊水栓塞的早期识别与预防.pdf","婦產兒科","（無）","TW","2023","2023；2018","國家或地方標準","其他／待確認","","pdf","pdf_text_layer","3b190bae63ac939a9a16c31cb05aa79aef272ed89dd447da5a238c4c0014fd9e","3191583","2025-03-30T11:45:38.000Z","needs_review","0.35"
"88d8a2d959b38b6b","国家卫生计生委办公厅关于印发孕产妇妊娠风险评估与管理工作规范的通知","国家卫生计生委办公厅关于印发孕产妇妊娠风险评估与管理工作规范的通知.pdf","08_婦產兒科\未標示年份\国家卫生计生委办公厅关于印发孕产妇妊娠风险评估与管理工作规范的通知.pdf","婦產兒科","（無）","UNKNOWN","未標示年份","","國家或地方標準","生殖、婦幼與月子服務","","pdf","pdf_text_layer","40369ae22f6bfa9496d09aefa1dc9bf6a4ec6da026ca5c55cf2f536423d96438","297632","2022-07-07T02:54:28.000Z","needs_review","0.35"
"205bcc813df1de05","国家卫生计生委办公厅关于印发危重孕产妇和新生儿救治中心建设与管理指南的通知","国家卫生计生委办公厅关于印发危重孕产妇和新生儿救治中心建设与管理指南的通知.pdf","08_婦產兒科\未標示年份\国家卫生计生委办公厅关于印发危重孕产妇和新生儿救治中心建设与管理指南的通知.pdf","婦產兒科","（無）","UNKNOWN","未標示年份","","技術規範／診療指南","急診與緊急醫療","生殖、婦幼與月子服務","pdf","pdf_text_layer","e6b166263f3b9bd136ca0bca515e148afeca9aefc149dd6fbd28ddd3f391ec0a","502557","2022-08-24T01:46:42.000Z","needs_review","0.35"
"9f04639b5d2cc472","基于虚拟现实技术的分娩镇痛法在自然分娩产妇中应用的范围综述","基于虚拟现实技术的分娩镇痛法在自然分娩产妇中应用的范围综述.pdf","08_婦產兒科\未標示年份\基于虚拟现实技术的分娩镇痛法在自然分娩产妇中应用的范围综述.pdf","婦產兒科","（無）","UNKNOWN","未標示年份","","待確認或非規範文件","其他／待確認","","pdf","pdf_needs_ocr","22e22a0ee784ff990b13b719945960d20b58b9d5fdf21f457e9b49dd0f9f8fed","1921045","2024-08-24T08:51:38.000Z","needs_review","0.35"
"f90a9d350972adcf","基于虚拟现实技术的分娩镇痛法在自然分娩产妇中应用的范围综述（2）","基于虚拟现实技术的分娩镇痛法在自然分娩产妇中应用的范围综述（2）.pdf","08_婦產兒科\未標示年份\基于虚拟现实技术的分娩镇痛法在自然分娩产妇中应用的范围综述（2）.pdf","婦產兒科","（無）","UNKNOWN","未標示年份","","待確認或非規範文件","其他／待確認","","pdf","pdf_needs_ocr","22e22a0ee784ff990b13b719945960d20b58b9d5fdf21f457e9b49dd0f9f8fed","1921045","2024-08-24T08:51:38.000Z","needs_review","0.35"
"f24d60a852d11eca","婴儿培养箱安全管理","婴儿培养箱安全管理.pdf","08_婦產兒科\未標示年份\婴儿培养箱安全管理.pdf","婦產兒科","（無）","UNKNOWN","未標示年份","","國家或地方標準","其他／待確認","","pdf","pdf_text_layer","348eda7bbba0908420bfef12644a4e9a305f7981aff6ef43abcb25e370b5a62c","543282","2020-06-13T11:21:06.000Z","needs_review","0.35"
"988221cab5cb6f16","椎管内分娩镇痛中国规范及推广应用","椎管内分娩镇痛中国规范及推广应用.pdf","08_婦產兒科\未標示年份\椎管内分娩镇痛中国规范及推广应用.pdf","婦產兒科","（無）","CN","未標示年份","","待確認或非規範文件","其他／待確認","","pdf","pdf_needs_ocr","5aca6bc796927a0fad3806413acd4ecb72055d636253053fec80a9b8daa03216","1618692","2025-07-16T03:54:58.000Z","needs_review","0.35"
"440ac98f57b1cbb8","新生儿病室建设与管理指南（试","新生儿病室建设与管理指南（试.pdf","08_婦產兒科\未標示年份\新生儿病室建设与管理指南（试.pdf","婦產兒科","（無）","UNKNOWN","未標示年份","","技術規範／診療指南","其他／待確認","","pdf","pdf_text_layer","ab20cc0a6a8e84006a2a993aaa23003f073364f622a66cdbfdcc615632fa4139","417704","2024-08-07T07:14:10.000Z","needs_review","0.35"
"ded8c5879710cdf2","PDCA护理模式在妊娠期疾病患者护理中的应用分析","PDCA护理模式在妊娠期疾病患者护理中的应用分析.pdf","08_婦產兒科\未標示年份\PDCA护理模式在妊娠期疾病患者护理中的应用分析.pdf","婦產兒科","（無）","UNKNOWN","2025","2025；2024；2023","研究論文／文獻","護理管理","臨床診療與醫療技術","pdf","pdf_text_layer","3b93321901b054b2d2d1f99c40f1076876758ee5612456a8f5fcfd1f6a9a4e61","2076134","2025-04-02T05:37:06.000Z","needs_review","0.35"
"f05572f667632255","HGT 20571-1995 化工企业安全卫生设计规定","HGT 20571-1995 化工企业安全卫生设计规定.pdf","09_急診麻醉與重症醫學\1995\HGT 20571-1995 化工企业安全卫生设计规定.pdf","急診麻醉與重症醫學","（無）","UNKNOWN","1995","1995；2057","行政法規／條例","手術、麻醉與疼痛管理","急診與緊急醫療","pdf","pdf_needs_ocr","af779b9ec10ba3daa7e9288844a393e626f80573f648d15399dfff00f56a8dcc","3544773","2023-07-16T12:44:38.000Z","needs_review","0.35"
"a29ce95f5c7956b7","GB_T 16483-2008 化学品安全技术说明书 内容和项目顺序","GB_T 16483-2008 化学品安全技术说明书 内容和项目顺序.pdf","09_急診麻醉與重症醫學\2008\GB_T 16483-2008 化学品安全技术说明书 内容和项目顺序.pdf","急診麻醉與重症醫學","（無）","UNKNOWN","2008","2008","國家或地方標準","手術、麻醉與疼痛管理","急診與緊急醫療","pdf","pdf_needs_ocr","6eb6d377cd79cbe70cd0d3163ec79a7fef4e40fc20a6aa515eda632aa98c1c42","3583845","2022-09-21T05:08:18.000Z","needs_review","0.35"
"6d8be05021c476c9","GB 15258-2009 化学品安全标签编写规定","GB 15258-2009 化学品安全标签编写规定.pdf","09_急診麻醉與重症醫學\2009\GB 15258-2009 化学品安全标签编写规定.pdf","急診麻醉與重症醫學","（無）","UNKNOWN","2009","2009","國家或地方標準","手術、麻醉與疼痛管理","急診與緊急醫療","pdf","pdf_needs_ocr","479bf14b0faaa6e8dda049418f227e9f17f5ee8ad4ed40d6ce319ad2ee469620","549984","2009-12-12T21:06:54.000Z","needs_review","0.35"
"a383315a59449f4f","SL 611-2012 防台风应急预案编制导则","SL 611-2012 防台风应急预案编制导则.pdf","09_急診麻醉與重症醫學\2012\SL 611-2012 防台风应急预案编制导则.pdf","急診麻醉與重症醫學","（無）","UNKNOWN","2012","2012","待確認或非規範文件","手術、麻醉與疼痛管理","急診與緊急醫療；消防、治安與應急管理","pdf","pdf_needs_ocr","de9af589b0f93726a367900105be6770d9d4a8c95a9a2b70a037e0ca77ec3870","3151424","2025-10-10T09:32:06.000Z","needs_review","0.35"
"7dedbdaad3d4f5fd","WS_T 390-2012 医院急救科规范化流程","WS_T 390-2012 医院急救科规范化流程.pdf","09_急診麻醉與重症醫學\2012\WS_T 390-2012 医院急救科规范化流程.pdf","急診麻醉與重症醫學","（無）","UNKNOWN","2012","2012","國家或地方標準","手術、麻醉與疼痛管理","急診與緊急醫療","pdf","pdf_needs_ocr","eb382308f8cf19ff406167d555d0203c3815ee7d4b6d5640f7127e73de88b25c","2632262","2023-11-15T12:21:16.000Z","needs_review","0.35"
"a53d1e7c6bc509f7","建标 177-2016 急救中心建设标准","建标 177-2016 急救中心建设标准.pdf","09_急診麻醉與重症醫學\2016\建标 177-2016 急救中心建设标准.pdf","急診麻醉與重症醫學","（無）","UNKNOWN","2016","2016","待確認或非規範文件","手術、麻醉與疼痛管理","急診與緊急醫療","pdf","pdf_needs_ocr","8eefad2d491241e0ef4fc473339505afe7534c2221f80037a24ad1ac220db7b3","894118","2023-11-15T12:25:38.000Z","needs_review","0.35"
"d4fc3ca2eddb2344","DB34T 2751-2016 用人单位职业健康基本工作要求与评估","DB34T 2751-2016 用人单位职业健康基本工作要求与评估.pdf","09_急診麻醉與重症醫學\2016\DB34T 2751-2016 用人单位职业健康基本工作要求与评估.pdf","急診麻醉與重症醫學","（無）","UNKNOWN","2016","2016","國家或地方標準","手術、麻醉與疼痛管理","急診與緊急醫療","pdf","pdf_text_layer","3a068c0739864f5b01f8f98384138a59edddf9be32d83f94418f5d954f7f0789","584919","2024-10-06T07:48:30.000Z","needs_review","0.35"
"309a74363d0862fa","DB11_T 1322.2-2017 安全生产等级评定技术规范 第2部分：安全生产通用要求","DB11_T 1322.2-2017 安全生产等级评定技术规范 第2部分：安全生产通用要求.pdf","09_急診麻醉與重症醫學\2017\DB11_T 1322.2-2017 安全生产等级评定技术规范 第2部分：安全生产通用要求.pdf","急診麻醉與重症醫學","（無）","UNKNOWN","2017","2017","技術規範／診療指南","手術、麻醉與疼痛管理","急診與緊急醫療","pdf","pdf_text_layer","9641452847f84b06dfff15e814eee89fbbbd5bbe53f57f2c5774ec2ea6aec68e","598342","2025-05-30T02:45:54.000Z","needs_review","0.35"
"f42c772d70ce146b","GBT+339422017","GBT+339422017.pdf","09_急診麻醉與重症醫學\2017\GBT+339422017.pdf","急診麻醉與重症醫學","（無）","UNKNOWN","2017","2017","國家或地方標準","手術、麻醉與疼痛管理","急診與緊急醫療","pdf","pdf_text_layer","000928d8a3f2eb15a4128474be3f42fcc8350055b2e4786dbab727ac0ab9c3b6","1035184","2026-02-23T06:21:04.000Z","needs_review","0.35"
"9ddbdc67a342145d","GBZT 298-2017 工作场所化学有害因素职业健康风险评估技术导则","GBZT 298-2017 工作场所化学有害因素职业健康风险评估技术导则.pdf","09_急診麻醉與重症醫學\2017\GBZT 298-2017 工作场所化学有害因素职业健康风险评估技术导则.pdf","急診麻醉與重症醫學","（無）","UNKNOWN","2017","2017","國家或地方標準","手術、麻醉與疼痛管理","急診與緊急醫療；職業安全與員工健康","pdf","pdf_text_layer","d8077ceaba443526057bcb17321d15775054e5f473734fc76e687596b2dbb6e2","1402319","2024-10-06T07:48:52.000Z","needs_review","0.35"
"fe222b05a25a9f18","TCHAS 10-2-3-2018急救綠色通道","TCHAS 10-2-3-2018急救綠色通道.pdf","09_急診麻醉與重症醫學\2018\TCHAS 10-2-3-2018急救綠色通道.pdf","急診麻醉與重症醫學","（無）","UNKNOWN","2018","2018","待確認或非規範文件","手術、麻醉與疼痛管理","急診與緊急醫療","pdf","pdf_needs_ocr","5a49ba290fcb61c3023791a7a4dcf380b0914eebdbd1c9f174b0fb30a9fa454b","1445118","2023-11-15T12:24:40.000Z","needs_review","0.35"
"0ba8664a67485091","WS 599.3—2018医院物资管理","WS 599.3—2018医院物资管理.pdf","09_急診麻醉與重症醫學\2018\WS 599.3—2018医院物资管理.pdf","急診麻醉與重症醫學","（無）","UNKNOWN","2018","2018","國家或地方標準","手術、麻醉與疼痛管理","急診與緊急醫療","pdf","pdf_text_layer","b7fa7ff4c77ccb039cbfb835906bb485bd40aaef14dbdfc465b671c7370472c9","1053765","2023-05-28T05:25:12.000Z","needs_review","0.35"
"8e201f4abb30e03c","GB 5085.7-2019 危险废物鉴别标准 通则","GB 5085.7-2019 危险废物鉴别标准 通则.pdf","09_急診麻醉與重症醫學\2019\GB 5085.7-2019 危险废物鉴别标准 通则.pdf","急診麻醉與重症醫學","（無）","UNKNOWN","2019","2019","國家或地方標準","手術、麻醉與疼痛管理","急診與緊急醫療","pdf","pdf_needs_ocr","7668a9f3fa4a9f93b724ae50aca17056d7087b542eeaf1f7deef06858894c8c5","215424","2023-07-01T05:15:40.000Z","needs_review","0.35"
"bc724359a50e7379","GBT+38315-2019","GBT+38315-2019.pdf","09_急診麻醉與重症醫學\2019\GBT+38315-2019.pdf","急診麻醉與重症醫學","（無）","UNKNOWN","2019","2019","國家或地方標準","手術、麻醉與疼痛管理","急診與緊急醫療","pdf","pdf_text_layer","9cec2385be753f2e23fa6634fb9b19a9db09c950c9bcdd4c5e6555490c1bdd47","1310161","2026-02-23T06:20:32.000Z","needs_review","0.35"
"2d60464d0884d409","TGDYX 02-2019 体重管理师职业水平评价标准","TGDYX 02-2019 体重管理师职业水平评价标准.pdf","09_急診麻醉與重症醫學\2019\TGDYX 02-2019 体重管理师职业水平评价标准.pdf","急診麻醉與重症醫學","（無）","UNKNOWN","2019","2019","國家或地方標準","手術、麻醉與疼痛管理","急診與緊急醫療","pdf","pdf_text_layer","a9f315007b51874e1f893c0348729116a8aeed98c1dfeaae7f655224757ffcfc","166300","2025-04-14T01:16:18.000Z","needs_review","0.35"
"7655ac9c8dfacb5e","WST656—2019麻醉机安全管理","WST656—2019麻醉机安全管理.pdf","09_急診麻醉與重症醫學\2019\WST656—2019麻醉机安全管理.pdf","急診麻醉與重症醫學","（無）","UNKNOWN","2019","2019","國家或地方標準","手術、麻醉與疼痛管理","急診與緊急醫療","pdf","pdf_text_layer","834abe36c1f4ad56907c958550dedf9f2339fbf36bd9fa8d04650b15c457d7be","538864","2021-11-18T08:17:02.000Z","needs_review","0.35"
"553d51369dd149bd","2020年职业卫生技术服务机构国家随机监督抽查计划","2020年职业卫生技术服务机构国家随机监督抽查计划.doc","09_急診麻醉與重症醫學\2020\2020年职业卫生技术服务机构国家随机监督抽查计划.doc","急診麻醉與重症醫學","（無）","UNKNOWN","2020","2020","待確認或非規範文件","手術、麻醉與疼痛管理","急診與緊急醫療","doc","filename_only","bbb29ae906d2eeda154d330cc3599c18764265095cbf70133d7c630a504716e9","65536","2022-06-28T00:52:18.000Z","needs_review","0.35"
"23ae337f3bf90af2","DB23T 2574-2020 应急演练脚本设计规范","DB23T 2574-2020 应急演练脚本设计规范.pdf","09_急診麻醉與重症醫學\2020\DB23T 2574-2020 应急演练脚本设计规范.pdf","急診麻醉與重症醫學","（無）","UNKNOWN","2020","2020","國家或地方標準","手術、麻醉與疼痛管理","急診與緊急醫療；消防、治安與應急管理","pdf","pdf_text_layer","3195b22f9966930311eb21ca1869d91a856f314b484d5872903ef96cf9fa2b53","287974","2024-11-12T07:52:38.000Z","needs_review","0.35"
"fb7f395104226e89","DB32_T 3906-2020 介入放射学和临床核医学放射工作人员 职","DB32_T 3906-2020 介入放射学和临床核医学放射工作人员 职.pdf","09_急診麻醉與重症醫學\2020\DB32_T 3906-2020 介入放射学和临床核医学放射工作人员 职.pdf","急診麻醉與重症醫學","（無）","UNKNOWN","2020","2020","國家或地方標準","臨床診療與醫療技術","手術、麻醉與疼痛管理；急診與緊急醫療","pdf","pdf_needs_ocr","fe2f5baa23978e17951e41fd13e2b3f3f70a358fdfbc4f9f5596b05069fba8e3","3265064","2024-10-06T07:48:18.000Z","needs_review","0.35"
"ad1aff008aaa775a","GBT+29639-2020","GBT+29639-2020.pdf","09_急診麻醉與重症醫學\2020\GBT+29639-2020.pdf","急診麻醉與重症醫學","（無）","UNKNOWN","2020","2020","國家或地方標準","手術、麻醉與疼痛管理","急診與緊急醫療","pdf","pdf_text_layer","b37678778af4abfaec6fabc8e0d0007b85fe20783b9eef7d58089c49fc587834","991026","2026-02-23T06:19:56.000Z","needs_review","0.35"
"0f7086198ee4b264","T-CNAS 14-2020 乳腺癌术后淋巴水肿预防和护理","T-CNAS 14-2020 乳腺癌术后淋巴水肿预防和护理.pdf","09_急診麻醉與重症醫學\2020\T-CNAS 14-2020 乳腺癌术后淋巴水肿预防和护理.pdf","急診麻醉與重症醫學","（無）","UNKNOWN","2020","2020","國家或地方標準","護理管理","手術、麻醉與疼痛管理；急診與緊急醫療","pdf","pdf_text_layer","0623538d6b4b59979c5aacf8a1e4f43fc40316a6305487c9b6c41eca3452bac0","446458","2024-02-20T14:42:46.000Z","needs_review","0.35"
"9f85786ccf561b38","DB4401T 105.13-2021单位内部安全防范要求化學品場所","DB4401T 105.13-2021单位内部安全防范要求化學品場所.pdf","09_急診麻醉與重症醫學\2021\DB4401T 105.13-2021单位内部安全防范要求化學品場所.pdf","急診麻醉與重症醫學","（無）","UNKNOWN","2021","2021","國家或地方標準","手術、麻醉與疼痛管理","急診與緊急醫療；消防、治安與應急管理","pdf","pdf_text_layer","98f7da02e02e4242bfbe92696e9d5b24566565b94f9e726043e3e4f31182b966","1437967","2023-05-26T06:14:04.000Z","needs_review","0.35"
"ee8127e2f8fb372d","T_CSEM 00010-2021 应急志愿服务管理指南","T_CSEM 00010-2021 应急志愿服务管理指南.pdf","09_急診麻醉與重症醫學\2021\T_CSEM 00010-2021 应急志愿服务管理指南.pdf","急診麻醉與重症醫學","（無）","UNKNOWN","2021","2021","技術規範／診療指南","手術、麻醉與疼痛管理","急診與緊急醫療；消防、治安與應急管理","pdf","pdf_text_layer","f0fbe1c9a48b8081ce9e4036de49a5f44437f9a92e3b5a756f688c63145121cc","456513","2024-11-28T11:49:58.000Z","needs_review","0.35"
"4f89d6ead77f46da","DB4403_T 244-2022 急诊患者分级分诊规范","DB4403_T 244-2022 急诊患者分级分诊规范.pdf","09_急診麻醉與重症醫學\2022\DB4403_T 244-2022 急诊患者分级分诊规范.pdf","急診麻醉與重症醫學","（無）","UNKNOWN","2022","2022；2020；2018；2017；2015","國家或地方標準","手術、麻醉與疼痛管理","急診與緊急醫療","pdf","pdf_text_layer","d6de3b8ad89f6913410b923361cd179d568ee7b69305ec671708c34cc0560c59","692630","2025-04-21T00:58:36.000Z","needs_review","0.35"
"5a1fe264c0ab780a","DB4403_T 255-2022 台风暴雨室内应急避难场所运行管理指南","DB4403_T 255-2022 台风暴雨室内应急避难场所运行管理指南.pdf","09_急診麻醉與重症醫學\2022\DB4403_T 255-2022 台风暴雨室内应急避难场所运行管理指南.pdf","急診麻醉與重症醫學","（無）","UNKNOWN","2022","2022","技術規範／診療指南","手術、麻醉與疼痛管理","急診與緊急醫療；消防、治安與應急管理","pdf","pdf_text_layer","4b9967c6f152385b2eb32b3054489f00877bdfc3b76d3708e741b87f6d1a1c16","1947379","2025-10-10T09:31:20.000Z","needs_review","0.35"
"9b5881ffcad074ad","T_GAZE 3001-2022 突发事件应急演练实施指南","T_GAZE 3001-2022 突发事件应急演练实施指南.pdf","09_急診麻醉與重症醫學\2022\T_GAZE 3001-2022 突发事件应急演练实施指南.pdf","急診麻醉與重症醫學","（無）","UNKNOWN","2022","2022","技術規範／診療指南","手術、麻醉與疼痛管理","急診與緊急醫療；消防、治安與應急管理","pdf","pdf_text_layer","a8e07661e955904c25262f3ee6a166b1debfdb4cd9aa8acd02407a234cbc7409","355648","2024-11-06T08:17:50.000Z","needs_review","0.35"
"582355f7725161c7","化學品儲存通則2023","化學品儲存通則2023.pdf","09_急診麻醉與重症醫學\2023\化學品儲存通則2023.pdf","急診麻醉與重症醫學","（無）","UNKNOWN","2023","2023","待確認或非規範文件","手術、麻醉與疼痛管理","急診與緊急醫療","pdf","pdf_needs_ocr","7f16b77f316e5c414591bf9ab9c0cb1db1c691c90b9726fcac3ce291b5df2cab","2990197","2023-03-16T14:59:58.000Z","needs_review","0.35"
"1d5422140939608b","关于推荐使用《医疗机构急危重患者抢救流程制定方法（专家共识）》（2023年版）的通知_20230912220623A061","关于推荐使用《医疗机构急危重患者抢救流程制定方法（专家共识）》（2023年版）的通知_20230912220623A061.pdf","09_急診麻醉與重症醫學\2023\关于推荐使用《医疗机构急危重患者抢救流程制定方法（专家共识）》（2023年版）的通知_20230912220623A061.pdf","急診麻醉與重症醫學","（無）","UNKNOWN","2023","2023；2062","專家共識","醫療治理與依法執業","手術、麻醉與疼痛管理；急診與緊急醫療","pdf","pdf_text_layer","cb0f0b9779ff4678a0a8c02fe949547941e305b645b4f766ca245272f9473a4b","645914","2023-09-20T10:42:24.000Z","needs_review","0.35"
"faa380079b6f8226","危險化學品儲存通則2023","危險化學品儲存通則2023.pdf","09_急診麻醉與重症醫學\2023\危險化學品儲存通則2023.pdf","急診麻醉與重症醫學","（無）","UNKNOWN","2023","2023","待確認或非規範文件","手術、麻醉與疼痛管理","急診與緊急醫療；環境、能源與醫療廢棄物","pdf","pdf_needs_ocr","d2ab3a04816eb805330be5df4b589ef60a1384c73053f33dc349bda9090bebd4","2990665","2023-03-23T15:13:28.000Z","needs_review","0.35"
"49d355dfb1363c28","围术期患者低体温防治专家共识(2023版)","围术期患者低体温防治专家共识(2023版).pdf","09_急診麻醉與重症醫學\2023\围术期患者低体温防治专家共识(2023版).pdf","急診麻醉與重症醫學","（無）","UNKNOWN","2023","2023","專家共識","手術、麻醉與疼痛管理","急診與緊急醫療","pdf","pdf_text_layer","de7a85def68bcba507d3d490abf4258016603116f2080f980e86a92435b4320f","2475092","2025-12-21T09:40:28.000Z","needs_review","0.35"
"a6c14881c00d1946","急診分診標準深圳2023","急診分診標準深圳2023.pdf","09_急診麻醉與重症醫學\2023\急診分診標準深圳2023.pdf","急診麻醉與重症醫學","（無）","UNKNOWN","2023","2023","待確認或非規範文件","手術、麻醉與疼痛管理","急診與緊急醫療","pdf","pdf_needs_ocr","39747eb2ee78b6dbac67cb1c872bcca14023aa57af87517ce8bf8a375f6e3111","1078884","2023-07-13T03:29:10.000Z","needs_review","0.35"
"323983812ea94fec","DB32_T 4590-2023 突发事件应急演练评估规范","DB32_T 4590-2023 突发事件应急演练评估规范.pdf","09_急診麻醉與重症醫學\2023\DB32_T 4590-2023 突发事件应急演练评估规范.pdf","急診麻醉與重症醫學","（無）","UNKNOWN","2023","2023","國家或地方標準","手術、麻醉與疼痛管理","急診與緊急醫療；消防、治安與應急管理","pdf","pdf_text_layer","5e9a3122aa5daa1586a8a31d3ac135e601e0be09b8edcb2e576e4bd3ad79ee35","992417","2024-11-06T08:16:58.000Z","needs_review","0.35"
"4b63a7e220b9b67b","DB3702_T 36-2023 工会职工心理健康服务规范","DB3702_T 36-2023 工会职工心理健康服务规范.pdf","09_急診麻醉與重症醫學\2023\DB3702_T 36-2023 工会职工心理健康服务规范.pdf","急診麻醉與重症醫學","（無）","UNKNOWN","2023","2023","國家或地方標準","手術、麻醉與疼痛管理","急診與緊急醫療","pdf","pdf_text_layer","9da1234af86dc8b2022f333c6700aef9d0585425760221ba23f34214862cc3d8","748112","2025-05-08T07:01:54.000Z","needs_review","0.35"
"e9a18b7f61c33726","T_CNAS 39-2023 成人手术后疼痛评估与护理","T_CNAS 39-2023 成人手术后疼痛评估与护理.pdf","09_急診麻醉與重症醫學\2023\T_CNAS 39-2023 成人手术后疼痛评估与护理.pdf","急診麻醉與重症醫學","（無）","UNKNOWN","2023","2023","國家或地方標準","護理管理","手術、麻醉與疼痛管理；急診與緊急醫療","pdf","pdf_text_layer","29fb2446c950e886df561403201d55c8bedc739b8cca74122cbd3906a3cdf236","578787","2024-02-20T14:30:32.000Z","needs_review","0.35"
"1ca44aba2fb08225","TCADERM 5020—2023医院卫生应急能力建设要求","TCADERM 5020—2023医院卫生应急能力建设要求.pdf","09_急診麻醉與重症醫學\2023\TCADERM 5020—2023医院卫生应急能力建设要求.pdf","急診麻醉與重症醫學","（無）","UNKNOWN","2023","2023","國家或地方標準","手術、麻醉與疼痛管理","急診與緊急醫療；消防、治安與應急管理","pdf","pdf_text_layer","a6b6881228d731fc472a7def659fb7a6427084b1b31f2e03652e0ef92bca8ad7","318324","2023-04-09T13:47:18.000Z","needs_review","0.35"
"39a5416f2c308c96","山西省卫生健康委员会山西省公安厅关于公布《全省医疗机构禁止_限制携带物品名录》的通告(晋卫应急规〔2024〕2号)","山西省卫生健康委员会山西省公安厅关于公布《全省医疗机构禁止_限制携带物品名录》的通告(晋卫应急规〔2024〕2号).pdf","09_急診麻醉與重症醫學\2024\山西省卫生健康委员会山西省公安厅关于公布《全省医疗机构禁止_限制携带物品名录》的通告(晋卫应急规〔2024〕2号).pdf","急診麻醉與重症醫學","（無）","UNKNOWN","2024","2024","待確認或非規範文件","醫療治理與依法執業","手術、麻醉與疼痛管理；急診與緊急醫療；消防、治安與應急管理","pdf","pdf_needs_ocr","89987092ca7325b88d79e6355930227a8b38341eb574871d3f8eac25a4f8d532","733510","2026-04-07T09:02:32.000Z","needs_review","0.35"
"087399dd043faa0d","山西省卫生健康委员会山西省公安厅关于公布《全省医疗机构禁止_限制携带物品名录》的通告(晋卫应急规〔2024〕2号)（2）","山西省卫生健康委员会山西省公安厅关于公布《全省医疗机构禁止_限制携带物品名录》的通告(晋卫应急规〔2024〕2号)（2）.pdf","09_急診麻醉與重症醫學\2024\山西省卫生健康委员会山西省公安厅关于公布《全省医疗机构禁止_限制携带物品名录》的通告(晋卫应急规〔2024〕2号)（2）.pdf","急診麻醉與重症醫學","（無）","UNKNOWN","2024","2024","待確認或非規範文件","醫療治理與依法執業","手術、麻醉與疼痛管理；急診與緊急醫療；消防、治安與應急管理","pdf","pdf_needs_ocr","89987092ca7325b88d79e6355930227a8b38341eb574871d3f8eac25a4f8d532","733510","2026-04-07T09:02:32.000Z","needs_review","0.35"
"af7ef57e95edffe1","DB32_T 4779-2024 职业健康监护工作规范","DB32_T 4779-2024 职业健康监护工作规范.pdf","09_急診麻醉與重症醫學\2024\DB32_T 4779-2024 职业健康监护工作规范.pdf","急診麻醉與重症醫學","（無）","UNKNOWN","2024","2024","國家或地方標準","手術、麻醉與疼痛管理","急診與緊急醫療","pdf","pdf_text_layer","431bb27bcf81eca5b3a2e02b86dc40724d1b234d1f3653592759210025bd29b5","999911","2024-06-21T01:41:28.000Z","needs_review","0.35"
"95fe227429c271a8","DB32_T 4781-2024 职业健康生物监测工作规范","DB32_T 4781-2024 职业健康生物监测工作规范.pdf","09_急診麻醉與重症醫學\2024\DB32_T 4781-2024 职业健康生物监测工作规范.pdf","急診麻醉與重症醫學","（無）","UNKNOWN","2024","2024","國家或地方標準","手術、麻醉與疼痛管理","急診與緊急醫療","pdf","pdf_text_layer","22ee06b06cb760c32d32079c3f4fed31072035bba6a957b0a2a44c2fe25fbe71","657218","2024-10-06T07:47:22.000Z","needs_review","0.35"
"39263b1548885e47","DB34_T 4745-2024 养老机构应急预案演练指南","DB34_T 4745-2024 养老机构应急预案演练指南.pdf","09_急診麻醉與重症醫學\2024\DB34_T 4745-2024 养老机构应急预案演练指南.pdf","急診麻醉與重症醫學","（無）","UNKNOWN","2024","2024","技術規範／診療指南","手術、麻醉與疼痛管理","急診與緊急醫療；消防、治安與應急管理","pdf","pdf_text_layer","63796186c39e8db816217977b6393b5b0754b70a71a4a85cb5c12367b3085895","456956","2024-11-06T08:14:32.000Z","needs_review","0.35"
"aa47bb256bcfc67f","DB41_T 2799-2024 综合性应急救援队伍建设规范","DB41_T 2799-2024 综合性应急救援队伍建设规范.pdf","09_急診麻醉與重症醫學\2024\DB41_T 2799-2024 综合性应急救援队伍建设规范.pdf","急診麻醉與重症醫學","（無）","UNKNOWN","2024","2024；2022","國家或地方標準","手術、麻醉與疼痛管理","急診與緊急醫療；消防、治安與應急管理","pdf","pdf_text_layer","a8ae7ac1e80e4ddcacf37d825e1ccc99b0b7642c04db089619f2e7705cd3ed96","2015140","2025-03-30T08:20:20.000Z","needs_review","0.35"
"640e87bc89030e5c","DB44_T 2520-2024 核应急物资储备标准","DB44_T 2520-2024 核应急物资储备标准.pdf","09_急診麻醉與重症醫學\2024\DB44_T 2520-2024 核应急物资储备标准.pdf","急診麻醉與重症醫學","（無）","UNKNOWN","2024","2024；2008；1999","國家或地方標準","手術、麻醉與疼痛管理","急診與緊急醫療；消防、治安與應急管理","pdf","pdf_text_layer","e9506650aad94b274e8399e73ee3699b34c052b7f6dd6382a977667002534f26","1131414","2024-11-07T07:18:20.000Z","needs_review","0.35"
"339ddde1c6ddf5bd","DB45_T 2889-2024 突发事件应急预案与应急演练评估规范","DB45_T 2889-2024 突发事件应急预案与应急演练评估规范.pdf","09_急診麻醉與重症醫學\2024\DB45_T 2889-2024 突发事件应急预案与应急演练评估规范.pdf","急診麻醉與重症醫學","（無）","UNKNOWN","2024","2024","國家或地方標準","手術、麻醉與疼痛管理","急診與緊急醫療；消防、治安與應急管理","pdf","pdf_text_layer","be80f667d1479a5461af129e1f9a066e73afdbd4ec2823e695344ad56533f339","1212118","2025-03-30T08:22:20.000Z","needs_review","0.35"
"ec762ced1456e070","DB6101_T 3213-2024 应急物资储备种类数量规范","DB6101_T 3213-2024 应急物资储备种类数量规范.pdf","09_急診麻醉與重症醫學\2024\DB6101_T 3213-2024 应急物资储备种类数量规范.pdf","急診麻醉與重症醫學","（無）","UNKNOWN","2024","2024","國家或地方標準","手術、麻醉與疼痛管理","急診與緊急醫療；消防、治安與應急管理","pdf","pdf_text_layer","7a0d668e78c017bf424e47bee9110a1f3e6bffea08bd7595144b9f4c2ea1fc6c","1328316","2024-11-07T07:18:10.000Z","needs_review","0.35"
"5bf80d579e05cd64","DB64_T 1522.1-2024 养老机构安全应急处置规程 第1部分","DB64_T 1522.1-2024 养老机构安全应急处置规程 第1部分.pdf","09_急診麻醉與重症醫學\2024\DB64_T 1522.1-2024 养老机构安全应急处置规程 第1部分.pdf","急診麻醉與重症醫學","（無）","UNKNOWN","2024","2024；2017","國家或地方標準","手術、麻醉與疼痛管理","急診與緊急醫療；消防、治安與應急管理","pdf","pdf_text_layer","e8e54e15118190f8eb6a665fbb617a6527e4595d64dfd635e16ddfc2c1a92d43","2728474","2025-05-30T02:31:22.000Z","needs_review","0.35"
"37b88d44a86480b4","GDNSA-005-2024，急诊预检分诊","GDNSA-005-2024，急诊预检分诊.pdf","09_急診麻醉與重症醫學\2024\GDNSA-005-2024，急诊预检分诊.pdf","急診麻醉與重症醫學","（無）","UNKNOWN","2024","2024","國家或地方標準","手術、麻醉與疼痛管理","急診與緊急醫療","pdf","pdf_text_layer","21a2740e44003714bfb9c35d342d81d94a73d9026edc292094067ab8332ee5da","500498","2025-04-21T01:01:10.000Z","needs_review","0.35"
"9229abd0057ee87d","T_AXKG 08-2024 生殖健康管理（咨询、养护）师职业能力水平评","T_AXKG 08-2024 生殖健康管理（咨询、养护）师职业能力水平评.pdf","09_急診麻醉與重症醫學\2024\T_AXKG 08-2024 生殖健康管理（咨询、养护）师职业能力水平评.pdf","急診麻醉與重症醫學","（無）","UNKNOWN","2024","2024","國家或地方標準","手術、麻醉與疼痛管理","急診與緊急醫療；生殖、婦幼與月子服務","pdf","pdf_text_layer","895bdad846c9b362861329d732515223229bf432da7deee687fdcd38d7345d20","440923","2024-07-25T02:38:54.000Z","needs_review","0.35"
"ab23e22581b909f0","T_CADERM 9301-2024 急救中心医疗服务规范","T_CADERM 9301-2024 急救中心医疗服务规范.pdf","09_急診麻醉與重症醫學\2024\T_CADERM 9301-2024 急救中心医疗服务规范.pdf","急診麻醉與重症醫學","（無）","UNKNOWN","2024","2024","國家或地方標準","手術、麻醉與疼痛管理","急診與緊急醫療","pdf","pdf_text_layer","ae3746a094f39dac4aba76bfb6d4df58c5425d45fbce0bb3ff21f16113443eba","312278","2024-07-15T09:01:08.000Z","needs_review","0.35"
"eeb7886160c3c436","T_CRHA 038-2024 成人重症患者俯卧位机械通气压力性损伤预防","T_CRHA 038-2024 成人重症患者俯卧位机械通气压力性损伤预防.pdf","09_急診麻醉與重症醫學\2024\T_CRHA 038-2024 成人重症患者俯卧位机械通气压力性损伤预防.pdf","急診麻醉與重症醫學","（無）","UNKNOWN","2024","2024","國家或地方標準","手術、麻醉與疼痛管理","急診與緊急醫療","pdf","pdf_text_layer","2775a17ec29a8d9d9e53e9730a292a6c5db005b34e8b429fd7930203e6298aeb","358478","2025-03-13T02:21:28.000Z","needs_review","0.35"
"5a17818e4d39f476","T_GDNAS 056-2024 胚胎移植妇女围术期护理","T_GDNAS 056-2024 胚胎移植妇女围术期护理.pdf","09_急診麻醉與重症醫學\2024\T_GDNAS 056-2024 胚胎移植妇女围术期护理.pdf","急診麻醉與重症醫學","（無）","UNKNOWN","2024","2024","待確認或非規範文件","護理管理","手術、麻醉與疼痛管理；急診與緊急醫療","pdf","pdf_text_layer","8e30aee3a555bdc9a1e2fb50ce4bc3249ffc4b7dd66992e87058f7419b54a4bb","257526","2024-07-25T02:37:54.000Z","needs_review","0.35"
"a40960961a7aa928","T_NAHIEM 116-2024 医疗机构医用气体供应系统从业人员职业","T_NAHIEM 116-2024 医疗机构医用气体供应系统从业人员职业.pdf","09_急診麻醉與重症醫學\2024\T_NAHIEM 116-2024 医疗机构医用气体供应系统从业人员职业.pdf","急診麻醉與重症醫學","（無）","UNKNOWN","2024","2024","國家或地方標準","醫療治理與依法執業","手術、麻醉與疼痛管理；急診與緊急醫療","pdf","pdf_text_layer","10202292a07910ebe3ab34258ed706136a570d0905af239787f66a358470b809","471366","2024-11-22T01:11:02.000Z","needs_review","0.35"
"55184c61ac2e7394","T_NAHIEM 116-2024 医疗机构医用气体供应系统从业人员职业（2）","T_NAHIEM 116-2024 医疗机构医用气体供应系统从业人员职业（2）.pdf","09_急診麻醉與重症醫學\2024\T_NAHIEM 116-2024 医疗机构医用气体供应系统从业人员职业（2）.pdf","急診麻醉與重症醫學","（無）","UNKNOWN","2024","2024","國家或地方標準","醫療治理與依法執業","手術、麻醉與疼痛管理；急診與緊急醫療","pdf","pdf_text_layer","10202292a07910ebe3ab34258ed706136a570d0905af239787f66a358470b809","471366","2024-10-15T06:45:10.000Z","needs_review","0.35"
"3f9d34dffd29a81a","T_WSJD 66-2024 放射工作人员职业健康检查技术指南","T_WSJD 66-2024 放射工作人员职业健康检查技术指南.pdf","09_急診麻醉與重症醫學\2024\T_WSJD 66-2024 放射工作人员职业健康检查技术指南.pdf","急診麻醉與重症醫學","（無）","UNKNOWN","2024","2024","技術規範／診療指南","手術、麻醉與疼痛管理","急診與緊急醫療","pdf","pdf_text_layer","edec35101359617fcc35c9270600bfad2601ca24a381cdc34f84531f4ba7229d","395945","2024-10-06T07:47:02.000Z","needs_review","0.35"
"80af71a2ba0bc7ba","T_WSJD 66-2024 放射工作人员职业健康检查技术指南（2）","T_WSJD 66-2024 放射工作人员职业健康检查技术指南（2）.pdf","09_急診麻醉與重症醫學\2024\T_WSJD 66-2024 放射工作人员职业健康检查技术指南（2）.pdf","急診麻醉與重症醫學","（無）","UNKNOWN","2024","2024","技術規範／診療指南","手術、麻醉與疼痛管理","急診與緊急醫療","pdf","pdf_text_layer","edec35101359617fcc35c9270600bfad2601ca24a381cdc34f84531f4ba7229d","395945","2024-11-07T08:12:04.000Z","needs_review","0.35"
"75bbbafda8dbd4fb","WS_T 836-2024 手术室医学装备配置标准","WS_T 836-2024 手术室医学装备配置标准.pdf","09_急診麻醉與重症醫學\2024\WS_T 836-2024 手术室医学装备配置标准.pdf","急診麻醉與重症醫學","（無）","UNKNOWN","2024","2024","國家或地方標準","手術、麻醉與疼痛管理","急診與緊急醫療","pdf","pdf_text_layer","97df9b92418cdad3ed3ebd6aab156bc511af4fdb143a761502a1f5b6e64885a8","1293233","2024-06-21T01:22:56.000Z","needs_review","0.35"
"67440ba313c7b6de","WS_T 836-2024 手术室医学装备配置标准（2）","WS_T 836-2024 手术室医学装备配置标准（2）.pdf","09_急診麻醉與重症醫學\2024\WS_T 836-2024 手术室医学装备配置标准（2）.pdf","急診麻醉與重症醫學","（無）","UNKNOWN","2024","2024","國家或地方標準","手術、麻醉與疼痛管理","急診與緊急醫療","pdf","pdf_text_layer","97df9b92418cdad3ed3ebd6aab156bc511af4fdb143a761502a1f5b6e64885a8","1293233","2024-10-06T03:33:18.000Z","needs_review","0.35"
"2c34b775c12d8fac","WS_T 836-2024 手术室医学装备配置标准（2）（3）","WS_T 836-2024 手术室医学装备配置标准（2）（3）.pdf","09_急診麻醉與重症醫學\2024\WS_T 836-2024 手术室医学装备配置标准（2）（3）.pdf","急診麻醉與重症醫學","（無）","UNKNOWN","2024","2024","國家或地方標準","手術、麻醉與疼痛管理","急診與緊急醫療","pdf","pdf_text_layer","97df9b92418cdad3ed3ebd6aab156bc511af4fdb143a761502a1f5b6e64885a8","1293233","2024-06-21T01:22:56.000Z","needs_review","0.35"
"8c5806289793b43b","WS_T 839-2024 医护人员院前医疗急救培训标准","WS_T 839-2024 医护人员院前医疗急救培训标准.pdf","09_急診麻醉與重症醫學\2024\WS_T 839-2024 医护人员院前医疗急救培训标准.pdf","急診麻醉與重症醫學","（無）","UNKNOWN","2024","2024","國家或地方標準","手術、麻醉與疼痛管理","急診與緊急醫療；圖書、教育與文件管理","pdf","pdf_text_layer","b6c2bca919ea402b6e604cace0e9ad54186609fddbf7a56ca0ed49b662574b46","268137","2024-09-27T03:25:12.000Z","needs_review","0.35"
"93d77a39259b2004","急诊检验实验室能力建设与规范专家共识（2025版）","急诊检验实验室能力建设与规范专家共识（2025版）.pdf","09_急診麻醉與重症醫學\2025\急诊检验实验室能力建设与规范专家共识（2025版）.pdf","急診麻醉與重症醫學","（無）","UNKNOWN","2025","2025","專家共識","醫技、檢驗與病理","手術、麻醉與疼痛管理；急診與緊急醫療","pdf","pdf_needs_ocr","b13249ddc12da3d95b530423e4a732d73db6258c5c2bc5d92470edc1a7841341","2387902","2026-02-05T04:24:56.000Z","needs_review","0.35"
"011c3fcd463d367b","DB 14T 3231—2025安全风险分级管控和隐患排查治理双重预","DB 14T 3231—2025安全风险分级管控和隐患排查治理双重预.pdf","09_急診麻醉與重症醫學\2025\DB 14T 3231—2025安全风险分级管控和隐患排查治理双重预.pdf","急診麻醉與重症醫學","（無）","UNKNOWN","2025","2025","國家或地方標準","手術、麻醉與疼痛管理","急診與緊急醫療","pdf","pdf_text_layer","b88bd22d1bc2a89529cf736877f36077bcd91127854362ad22b28d01ed007e89","1089871","2026-02-26T14:19:46.000Z","needs_review","0.35"
"bad37cb56bc890d2","DB32_T 5060-2025 医疗机构门诊应急实战演练技术规范 (1)__來源__2","DB32_T 5060-2025 医疗机构门诊应急实战演练技术规范 (1)__來源__2.pdf","09_急診麻醉與重症醫學\2025\DB32_T 5060-2025 医疗机构门诊应急实战演练技术规范 (1)__來源__2.pdf","急診麻醉與重症醫學","（無）","UNKNOWN","2025","2025","技術規範／診療指南","醫療治理與依法執業","手術、麻醉與疼痛管理；急診與緊急醫療；消防、治安與應急管理","pdf","pdf_text_layer","09a2a43892e1fb9426ca0b413e56db51bfd35fbc39caaccdc78010d1d4da58da","757503","2025-03-30T08:19:34.000Z","needs_review","0.35"
"8d133a515598e025","DB32_T 5060-2025 医疗机构门诊应急实战演练技术规范","DB32_T 5060-2025 医疗机构门诊应急实战演练技术规范 (1).pdf","09_急診麻醉與重症醫學\2025\DB32_T 5060-2025 医疗机构门诊应急实战演练技术规范 (1).pdf","急診麻醉與重症醫學","（無）","UNKNOWN","2025","2025","技術規範／診療指南","醫療治理與依法執業","手術、麻醉與疼痛管理；急診與緊急醫療；消防、治安與應急管理","pdf","pdf_text_layer","09a2a43892e1fb9426ca0b413e56db51bfd35fbc39caaccdc78010d1d4da58da","757503","2025-03-30T08:19:34.000Z","needs_review","0.35"
"d9307062c3a7e07a","DB32_T 5060-2025 医疗机构门诊应急实战演练技术规范 (1)（2）","DB32_T 5060-2025 医疗机构门诊应急实战演练技术规范 (1)（2）.pdf","09_急診麻醉與重症醫學\2025\DB32_T 5060-2025 医疗机构门诊应急实战演练技术规范 (1)（2）.pdf","急診麻醉與重症醫學","（無）","UNKNOWN","2025","2025","技術規範／診療指南","醫療治理與依法執業","手術、麻醉與疼痛管理；急診與緊急醫療；消防、治安與應急管理","pdf","pdf_text_layer","09a2a43892e1fb9426ca0b413e56db51bfd35fbc39caaccdc78010d1d4da58da","757503","2025-03-30T08:19:34.000Z","needs_review","0.35"
"986909e5c2e48c9c","DB32_T 5060-2025 医疗机构门诊应急实战演练技术规范__來源__2","DB32_T 5060-2025 医疗机构门诊应急实战演练技术规范__來源__2.pdf","09_急診麻醉與重症醫學\2025\DB32_T 5060-2025 医疗机构门诊应急实战演练技术规范__來源__2.pdf","急診麻醉與重症醫學","（無）","UNKNOWN","2025","2025","技術規範／診療指南","醫療治理與依法執業","手術、麻醉與疼痛管理；急診與緊急醫療；消防、治安與應急管理","pdf","pdf_text_layer","09a2a43892e1fb9426ca0b413e56db51bfd35fbc39caaccdc78010d1d4da58da","757503","2025-03-30T08:19:32.000Z","needs_review","0.35"
"5dd91d6c1c4ae96d","DB32_T 5060-2025 医疗机构门诊应急实战演练技术规范","DB32_T 5060-2025 医疗机构门诊应急实战演练技术规范.pdf","09_急診麻醉與重症醫學\2025\DB32_T 5060-2025 医疗机构门诊应急实战演练技术规范.pdf","急診麻醉與重症醫學","（無）","UNKNOWN","2025","2025","技術規範／診療指南","醫療治理與依法執業","手術、麻醉與疼痛管理；急診與緊急醫療；消防、治安與應急管理","pdf","pdf_text_layer","09a2a43892e1fb9426ca0b413e56db51bfd35fbc39caaccdc78010d1d4da58da","757503","2025-03-30T08:19:32.000Z","needs_review","0.35"
"af098460fe51a289","DB32_T 5060-2025 医疗机构门诊应急实战演练技术规范（2）","DB32_T 5060-2025 医疗机构门诊应急实战演练技术规范（2）.pdf","09_急診麻醉與重症醫學\2025\DB32_T 5060-2025 医疗机构门诊应急实战演练技术规范（2）.pdf","急診麻醉與重症醫學","（無）","UNKNOWN","2025","2025","技術規範／診療指南","醫療治理與依法執業","手術、麻醉與疼痛管理；急診與緊急醫療；消防、治安與應急管理","pdf","pdf_text_layer","09a2a43892e1fb9426ca0b413e56db51bfd35fbc39caaccdc78010d1d4da58da","757503","2025-03-30T08:19:32.000Z","needs_review","0.35"
"9c494016742d272c","DB34_T 5351-2025 蛇伤应急处置规范","DB34_T 5351-2025 蛇伤应急处置规范.pdf","09_急診麻醉與重症醫學\2025\DB34_T 5351-2025 蛇伤应急处置规范.pdf","急診麻醉與重症醫學","（無）","UNKNOWN","2025","2025","國家或地方標準","手術、麻醉與疼痛管理","急診與緊急醫療；消防、治安與應急管理","pdf","pdf_text_layer","c43c010964591d193942157bbfa33aee856a42cc94f8d32f08b1c7c1c9e1cdd2","197747","2026-08-03T13:09:28.000Z","needs_review","0.35"
"c6951ab3d37ed816","DB34_T 5356-2025 智慧手术室服务要求","DB34_T 5356-2025 智慧手术室服务要求.pdf","09_急診麻醉與重症醫學\2025\DB34_T 5356-2025 智慧手术室服务要求.pdf","急診麻醉與重症醫學","（無）","UNKNOWN","2025","2025","國家或地方標準","手術、麻醉與疼痛管理","急診與緊急醫療","pdf","pdf_text_layer","528d98187e6cf6e395a9eb3faeab23b06a4fb7ee954367c4cddcf3e72b3c616c","205357","2026-02-04T04:48:20.000Z","needs_review","0.35"
"b31f62da144927c9","DB41_T 3057-2025 突发地质灾害应急处置技术规范","DB41_T 3057-2025 突发地质灾害应急处置技术规范.pdf","09_急診麻醉與重症醫學\2025\DB41_T 3057-2025 突发地质灾害应急处置技术规范.pdf","急診麻醉與重症醫學","（無）","UNKNOWN","2025","2025","技術規範／診療指南","手術、麻醉與疼痛管理","急診與緊急醫療；消防、治安與應急管理","pdf","pdf_text_layer","e53bf0127d3e7bc18103b6dd08a6706e8133518003fcec39d12bd6cf441ffe40","1334413","2026-08-03T13:08:42.000Z","needs_review","0.35"
"b4c17775ed012329","GBZ 188—2025职业健康监护技术规范","GBZ 188—2025职业健康监护技术规范.pdf","09_急診麻醉與重症醫學\2025\GBZ 188—2025职业健康监护技术规范.pdf","急診麻醉與重症醫學","（無）","UNKNOWN","2025","2025","技術規範／診療指南","手術、麻醉與疼痛管理","急診與緊急醫療","pdf","pdf_text_layer","5823eea75cd5364c934f12170acec6ee9e2df2baaee736d7251cd3bc4353d0d7","1553783","2025-09-06T02:57:52.000Z","needs_review","0.35"
"a3ae311f41493b5b","GBZ 24—2025-20250923160021585职业性减压病诊断标准","GBZ 24—2025-20250923160021585职业性减压病诊断标准.pdf","09_急診麻醉與重症醫學\2025\GBZ 24—2025-20250923160021585职业性减压病诊断标准.pdf","急診麻醉與重症醫學","（無）","UNKNOWN","2025","2025","國家或地方標準","手術、麻醉與疼痛管理","急診與緊急醫療","pdf","pdf_text_layer","53aaa01c9768dc68c56b972570b2284dbf5f4b719e651fe88bf7ed1cd67e84e7","391281","2025-10-08T02:34:44.000Z","needs_review","0.35"
"d6568aea4eebfc3a","GBZ 42—2025-20250923160037787职业性急性四氯化碳中毒诊断标准","GBZ 42—2025-20250923160037787职业性急性四氯化碳中毒诊断标准.pdf","09_急診麻醉與重症醫學\2025\GBZ 42—2025-20250923160037787职业性急性四氯化碳中毒诊断标准.pdf","急診麻醉與重症醫學","（無）","UNKNOWN","2025","2025","國家或地方標準","手術、麻醉與疼痛管理","急診與緊急醫療","pdf","pdf_text_layer","789f9b8f163d98dc6e79b7d0e6c7661ea68cbd9cc305429f922b230a6f0c0323","276657","2025-10-08T02:34:36.000Z","needs_review","0.35"
"a1f4cb53ce098343","GBZ 83—2025-20250923160049284职业性砷中毒诊断标准","GBZ 83—2025-20250923160049284职业性砷中毒诊断标准.pdf","09_急診麻醉與重症醫學\2025\GBZ 83—2025-20250923160049284职业性砷中毒诊断标准.pdf","急診麻醉與重症醫學","（無）","UNKNOWN","2025","2025","國家或地方標準","手術、麻醉與疼痛管理","急診與緊急醫療","pdf","pdf_text_layer","4c8abc6699d3349819897697269ad84f7afbb256b2657038e8fd9c5306300b9b","310933","2025-10-08T02:34:30.000Z","needs_review","0.35"
"d430ccb486516dc3","GBZT 192.1—2025-20250923160120704工作场所空气中粉尘测定标准","GBZT 192.1—2025-20250923160120704工作场所空气中粉尘测定标准.pdf","09_急診麻醉與重症醫學\2025\GBZT 192.1—2025-20250923160120704工作场所空气中粉尘测定标准.pdf","急診麻醉與重症醫學","（無）","UNKNOWN","2025","2025；2070","國家或地方標準","手術、麻醉與疼痛管理","急診與緊急醫療；職業安全與員工健康","pdf","pdf_text_layer","f401bc163348a03d114070385160e55a23678c8203de9b531e3e7cf5c1c92baf","303679","2025-10-08T02:28:16.000Z","needs_review","0.35"
"a14fa4363e58556a","GBZT 192.2—2025-20250923160131172粉尘测定标准","GBZT 192.2—2025-20250923160131172粉尘测定标准.pdf","09_急診麻醉與重症醫學\2025\GBZT 192.2—2025-20250923160131172粉尘测定标准.pdf","急診麻醉與重症醫學","（無）","UNKNOWN","2025","2025","待確認或非規範文件","手術、麻醉與疼痛管理","急診與緊急醫療","pdf","pdf_text_layer","8749a507a02305d220a0416ccd141105d986dfa07629500850ca9a7d8520e517","308820","2025-10-08T02:28:08.000Z","needs_review","0.35"
"a9b7ccf2de53629f","GBZT 229.1—2025第 1 部分：生产性粉尘","GBZT 229.1—2025第 1 部分：生产性粉尘.pdf","09_急診麻醉與重症醫學\2025\GBZT 229.1—2025第 1 部分：生产性粉尘.pdf","急診麻醉與重症醫學","（無）","UNKNOWN","2025","2025","待確認或非規範文件","手術、麻醉與疼痛管理","急診與緊急醫療","pdf","pdf_text_layer","e70289128a47e1c98b0605baa5e53f6a938311ea46336906e399280e2ded543e","317556","2025-09-06T02:57:36.000Z","needs_review","0.35"
"afc1b6e432ead58a","GBZT 229.2—2025第 2 部分：化学物","GBZT 229.2—2025第 2 部分：化学物.pdf","09_急診麻醉與重症醫學\2025\GBZT 229.2—2025第 2 部分：化学物.pdf","急診麻醉與重症醫學","（無）","UNKNOWN","2025","2025","國家或地方標準","手術、麻醉與疼痛管理","急診與緊急醫療","pdf","pdf_text_layer","33665e49ab02d5ee95832876c8e73fed9253f996a3a60f1f56adbcd9e287188f","604450","2025-09-06T02:57:30.000Z","needs_review","0.35"
"21cc789e98849266","GBZT 229.3—2025","GBZT 229.3—2025 (1).pdf","09_急診麻醉與重症醫學\2025\GBZT 229.3—2025 (1).pdf","急診麻醉與重症醫學","（無）","UNKNOWN","2025","2025","待確認或非規範文件","手術、麻醉與疼痛管理","急診與緊急醫療","pdf","pdf_text_layer","9bf370ce1ea933c57eccfd174252256bee20381883039d0b871d68686acd54ae","1293726","2025-09-06T02:57:22.000Z","needs_review","0.35"
"bab5da4998d1e80b","GBZT 229.3—2025第 3 部分：高温作业","GBZT 229.3—2025第 3 部分：高温作业.pdf","09_急診麻醉與重症醫學\2025\GBZT 229.3—2025第 3 部分：高温作业.pdf","急診麻醉與重症醫學","（無）","UNKNOWN","2025","2025","待確認或非規範文件","手術、麻醉與疼痛管理","急診與緊急醫療","pdf","pdf_text_layer","9bf370ce1ea933c57eccfd174252256bee20381883039d0b871d68686acd54ae","1293726","2025-09-06T02:57:12.000Z","needs_review","0.35"
"fb5e65b6a2bf5b17","GBZT 230—2025-20250923160226366工作场所毒物危害程度分级标准","GBZT 230—2025-20250923160226366工作场所毒物危害程度分级标准.pdf","09_急診麻醉與重症醫學\2025\GBZT 230—2025-20250923160226366工作场所毒物危害程度分级标准.pdf","急診麻醉與重症醫學","（無）","UNKNOWN","2025","2025","國家或地方標準","手術、麻醉與疼痛管理","急診與緊急醫療；職業安全與員工健康","pdf","pdf_text_layer","aa44b173be1ddfb3389c025f43923b5059577679a755aaaee8c13b25951f12f2","415249","2025-10-08T02:28:00.000Z","needs_review","0.35"
"9e3a28df800548f2","GBZT 300.166—2025第 166 部分：2-氨基吡啶","GBZT 300.166—2025第 166 部分：2-氨基吡啶.pdf","09_急診麻醉與重症醫學\2025\GBZT 300.166—2025第 166 部分：2-氨基吡啶.pdf","急診麻醉與重症醫學","（無）","UNKNOWN","2025","2025","國家或地方標準","手術、麻醉與疼痛管理","急診與緊急醫療","pdf","pdf_text_layer","231d1ad122b7350753703fac969af47a2c3e4aa86c5b5fa38194abf9096b9e64","1291194","2025-09-06T02:57:04.000Z","needs_review","0.35"
"e75133a5d317df7d","GBZT 338—2025-20250923160236464尿中汞测定标准","GBZT 338—2025-20250923160236464尿中汞测定标准.pdf","09_急診麻醉與重症醫學\2025\GBZT 338—2025-20250923160236464尿中汞测定标准.pdf","急診麻醉與重症醫學","（無）","UNKNOWN","2025","2025","待確認或非規範文件","手術、麻醉與疼痛管理","急診與緊急醫療","pdf","pdf_text_layer","3164530d4ee3a311c10e80fff2a80b9139808db55749e59246b008d656aaea6d","356549","2025-10-08T02:27:52.000Z","needs_review","0.35"
"62edeea39f92c3c1","GBZT 340—2025工作场所粉尘危害预防控制指南","GBZT 340—2025工作场所粉尘危害预防控制指南.pdf","09_急診麻醉與重症醫學\2025\GBZT 340—2025工作场所粉尘危害预防控制指南.pdf","急診麻醉與重症醫學","（無）","UNKNOWN","2025","2025","技術規範／診療指南","手術、麻醉與疼痛管理","急診與緊急醫療；職業安全與員工健康","pdf","pdf_text_layer","502ebf798a754a8d2f1b9e76e90b93a43445b90326fce79fba1707da6c55b9e7","1525228","2025-09-06T02:56:58.000Z","needs_review","0.35"
"6d63ac040ad66268","T_CADERM 8016-2025 灾害事故院前医疗急救处置要求","T_CADERM 8016-2025 灾害事故院前医疗急救处置要求.pdf","09_急診麻醉與重症醫學\2025\T_CADERM 8016-2025 灾害事故院前医疗急救处置要求.pdf","急診麻醉與重症醫學","（無）","UNKNOWN","2025","2025","國家或地方標準","手術、麻醉與疼痛管理","急診與緊急醫療","pdf","pdf_text_layer","5a8d88fb0cebe22055d08968b78db05fcf91a7523508c87eb53b9cbf5867ac11","548124","2025-07-16T02:27:44.000Z","needs_review","0.35"
"437e9c8664ef21ca","T_GXAS 1002-2025 全身麻醉下行纤维支气管镜患者围手术期护","T_GXAS 1002-2025 全身麻醉下行纤维支气管镜患者围手术期护.pdf","09_急診麻醉與重症醫學\2025\T_GXAS 1002-2025 全身麻醉下行纤维支气管镜患者围手术期护.pdf","急診麻醉與重症醫學","（無）","UNKNOWN","2025","2025","國家或地方標準","手術、麻醉與疼痛管理","急診與緊急醫療","pdf","pdf_text_layer","a9ddcb0ab068a6b96880ab8f5f348676ab4f5dbac6b25f6bad1a0acfa8752687","903356","2025-12-22T07:12:04.000Z","needs_review","0.35"
"385f5b606b8f7a4a","WS_T 10038-2025 突发饮用水污染事件应急供水水质卫生标准","WS_T 10038-2025 突发饮用水污染事件应急供水水质卫生标准.pdf","09_急診麻醉與重症醫學\2025\WS_T 10038-2025 突发饮用水污染事件应急供水水质卫生标准.pdf","急診麻醉與重症醫學","（無）","UNKNOWN","2025","2025；2026；2020","國家或地方標準","手術、麻醉與疼痛管理","急診與緊急醫療；消防、治安與應急管理","pdf","pdf_text_layer","0f60f9ab9de5c7827be661dbe0f5052ab95ac52634641bdd90c0789b220a7347","862982","2026-08-03T13:10:26.000Z","needs_review","0.35"
"a13ca7f0d3eb5150","WST 880—2025-20251226160441251","WST 880—2025-20251226160441251.pdf","09_急診麻醉與重症醫學\2025\WST 880—2025-20251226160441251.pdf","急診麻醉與重症醫學","（無）","UNKNOWN","2025","2025","國家或地方標準","手術、麻醉與疼痛管理","急診與緊急醫療","pdf","pdf_text_layer","7f08ad25b83397683238d849920b74ad67342a3091b76c5f782d1bb4b4fd967b","347536","2026-01-29T02:29:32.000Z","needs_review","0.35"
"c826edef0e1800bc","DB11_T 1498-2026 卫生应急样本采集技术规范","DB11_T 1498-2026 卫生应急样本采集技术规范.pdf","09_急診麻醉與重症醫學\2026\DB11_T 1498-2026 卫生应急样本采集技术规范.pdf","急診麻醉與重症醫學","（無）","UNKNOWN","2026","2026；2017","技術規範／診療指南","手術、麻醉與疼痛管理","急診與緊急醫療；消防、治安與應急管理","pdf","pdf_text_layer","8aa075987ce5c73ba4233776326e4145ba064caedfc6b6685d4de62a35b76ae3","367958","2026-08-03T13:07:24.000Z","needs_review","0.35"
"82db70bbdf18d0d6","T_CNAS 56-2026 成人ICU有创机械通气患者早期活动评估和护","T_CNAS 56-2026 成人ICU有创机械通气患者早期活动评估和护.pdf","09_急診麻醉與重症醫學\2026\T_CNAS 56-2026 成人ICU有创机械通气患者早期活动评估和护.pdf","急診麻醉與重症醫學","（無）","UNKNOWN","2026","2026","國家或地方標準","手術、麻醉與疼痛管理","急診與緊急醫療","pdf","pdf_text_layer","004bcac1ab1c4f40e5fe5d32811ab5003328278bdad472841acb2a1be48eecdc","494327","2026-08-04T07:35:22.000Z","needs_review","0.35"
"d2d5425d23b0beae","“十四五”应急物资保障规划》","“十四五”应急物资保障规划》.pdf","09_急診麻醉與重症醫學\未標示年份\“十四五”应急物资保障规划》.pdf","急診麻醉與重症醫學","（無）","UNKNOWN","未標示年份","","待確認或非規範文件","手術、麻醉與疼痛管理","急診與緊急醫療；消防、治安與應急管理","pdf","pdf_needs_ocr","ba3f93f60fb8e7d97a1bfce6da12807d0f4000f22dc80753071f0fb3c1640540","4415332","2023-05-28T05:06:48.000Z","needs_review","0.35"
"4950243308b02edd","“十四五”应急物资保障规划》（2）","“十四五”应急物资保障规划》（2）.pdf","09_急診麻醉與重症醫學\未標示年份\“十四五”应急物资保障规划》（2）.pdf","急診麻醉與重症醫學","（無）","UNKNOWN","未標示年份","","待確認或非規範文件","手術、麻醉與疼痛管理","急診與緊急醫療；消防、治安與應急管理","pdf","pdf_needs_ocr","ba3f93f60fb8e7d97a1bfce6da12807d0f4000f22dc80753071f0fb3c1640540","4415332","2023-05-28T05:06:48.000Z","needs_review","0.35"
"abe6bf2f8d7ca429","《清河县地震应急预案》-清河县人民政府","《清河县地震应急预案》-清河县人民政府.pdf","09_急診麻醉與重症醫學\未標示年份\《清河县地震应急预案》-清河县人民政府.pdf","急診麻醉與重症醫學","（無）","UNKNOWN","未標示年份","","國家或地方標準","手術、麻醉與疼痛管理","急診與緊急醫療；消防、治安與應急管理","pdf","pdf_text_layer","1e4482cf4af5ac17dc50c287c6088f0c393da59ef31a4693c7230e268f50c7e6","800804","2022-09-18T11:26:44.000Z","needs_review","0.35"
"29f847ebe2f47a38","14.应用心肺复苏机救治院内心搏骤停患者护理专家共识","14.应用心肺复苏机救治院内心搏骤停患者护理专家共识.pdf","09_急診麻醉與重症醫學\未標示年份\14.应用心肺复苏机救治院内心搏骤停患者护理专家共识.pdf","急診麻醉與重症醫學","（無）","UNKNOWN","未標示年份","","專家共識","護理管理","手術、麻醉與疼痛管理；急診與緊急醫療","pdf","pdf_text_layer","8dd13138a8309534b5ea67f13781f93a2379b330f9553bb32aa8fb15e143364b","1557692","2024-08-19T01:19:54.000Z","needs_review","0.35"
"a87fb4904cff48b1","19.致命性肺血栓栓塞症急救护理专家共识","19.致命性肺血栓栓塞症急救护理专家共识.pdf","09_急診麻醉與重症醫學\未標示年份\19.致命性肺血栓栓塞症急救护理专家共识.pdf","急診麻醉與重症醫學","（無）","UNKNOWN","未標示年份","","專家共識","護理管理","手術、麻醉與疼痛管理；急診與緊急醫療","pdf","pdf_text_layer","b0676fee7645bc3149968c5f9fc6a393dcdb9cdd0779b49c3ad69c02d7d6c904","32284600","2024-08-19T01:38:46.000Z","needs_review","0.35"
"dd9722a9ab24248e","3.《成人造口患者术前术后的护理支持（第2版）》最佳实践指南解读","3.《成人造口患者术前术后的护理支持（第2版）》最佳实践指南解读.pdf","09_急診麻醉與重症醫學\未標示年份\3.《成人造口患者术前术后的护理支持（第2版）》最佳实践指南解读.pdf","急診麻醉與重症醫學","（無）","UNKNOWN","未標示年份","","技術規範／診療指南","護理管理","手術、麻醉與疼痛管理；急診與緊急醫療","pdf","pdf_text_layer","5d727d3cc06308c1ee227d1174bc3bbc80c4c8593ccc94dc29f0463137264ae1","411283","2024-08-19T01:20:10.000Z","needs_review","0.35"
"7e7056818eceeba5","3.重症护理超声专家共识","3.重症护理超声专家共识.pdf","09_急診麻醉與重症醫學\未標示年份\3.重症护理超声专家共识.pdf","急診麻醉與重症醫學","（無）","UNKNOWN","未標示年份","","專家共識","護理管理","手術、麻醉與疼痛管理；急診與緊急醫療","pdf","pdf_text_layer","a50b6c640db7bedc884d7546a5db95092d9280006ac5b5d6890abf1704af2afa","552948","2024-08-19T01:19:58.000Z","needs_review","0.35"
"28e7a51edb704784","5.手术室锐器伤预防专家共识","5.手术室锐器伤预防专家共识.pdf","09_急診麻醉與重症醫學\未標示年份\5.手术室锐器伤预防专家共识.pdf","急診麻醉與重症醫學","（無）","UNKNOWN","未標示年份","","專家共識","手術、麻醉與疼痛管理","急診與緊急醫療","pdf","pdf_text_layer","cdb8b88bacdcf51bae88d73d6db913e31bbc1233d651423732b65391d3316163","693483","2024-08-19T01:20:00.000Z","needs_review","0.35"
"69e3631e79a6c4f8","个性化、规范化急救护理在毒蛇咬伤患者中的应用效果","个性化、规范化急救护理在毒蛇咬伤患者中的应用效果.pdf","09_急診麻醉與重症醫學\未標示年份\个性化、规范化急救护理在毒蛇咬伤患者中的应用效果.pdf","急診麻醉與重症醫學","（無）","UNKNOWN","未標示年份","","待確認或非規範文件","護理管理","手術、麻醉與疼痛管理；急診與緊急醫療","pdf","pdf_needs_ocr","de6cf4ca3b333e0797eee31c885f84875cffc518f7dba80c2e1663c9303cd10a","1047138","2025-08-12T02:49:20.000Z","needs_review","0.35"
"ab2d7b74f571c32b","个性化约束在降低重症病人非计划拔管率中的应用效果分析","个性化约束在降低重症病人非计划拔管率中的应用效果分析.pdf","09_急診麻醉與重症醫學\未標示年份\个性化约束在降低重症病人非计划拔管率中的应用效果分析.pdf","急診麻醉與重症醫學","（無）","UNKNOWN","2091","2091；2089；2020；2019；2018；2017；2015；2013；2011；2010；2008","研究論文／文獻","手術、麻醉與疼痛管理","急診與緊急醫療","pdf","pdf_text_layer","f6e641538de6d43e095a5dc852a66a9fc218c5aac880159c029ded60e3073cc9","929684","2024-03-26T06:01:14.000Z","needs_review","0.35"
"d99d2c33306438d2","卫生部关于印发《急诊科建设与管理指南（试行）》的通知","卫生部关于印发《急诊科建设与管理指南（试行）》的通知.pdf","09_急診麻醉與重症醫學\未標示年份\卫生部关于印发《急诊科建设与管理指南（试行）》的通知.pdf","急診麻醉與重症醫學","（無）","UNKNOWN","未標示年份","","技術規範／診療指南","手術、麻醉與疼痛管理","急診與緊急醫療","pdf","pdf_text_layer","90116053cd4ce84ec88055201df9651b373bae002ca4b090041e81683c02ab97","402706","2022-07-18T08:51:32.000Z","needs_review","0.35"
"4173d3b7900c901a","工作场所有害因素职业接触限值","工作场所有害因素职业接触限值.pdf","09_急診麻醉與重症醫學\未標示年份\工作场所有害因素职业接触限值.pdf","急診麻醉與重症醫學","（無）","UNKNOWN","未標示年份","","待確認或非規範文件","手術、麻醉與疼痛管理","急診與緊急醫療；職業安全與員工健康","pdf","pdf_text_layer","3c89643c40c05aba8e03a0573f5ec8bf9d2324b3a250507885878c0ebc9abee5","109443","2024-08-09T06:00:28.000Z","needs_review","0.35"
"f9823fd4fa167377","工作场所职业卫生管理规定","工作场所职业卫生管理规定.doc","09_急診麻醉與重症醫學\未標示年份\工作场所职业卫生管理规定.doc","急診麻醉與重症醫學","（無）","UNKNOWN","未標示年份","","行政法規／條例","手術、麻醉與疼痛管理","急診與緊急醫療；職業安全與員工健康","doc","filename_only","02901266ad390bd0454c826385909e3e28591b4489ab58f909a393ab8e68eb35","70202","2023-03-01T09:22:52.000Z","needs_review","0.35"
"ce85d362433c5993","工作场所职业卫生管理规定","工作场所职业卫生管理规定.pdf","09_急診麻醉與重症醫學\未標示年份\工作场所职业卫生管理规定.pdf","急診麻醉與重症醫學","（無）","UNKNOWN","未標示年份","","國家或地方標準","手術、麻醉與疼痛管理","急診與緊急醫療；職業安全與員工健康","pdf","pdf_text_layer","71dd47d983360678d4ce86ca20fb23f44c9dedaec65ee0a71409bda4a1467876","334274","2022-07-06T09:22:24.000Z","needs_review","0.35"
"2977849e262007f1","工作场所职业卫生管理规定（2）","工作场所职业卫生管理规定（2）.pdf","09_急診麻醉與重症醫學\未標示年份\工作场所职业卫生管理规定（2）.pdf","急診麻醉與重症醫學","（無）","UNKNOWN","未標示年份","","國家或地方標準","手術、麻醉與疼痛管理","急診與緊急醫療；職業安全與員工健康","pdf","pdf_text_layer","71dd47d983360678d4ce86ca20fb23f44c9dedaec65ee0a71409bda4a1467876","334274","2022-07-06T09:22:24.000Z","needs_review","0.35"
"bb45e9ba66f9e697","中央应急抢险救灾物资储备管理暂行办法","中央应急抢险救灾物资储备管理暂行办法.pdf","09_急診麻醉與重症醫學\未標示年份\中央应急抢险救灾物资储备管理暂行办法.pdf","急診麻醉與重症醫學","（無）","UNKNOWN","未標示年份","","國家或地方標準","手術、麻醉與疼痛管理","急診與緊急醫療；消防、治安與應急管理","pdf","pdf_text_layer","a3352e69438488d07e850740ae30584fd09bf034eccb26ae6bd5463fe352ebc1","190170","2023-03-21T08:36:10.000Z","needs_review","0.35"
"4f8e1c96e114759c","化学品安全文摘","化学品安全文摘 (1).pdf","09_急診麻醉與重症醫學\未標示年份\化学品安全文摘 (1).pdf","急診麻醉與重症醫學","（無）","UNKNOWN","未標示年份","","國家或地方標準","手術、麻醉與疼痛管理","急診與緊急醫療","pdf","pdf_text_layer","b7f0e90733db290e65d210fe98fd0ab5c20ac72e0e7c777929fd2c3883f767cd","19390038","2026-04-06T01:05:20.000Z","needs_review","0.35"
"328feaede0a8b2cc","化学品安全文摘","化学品安全文摘.pdf","09_急診麻醉與重症醫學\未標示年份\化学品安全文摘.pdf","急診麻醉與重症醫學","（無）","UNKNOWN","未標示年份","","國家或地方標準","手術、麻醉與疼痛管理","急診與緊急醫療","pdf","pdf_text_layer","b7f0e90733db290e65d210fe98fd0ab5c20ac72e0e7c777929fd2c3883f767cd","19390038","2026-04-06T01:05:12.000Z","needs_review","0.35"
"771d9e771cbd9dcb","化学品安全技术说明书 内容和项目顺序","化学品安全技术说明书 内容和项目顺序.pdf","09_急診麻醉與重症醫學\未標示年份\化学品安全技术说明书 内容和项目顺序.pdf","急診麻醉與重症醫學","（無）","UNKNOWN","未標示年份","","待確認或非規範文件","手術、麻醉與疼痛管理","急診與緊急醫療","pdf","pdf_needs_ocr","d7e42ef07902d1679c0f7897b90c13ad383b1b36fbcd32a9ee1290e8b054fd23","3907527","2023-03-21T13:43:34.000Z","needs_review","0.35"
"3d6ff0b353cc5162","手术室医学装备配置标准","手术室医学装备配置标准.pdf","09_急診麻醉與重症醫學\未標示年份\手术室医学装备配置标准.pdf","急診麻醉與重症醫學","（無）","UNKNOWN","未標示年份","","待確認或非規範文件","手術、麻醉與疼痛管理","急診與緊急醫療","pdf","pdf_text_layer","64696bb7553e4d7d4ec4c5319f784ba08dd00368f55dec5fa3d51434aca5d278","270152","2026-01-29T02:49:02.000Z","needs_review","0.35"
"5a86d6adcc646e6c","手术室医学装备配置标准（2）","手术室医学装备配置标准（2）.pdf","09_急診麻醉與重症醫學\未標示年份\手术室医学装备配置标准（2）.pdf","急診麻醉與重症醫學","（無）","UNKNOWN","未標示年份","","待確認或非規範文件","手術、麻醉與疼痛管理","急診與緊急醫療","pdf","pdf_text_layer","64696bb7553e4d7d4ec4c5319f784ba08dd00368f55dec5fa3d51434aca5d278","270152","2024-08-09T06:06:14.000Z","needs_review","0.35"
"7637299189984715","日间手术麻醉指南","日间手术麻醉指南.pdf","09_急診麻醉與重症醫學\未標示年份\日间手术麻醉指南.pdf","急診麻醉與重症醫學","（無）","UNKNOWN","未標示年份","","技術規範／診療指南","手術、麻醉與疼痛管理","急診與緊急醫療","pdf","pdf_needs_ocr","71443722f9c782c7297d9a0b0cf4de609278a6d0d0c2f84ecd98e4a9f82b4a29","1835657","2025-12-21T09:10:24.000Z","needs_review","0.35"
"815001e84ce951d9","生产安全事故应急演练评估规范","生产安全事故应急演练评估规范.pdf","09_急診麻醉與重症醫學\未標示年份\生产安全事故应急演练评估规范.pdf","急診麻醉與重症醫學","（無）","UNKNOWN","未標示年份","","國家或地方標準","手術、麻醉與疼痛管理","急診與緊急醫療；消防、治安與應急管理","pdf","pdf_text_layer","4f1b6f3957e30a8605b80755fb7bf592d386b521d071908b60c4806dc007c934","1179756","2026-02-23T06:24:28.000Z","needs_review","0.35"
"91943d9f76c5c0ef","生產安全事故應急演練指南","生產安全事故應急演練指南.pdf","09_急診麻醉與重症醫學\未標示年份\生產安全事故應急演練指南.pdf","急診麻醉與重症醫學","（無）","UNKNOWN","未標示年份","","技術規範／診療指南","手術、麻醉與疼痛管理","急診與緊急醫療；消防、治安與應急管理","pdf","pdf_needs_ocr","ebd3dc81a84e3fe8d05742a62b209bb1feae442349786acc2983650979bb97a1","3454490","2022-08-16T06:04:34.000Z","needs_review","0.35"
"7b50d0b7bc4c970a","生產安全應急演練","生產安全應急演練.pdf","09_急診麻醉與重症醫學\未標示年份\生產安全應急演練.pdf","急診麻醉與重症醫學","（無）","UNKNOWN","未標示年份","","國家或地方標準","手術、麻醉與疼痛管理","急診與緊急醫療；消防、治安與應急管理","pdf","pdf_text_layer","bc8aaccee83eb8f34e4cbda04c930cf08e0e1ce196788d811af0d8621bdd5350","1173125","2022-08-16T06:02:56.000Z","needs_review","0.35"
"b38bddda6900f107","关于加强重症医学医疗服务能力建设的意见","关于加强重症医学医疗服务能力建设的意见.pdf","09_急診麻醉與重症醫學\未標示年份\关于加强重症医学医疗服务能力建设的意见.pdf","急診麻醉與重症醫學","（無）","UNKNOWN","未標示年份","","待確認或非規範文件","手術、麻醉與疼痛管理","急診與緊急醫療","pdf","pdf_needs_ocr","d434970aeeb992b9f1874d71255e8967f494009f5918d587fff86da35f2c8f3b","1872926","2024-06-21T01:11:16.000Z","needs_review","0.35"
"e1c2830a081d137d","关于医疗机构不得宣传、推销和代售 麻醉意外险等保险产品的通知》","关于医疗机构不得宣传、推销和代售 麻醉意外险等保险产品的通知》.docx","09_急診麻醉與重症醫學\未標示年份\关于医疗机构不得宣传、推销和代售 麻醉意外险等保险产品的通知》.docx","急診麻醉與重症醫學","（無）","UNKNOWN","2007","2007","公告／通知／函釋","醫療治理與依法執業","手術、麻醉與疼痛管理；急診與緊急醫療","docx","office_xml","a168a557dbfd97ee73d47f517c6183ba8c221704ff73ce1e3dda7c864e3fc305","12074","2022-05-26T01:54:36.000Z","needs_review","0.35"
"828360a3f64b5bd0","危化品目錄","危化品目錄.pdf","09_急診麻醉與重症醫學\未標示年份\危化品目錄.pdf","急診麻醉與重症醫學","（無）","UNKNOWN","2079","2079；2045；2038","國家或地方標準","手術、麻醉與疼痛管理","急診與緊急醫療","pdf","pdf_text_layer","9edc57c5a9231f8fb06e09b0c9be304ea0e5e9c29ee803c9734af7e3d33cd586","5628126","2023-08-16T05:25:30.000Z","needs_review","0.35"
"03dcabebd17e2ee1","危險化學品企業特殊安全規範","危險化學品企業特殊安全規範.pdf","09_急診麻醉與重症醫學\未標示年份\危險化學品企業特殊安全規範.pdf","急診麻醉與重症醫學","（無）","UNKNOWN","未標示年份","","待確認或非規範文件","手術、麻醉與疼痛管理","急診與緊急醫療；環境、能源與醫療廢棄物","pdf","pdf_needs_ocr","1090633ff6748588de2fc6c157bca459fbdb650993ffde2a6681656aae324ba9","9724246","2023-03-16T15:57:34.000Z","needs_review","0.35"
"a56c13e511f9444f","危險化學品企業設備完整性管理導則","危險化學品企業設備完整性管理導則.pdf","09_急診麻醉與重症醫學\未標示年份\危險化學品企業設備完整性管理導則.pdf","急診麻醉與重症醫學","（無）","UNKNOWN","未標示年份","","國家或地方標準","手術、麻醉與疼痛管理","急診與緊急醫療；醫療器材與設備；環境、能源與醫療廢棄物","pdf","pdf_text_layer","a9dad1b2abbbec42a060c36233d2b7dce7366b6d77c12f052dfd49fd892dbafe","2528629","2022-09-18T12:09:00.000Z","needs_review","0.35"
"4c1207792d806fca","危險化學品標籤作業標準","危險化學品標籤作業標準.pdf","09_急診麻醉與重症醫學\未標示年份\危險化學品標籤作業標準.pdf","急診麻醉與重症醫學","（無）","UNKNOWN","未標示年份","","待確認或非規範文件","手術、麻醉與疼痛管理","急診與緊急醫療；環境、能源與醫療廢棄物","pdf","pdf_needs_ocr","fe05bdfb1936106a0571108229e8fc36820eb10c16ff4e4e3ea9d01cbe30615e","1491599","2023-03-21T08:52:10.000Z","needs_review","0.35"
"2199643981d6c1f5","成人术后谵妄预防与护理专家共识","成人术后谵妄预防与护理专家共识.pdf","09_急診麻醉與重症醫學\未標示年份\成人术后谵妄预防与护理专家共识.pdf","急診麻醉與重症醫學","（無）","UNKNOWN","未標示年份","","專家共識","護理管理","手術、麻醉與疼痛管理；急診與緊急醫療","pdf","pdf_needs_ocr","a88c83e344fdce23e2dda5c679253c84e5efdee46cde12be4ad2feca630d56a7","1014989","2025-09-10T02:43:40.000Z","needs_review","0.35"
"14795ac6d19f7589","成人重症患者超声指导目标导向性肺部护理证据总结","成人重症患者超声指导目标导向性肺部护理证据总结.pdf","09_急診麻醉與重症醫學\未標示年份\成人重症患者超声指导目标导向性肺部护理证据总结.pdf","急診麻醉與重症醫學","（無）","UNKNOWN","未標示年份","","待確認或非規範文件","護理管理","手術、麻醉與疼痛管理；急診與緊急醫療","pdf","pdf_needs_ocr","0ff925e238508dbf7b84a666eccbb45d6b4415ff9785ab0d592d31ab70c8ec1a","9880352","2025-04-02T05:33:28.000Z","needs_review","0.35"
"2aa876331f4e2bc2","有害物質管理","有害物質管理.pdf","09_急診麻醉與重症醫學\未標示年份\有害物質管理.pdf","急診麻醉與重症醫學","（無）","UNKNOWN","未標示年份","","待確認或非規範文件","手術、麻醉與疼痛管理","急診與緊急醫療","pdf","pdf_needs_ocr","55308870593a40f9d93266c0e800493736e98d3c440ebb93d6421d0393eb6ada","786466","2020-06-13T11:38:50.000Z","needs_review","0.35"
"a96dd4dd67018938","肉毒中毒诊治急诊专家共识","肉毒中毒诊治急诊专家共识.pdf","09_急診麻醉與重症醫學\未標示年份\肉毒中毒诊治急诊专家共识.pdf","急診麻醉與重症醫學","（無）","UNKNOWN","未標示年份","","專家共識","手術、麻醉與疼痛管理","急診與緊急醫療","pdf","pdf_needs_ocr","5dabb49fdd58146e408bc306bf1d0503516304f87a225ffb9ac9e7bcc530813e","1897037","2025-07-22T09:05:50.000Z","needs_review","0.35"
"7c253da442b7f532","医务人员艾滋病病毒职业暴露防护工作指导原则（试行）","医务人员艾滋病病毒职业暴露防护工作指导原则（试行）.doc","09_急診麻醉與重症醫學\未標示年份\医务人员艾滋病病毒职业暴露防护工作指导原则（试行）.doc","急診麻醉與重症醫學","（無）","UNKNOWN","未標示年份","","待確認或非規範文件","手術、麻醉與疼痛管理","急診與緊急醫療","doc","filename_only","b25544af2b05d7ad7d2fe13760bf8003bd85ae4e28fc9ae37eeff3b60b76a92d","24064","2022-06-29T08:22:56.000Z","needs_review","0.35"
"ad23ecc8286ac9b2","医护人员院前医疗急救培训标准","医护人员院前医疗急救培训标准.pdf","09_急診麻醉與重症醫學\未標示年份\医护人员院前医疗急救培训标准.pdf","急診麻醉與重症醫學","（無）","UNKNOWN","未標示年份","","國家或地方標準","手術、麻醉與疼痛管理","急診與緊急醫療；圖書、教育與文件管理","pdf","pdf_text_layer","8d29e49af6add708bb5e2e1fee0b1a841e98fd94cefec064b1e45ebf755c8706","269860","2024-08-22T05:25:04.000Z","needs_review","0.35"
"48700df77652e1ca","医护人员院前医疗急救培训标准（2）","医护人员院前医疗急救培训标准（2）.pdf","09_急診麻醉與重症醫學\未標示年份\医护人员院前医疗急救培训标准（2）.pdf","急診麻醉與重症醫學","（無）","UNKNOWN","未標示年份","","國家或地方標準","手術、麻醉與疼痛管理","急診與緊急醫療；圖書、教育與文件管理","pdf","pdf_text_layer","8d29e49af6add708bb5e2e1fee0b1a841e98fd94cefec064b1e45ebf755c8706","269860","2024-08-22T05:25:04.000Z","needs_review","0.35"
"3a1ada142ce1eb69","医疗失效与效应分析模式对PCI患者术后并发症、不良事件发生率及护理满意度的影响","医疗失效与效应分析模式对PCI患者术后并发症、不良事件发生率及护理满意度的影响.pdf","09_急診麻醉與重症醫學\未標示年份\医疗失效与效应分析模式对PCI患者术后并发症、不良事件发生率及护理满意度的影响.pdf","急診麻醉與重症醫學","（無）","UNKNOWN","未標示年份","","研究論文／文獻","護理管理","手術、麻醉與疼痛管理；急診與緊急醫療","pdf","pdf_needs_ocr","d9710f14d7ee3c68d2d987ff3429fa0bced92de29687b8102077836072bad0f2","1313861","2024-08-24T08:48:50.000Z","needs_review","0.35"
"c46bb427ee35fc3b","医院卫生应急能力建设要求","医院卫生应急能力建设要求.pdf","09_急診麻醉與重症醫學\未標示年份\医院卫生应急能力建设要求.pdf","急診麻醉與重症醫學","（無）","UNKNOWN","未標示年份","","國家或地方標準","手術、麻醉與疼痛管理","急診與緊急醫療；消防、治安與應急管理","pdf","pdf_text_layer","a6b6881228d731fc472a7def659fb7a6427084b1b31f2e03652e0ef92bca8ad7","318324","2023-04-09T13:47:18.000Z","needs_review","0.35"
"370923aa6d536e6b","医院物资管理","医院物资管理.pdf","09_急診麻醉與重症醫學\未標示年份\医院物资管理.pdf","急診麻醉與重症醫學","（無）","UNKNOWN","2018","2018","國家或地方標準","手術、麻醉與疼痛管理","急診與緊急醫療","pdf","pdf_text_layer","b7fa7ff4c77ccb039cbfb835906bb485bd40aaef14dbdfc465b671c7370472c9","1053765","2023-05-28T05:25:12.000Z","needs_review","0.35"
"c3e69623506d5f3f","应急物资保障","应急物资保障.pdf","09_急診麻醉與重症醫學\未標示年份\应急物资保障.pdf","急診麻醉與重症醫學","（無）","UNKNOWN","未標示年份","","待確認或非規範文件","手術、麻醉與疼痛管理","急診與緊急醫療；消防、治安與應急管理","pdf","pdf_needs_ocr","6a133d7df96a146518085bc36e8d418471fe87b6ce904bf2d8d8c65c203ca7f5","727232","2023-05-28T05:05:16.000Z","needs_review","0.35"
"b26bce8fae7dd56f","应急物资保障（2）","应急物资保障（2）.pdf","09_急診麻醉與重症醫學\未標示年份\应急物资保障（2）.pdf","急診麻醉與重症醫學","（無）","UNKNOWN","未標示年份","","待確認或非規範文件","手術、麻醉與疼痛管理","急診與緊急醫療；消防、治安與應急管理","pdf","pdf_needs_ocr","6a133d7df96a146518085bc36e8d418471fe87b6ce904bf2d8d8c65c203ca7f5","727232","2023-05-28T05:05:16.000Z","needs_review","0.35"
"22d58910733241ec","应急演练評估規範","应急演练評估規範.pdf","09_急診麻醉與重症醫學\未標示年份\应急演练評估規範.pdf","急診麻醉與重症醫學","（無）","UNKNOWN","未標示年份","","國家或地方標準","手術、麻醉與疼痛管理","急診與緊急醫療；消防、治安與應急管理","pdf","pdf_text_layer","643e74f4b7e7d8de6f92328eab9bffa32dbe1877849555850a3435e5e01c3e18","1213594","2022-08-16T06:42:46.000Z","needs_review","0.35"
"03f3a6e2ab183855","肠瘘的术后护理与康复指南","肠瘘的术后护理与康复指南.pdf","09_急診麻醉與重症醫學\未標示年份\肠瘘的术后护理与康复指南.pdf","急診麻醉與重症醫學","（無）","UNKNOWN","未標示年份","","技術規範／診療指南","護理管理","手術、麻醉與疼痛管理；急診與緊急醫療","pdf","pdf_text_layer","4bc1f51b0d485def5117bcf3f5867c3ee8d69f089bb0204c6b462c6549932889","2015357","2025-04-02T05:31:12.000Z","needs_review","0.35"
"1d5bf1f5488f0e54","身体约束等级评估联合6CS模型在重症监护室气管插管非计划拔管中的预防作用","身体约束等级评估联合6CS模型在重症监护室气管插管非计划拔管中的预防作用.pdf","09_急診麻醉與重症醫學\未標示年份\身体约束等级评估联合6CS模型在重症监护室气管插管非计划拔管中的预防作用.pdf","急診麻醉與重症醫學","（無）","UNKNOWN","未標示年份","","國家或地方標準","手術、麻醉與疼痛管理","急診與緊急醫療","pdf","pdf_text_layer","87be1288d8e67242199f0b1b16743a189ee627d88a4cb791d7c311d14c43ea78","999784","2024-03-26T06:21:44.000Z","needs_review","0.35"
"4aa59ec40d3e9d38","国家卫生计生委办公厅关于印发医院卒中中心建设与管理指导原则（试行）的通知","国家卫生计生委办公厅关于印发医院卒中中心建设与管理指导原则（试行）的通知.pdf","09_急診麻醉與重症醫學\未標示年份\国家卫生计生委办公厅关于印发医院卒中中心建设与管理指导原则（试行）的通知.pdf","急診麻醉與重症醫學","（無）","UNKNOWN","未標示年份","","國家或地方標準","手術、麻醉與疼痛管理","急診與緊急醫療","pdf","pdf_text_layer","dd961ae0f318fd0c76523ca443aedca8a15d98a0302a3bc225af2aaa46727172","405273","2022-08-24T01:47:14.000Z","needs_review","0.35"
"6a5d33ab6d954d51","帕金森病脑深部电刺激术后谵妄防治专家共识","帕金森病脑深部电刺激术后谵妄防治专家共识.pdf","09_急診麻醉與重症醫學\未標示年份\帕金森病脑深部电刺激术后谵妄防治专家共识.pdf","急診麻醉與重症醫學","（無）","UNKNOWN","未標示年份","","專家共識","手術、麻醉與疼痛管理","急診與緊急醫療","pdf","pdf_needs_ocr","c17058b884eac9d423fde015e36e0967e70cd42f1700d8251ed52864d1283f66","2132534","2025-06-03T03:56:38.000Z","needs_review","0.35"
"374fbe36d533419a","废弃化学品","废弃化学品.pdf","09_急診麻醉與重症醫學\未標示年份\废弃化学品.pdf","急診麻醉與重症醫學","（無）","UNKNOWN","未標示年份","","待確認或非規範文件","手術、麻醉與疼痛管理","急診與緊急醫療","pdf","pdf_needs_ocr","b3adfdcfa9fa6498ecfaefefd2d3612ac683be13bf4e288af3dc9155a79f0f90","897802","2023-03-23T15:06:36.000Z","needs_review","0.35"
"68180a2a1df705a3","放射工作人员职业健康检查和受照剂量估算","放射工作人员职业健康检查和受照剂量估算.pdf","09_急診麻醉與重症醫學\未標示年份\放射工作人员职业健康检查和受照剂量估算.pdf","急診麻醉與重症醫學","（無）","UNKNOWN","1999","1999","國家或地方標準","手術、麻醉與疼痛管理","急診與緊急醫療","pdf","pdf_text_layer","9b72152ec9c5c17dc6647699ede122fd8ca17c0cfaf65d7a60e8a0bc78ebc762","669010","2023-04-02T07:58:36.000Z","needs_review","0.35"
"c32a4ad73cf067a6","放射工作人员职业健康检查和受照剂量估算（2）","放射工作人员职业健康检查和受照剂量估算（2）.pdf","09_急診麻醉與重症醫學\未標示年份\放射工作人员职业健康检查和受照剂量估算（2）.pdf","急診麻醉與重症醫學","（無）","UNKNOWN","1999","1999","國家或地方標準","手術、麻醉與疼痛管理","急診與緊急醫療","pdf","pdf_text_layer","9b72152ec9c5c17dc6647699ede122fd8ca17c0cfaf65d7a60e8a0bc78ebc762","669010","2023-04-02T07:58:36.000Z","needs_review","0.35"
"e9ac818b91b73c0c","河北省应急避难场所管理办法","河北省应急避难场所管理办法.pdf","09_急診麻醉與重症醫學\未標示年份\河北省应急避难场所管理办法.pdf","急診麻醉與重症醫學","（無）","UNKNOWN","未標示年份","","院內制度／SOP","手術、麻醉與疼痛管理","急診與緊急醫療；消防、治安與應急管理","pdf","pdf_needs_ocr","41077f605a4791336f596aee94e8d84e5475f95bb706b4b5483b4d29dae8834d","1136142","2023-04-09T13:15:14.000Z","needs_review","0.35"
"622f7482d7de06dc","肺移植术后气道并发症专家共识","肺移植术后气道并发症专家共识.pdf","09_急診麻醉與重症醫學\未標示年份\肺移植术后气道并发症专家共识.pdf","急診麻醉與重症醫學","（無）","UNKNOWN","未標示年份","","專家共識","手術、麻醉與疼痛管理","急診與緊急醫療","pdf","pdf_needs_ocr","09f6b1862f8a63654d5467d04e3051e0fe25c41e94918028e80f4a23264fe606","1891258","2025-04-02T05:51:42.000Z","needs_review","0.35"
"3cf19a790bf3fdb1","南通市二级及以上医院麻醉安全与质控现状分析","南通市二级及以上医院麻醉安全与质控现状分析.pdf","09_急診麻醉與重症醫學\未標示年份\南通市二级及以上医院麻醉安全与质控现状分析.pdf","急診麻醉與重症醫學","（無）","UNKNOWN","未標示年份","","研究論文／文獻","醫院評鑑與醫療品質","手術、麻醉與疼痛管理；急診與緊急醫療","pdf","pdf_needs_ocr","5ee23e09b135e904d4bb7c7154ad666c986295a7219e92cb3cf8b91560ee2864","819582","2025-12-21T09:15:04.000Z","needs_review","0.35"
"90dd968442c3d531","急危重症患者手术护理专家共识","急危重症患者手术护理专家共识.pdf","09_急診麻醉與重症醫學\未標示年份\急危重症患者手术护理专家共识.pdf","急診麻醉與重症醫學","（無）","UNKNOWN","未標示年份","","專家共識","護理管理","手術、麻醉與疼痛管理；急診與緊急醫療","pdf","pdf_needs_ocr","f83447f7e7b1e17594efa8bd9a02deee921da74bce8eecf4d27cfab93a6aba58","2049559","2024-08-24T08:50:56.000Z","needs_review","0.35"
"ffabc5fcdd95049c","急诊经皮冠状动脉介入治疗护理实践指南的构建","急诊经皮冠状动脉介入治疗护理实践指南的构建.pdf","09_急診麻醉與重症醫學\未標示年份\急诊经皮冠状动脉介入治疗护理实践指南的构建.pdf","急診麻醉與重症醫學","（無）","UNKNOWN","2019","2019","技術規範／診療指南","護理管理","臨床診療與醫療技術；手術、麻醉與疼痛管理；急診與緊急醫療","pdf","pdf_text_layer","89ba1db483488f0c725e3c820e703be25a39c3ff41b0ca21a51049c074a1ae06","934194","2024-08-19T01:19:30.000Z","needs_review","0.35"
"5add64da54a3af98","重症监护室俯卧位通气病人实施肠内营养循证护理实践","重症监护室俯卧位通气病人实施肠内营养循证护理实践.pdf","09_急診麻醉與重症醫學\未標示年份\重症监护室俯卧位通气病人实施肠内营养循证护理实践.pdf","急診麻醉與重症醫學","（無）","UNKNOWN","未標示年份","","待確認或非規範文件","護理管理","手術、麻醉與疼痛管理；急診與緊急醫療","pdf","pdf_needs_ocr","eba424611ac6813b4fdcea7f156c308842eb23811ab493cd26734843bd3ec288","8955332","2025-04-02T05:34:24.000Z","needs_review","0.35"
"66622b25df9c0b5d","重症患者标准化查房：思考与探索","重症患者标准化查房：思考与探索.pdf","09_急診麻醉與重症醫學\未標示年份\重症患者标准化查房：思考与探索.pdf","急診麻醉與重症醫學","（無）","UNKNOWN","未標示年份","","待確認或非規範文件","手術、麻醉與疼痛管理","急診與緊急醫療","pdf","pdf_needs_ocr","92535c46cd5c89b3af4aa6a5ea654ee0923c9bce5048cab7ac661b18c7df872c","1117740","2026-04-05T14:27:08.000Z","needs_review","0.35"
"8e9d003f480e6b58","重症監護病房規範","重症監護病房規範.pdf","09_急診麻醉與重症醫學\未標示年份\重症監護病房規範.pdf","急診麻醉與重症醫學","（無）","UNKNOWN","未標示年份","","國家或地方標準","手術、麻醉與疼痛管理","急診與緊急醫療","pdf","pdf_text_layer","f3df78a4d757df01cfd2f9973449741d5d5176f5cfed3a54b9c0d8129f0de474","705020","2022-06-09T03:05:22.000Z","needs_review","0.35"
"c36314054f4c5101","核与放射卫生应急准备与响应通用标准","核与放射卫生应急准备与响应通用标准.pdf","09_急診麻醉與重症醫學\未標示年份\核与放射卫生应急准备与响应通用标准.pdf","急診麻醉與重症醫學","（無）","UNKNOWN","未標示年份","","待確認或非規範文件","手術、麻醉與疼痛管理","急診與緊急醫療；消防、治安與應急管理","pdf","pdf_text_layer","7e8b42ebbe39a9f21476815f973c45ebb33b984131821d811810208dc4549226","888073","2024-08-09T06:08:42.000Z","needs_review","0.35"
"3403e3f95b4205a6","核和辐射事故医学应急演练导则","核和辐射事故医学应急演练导则.pdf","09_急診麻醉與重症醫學\未標示年份\核和辐射事故医学应急演练导则.pdf","急診麻醉與重症醫學","（無）","UNKNOWN","未標示年份","","待確認或非規範文件","手術、麻醉與疼痛管理","急診與緊急醫療；消防、治安與應急管理","pdf","pdf_text_layer","1bf65272480bf4f269c52065771dff81c986b309fcdd699c2ed6c8ca8da973ed","271977","2022-08-26T08:40:42.000Z","needs_review","0.35"
"a55ed24ed1acc777","特種設備應急預案","特種設備應急預案.pdf","09_急診麻醉與重症醫學\未標示年份\特種設備應急預案.pdf","急診麻醉與重症醫學","（無）","UNKNOWN","未標示年份","","待確認或非規範文件","手術、麻醉與疼痛管理","急診與緊急醫療；醫療器材與設備；消防、治安與應急管理","pdf","pdf_needs_ocr","bbd230822182f47888006b5bf375eabc991510387206858e6df38fef51fa1700","4581429","2022-08-16T06:13:04.000Z","needs_review","0.35"
"972633144e6eadb5","院前医疗急救调度操作规范","院前医疗急救调度操作规范.pdf","09_急診麻醉與重症醫學\未標示年份\院前医疗急救调度操作规范.pdf","急診麻醉與重症醫學","（無）","UNKNOWN","未標示年份","","待確認或非規範文件","手術、麻醉與疼痛管理","急診與緊急醫療","pdf","pdf_needs_ocr","95f0beff41366576e481793b85724e359186149dc85f926e588e9f6b66532485","1276023","2023-07-13T03:37:02.000Z","needs_review","0.35"
"46996aa2a76435a2","院前急救机构与医院急诊科患者病情交接单","院前急救机构与医院急诊科患者病情交接单.pdf","09_急診麻醉與重症醫學\未標示年份\院前急救机构与医院急诊科患者病情交接单.pdf","急診麻醉與重症醫學","（無）","UNKNOWN","未標示年份","","待確認或非規範文件","手術、麻醉與疼痛管理","急診與緊急醫療","pdf","pdf_text_layer","2225a595ab475c2b6a9f3cd305746223523efec45b556df565ca76dc36661aff","224255","2022-09-14T16:34:14.000Z","needs_review","0.35"
"19a7ccb82fac6ae6","清河县人民政府办公室关于印发《清河县突发公共事件医疗卫生救援应急预案》的通知-清河县人民政府","清河县人民政府办公室关于印发《清河县突发公共事件医疗卫生救援应急预案》的通知-清河县人民政府.pdf","09_急診麻醉與重症醫學\未標示年份\清河县人民政府办公室关于印发《清河县突发公共事件医疗卫生救援应急预案》的通知-清河县人民政府.pdf","急診麻醉與重症醫學","（無）","UNKNOWN","未標示年份","","國家或地方標準","手術、麻醉與疼痛管理","急診與緊急醫療；消防、治安與應急管理","pdf","pdf_text_layer","aac74649cdb0fe49d72de001727cd5f6092970cf50925c71d0bc29bb0dac619c","387367","2022-09-18T11:29:06.000Z","needs_review","0.35"
"0c49f98df5a2dab1","清河县人民政府办公室关于印发《清河县突发公共事件医疗卫生救援应急预案》的通知-清河县人民政府（2）","清河县人民政府办公室关于印发《清河县突发公共事件医疗卫生救援应急预案》的通知-清河县人民政府（2）.pdf","09_急診麻醉與重症醫學\未標示年份\清河县人民政府办公室关于印发《清河县突发公共事件医疗卫生救援应急预案》的通知-清河县人民政府（2）.pdf","急診麻醉與重症醫學","（無）","UNKNOWN","未標示年份","","國家或地方標準","手術、麻醉與疼痛管理","急診與緊急醫療；消防、治安與應急管理","pdf","pdf_text_layer","aac74649cdb0fe49d72de001727cd5f6092970cf50925c71d0bc29bb0dac619c","387367","2022-09-18T11:29:06.000Z","needs_review","0.35"
"e85fe8a15ef18465","清河县人民政府关于印发清河县食品安全突发事件应急预案的通知-清河县人民政府","清河县人民政府关于印发清河县食品安全突发事件应急预案的通知-清河县人民政府.pdf","09_急診麻醉與重症醫學\未標示年份\清河县人民政府关于印发清河县食品安全突发事件应急预案的通知-清河县人民政府.pdf","急診麻醉與重症醫學","（無）","UNKNOWN","未標示年份","","國家或地方標準","手術、麻醉與疼痛管理","急診與緊急醫療；消防、治安與應急管理","pdf","pdf_text_layer","819f5b4e1c4a87c18171e114ffb70d108b414a66b79d56aad1be31e7d1c76dad","501518","2022-09-18T11:28:32.000Z","needs_review","0.35"
"9c4bf11eb402648e","清河县人民政府关于印发清河县食品安全突发事件应急预案的通知-清河县人民政府（2）","清河县人民政府关于印发清河县食品安全突发事件应急预案的通知-清河县人民政府（2）.pdf","09_急診麻醉與重症醫學\未標示年份\清河县人民政府关于印发清河县食品安全突发事件应急预案的通知-清河县人民政府（2）.pdf","急診麻醉與重症醫學","（無）","UNKNOWN","未標示年份","","國家或地方標準","手術、麻醉與疼痛管理","急診與緊急醫療；消防、治安與應急管理","pdf","pdf_text_layer","819f5b4e1c4a87c18171e114ffb70d108b414a66b79d56aad1be31e7d1c76dad","501518","2022-09-18T11:28:32.000Z","needs_review","0.35"
"f88f3f4b51b959a2","第 2-3 部 分 ：患 者 服 务 急 救 绿 色 通 道","第 2-3 部 分 ：患 者 服 务 急 救 绿 色 通 道.pdf","09_急診麻醉與重症醫學\未標示年份\第 2-3 部 分 ：患 者 服 务 急 救 绿 色 通 道.pdf","急診麻醉與重症醫學","（無）","UNKNOWN","未標示年份","","待確認或非規範文件","手術、麻醉與疼痛管理","急診與緊急醫療","pdf","pdf_needs_ocr","343051bc58fc0fb11819856e52c8125acbc94e0c112d90bfebb183886e76d0df","831939","2022-07-19T03:29:16.000Z","needs_review","0.35"
"6a91861095bf445d","第 2-4 部分：患者服务 急诊服务","第 2-4 部分：患者服务 急诊服务.pdf","09_急診麻醉與重症醫學\未標示年份\第 2-4 部分：患者服务 急诊服务.pdf","急診麻醉與重症醫學","（無）","UNKNOWN","2018","2018；2017；2011","國家或地方標準","手術、麻醉與疼痛管理","急診與緊急醫療","pdf","pdf_text_layer","334da8275044d73cafa580a39e9320a9be89da65ce8607eb6312414c48f85a73","2406429","2022-06-20T04:02:18.000Z","needs_review","0.35"
"e5f6995e080228d5","职业卫生技术服务工作规范","职业卫生技术服务工作规范.pdf","09_急診麻醉與重症醫學\未標示年份\职业卫生技术服务工作规范.pdf","急診麻醉與重症醫學","（無）","UNKNOWN","未標示年份","","國家或地方標準","手術、麻醉與疼痛管理","急診與緊急醫療","pdf","pdf_text_layer","fa387e7fdfa14ab003ed7ac41e7b1d03a68e90943312d128c1473d2bbae590c4","2689735","2024-08-09T06:00:06.000Z","needs_review","0.35"
"08696abf2a8b5e0c","职业卫生技术服务工作规范（2）","职业卫生技术服务工作规范（2）.pdf","09_急診麻醉與重症醫學\未標示年份\职业卫生技术服务工作规范（2）.pdf","急診麻醉與重症醫學","（無）","UNKNOWN","未標示年份","","國家或地方標準","手術、麻醉與疼痛管理","急診與緊急醫療","pdf","pdf_text_layer","fa387e7fdfa14ab003ed7ac41e7b1d03a68e90943312d128c1473d2bbae590c4","2689735","2024-08-09T06:00:06.000Z","needs_review","0.35"
"4e532f8effff0e05","职业性皮肤放射性污染个人监测标准","职业性皮肤放射性污染个人监测标准.pdf","09_急診麻醉與重症醫學\未標示年份\职业性皮肤放射性污染个人监测标准.pdf","急診麻醉與重症醫學","（無）","UNKNOWN","未標示年份","","國家或地方標準","手術、麻醉與疼痛管理","急診與緊急醫療","pdf","pdf_text_layer","bfc55ba35c68577cdbe316cb03fdcbaf31dad40abc82b224d9109fbd0dae6b99","1495355","2024-08-09T06:03:48.000Z","needs_review","0.35"
"75447770d87c189b","职业性皮肤放射性污染个人监测标准（2）","职业性皮肤放射性污染个人监测标准（2）.pdf","09_急診麻醉與重症醫學\未標示年份\职业性皮肤放射性污染个人监测标准（2）.pdf","急診麻醉與重症醫學","（無）","UNKNOWN","未標示年份","","國家或地方標準","手術、麻醉與疼痛管理","急診與緊急醫療","pdf","pdf_text_layer","bfc55ba35c68577cdbe316cb03fdcbaf31dad40abc82b224d9109fbd0dae6b99","1495355","2024-08-09T06:03:48.000Z","needs_review","0.35"
"b7e1ed0e6e87cb67","职业性放射性甲状腺疾病诊断","职业性放射性甲状腺疾病诊断.pdf","09_急診麻醉與重症醫學\未標示年份\职业性放射性甲状腺疾病诊断.pdf","急診麻醉與重症醫學","（無）","UNKNOWN","2011","2011；1996","國家或地方標準","臨床診療與醫療技術","手術、麻醉與疼痛管理；急診與緊急醫療","pdf","pdf_text_layer","2e623a54e5cb5d5a6138dd8a822069541285ce49eafbf3f1f4387c6c4208ab7e","305005","2022-08-24T07:22:18.000Z","needs_review","0.35"
"8b57dc4e7acebe86","职业健康检查管理办法","职业健康检查管理办法.doc","09_急診麻醉與重症醫學\未標示年份\职业健康检查管理办法.doc","急診麻醉與重症醫學","（無）","UNKNOWN","未標示年份","","院內制度／SOP","手術、麻醉與疼痛管理","急診與緊急醫療","doc","filename_only","fbfaa9f6c37240f2aeb79a293f6569a67df3078cff70b11c626ecdc2319c1730","48128","2022-07-05T13:49:44.000Z","needs_review","0.35"
"db9b17d3dd81ec80","职业健康检查管理办法","职业健康检查管理办法.pdf","09_急診麻醉與重症醫學\未標示年份\职业健康检查管理办法.pdf","急診麻醉與重症醫學","（無）","UNKNOWN","2019","2019；2015；2002","國家或地方標準","手術、麻醉與疼痛管理","急診與緊急醫療","pdf","pdf_text_layer","64640766b490902d64a83abb10d32b622b0c02f2dce16e735f39b58559d1fbbb","172444","2022-07-06T09:46:24.000Z","needs_review","0.35"
"52857a6cbb21128b","职业健康检查管理办法（2）","职业健康检查管理办法（2）.pdf","09_急診麻醉與重症醫學\未標示年份\职业健康检查管理办法（2）.pdf","急診麻醉與重症醫學","（無）","UNKNOWN","2019","2019；2015；2002","國家或地方標準","手術、麻醉與疼痛管理","急診與緊急醫療","pdf","pdf_text_layer","64640766b490902d64a83abb10d32b622b0c02f2dce16e735f39b58559d1fbbb","172444","2022-07-06T09:46:24.000Z","needs_review","0.35"
"cdac5367c9221e54","麻醉机安全管理","麻醉机安全管理.pdf","09_急診麻醉與重症醫學\未標示年份\麻醉机安全管理.pdf","急診麻醉與重症醫學","（無）","UNKNOWN","未標示年份","","國家或地方標準","手術、麻醉與疼痛管理","急診與緊急醫療","pdf","pdf_text_layer","834abe36c1f4ad56907c958550dedf9f2339fbf36bd9fa8d04650b15c457d7be","538864","2020-06-13T11:21:08.000Z","needs_review","0.35"
"ed9cb028fb9a946a","麻醉科医疗服务能力建设指南（试行）","麻醉科医疗服务能力建设指南（试行）.docx","09_急診麻醉與重症醫學\未標示年份\麻醉科医疗服务能力建设指南（试行）.docx","急診麻醉與重症醫學","（無）","UNKNOWN","未標示年份","","研究論文／文獻","醫療治理與依法執業","醫院評鑑與醫療品質；醫療人員與執業管理；護理管理；藥事與藥品管理；感染預防與控制；病歷、電子病歷與醫療資料；資訊安全與個人資料；醫技、檢驗與病理；臨床診療與醫療技術；手術、麻醉與疼痛管理；急診與緊急醫療；輸血與器官移植；生殖、婦幼與月子服務；臨床研究與人體試驗；醫療器材與設備；環境、能源與醫療廢棄物；圖書、教育與文件管理","docx","office_xml","e27ada0677ed9577c90c941bf285c0b2742ee35b1aa802baa761d433f3ee0115","62181","2022-07-11T11:47:06.000Z","needs_review","0.35"
"39cdddd8db10c62a","職業間康監護技術規範","職業間康監護技術規範.PDF","09_急診麻醉與重症醫學\未標示年份\職業間康監護技術規範.PDF","急診麻醉與重症醫學","（無）","UNKNOWN","未標示年份","","技術規範／診療指南","手術、麻醉與疼痛管理","急診與緊急醫療","pdf","pdf_needs_ocr","ad2810f8addc8d6ed6c4ab941606943dbc0257b8a89b35418666ddc860d56e1e","15530017","2022-07-05T13:48:28.000Z","needs_review","0.35"
"fc75e92b6714b8c4","醫院緊急災害應變措施計畫審查表","醫院緊急災害應變措施計畫審查表.pdf","09_急診麻醉與重症醫學\未標示年份\醫院緊急災害應變措施計畫審查表.pdf","急診麻醉與重症醫學","（無）","UNKNOWN","未標示年份","","國家或地方標準","手術、麻醉與疼痛管理","急診與緊急醫療","pdf","pdf_text_layer","f584ee3d900fe8472c6811dc524dcc10c55f7b29cfec66582f7452edfa2feb1b","193308","2022-12-14T04:37:54.000Z","needs_review","0.35"
"715248450b1bc358","醫療機構職業衛生與健康管理規範","醫療機構職業衛生與健康管理規範.pdf","09_急診麻醉與重症醫學\未標示年份\醫療機構職業衛生與健康管理規範.pdf","急診麻醉與重症醫學","（無）","UNKNOWN","未標示年份","","待確認或非規範文件","醫療治理與依法執業","手術、麻醉與疼痛管理；急診與緊急醫療","pdf","pdf_needs_ocr","495a3bbb1d1c29f8148ad9e33c2d02fd88c40c867e49be3697a66c09ddf31fa0","1101326","2023-04-02T08:14:30.000Z","needs_review","0.35"
"5f62c1d1bbcf0fd3","j.issn.1672-2353.2005.12.052","j.issn.1672-2353.2005.12.052.pdf","10_護理院感與病安\2005\j.issn.1672-2353.2005.12.052.pdf","護理院感與病安","（無）","UNKNOWN","2005","2005","待確認或非規範文件","護理管理","感染預防與控制","pdf","pdf_text_layer","71a29cbeaee56bb2530dae3839dc77bee3e862ef49866c751569d9b4d8f69871","41796","2025-08-05T07:26:10.000Z","needs_review","0.35"
"7441c64b23be60ac","综合医院分级护理指导原则（试行）","综合医院分级护理指导原则（试行）(2009).docx","10_護理院感與病安\2009\综合医院分级护理指导原则（试行）(2009).docx","護理院感與病安","（無）","UNKNOWN","2009","2009","研究論文／文獻","醫療治理與依法執業","醫院評鑑與醫療品質；醫療人員與執業管理；護理管理；感染預防與控制；臨床診療與醫療技術；手術、麻醉與疼痛管理；臨床研究與人體試驗","docx","office_xml","50f382d451f547fe305828b554c339a04ba9775108bdf4d071a240f756a3b775","20462","2022-06-29T06:42:28.000Z","needs_review","0.35"
"2169233edd05a459","1.加拿大安大略护士协会2013年第2版《营造并维持护理领导力》临床实践指南解读","1.加拿大安大略护士协会2013年第2版《营造并维持护理领导力》临床实践指南解读.pdf","10_護理院感與病安\2013\1.加拿大安大略护士协会2013年第2版《营造并维持护理领导力》临床实践指南解读.pdf","護理院感與病安","（無）","UNKNOWN","2013","2013","技術規範／診療指南","醫療人員與執業管理","護理管理；感染預防與控制；臨床診療與醫療技術","pdf","pdf_text_layer","4270fabd2c1a171a97375e660831abafa9070917d4c95433fcb38554c97fbb99","574260","2024-08-19T01:20:04.000Z","needs_review","0.35"
"fb7bc0f0a4991575","护理分级（2014）","护理分级（2014）.PDF","10_護理院感與病安\2014\护理分级（2014）.PDF","護理院感與病安","（無）","UNKNOWN","2014","2014","待確認或非規範文件","護理管理","感染預防與控制","pdf","pdf_needs_ocr","ee3d6d4891195cd348a1f08f48e784546551490df9c523c72d1978e3af3f3132","484736","2022-06-29T06:44:06.000Z","needs_review","0.35"
"66ac94dff7eb5379","WST 590—2018.基孔肯雅热诊断","WST 590—2018.基孔肯雅热诊断 (1).pdf","10_護理院感與病安\2018\WST 590—2018.基孔肯雅热诊断 (1).pdf","護理院感與病安","（無）","UNKNOWN","2018","2018","國家或地方標準","護理管理","感染預防與控制","pdf","pdf_text_layer","ac25c4eb6f9aa9f6dfebb16ad3f56d4da6a033757690ac03bcfc737f7be3ab97","534965","2025-07-21T06:00:36.000Z","needs_review","0.35"
"81feaf8973997d78","WST 590—2018.基孔肯雅热诊断","WST 590—2018.基孔肯雅热诊断 (2).pdf","10_護理院感與病安\2018\WST 590—2018.基孔肯雅热诊断 (2).pdf","護理院感與病安","（無）","UNKNOWN","2018","2018","國家或地方標準","護理管理","感染預防與控制","pdf","pdf_text_layer","ac25c4eb6f9aa9f6dfebb16ad3f56d4da6a033757690ac03bcfc737f7be3ab97","534965","2025-07-21T06:00:36.000Z","needs_review","0.35"
"096e34eafbb69f36","WST 590—2018.基孔肯雅热诊断","WST 590—2018.基孔肯雅热诊断 (3).pdf","10_護理院感與病安\2018\WST 590—2018.基孔肯雅热诊断 (3).pdf","護理院感與病安","（無）","UNKNOWN","2018","2018","國家或地方標準","護理管理","感染預防與控制","pdf","pdf_text_layer","ac25c4eb6f9aa9f6dfebb16ad3f56d4da6a033757690ac03bcfc737f7be3ab97","534965","2025-07-21T06:00:36.000Z","needs_review","0.35"
"b531e91304e865bf","T_CAME 1-2019 家庭式产房建设标准","T_CAME 1-2019 家庭式产房建设标准.pdf","10_護理院感與病安\2019\T_CAME 1-2019 家庭式产房建设标准.pdf","護理院感與病安","（無）","UNKNOWN","2019","2019","待確認或非規範文件","護理管理","感染預防與控制","pdf","pdf_needs_ocr","d875eb5e75c8f170d911f6bda7fd12c8065b536a62d0dd36f19cf292fb756950","10533097","2025-04-02T02:56:02.000Z","needs_review","0.35"
"c68a2f00407aa729","T_CNAS 01-2019 成人癌性疼痛护理","T_CNAS 01-2019 成人癌性疼痛护理.pdf","10_護理院感與病安\2019\T_CNAS 01-2019 成人癌性疼痛护理.pdf","護理院感與病安","（無）","UNKNOWN","2019","2019；2009","國家或地方標準","護理管理","感染預防與控制；手術、麻醉與疼痛管理","pdf","pdf_text_layer","d663cd6b166b0d1cb5ba87f1d7d368999a87f1ad1b4121e74410b78389e9ea38","639386","2024-02-20T14:49:06.000Z","needs_review","0.35"
"a38c6869c7cf0782","T_CNAS 02-2019 便秘的耳穴贴压技术","T_CNAS 02-2019 便秘的耳穴贴压技术.pdf","10_護理院感與病安\2019\T_CNAS 02-2019 便秘的耳穴贴压技术.pdf","護理院感與病安","（無）","UNKNOWN","2019","2019","國家或地方標準","護理管理","感染預防與控制","pdf","pdf_text_layer","fc0c59f632c5014eb63eefb07d6162ec288931f023d334a463dcf058356241ae","626068","2024-02-20T14:49:20.000Z","needs_review","0.35"
"4985f7076fb7d9b3","T_CNAS 07-2019 成人肠造口护理","T_CNAS 07-2019 成人肠造口护理.pdf","10_護理院感與病安\2019\T_CNAS 07-2019 成人肠造口护理.pdf","護理院感與病安","（無）","UNKNOWN","2019","2019","國家或地方標準","護理管理","感染預防與控制","pdf","pdf_text_layer","808dbed217f06a2bba34b6a23e0a4a1653e92a8bbc0cf591d86fd7b47080461a","542012","2024-02-20T14:50:32.000Z","needs_review","0.35"
"b3f8945c470b69d0","T_CNAS 09-2019 医疗器械清洗技术操作","T_CNAS 09-2019 医疗器械清洗技术操作.pdf","10_護理院感與病安\2019\T_CNAS 09-2019 医疗器械清洗技术操作.pdf","護理院感與病安","（無）","UNKNOWN","2019","2019；2009","國家或地方標準","護理管理","感染預防與控制；醫療器材與設備","pdf","pdf_text_layer","c68196e34e4bbd70bc93fdc2a45b9605167abdbfa431b41a57a8ff1633b1ffa9","314739","2024-02-20T14:50:56.000Z","needs_review","0.35"
"8f12321512371522","2020人群聚集场所手卫生规范","2020人群聚集场所手卫生规范.pdf","10_護理院感與病安\2020\2020人群聚集场所手卫生规范.pdf","護理院感與病安","（無）","UNKNOWN","2020","2020","國家或地方標準","護理管理","感染預防與控制","pdf","pdf_text_layer","77415c02675786e4b2b52e4598e8ffb3e4da9afcdea77dad10004f9b41028778","297887","2022-09-04T08:06:50.000Z","needs_review","0.35"
"25441ad0ea90f9ae","4.2020 版 ICFSR 老年衰弱指南解读","4.2020 版 ICFSR 老年衰弱指南解读.pdf","10_護理院感與病安\2020\4.2020 版 ICFSR 老年衰弱指南解读.pdf","護理院感與病安","（無）","UNKNOWN","2020","2020","技術規範／診療指南","護理管理","感染預防與控制","pdf","pdf_text_layer","83efec84ddc2b52ec898108e4eadbdbcd2d983e4b5b83ec7ed96bcd22af5b7d8","491803","2024-08-19T01:20:10.000Z","needs_review","0.35"
"c4198d5297beb3e5","多参数监护仪临床警报管理实践指南(2020版）简版","多参数监护仪临床警报管理实践指南(2020版）简版.pdf","10_護理院感與病安\2020\多参数监护仪临床警报管理实践指南(2020版）简版.pdf","護理院感與病安","（無）","UNKNOWN","2020","2020","技術規範／診療指南","護理管理","感染預防與控制；臨床診療與醫療技術","pdf","pdf_text_layer","6892d83890f3b42b9a9748c117b8924520d032bdf07b5d029018215f33895b23","2990996","2024-08-19T01:19:30.000Z","needs_review","0.35"
"5c4ebabd7d9dfab2","DB32_T 3906-2020 介入放射学和临床核医学放射工作人员 职","DB32_T 3906-2020 介入放射学和临床核医学放射工作人员 职.pdf","10_護理院感與病安\2020\DB32_T 3906-2020 介入放射学和临床核医学放射工作人员 职.pdf","護理院感與病安","（無）","UNKNOWN","2020","2020","國家或地方標準","護理管理","感染預防與控制；臨床診療與醫療技術","pdf","pdf_needs_ocr","fe2f5baa23978e17951e41fd13e2b3f3f70a358fdfbc4f9f5596b05069fba8e3","3265064","2024-06-21T01:42:02.000Z","needs_review","0.35"
"7ef204cbbd088f64","T-CNAS 10-2020 成人有创机械通气气道内吸引技术操作","T-CNAS 10-2020 成人有创机械通气气道内吸引技术操作.pdf","10_護理院感與病安\2020\T-CNAS 10-2020 成人有创机械通气气道内吸引技术操作.pdf","護理院感與病安","（無）","UNKNOWN","2020","2020","國家或地方標準","護理管理","感染預防與控制","pdf","pdf_text_layer","ac2ea3ec263f28d637564a1758d40650bf77c53d1c9c2823ff2aebb96ff6b3a4","372607","2024-02-20T14:41:38.000Z","needs_review","0.35"
"09e01a14bc5d800c","T-CNAS 11-2020 PICC尖端心腔内电图定位技术","T-CNAS 11-2020 PICC尖端心腔内电图定位技术.pdf","10_護理院感與病安\2020\T-CNAS 11-2020 PICC尖端心腔内电图定位技术.pdf","護理院感與病安","（無）","UNKNOWN","2020","2020","國家或地方標準","護理管理","感染預防與控制","pdf","pdf_text_layer","8808d6b93e4d24420ae135ffec7bf7b61bc645d11e1f6bcedec61eab89d8c5a7","784812","2024-02-20T14:41:50.000Z","needs_review","0.35"
"1d02b44ed6168d40","T-CNAS 13-2020 缺血性脑卒中静脉溶栓护理","T-CNAS 13-2020 缺血性脑卒中静脉溶栓护理.pdf","10_護理院感與病安\2020\T-CNAS 13-2020 缺血性脑卒中静脉溶栓护理.pdf","護理院感與病安","（無）","UNKNOWN","2020","2020","國家或地方標準","護理管理","感染預防與控制","pdf","pdf_text_layer","963fd9049791c8eebf0927eceb3d44aa0fbe03dcbe6874b1877df3fdf761e82c","975669","2024-02-20T14:42:28.000Z","needs_review","0.35"
"2858d212286055fd","T-CNAS 16-2020 认知障碍患者进食问题评估与处理","T-CNAS 16-2020 认知障碍患者进食问题评估与处理.pdf","10_護理院感與病安\2020\T-CNAS 16-2020 认知障碍患者进食问题评估与处理.pdf","護理院感與病安","（無）","UNKNOWN","2020","2020","國家或地方標準","護理管理","感染預防與控制","pdf","pdf_text_layer","e0f31beb260c0c701eb3a788d992cc8d1fffc9fc6a350aec6e3df2ab76c00631","333826","2024-02-20T14:43:40.000Z","needs_review","0.35"
"4d9ace9edd3d3492","T-CNAS 18-2020 成人住院患者跌倒风险评估及预防","T-CNAS 18-2020 成人住院患者跌倒风险评估及预防.pdf","10_護理院感與病安\2020\T-CNAS 18-2020 成人住院患者跌倒风险评估及预防.pdf","護理院感與病安","（無）","UNKNOWN","2020","2020","國家或地方標準","護理管理","感染預防與控制","pdf","pdf_text_layer","38e50e21d565e53fc8c1bdaf5a5e0cd6c8a6cdf685920d1f4d163a9ba61b8f86","370225","2024-02-20T14:44:24.000Z","needs_review","0.35"
"03bd58499f526d57","T-CNAS 19-2020 成人肠内营养支持的护理","T-CNAS 19-2020 成人肠内营养支持的护理.pdf","10_護理院感與病安\2020\T-CNAS 19-2020 成人肠内营养支持的护理.pdf","護理院感與病安","（無）","UNKNOWN","2020","2020","國家或地方標準","護理管理","感染預防與控制","pdf","pdf_text_layer","98c689ee575ad73bcd6099d91d746303f21655d972a9c18718d4d7c350d71add","406803","2024-02-20T14:44:42.000Z","needs_review","0.35"
"99885f01a45cc157","YY_T 0086-2020 医用冷藏箱","YY_T 0086-2020 医用冷藏箱.pdf","10_護理院感與病安\2020\YY_T 0086-2020 医用冷藏箱.pdf","護理院感與病安","（無）","UNKNOWN","2020","2020","待確認或非規範文件","護理管理","感染預防與控制","pdf","pdf_needs_ocr","dce05aadc6879baf80b9af6bf42f69c70b3af36ede1a9818d5fe4fb8b7e97068","8059975","2025-09-08T05:58:50.000Z","needs_review","0.35"
"c20540a0c8a6b37e","5.《2021 NICE 医患共同决策指南》要点解读","5.《2021 NICE 医患共同决策指南》要点解读.pdf","10_護理院感與病安\2021\5.《2021 NICE 医患共同决策指南》要点解读.pdf","護理院感與病安","（無）","UNKNOWN","2021","2021","技術規範／診療指南","護理管理","感染預防與控制","pdf","pdf_text_layer","567974ff0eee693f916dd06e9282ee0d47f827def33a8274d50ed52ecd0f17d5","446189","2024-08-19T01:20:12.000Z","needs_review","0.35"
"401b0c4015babefd","DB4401T 105.11-2021单位内部安全防范要求 第 11 部分：医院","DB4401T 105.11-2021单位内部安全防范要求 第 11 部分：医院.docx","10_護理院感與病安\2021\DB4401T 105.11-2021单位内部安全防范要求 第 11 部分：医院.docx","護理院感與病安","（無）","UNKNOWN","2021","2021；2081；2020；2019；2018；2013；2011；2010；2000","研究論文／文獻","醫療治理與依法執業","護理管理；感染預防與控制；病歷、電子病歷與醫療資料；資訊安全與個人資料；醫技、檢驗與病理；臨床診療與醫療技術；手術、麻醉與疼痛管理；急診與緊急醫療；臨床研究與人體試驗；醫療器材與設備；後勤、建築與設施安全；消防、治安與應急管理；環境、能源與醫療廢棄物；財務、採購與內部稽核；圖書、教育與文件管理","docx","office_xml","51f59913dd99c36f813727fd23cf4f7346cf5aed3613fbdf29d898db89bec36b","228346","2023-05-27T01:58:50.000Z","needs_review","0.35"
"32c33b17edfea8f5","DB4403T 182-2021 医疗卫生机构卫生间建设与管理指南","DB4403T 182-2021 医疗卫生机构卫生间建设与管理指南.pdf","10_護理院感與病安\2021\DB4403T 182-2021 医疗卫生机构卫生间建设与管理指南.pdf","護理院感與病安","（無）","UNKNOWN","2021","2021","技術規範／診療指南","護理管理","感染預防與控制；後勤、建築與設施安全","pdf","pdf_text_layer","3f7434f7a01a311f67d9287285a819ce77ccdb595fd69b0d060ef82e2471fce2","4190491","2022-09-03T08:49:36.000Z","needs_review","0.35"
"a84dfc47325a0104","T_CNAS 20-2021 成人鼻肠管的留置与维护","T_CNAS 20-2021 成人鼻肠管的留置与维护.pdf","10_護理院感與病安\2021\T_CNAS 20-2021 成人鼻肠管的留置与维护.pdf","護理院感與病安","（無）","UNKNOWN","2021","2021","國家或地方標準","護理管理","感染預防與控制","pdf","pdf_text_layer","df002480aff841be34ca99a639e3f0b889bafaf727aea3c588054c4107647bb4","246583","2024-02-20T14:35:58.000Z","needs_review","0.35"
"e4f0a306043f99f5","DB3201T 1105-2022 公共安全视频监控系统建设规范","DB3201T 1105-2022 公共安全视频监控系统建设规范.pdf","10_護理院感與病安\2022\DB3201T 1105-2022 公共安全视频监控系统建设规范.pdf","護理院感與病安","（無）","UNKNOWN","2022","2022；2018；2016","國家或地方標準","護理管理","感染預防與控制","pdf","pdf_text_layer","9d488638a732f985b3132fd0b1f2e3cbf4c6fe5b1d65fdfb5120f87a1c1bbc6b","596438","2024-11-11T10:24:10.000Z","needs_review","0.35"
"15eceab283beafca","GB 41918-2022 生物安全柜","GB 41918-2022 生物安全柜.pdf","10_護理院感與病安\2022\GB 41918-2022 生物安全柜.pdf","護理院感與病安","（無）","UNKNOWN","2022","2022；1918","國家或地方標準","護理管理","感染預防與控制","pdf","pdf_text_layer","1298d5c02f6861ec4f89a4ce862f8266c798bd79a9e72bfc3d583eeb3367af35","1096671","2026-03-30T03:47:04.000Z","needs_review","0.35"
"28af6bf30e2d7dce","T_GDMDMA 0012.16-2022 医用气体系统使用管理","T_GDMDMA 0012.16-2022 医用气体系统使用管理.pdf","10_護理院感與病安\2022\T_GDMDMA 0012.16-2022 医用气体系统使用管理.pdf","護理院感與病安","（無）","UNKNOWN","2022","2022","國家或地方標準","護理管理","感染預防與控制","pdf","pdf_text_layer","f4a90b8b3456ff4b29c0067dc80f2d182e2d9c2f20e1eb7a132151bee30bf525","288836","2024-11-22T01:11:36.000Z","needs_review","0.35"
"c462ca3418d39276","T_SISTB T_SISTBOO7-2022 医院护工护理服务标准","T_SISTB T_SISTBOO7-2022 医院护工护理服务标准.pdf","10_護理院感與病安\2022\T_SISTB T_SISTBOO7-2022 医院护工护理服务标准.pdf","護理院感與病安","（無）","UNKNOWN","2022","2022","國家或地方標準","護理管理","感染預防與控制","pdf","pdf_text_layer","f6152952dd23b1bcc7a6170e9f04421baef35061260fd950df40c54743ef571a","439825","2023-09-24T06:28:24.000Z","needs_review","0.35"
"16588df2382141d5","2023年湖南省病原微生物实验室生物安全调查结果分析","2023年湖南省病原微生物实验室生物安全调查结果分析 (1).pdf","10_護理院感與病安\2023\2023年湖南省病原微生物实验室生物安全调查结果分析 (1).pdf","護理院感與病安","（無）","UNKNOWN","2023","2023","研究論文／文獻","護理管理","感染預防與控制；醫技、檢驗與病理","pdf","pdf_text_layer","c9bffb1e062263dc0e3fc939174e917a1ecd3dc3f7aa47f91be3c66b152c7a99","1194552","2026-03-28T08:17:58.000Z","needs_review","0.35"
"159cb2b94f2902d2","2023年湖南省病原微生物实验室生物安全调查结果分析","2023年湖南省病原微生物实验室生物安全调查结果分析.pdf","10_護理院感與病安\2023\2023年湖南省病原微生物实验室生物安全调查结果分析.pdf","護理院感與病安","（無）","UNKNOWN","2023","2023","研究論文／文獻","護理管理","感染預防與控制；醫技、檢驗與病理","pdf","pdf_text_layer","c9bffb1e062263dc0e3fc939174e917a1ecd3dc3f7aa47f91be3c66b152c7a99","1194552","2026-03-28T03:44:28.000Z","needs_review","0.35"
"dc134a0b44cca64e","2023版隔离技术标准","2023版隔离技术标准.pdf","10_護理院感與病安\2023\2023版隔离技术标准.pdf","護理院感與病安","（無）","UNKNOWN","2023","2023","待確認或非規範文件","護理管理","感染預防與控制","pdf","pdf_text_layer","b6d5b652463ebf3bd8efa252966d22a444e43a8543d2eacc3a7f89a9016eed20","1233147","2023-12-01T06:53:20.000Z","needs_review","0.35"
"7812a3f449055ace","2023版NICE《产时护理指南》要点解读","2023版NICE《产时护理指南》要点解读.pdf","10_護理院感與病安\2023\2023版NICE《产时护理指南》要点解读.pdf","護理院感與病安","（無）","UNKNOWN","2023","2023","技術規範／診療指南","護理管理","感染預防與控制","pdf","pdf_text_layer","6477801453dd432252afaafc2a2d79a0ecf8813b3220d2f363c1c964e113a1f8","1239787","2025-04-02T05:30:22.000Z","needs_review","0.35"
"fb1963f0c87ea2cb","国家卫生健康委办公厅关于印发患者安全专项行动方案（2023-","国家卫生健康委办公厅关于印发患者安全专项行动方案（2023-.pdf","10_護理院感與病安\2023\国家卫生健康委办公厅关于印发患者安全专项行动方案（2023-.pdf","護理院感與病安","（無）","UNKNOWN","2023","2023","公告／通知／函釋","醫療治理與依法執業","醫院評鑑與醫療品質；護理管理；感染預防與控制","pdf","pdf_needs_ocr","2b190c3893787b712e4694cd6e1600493a1ee7b90b62d81a63af0cf6210a637a","3183408","2023-10-17T09:08:28.000Z","needs_review","0.35"
"471ba21e43340e1c","静脉治疗护理技术操作标准 2023 版","静脉治疗护理技术操作标准 2023 版.pdf","10_護理院感與病安\2023\静脉治疗护理技术操作标准 2023 版.pdf","護理院感與病安","（無）","UNKNOWN","2023","2023","待確認或非規範文件","護理管理","感染預防與控制；臨床診療與醫療技術","pdf","pdf_text_layer","2bb73412d429913521d7cea7b3fb6ab15a9df3e74750060438e3756569451670","286378","2023-09-27T03:47:34.000Z","needs_review","0.35"
"0362c876fb2dc8bb","DB1306_T 225-2023 母婴护理员职业技能规范","DB1306_T 225-2023 母婴护理员职业技能规范.pdf","10_護理院感與病安\2023\DB1306_T 225-2023 母婴护理员职业技能规范.pdf","護理院感與病安","（無）","UNKNOWN","2023","2023","國家或地方標準","護理管理","感染預防與控制；生殖、婦幼與月子服務","pdf","pdf_text_layer","820f711ceff9edd62494e0b4ff83b463766417acb8776a9b1191e1b43f3ac9be","466113","2024-08-22T05:34:24.000Z","needs_review","0.35"
"fab782d13c27dea9","DB15_T 3140-2023 母婴护理服务规范","DB15_T 3140-2023 母婴护理服务规范.pdf","10_護理院感與病安\2023\DB15_T 3140-2023 母婴护理服务规范.pdf","護理院感與病安","（無）","UNKNOWN","2023","2023","國家或地方標準","護理管理","感染預防與控制；生殖、婦幼與月子服務","pdf","pdf_text_layer","8d0e74336287eb3c1e1b88ac7cc93bb642fc5dd78a50db3b5787bf53a143864c","920584","2024-08-22T05:33:24.000Z","needs_review","0.35"
"a6c5e5ae9eae815e","DB22_T 3469-2023 医疗机构护理文书书写规范","DB22_T 3469-2023 医疗机构护理文书书写规范.pdf","10_護理院感與病安\2023\DB22_T 3469-2023 医疗机构护理文书书写规范.pdf","護理院感與病安","（無）","UNKNOWN","2023","2023","國家或地方標準","醫療治理與依法執業","護理管理；感染預防與控制","pdf","pdf_text_layer","3e706435f130447f7e4e6ce874be87912f8ea65d52b26eb90d7e4c473e0104c9","2362025","2023-06-09T05:33:36.000Z","needs_review","0.35"
"c31ed6e7961d6796","DB4403_T 332-2023 医疗机构安宁疗护护理技术规范","DB4403_T 332-2023 医疗机构安宁疗护护理技术规范.pdf","10_護理院感與病安\2023\DB4403_T 332-2023 医疗机构安宁疗护护理技术规范.pdf","護理院感與病安","（無）","UNKNOWN","2023","2023；2021；2019","技術規範／診療指南","醫療治理與依法執業","護理管理；感染預防與控制","pdf","pdf_text_layer","d67a978f29176bd0287e7c8bbf83e0a1f3916c307b989b9b90e7b441cb79a3d9","1982832","2023-06-09T05:27:26.000Z","needs_review","0.35"
"1dd889c0ab338e53","DB4404_T 42.3-2023 产后母婴服务 第3部分：护理服务质","DB4404_T 42.3-2023 产后母婴服务 第3部分：护理服务质.pdf","10_護理院感與病安\2023\DB4404_T 42.3-2023 产后母婴服务 第3部分：护理服务质.pdf","護理院感與病安","（無）","UNKNOWN","2023","2023","國家或地方標準","護理管理","感染預防與控制；生殖、婦幼與月子服務","pdf","pdf_text_layer","5bf339e0b5384e7d9743ee761124864576bc87a03f610a20c8f32b1536cb753c","929884","2024-08-22T05:35:20.000Z","needs_review","0.35"
"2618857f302d3c64","DB61_T 1798-2023 医院保洁服务规范","DB61_T 1798-2023 医院保洁服务规范.pdf","10_護理院感與病安\2023\DB61_T 1798-2023 医院保洁服务规范.pdf","護理院感與病安","（無）","UNKNOWN","2023","2023","國家或地方標準","護理管理","感染預防與控制","pdf","pdf_text_layer","ec5563690ea49086da8f78c5175cf648b289cebd2437785020d549c4358136f9","473794","2024-02-19T08:22:48.000Z","needs_review","0.35"
"58a4a642df2a3733","T_CACM 1552-2023 中医慢性非传染性疾病管理技术通则","T_CACM 1552-2023 中医慢性非传染性疾病管理技术通则.pdf","10_護理院感與病安\2023\T_CACM 1552-2023 中医慢性非传染性疾病管理技术通则.pdf","護理院感與病安","（無）","UNKNOWN","2023","2023","待確認或非規範文件","護理管理","感染預防與控制；臨床診療與醫療技術","pdf","pdf_needs_ocr","5cbdeadb79e12a19703dd597b692e0625266b41ba754355642343c914705fc3e","3725228","2024-07-15T08:59:38.000Z","needs_review","0.35"
"86961da0a5a33b12","T_CAV 002-2023 预防性生物制品用病原微生物菌（毒）种 低温","T_CAV 002-2023 预防性生物制品用病原微生物菌（毒）种 低温.pdf","10_護理院感與病安\2023\T_CAV 002-2023 预防性生物制品用病原微生物菌（毒）种 低温.pdf","護理院感與病安","（無）","UNKNOWN","2023","2023；2022；2018；2003","國家或地方標準","護理管理","感染預防與控制","pdf","pdf_text_layer","2a78008f8645ab4808cc60aaf74517dc88ddb383ddec0a25c1c754f5365d3ce1","1008553","2026-03-24T10:41:18.000Z","needs_review","0.35"
"12d5a9f4da757b1e","T_CNAS 24-2023 成人雾化吸入护理","T_CNAS 24-2023 成人雾化吸入护理.pdf","10_護理院感與病安\2023\T_CNAS 24-2023 成人雾化吸入护理.pdf","護理院感與病安","（無）","UNKNOWN","2023","2023","待確認或非規範文件","護理管理","感染預防與控制","pdf","pdf_text_layer","2b7062c930c42734f6b2f5802c3025b13952cf8d1a8ad4e00f97fcd2dbc1b30a","356579","2024-02-20T14:32:38.000Z","needs_review","0.35"
"0f32bc9b842697fc","T_CNAS 25-2023 胸腔闭式引流护理","T_CNAS 25-2023 胸腔闭式引流护理.pdf","10_護理院感與病安\2023\T_CNAS 25-2023 胸腔闭式引流护理.pdf","護理院感與病安","（無）","UNKNOWN","2023","2023","待確認或非規範文件","護理管理","感染預防與控制","pdf","pdf_text_layer","cacb06eeca1f398ceedce14345da9eca98fcb0a88750422a2c76a5c2756bdfb5","443964","2024-02-20T14:32:56.000Z","needs_review","0.35"
"d7016da7b19cba86","T_CNAS 27-2023 老年人误吸的预防","T_CNAS 27-2023 老年人误吸的预防.pdf","10_護理院感與病安\2023\T_CNAS 27-2023 老年人误吸的预防.pdf","護理院感與病安","（無）","UNKNOWN","2023","2023","國家或地方標準","護理管理","感染預防與控制","pdf","pdf_text_layer","6662983dec67a19c8a34291e203c3080cec4391a06a4a81f022499ac557ecc05","389556","2024-02-20T14:33:58.000Z","needs_review","0.35"
"147582c46000548a","T_CNAS 28-2023 成人住院患者静脉血栓栓塞症的预防护理","T_CNAS 28-2023 成人住院患者静脉血栓栓塞症的预防护理.pdf","10_護理院感與病安\2023\T_CNAS 28-2023 成人住院患者静脉血栓栓塞症的预防护理.pdf","護理院感與病安","（無）","UNKNOWN","2023","2023","待確認或非規範文件","護理管理","感染預防與控制","pdf","pdf_text_layer","4e4adff50192eb16c4e471ce2781c1a2e17c4eb53b4438a4ff3dddb32cb37137","345077","2024-07-25T02:35:24.000Z","needs_review","0.35"
"54bdef1e89ebf60f","T_CNAS 28-2023 成人住院患者静脉血栓栓塞症的预防护理（2）","T_CNAS 28-2023 成人住院患者静脉血栓栓塞症的预防护理（2）.pdf","10_護理院感與病安\2023\T_CNAS 28-2023 成人住院患者静脉血栓栓塞症的预防护理（2）.pdf","護理院感與病安","（無）","UNKNOWN","2023","2023","待確認或非規範文件","護理管理","感染預防與控制","pdf","pdf_text_layer","edf431fa8a04f4026facdae2031c799f20b02932e87d9a7e6bfd84053598c484","428499","2024-02-20T14:34:14.000Z","needs_review","0.35"
"65f27d2a7c06aeb1","T_CNAS 30-2023 住院精神疾病患者攻击行为预防","T_CNAS 30-2023 住院精神疾病患者攻击行为预防.pdf","10_護理院感與病安\2023\T_CNAS 30-2023 住院精神疾病患者攻击行为预防.pdf","護理院感與病安","（無）","UNKNOWN","2023","2023","待確認或非規範文件","護理管理","感染預防與控制；臨床診療與醫療技術","pdf","pdf_text_layer","ef526c2efe7267c09ff83ad0d981072ddf29ae900a15938d1f3b3cbbbdeb8025","279532","2024-07-25T02:37:16.000Z","needs_review","0.35"
"1345c28f96432124","T_CNAS 30-2023 住院精神疾病患者攻击行为预防（2）","T_CNAS 30-2023 住院精神疾病患者攻击行为预防（2）.pdf","10_護理院感與病安\2023\T_CNAS 30-2023 住院精神疾病患者攻击行为预防（2）.pdf","護理院感與病安","（無）","UNKNOWN","2023","2023","國家或地方標準","護理管理","感染預防與控制；臨床診療與醫療技術","pdf","pdf_text_layer","822ba1085e78362a48ecbf6260c0ac7487909edda7eda946b329c1559bd8d76a","328827","2024-02-20T14:34:46.000Z","needs_review","0.35"
"227062df683f20de","T_CNAS 31-2023 鼻腔冲洗护理技术","T_CNAS 31-2023 鼻腔冲洗护理技术.pdf","10_護理院感與病安\2023\T_CNAS 31-2023 鼻腔冲洗护理技术.pdf","護理院感與病安","（無）","UNKNOWN","2023","2023","國家或地方標準","護理管理","感染預防與控制","pdf","pdf_text_layer","d19c112b973f483482e1354a721aa70559ff53a71deea3684be79e9c9c70174b","359257","2024-02-20T14:35:02.000Z","needs_review","0.35"
"74ffd941309a2aa6","T_CNAS 36-2023 中心静脉压测量技术","T_CNAS 36-2023 中心静脉压测量技术.pdf","10_護理院感與病安\2023\T_CNAS 36-2023 中心静脉压测量技术.pdf","護理院感與病安","（無）","UNKNOWN","2023","2023","國家或地方標準","護理管理","感染預防與控制","pdf","pdf_text_layer","8d0f38d9a002908cacdc2da00231a8bb1c87913c0c40bbdd5977eb0dbe55f352","502254","2024-02-20T14:29:28.000Z","needs_review","0.35"
"9906b46318a837b5","T_CNAS 37-2023 气道净化技术护理","T_CNAS 37-2023 气道净化技术护理.pdf","10_護理院感與病安\2023\T_CNAS 37-2023 气道净化技术护理.pdf","護理院感與病安","（無）","UNKNOWN","2023","2023","國家或地方標準","護理管理","感染預防與控制","pdf","pdf_text_layer","7b1553e01662e98d23dbddd0eea04877611ea4aad817315478069e524a914663","736596","2024-02-20T14:29:46.000Z","needs_review","0.35"
"3522ce739282927e","T_CNAS 38-2023 住院精神疾病患者自杀风险护理","T_CNAS 38-2023 住院精神疾病患者自杀风险护理.pdf","10_護理院感與病安\2023\T_CNAS 38-2023 住院精神疾病患者自杀风险护理.pdf","護理院感與病安","（無）","UNKNOWN","2023","2023","國家或地方標準","護理管理","感染預防與控制；臨床診療與醫療技術","pdf","pdf_text_layer","25a3d73ed145f43975abcff1a10aa41d1d94cdb69d09ced5e34567fd206eb26f","277189","2024-10-11T05:02:32.000Z","needs_review","0.35"
"a7f24808e044db2b","T_CNAS 38-2023 住院精神疾病患者自杀风险护理（2）","T_CNAS 38-2023 住院精神疾病患者自杀风险护理（2）.pdf","10_護理院感與病安\2023\T_CNAS 38-2023 住院精神疾病患者自杀风险护理（2）.pdf","護理院感與病安","（無）","UNKNOWN","2023","2023","國家或地方標準","護理管理","感染預防與控制；臨床診療與醫療技術","pdf","pdf_text_layer","dc0df42590c20fd3c00e105201790597469679138cfc3439a9b39358ea7e6880","328077","2024-02-20T14:30:12.000Z","needs_review","0.35"
"9b9a373e293f97c0","T_CNAS 38-2023 住院精神疾病患者自杀风险护理（2）（3）","T_CNAS 38-2023 住院精神疾病患者自杀风险护理（2）（3）.pdf","10_護理院感與病安\2023\T_CNAS 38-2023 住院精神疾病患者自杀风险护理（2）（3）.pdf","護理院感與病安","（無）","UNKNOWN","2023","2023","國家或地方標準","護理管理","感染預防與控制；臨床診療與醫療技術","pdf","pdf_text_layer","25a3d73ed145f43975abcff1a10aa41d1d94cdb69d09ced5e34567fd206eb26f","277189","2024-10-11T05:02:32.000Z","needs_review","0.35"
"c33b30ea22a4b2aa","T_CNAS 40-2023 脑卒中吞咽障碍患者进食护理","T_CNAS 40-2023 脑卒中吞咽障碍患者进食护理.pdf","10_護理院感與病安\2023\T_CNAS 40-2023 脑卒中吞咽障碍患者进食护理.pdf","護理院感與病安","（無）","UNKNOWN","2023","2023","國家或地方標準","護理管理","感染預防與控制","pdf","pdf_text_layer","40a0c2657bba3f08dc118a1dd879850b2ec2d1669adc2db83a867823b8ca2b7f","619956","2024-02-20T14:30:56.000Z","needs_review","0.35"
"19e6b45345b9b9eb","T_CPMA 029-2023 病原微生物菌（毒）种保藏 编号规则","T_CPMA 029-2023 病原微生物菌（毒）种保藏 编号规则.pdf","10_護理院感與病安\2023\T_CPMA 029-2023 病原微生物菌（毒）种保藏 编号规则.pdf","護理院感與病安","（無）","UNKNOWN","2023","2023；2022；2016","國家或地方標準","護理管理","感染預防與控制","pdf","pdf_text_layer","6337f8c09f1efb5e35a74b372c0acbf2a94379926d167644fc8e863009585a1b","941125","2026-03-24T10:41:10.000Z","needs_review","0.35"
"e3c8180f14ed34ab","T_CRHA 028-2023 成人住院患者静脉血栓栓塞症风险评估技术","T_CRHA 028-2023 成人住院患者静脉血栓栓塞症风险评估技术.pdf","10_護理院感與病安\2023\T_CRHA 028-2023 成人住院患者静脉血栓栓塞症风险评估技术.pdf","護理院感與病安","（無）","UNKNOWN","2023","2023","待確認或非規範文件","護理管理","感染預防與控制","pdf","pdf_text_layer","54505b0c15e5a96c6932e99b1a53f3ea63987266bdbe693be59425bf110aa381","347596","2024-07-25T02:35:36.000Z","needs_review","0.35"
"04db4096d7fb2aea","T_GZFSA 011-2023 家政服务员（母婴护理员）职业技能认定规","T_GZFSA 011-2023 家政服务员（母婴护理员）职业技能认定规.pdf","10_護理院感與病安\2023\T_GZFSA 011-2023 家政服务员（母婴护理员）职业技能认定规.pdf","護理院感與病安","（無）","UNKNOWN","2023","2023","待確認或非規範文件","護理管理","感染預防與控制；生殖、婦幼與月子服務","pdf","pdf_text_layer","aa379fe3bfde40a03d697b095f8c23e055a079f6c2acd7950c75791e201dd435","209655","2024-08-22T05:33:10.000Z","needs_review","0.35"
"6f4932d14d582f24","T_NXBX 007-2023 压力性损伤老年人护理规范","T_NXBX 007-2023 压力性损伤老年人护理规范.pdf","10_護理院感與病安\2023\T_NXBX 007-2023 压力性损伤老年人护理规范.pdf","護理院感與病安","（無）","UNKNOWN","2023","2023","國家或地方標準","護理管理","感染預防與控制","pdf","pdf_text_layer","18d7c6f1f55d3ca3491a879a29fbb1f333eb826fb6ed6e131b7b8463f35d2919","288515","2025-03-13T02:20:40.000Z","needs_review","0.35"
"144b904a7f65f9ec","T_SHNA 0005-2023 成人住院患者肠外营养输注护理","T_SHNA 0005-2023 成人住院患者肠外营养输注护理.pdf","10_護理院感與病安\2023\T_SHNA 0005-2023 成人住院患者肠外营养输注护理.pdf","護理院感與病安","（無）","UNKNOWN","2023","2023","國家或地方標準","護理管理","感染預防與控制","pdf","pdf_text_layer","7150862099a9c9418c48d77a23b962a640d598b642df9d90ae3c055257f8b437","1374696","2024-10-06T07:39:24.000Z","needs_review","0.35"
"f50d3a0d119abdf4","WS_T 311-2023 医院隔离技术标准","WS_T 311-2023 医院隔离技术标准.pdf","10_護理院感與病安\2023\WS_T 311-2023 医院隔离技术标准.pdf","護理院感與病安","（無）","UNKNOWN","2023","2023","國家或地方標準","護理管理","感染預防與控制","pdf","pdf_text_layer","852a465ff8f94188ac5002d1ffe7bb44a64f5da5eca804ae60261cb0d7b9f676","1225576","2023-09-05T12:37:02.000Z","needs_review","0.35"
"3ff24f2c5dcfbcd5","WS_T 311-2023 医院隔离技术标准（2）","WS_T 311-2023 医院隔离技术标准（2）.pdf","10_護理院感與病安\2023\WS_T 311-2023 医院隔离技术标准（2）.pdf","護理院感與病安","（無）","UNKNOWN","2023","2023","國家或地方標準","護理管理","感染預防與控制","pdf","pdf_text_layer","852a465ff8f94188ac5002d1ffe7bb44a64f5da5eca804ae60261cb0d7b9f676","1225576","2023-09-05T12:37:02.000Z","needs_review","0.35"
"22b6034ab77f61c7","2021—2024年湖南省病原微生物实验室生物安全培训现状及对策分析","2021—2024年湖南省病原微生物实验室生物安全培训现状及对策分析.pdf","10_護理院感與病安\2024\2021—2024年湖南省病原微生物实验室生物安全培训现状及对策分析.pdf","護理院感與病安","（無）","UNKNOWN","2024","2024；2021","研究論文／文獻","護理管理","感染預防與控制；醫技、檢驗與病理；圖書、教育與文件管理","pdf","pdf_text_layer","d57f1de8a6da18a0f7435604d932e51652df4ac42ff3f2389a78c38509626849","897065","2026-03-28T08:18:06.000Z","needs_review","0.35"
"0d5e8812d857bdac","2024 医院公共卫生工作规范 第4部分：慢性非传染性疾病防治","2024 医院公共卫生工作规范 第4部分：慢性非传染性疾病防治.pdf","10_護理院感與病安\2024\2024 医院公共卫生工作规范 第4部分：慢性非传染性疾病防治.pdf","護理院感與病安","（無）","UNKNOWN","2024","2024","國家或地方標準","護理管理","感染預防與控制；臨床診療與醫療技術","pdf","pdf_text_layer","9a7d17fc60a563365882c4dcdb429f1f36df500967cc7b59117c692259f0aaef","2074558","2024-02-19T08:22:02.000Z","needs_review","0.35"
"c313addfe9c1bb10","DB1303_T 379-2024 妇科病区优质护理服务规范","DB1303_T 379-2024 妇科病区优质护理服务规范.pdf","10_護理院感與病安\2024\DB1303_T 379-2024 妇科病区优质护理服务规范.pdf","護理院感與病安","（無）","UNKNOWN","2024","2024；2022；2019","國家或地方標準","護理管理","感染預防與控制","pdf","pdf_text_layer","4b2a24ee494c2ddb60c71a0f1ba5fe281afead818b10f8bca3c9f3ed6439a103","806304","2025-03-07T06:55:48.000Z","needs_review","0.35"
"8f28286ad5c10028","DB1409_T 59-2024 学校及托幼机构突发公共卫生事件应急预案","DB1409_T 59-2024 学校及托幼机构突发公共卫生事件应急预案.pdf","10_護理院感與病安\2024\DB1409_T 59-2024 学校及托幼机构突发公共卫生事件应急预案.pdf","護理院感與病安","（無）","UNKNOWN","2024","2024","國家或地方標準","護理管理","感染預防與控制；急診與緊急醫療；消防、治安與應急管理","pdf","pdf_text_layer","d8704f1289c5cc8b76e0951c3db6355e74428eef7053a1b061300b9863ba2ebe","516558","2025-03-30T08:22:54.000Z","needs_review","0.35"
"b175b3cc655ff698","DB21_T 3960-2024 家政职业技能培训规范 母婴护理员","DB21_T 3960-2024 家政职业技能培训规范 母婴护理员.pdf","10_護理院感與病安\2024\DB21_T 3960-2024 家政职业技能培训规范 母婴护理员.pdf","護理院感與病安","（無）","UNKNOWN","2024","2024","國家或地方標準","護理管理","感染預防與控制；生殖、婦幼與月子服務；圖書、教育與文件管理","pdf","pdf_text_layer","68adc7837be8396e1450902b3fb0821a32d919f9f9f2a9e7b0caaeb5b37b8590","1087285","2024-08-22T05:32:38.000Z","needs_review","0.35"
"13455b7bb4d5b64a","DB32_T 4659.9-2024 医院公共卫生工作规范 第9部分：生","DB32_T 4659.9-2024 医院公共卫生工作规范 第9部分：生.pdf","10_護理院感與病安\2024\DB32_T 4659.9-2024 医院公共卫生工作规范 第9部分：生.pdf","護理院感與病安","（無）","UNKNOWN","2024","2024","國家或地方標準","護理管理","感染預防與控制","pdf","pdf_text_layer","dedc9a153a5d477b9a3ff3733de2404150dc49b4c6b60a558b18250ccd27bd5d","568339","2024-03-18T05:06:44.000Z","needs_review","0.35"
"a4b104a125ce16ad","DB32_T 4659.9-2024 医院公共卫生工作规范 第9部分：生（2）","DB32_T 4659.9-2024 医院公共卫生工作规范 第9部分：生（2）.pdf","10_護理院感與病安\2024\DB32_T 4659.9-2024 医院公共卫生工作规范 第9部分：生（2）.pdf","護理院感與病安","（無）","UNKNOWN","2024","2024","國家或地方標準","護理管理","感染預防與控制","pdf","pdf_text_layer","dedc9a153a5d477b9a3ff3733de2404150dc49b4c6b60a558b18250ccd27bd5d","568339","2025-08-04T02:24:30.000Z","needs_review","0.35"
"e726b61054fb75da","DB32_T 4779-2024 职业健康监护工作规范","DB32_T 4779-2024 职业健康监护工作规范.pdf","10_護理院感與病安\2024\DB32_T 4779-2024 职业健康监护工作规范.pdf","護理院感與病安","（無）","UNKNOWN","2024","2024","國家或地方標準","護理管理","感染預防與控制","pdf","pdf_text_layer","431bb27bcf81eca5b3a2e02b86dc40724d1b234d1f3653592759210025bd29b5","999911","2024-06-21T01:41:28.000Z","needs_review","0.35"
"6216dbe1ecc158d4","DB34_T 4865-2024 医院门诊投诉处置规范","DB34_T 4865-2024 医院门诊投诉处置规范.pdf","10_護理院感與病安\2024\DB34_T 4865-2024 医院门诊投诉处置规范.pdf","護理院感與病安","（無）","UNKNOWN","2024","2024；2025；2023","國家或地方標準","護理管理","感染預防與控制","pdf","pdf_text_layer","70900a379b729f61318dfd2309c0a4cface6164c5db6a14e402597b05c1e1462","448542","2025-02-28T01:34:32.000Z","needs_review","0.35"
"b0b933ad69b7fbfe","DB4101_T 117-2024 老年医疗康复护理中心服务规范","DB4101_T 117-2024 老年医疗康复护理中心服务规范.pdf","10_護理院感與病安\2024\DB4101_T 117-2024 老年医疗康复护理中心服务规范.pdf","護理院感與病安","（無）","UNKNOWN","2024","2024","國家或地方標準","護理管理","感染預防與控制","pdf","pdf_text_layer","a9fe480e87fe157cc945d887b6220db3c0c615da5446802f566736797bac3ed7","663797","2024-10-28T00:14:24.000Z","needs_review","0.35"
"b70d446c69f429f6","DB43_T 2891-2024 中医特色护理技术规范 灸法类","DB43_T 2891-2024 中医特色护理技术规范 灸法类.pdf","10_護理院感與病安\2024\DB43_T 2891-2024 中医特色护理技术规范 灸法类.pdf","護理院感與病安","（無）","UNKNOWN","2024","2024","技術規範／診療指南","護理管理","感染預防與控制","pdf","pdf_text_layer","c747c2af25e8f72f2eb78eb46c51bf11c5c89f16ee78e82c009278261db9d584","741206","2024-05-15T06:30:38.000Z","needs_review","0.35"
"1b41d712ee86e81e","DB43_T 2995-2024 综合医院分级心理护理规范","DB43_T 2995-2024 综合医院分级心理护理规范.pdf","10_護理院感與病安\2024\DB43_T 2995-2024 综合医院分级心理护理规范.pdf","護理院感與病安","（無）","UNKNOWN","2024","2024","國家或地方標準","護理管理","感染預防與控制","pdf","pdf_needs_ocr","72862ecf62c3603a6e7219a2305645c3dbc6da06741497408f2da5bb089e3392","2812628","2024-06-21T01:19:54.000Z","needs_review","0.35"
"1ed867ebe7acfe72","DB45_T 2889-2024 突发事件应急预案与应急演练评估规范","DB45_T 2889-2024 突发事件应急预案与应急演练评估规范.pdf","10_護理院感與病安\2024\DB45_T 2889-2024 突发事件应急预案与应急演练评估规范.pdf","護理院感與病安","（無）","UNKNOWN","2024","2024","國家或地方標準","護理管理","感染預防與控制；急診與緊急醫療；消防、治安與應急管理","pdf","pdf_text_layer","be80f667d1479a5461af129e1f9a066e73afdbd4ec2823e695344ad56533f339","1212118","2025-03-30T08:22:20.000Z","needs_review","0.35"
"cdcf572d2cbd6c0f","DB4501_T 0039-2024 银质针治疗护理规范","DB4501_T 0039-2024 银质针治疗护理规范.pdf","10_護理院感與病安\2024\DB4501_T 0039-2024 银质针治疗护理规范.pdf","護理院感與病安","（無）","UNKNOWN","2024","2024；2020","國家或地方標準","護理管理","感染預防與控制；臨床診療與醫療技術","pdf","pdf_text_layer","cd2a2bc03a883823df4bcf06102fbcb1643fdff9e03fea490c32342ef33db624","494791","2025-03-07T06:53:28.000Z","needs_review","0.35"
"349cbc19e28ec674","DB50_T 1556.3-2024 医疗护理员服务等级评定 第3部分：","DB50_T 1556.3-2024 医疗护理员服务等级评定 第3部分：.pdf","10_護理院感與病安\2024\DB50_T 1556.3-2024 医疗护理员服务等级评定 第3部分：.pdf","護理院感與病安","（無）","UNKNOWN","2024","2024","國家或地方標準","護理管理","感染預防與控制","pdf","pdf_text_layer","d617ba790998b76b77f627aaae288d048251c5ff046a524c12e017cfb66d8614","683093","2024-06-21T01:14:44.000Z","needs_review","0.35"
"4a6333d4a7069762","DB52_T 1781-2024 介入诊疗医务人员辐射防护规范","DB52_T 1781-2024 介入诊疗医务人员辐射防护规范.pdf","10_護理院感與病安\2024\DB52_T 1781-2024 介入诊疗医务人员辐射防护规范.pdf","護理院感與病安","（無）","UNKNOWN","2024","2024；2012","國家或地方標準","護理管理","感染預防與控制；臨床診療與醫療技術","pdf","pdf_text_layer","d60c74fed03afa3d31295a7fcca1b8942c7c4b5d4926e9a76b3c0dddff476d54","1623940","2024-06-21T01:22:18.000Z","needs_review","0.35"
"0e4c9e29855e0241","DB65_T 4773-2024 生物安全实验室消毒技术指南","DB65_T 4773-2024 生物安全实验室消毒技术指南.pdf","10_護理院感與病安\2024\DB65_T 4773-2024 生物安全实验室消毒技术指南.pdf","護理院感與病安","（無）","UNKNOWN","2024","2024","技術規範／診療指南","護理管理","感染預防與控制；醫技、檢驗與病理","pdf","pdf_needs_ocr","5da2ddb5d993bceba14d8f3bf9873d9d6d631e4d97e384c317a483ec2c0017fa","2273848","2025-08-04T02:22:38.000Z","needs_review","0.35"
"de9d3493a3d5250c","GB+15979-2024一次性使用卫生用品卫生要求","GB+15979-2024一次性使用卫生用品卫生要求.pdf","10_護理院感與病安\2024\GB+15979-2024一次性使用卫生用品卫生要求.pdf","護理院感與病安","（無）","UNKNOWN","2024","2024","國家或地方標準","護理管理","感染預防與控制","pdf","pdf_text_layer","d1ae330ce4f056238e212cdbc4fdec4a985d073d6821629904189bdc3290518b","1957437","2024-08-22T04:49:24.000Z","needs_review","0.35"
"c4a7f72f202ce5df","T_CALC 04-2024 卒中单元住院患者人文关怀护理规范","T_CALC 04-2024 卒中单元住院患者人文关怀护理规范.pdf","10_護理院感與病安\2024\T_CALC 04-2024 卒中单元住院患者人文关怀护理规范.pdf","護理院感與病安","（無）","UNKNOWN","2024","2024","待確認或非規範文件","護理管理","感染預防與控制","pdf","pdf_text_layer","551be0311cd34ed8c3255119f45801222c0dcc5dab436218d32c1ab92c1a140f","452655","2025-03-07T06:57:54.000Z","needs_review","0.35"
"74fb6b2a69dc9f36","T_CITS 0114-2024 生物安全二级实验室建设程序指南","T_CITS 0114-2024 生物安全二级实验室建设程序指南.pdf","10_護理院感與病安\2024\T_CITS 0114-2024 生物安全二级实验室建设程序指南.pdf","護理院感與病安","（無）","UNKNOWN","2024","2024","技術規範／診療指南","護理管理","感染預防與控制；醫技、檢驗與病理","pdf","pdf_text_layer","e155b1e9398e008113a04d3d984f28afc225babb76f8876c3a0bb125a16b77e7","250725","2025-08-04T02:21:06.000Z","needs_review","0.35"
"432541e7f5f348eb","T_CNAS 44-2024 成人手术患者低体温的预防与护理","T_CNAS 44-2024 成人手术患者低体温的预防与护理.pdf","10_護理院感與病安\2024\T_CNAS 44-2024 成人手术患者低体温的预防与护理.pdf","護理院感與病安","（無）","UNKNOWN","2024","2024；2018","國家或地方標準","護理管理","感染預防與控制；手術、麻醉與疼痛管理","pdf","pdf_text_layer","ac7e9d09bd26b8c02af6235ab1d6507ed43426fa3cc49e107095256c9d6cf9f1","668798","2024-11-07T08:07:58.000Z","needs_review","0.35"
"06624e6c7f98fe68","T_CRHA 072-2024 围手术期血糖监测护理规范","T_CRHA 072-2024 围手术期血糖监测护理规范.pdf","10_護理院感與病安\2024\T_CRHA 072-2024 围手术期血糖监测护理规范.pdf","護理院感與病安","（無）","UNKNOWN","2024","2024","待確認或非規範文件","護理管理","感染預防與控制；手術、麻醉與疼痛管理","pdf","pdf_text_layer","5a76598a7b6ada6c292e512ddc05f0ffdff1ee1f0624f22b3a91c90ee6714b7d","365451","2024-10-06T03:31:34.000Z","needs_review","0.35"
"a9ffa3932f6a4269","T_CRHA 089-2024 成人床旁心电监测护理规程","T_CRHA 089-2024 成人床旁心电监测护理规程.pdf","10_護理院感與病安\2024\T_CRHA 089-2024 成人床旁心电监测护理规程.pdf","護理院感與病安","（無）","UNKNOWN","2024","2024","院內制度／SOP","護理管理","感染預防與控制","pdf","pdf_text_layer","5e8bad8daa465d977263d0ab2e8a2026e476db5c56152ed9386c2d27bf71fbe1","428944","2025-03-07T06:58:16.000Z","needs_review","0.35"
"b334814f5677a266","T_GDNAS 051-2024 急性Stanford A型主动脉夹层患","T_GDNAS 051-2024 急性Stanford A型主动脉夹层患.pdf","10_護理院感與病安\2024\T_GDNAS 051-2024 急性Stanford A型主动脉夹层患.pdf","護理院感與病安","（無）","UNKNOWN","2024","2024","國家或地方標準","護理管理","感染預防與控制","pdf","pdf_text_layer","d308a811dadc27f34e910364655b08e9dd562784da9e81affb8c56432598acc9","340980","2024-11-07T08:10:22.000Z","needs_review","0.35"
"ab05727b5920ecfc","T_NAHIEM 123-2024 生物安全实验室自动化工程设计标准","T_NAHIEM 123-2024 生物安全实验室自动化工程设计标准.pdf","10_護理院感與病安\2024\T_NAHIEM 123-2024 生物安全实验室自动化工程设计标准.pdf","護理院感與病安","（無）","UNKNOWN","2024","2024","待確認或非規範文件","護理管理","感染預防與控制；醫技、檢驗與病理","pdf","pdf_text_layer","0ebc5506ff79168b2766b495fcb2a051e546766c51ea3ead2cf106604575242f","565331","2025-08-04T02:22:10.000Z","needs_review","0.35"
"15bb10573c965ca7","T_SMA 0046-2024 生物安全二级实验室人员生物安全能力要求","T_SMA 0046-2024 生物安全二级实验室人员生物安全能力要求.pdf","10_護理院感與病安\2024\T_SMA 0046-2024 生物安全二级实验室人员生物安全能力要求.pdf","護理院感與病安","（無）","UNKNOWN","2024","2024","國家或地方標準","護理管理","感染預防與控制；醫技、檢驗與病理","pdf","pdf_text_layer","dc26a85ab70b0b2a4278e7f06abb070980e8e314af4aabfa40f786eb7f21ea76","333466","2025-08-04T02:22:58.000Z","needs_review","0.35"
"92a41e725f8f5806","T_WSJD 51-2024 医疗机构消毒供应中心用水卫生要求","T_WSJD 51-2024 医疗机构消毒供应中心用水卫生要求.pdf","10_護理院感與病安\2024\T_WSJD 51-2024 医疗机构消毒供应中心用水卫生要求.pdf","護理院感與病安","（無）","UNKNOWN","2024","2024；2022；2018；2016","國家或地方標準","醫療治理與依法執業","護理管理；感染預防與控制","pdf","pdf_text_layer","bca667c5e2cbd616bd6e1ce9be938d289bc569cc6d7732c0c0378163ecc0b967","354149","2024-07-15T09:00:28.000Z","needs_review","0.35"
"b9432a67bc374f05","T_WSJD 51-2024 医疗机构消毒供应中心用水卫生要求（2）","T_WSJD 51-2024 医疗机构消毒供应中心用水卫生要求（2）.pdf","10_護理院感與病安\2024\T_WSJD 51-2024 医疗机构消毒供应中心用水卫生要求（2）.pdf","護理院感與病安","（無）","UNKNOWN","2024","2024；2022；2018；2016","國家或地方標準","醫療治理與依法執業","護理管理；感染預防與控制","pdf","pdf_text_layer","bca667c5e2cbd616bd6e1ce9be938d289bc569cc6d7732c0c0378163ecc0b967","354149","2024-07-15T09:00:28.000Z","needs_review","0.35"
"3b2c69fc96d0ba17","TCNAS 43－2024 放射性皮肤损伤的护理","TCNAS 43－2024 放射性皮肤损伤的护理.pdf","10_護理院感與病安\2024\TCNAS 43－2024 放射性皮肤损伤的护理.pdf","護理院感與病安","（無）","UNKNOWN","2024","2024","國家或地方標準","護理管理","感染預防與控制","pdf","pdf_text_layer","134af84d2a294e710ba4109e5384b9dbcdc2bae791c986e705aba98ed3a07be8","360477","2025-02-16T02:25:00.000Z","needs_review","0.35"
"2538093e9d364950","TCNAS 44－2024 成人手术患者低体温的预防与护理","TCNAS 44－2024 成人手术患者低体温的预防与护理.pdf","10_護理院感與病安\2024\TCNAS 44－2024 成人手术患者低体温的预防与护理.pdf","護理院感與病安","（無）","UNKNOWN","2024","2024；2018","國家或地方標準","護理管理","感染預防與控制；手術、麻醉與疼痛管理","pdf","pdf_text_layer","35be411e7ba6f3d79bb683202ba6e9e32a2bb54724d7fc8948d3dafb5214dc51","668443","2025-02-16T02:25:16.000Z","needs_review","0.35"
"def886751968c731","WS_T 442-2024 临床实验室生物安全指南","WS_T 442-2024 临床实验室生物安全指南.pdf","10_護理院感與病安\2024\WS_T 442-2024 临床实验室生物安全指南.pdf","護理院感與病安","（無）","UNKNOWN","2024","2024","技術規範／診療指南","護理管理","感染預防與控制；醫技、檢驗與病理；臨床診療與醫療技術","pdf","pdf_text_layer","0735675107846652c85f115eee1d3ba7ae8bbc949e2490c807e22ad35a2452b0","1016519","2024-10-05T07:41:18.000Z","needs_review","0.35"
"20f9fd35675c1211","流行性感冒诊疗方案2025年版","流行性感冒诊疗方案2025年版.pdf","10_護理院感與病安\2025\流行性感冒诊疗方案2025年版.pdf","護理院感與病安","（無）","UNKNOWN","2025","2025","技術規範／診療指南","護理管理","感染預防與控制；臨床診療與醫療技術","pdf","pdf_text_layer","d19f8cba72af08fd11fe17c0d6c3614c9aaac8d8c77fa803e7e9b999abea1125","362851","2025-04-14T00:36:24.000Z","needs_review","0.35"
"a7570f38dbb2f840","DB1306_T 296-2025 微生物实验室安全防护工作规范","DB1306_T 296-2025 微生物实验室安全防护工作规范.pdf","10_護理院感與病安\2025\DB1306_T 296-2025 微生物实验室安全防护工作规范.pdf","護理院感與病安","（無）","UNKNOWN","2025","2025","國家或地方標準","護理管理","感染預防與控制；醫技、檢驗與病理","pdf","pdf_text_layer","b819a675bdc3fd4b03fec595a314bda482390c5e62b4391caab7247c1754e27b","189615","2026-03-24T07:47:56.000Z","needs_review","0.35"
"aedc27a43e2b74e1","DB32_T 5060-2025 医疗机构门诊应急实战演练技术规范","DB32_T 5060-2025 医疗机构门诊应急实战演练技术规范.pdf","10_護理院感與病安\2025\DB32_T 5060-2025 医疗机构门诊应急实战演练技术规范.pdf","護理院感與病安","（無）","UNKNOWN","2025","2025","技術規範／診療指南","醫療治理與依法執業","護理管理；感染預防與控制；急診與緊急醫療；消防、治安與應急管理","pdf","pdf_text_layer","09a2a43892e1fb9426ca0b413e56db51bfd35fbc39caaccdc78010d1d4da58da","757503","2025-03-30T08:19:32.000Z","needs_review","0.35"
"185da36cecf395fe","DB32_T 5063-2025 三级医疗机构门诊服务规范","DB32_T 5063-2025 三级医疗机构门诊服务规范.pdf","10_護理院感與病安\2025\DB32_T 5063-2025 三级医疗机构门诊服务规范.pdf","護理院感與病安","（無）","UNKNOWN","2025","2025","國家或地方標準","醫療治理與依法執業","護理管理；感染預防與控制","pdf","pdf_text_layer","a31372bf44b4448c2e635ceb5a9a5ca588db8486b1548f6bd0d5802529dcfc5f","430227","2025-04-02T06:36:06.000Z","needs_review","0.35"
"3e47f22d0b86e4cd","DB32_T 5124.6-2025 临床护理技术规范 第6部分：成人危","DB32_T 5124.6-2025 临床护理技术规范 第6部分：成人危.pdf","10_護理院感與病安\2025\DB32_T 5124.6-2025 临床护理技术规范 第6部分：成人危.pdf","護理院感與病安","（無）","UNKNOWN","2025","2025","技術規範／診療指南","護理管理","感染預防與控制；臨床診療與醫療技術","pdf","pdf_text_layer","c8028148ed59208dbf2dc64d33531826e36567d130b1a248830410646cd8ba69","608388","2025-08-05T06:40:42.000Z","needs_review","0.35"
"7272d268062b599a","DB34_T 5118-2025 医疗机构活体组织病理标本分析前阶段管理","DB34_T 5118-2025 医疗机构活体组织病理标本分析前阶段管理.pdf","10_護理院感與病安\2025\DB34_T 5118-2025 医疗机构活体组织病理标本分析前阶段管理.pdf","護理院感與病安","（無）","UNKNOWN","2025","2025","研究論文／文獻","醫療治理與依法執業","護理管理；感染預防與控制；醫技、檢驗與病理","pdf","pdf_text_layer","cc33452c3d241fa85ca1128edfada801c53782da16b95e9d4eccef2f570a977c","325365","2025-04-02T06:35:34.000Z","needs_review","0.35"
"ec86c08e33f2077a","DB34_T 5208-2025 优质护理服务病区建设规范","DB34_T 5208-2025 优质护理服务病区建设规范.pdf","10_護理院感與病安\2025\DB34_T 5208-2025 优质护理服务病区建设规范.pdf","護理院感與病安","（無）","UNKNOWN","2025","2025","國家或地方標準","護理管理","感染預防與控制","pdf","pdf_text_layer","82b66c8ea683c0bf24655b80d89d27600ddd144615835a9eaefbb0526b876c9f","186935","2025-08-05T06:40:12.000Z","needs_review","0.35"
"180ec6740ebbff9e","T_CAV 031-2025 预防接种不良事件现场调查指南","T_CAV 031-2025 预防接种不良事件现场调查指南.pdf","10_護理院感與病安\2025\T_CAV 031-2025 预防接种不良事件现场调查指南.pdf","護理院感與病安","（無）","UNKNOWN","2025","2025","技術規範／診療指南","護理管理","感染預防與控制；生殖、婦幼與月子服務","pdf","pdf_text_layer","578f136d566079f6726023587facdd43f4f86eed732aa9fced3b0fa2bdb3b4c0","842440","2025-06-25T14:06:12.000Z","needs_review","0.35"
"f8ca42c8805b1f6f","T_KT SYL2402-2025 医疗机构集中空调通风系统清洗消毒技术","T_KT SYL2402-2025 医疗机构集中空调通风系统清洗消毒技术.pdf","10_護理院感與病安\2025\T_KT SYL2402-2025 医疗机构集中空调通风系统清洗消毒技术.pdf","護理院感與病安","（無）","UNKNOWN","2025","2025","待確認或非規範文件","醫療治理與依法執業","護理管理；感染預防與控制","pdf","pdf_needs_ocr","11d40161e72a5e190306e921957ca8d774493ab3cb88cb2f94ee30cacc266a1c","843231","2025-04-02T06:38:14.000Z","needs_review","0.35"
"e6752a9d659dd6bb","T_SHWSHQ 04-2025 医院生活垃圾分类及收集规范","T_SHWSHQ 04-2025 医院生活垃圾分类及收集规范.pdf","10_護理院感與病安\2025\T_SHWSHQ 04-2025 医院生活垃圾分类及收集规范.pdf","護理院感與病安","（無）","UNKNOWN","2025","2025","國家或地方標準","護理管理","感染預防與控制","pdf","pdf_text_layer","84f7b09b73e88459ed8a74824638c160d46978bc846ae7bac8c77235715bf325","276977","2025-04-02T06:08:14.000Z","needs_review","0.35"
"46c905fa6cfc06d1","TCNAS47─2025无创正压通气护理技术","TCNAS47─2025无创正压通气护理技术.pdf","10_護理院感與病安\2025\TCNAS47─2025无创正压通气护理技术.pdf","護理院感與病安","（無）","UNKNOWN","2025","2025；2023","國家或地方標準","護理管理","感染預防與控制","pdf","pdf_text_layer","e30b5177883f12828bdd737862a3038176c64a230e27a5ee07ffd53a8a3cb94f","512015","2025-10-15T01:03:12.000Z","needs_review","0.35"
"b5e19d3eb8f5d659","TCNAS48─2025成人留置导尿的护理及并发症处理","TCNAS48─2025成人留置导尿的护理及并发症处理.pdf","10_護理院感與病安\2025\TCNAS48─2025成人留置导尿的护理及并发症处理.pdf","護理院感與病安","（無）","UNKNOWN","2025","2025","國家或地方標準","護理管理","感染預防與控制","pdf","pdf_text_layer","7da2c8f041dbda2e839f76a75773212ba3c61de34a07475da566998526bf44b8","492801","2025-10-15T01:03:10.000Z","needs_review","0.35"
"f5bf8be9963505f9","TCNAS52─2025腹腔内压力经膀胱间接测量技术","TCNAS52─2025腹腔内压力经膀胱间接测量技术.pdf","10_護理院感與病安\2025\TCNAS52─2025腹腔内压力经膀胱间接测量技术.pdf","護理院感與病安","（無）","UNKNOWN","2025","2025","國家或地方標準","護理管理","感染預防與控制","pdf","pdf_text_layer","8a7427f26258baa29e1eac25a8760bda64b53e49a4a54942fb08c55c1c0c2a5a","354288","2025-10-15T01:03:12.000Z","needs_review","0.35"
"ff9159ee80913076","TCNAS54─2025泪道冲洗技术","TCNAS54─2025泪道冲洗技术.pdf","10_護理院感與病安\2025\TCNAS54─2025泪道冲洗技术.pdf","護理院感與病安","（無）","UNKNOWN","2025","2025","國家或地方標準","護理管理","感染預防與控制","pdf","pdf_text_layer","dd352fff5231853aa360171eebca64d6ba36028b2e7dc3e56870273d93468693","338269","2025-10-15T01:03:10.000Z","needs_review","0.35"
"5b1223336738a788","WS 315-2025 人间传染的病原微生物菌（毒）种保藏 机构设置技术","WS 315-2025 人间传染的病原微生物菌（毒）种保藏 机构设置技术.pdf","10_護理院感與病安\2025\WS 315-2025 人间传染的病原微生物菌（毒）种保藏 机构设置技术.pdf","護理院感與病安","（無）","UNKNOWN","2025","2025","國家或地方標準","護理管理","感染預防與控制","pdf","pdf_text_layer","42760dfdfb38edf03b152a16406cd70fa6e8a7e2ecb5288d3cea444ecbf3e682","283866","2026-03-24T10:40:54.000Z","needs_review","0.35"
"10c39094ddf28480","WS_T 840-2025 患者身份识别管理标准","WS_T 840-2025 患者身份识别管理标准.pdf","10_護理院感與病安\2025\WS_T 840-2025 患者身份识别管理标准.pdf","護理院感與病安","（無）","UNKNOWN","2025","2025","國家或地方標準","護理管理","感染預防與控制","pdf","pdf_text_layer","a2092522d5a45c5522b5701e31a1739b28b8a2cc0c9c36006a0f6f4c7f201a1c","361723","2025-08-15T12:37:30.000Z","needs_review","0.35"
"c5a74e1a5edd054e","WST 508-2025医疗机构医用织物洗涤消毒技术标准-20250819171641497","WST 508-2025医疗机构医用织物洗涤消毒技术标准-20250819171641497.pdf","10_護理院感與病安\2025\WST 508-2025医疗机构医用织物洗涤消毒技术标准-20250819171641497.pdf","護理院感與病安","（無）","UNKNOWN","2025","2025；1917","國家或地方標準","醫療治理與依法執業","護理管理；感染預防與控制","pdf","pdf_text_layer","d532b7e0f6404271ffd3d054b445d77d13b62a60c4f0291f5a401c0460a85c9b","441732","2026-01-29T02:36:34.000Z","needs_review","0.35"
"97a8de5169078cd1","WST 547—2025-20251226160214346","WST 547—2025-20251226160214346.pdf","10_護理院感與病安\2025\WST 547—2025-20251226160214346.pdf","護理院感與病安","（無）","UNKNOWN","2025","2025","國家或地方標準","護理管理","感染預防與控制","pdf","pdf_text_layer","69631cd1e407de09dfd001e73dad1ba55f68a07a380070e7e5c308f9ec9d4d53","243886","2026-01-29T02:28:58.000Z","needs_review","0.35"
"bf9502e0f81aa96c","WST 848-2025末梢血标本采集指南","WST 848-2025末梢血标本采集指南.pdf","10_護理院感與病安\2025\WST 848-2025末梢血标本采集指南.pdf","護理院感與病安","（無）","UNKNOWN","2025","2025","技術規範／診療指南","護理管理","感染預防與控制","pdf","pdf_text_layer","a93d0a135c414d98969d833420ac8717bcf0181a0254af6efbbd64125ccd4c85","440285","2025-08-26T04:49:52.000Z","needs_review","0.35"
"331301144f0b59da","WST 856-2025安全注射标准-20250819172720433","WST 856-2025安全注射标准-20250819172720433.pdf","10_護理院感與病安\2025\WST 856-2025安全注射标准-20250819172720433.pdf","護理院感與病安","（無）","UNKNOWN","2025","2025；2043；1917","國家或地方標準","護理管理","感染預防與控制","pdf","pdf_text_layer","272628f3950f9ad39d4fdf9131a1ed7574a4a2e1cad97b85a93f5e5985effc66","329937","2026-01-29T02:35:20.000Z","needs_review","0.35"
"e77dd96f2fbb2ae6","WST 856-2025安全注射标准","WST 856-2025安全注射标准.pdf","10_護理院感與病安\2025\WST 856-2025安全注射标准.pdf","護理院感與病安","（無）","UNKNOWN","2025","2025","國家或地方標準","護理管理","感染預防與控制","pdf","pdf_text_layer","272628f3950f9ad39d4fdf9131a1ed7574a4a2e1cad97b85a93f5e5985effc66","329937","2025-08-26T06:34:04.000Z","needs_review","0.35"
"2fcfa1bb8abb491b","WST 879—2025-20251226160338284","WST 879—2025-20251226160338284.pdf","10_護理院感與病安\2025\WST 879—2025-20251226160338284.pdf","護理院感與病安","（無）","UNKNOWN","2025","2025","國家或地方標準","護理管理","感染預防與控制","pdf","pdf_text_layer","cb450caa4aa5d61a6c1afa398711bb47dfb39d5d5b970e3b58838e17ba72a085","243972","2026-01-29T02:28:44.000Z","needs_review","0.35"
"42037c83d575eb7c","DB34_T 5466-2026 血液透析护理服务规范","DB34_T 5466-2026 血液透析护理服务规范.pdf","10_護理院感與病安\2026\DB34_T 5466-2026 血液透析护理服务规范.pdf","護理院感與病安","（無）","UNKNOWN","2026","2026","國家或地方標準","護理管理","感染預防與控制","pdf","pdf_text_layer","6ecda7d6313deedfd20d1afff877eeac4e56e0442d111de8eb99bd8c8ee47ebb","233513","2026-08-04T07:33:58.000Z","needs_review","0.35"
"44d10ab04f9f44b4","DB44_T 2862-2026 妇科围手术期中医护理服务规范","DB44_T 2862-2026 妇科围手术期中医护理服务规范.pdf","10_護理院感與病安\2026\DB44_T 2862-2026 妇科围手术期中医护理服务规范.pdf","護理院感與病安","（無）","UNKNOWN","2026","2026；2025","國家或地方標準","護理管理","感染預防與控制；手術、麻醉與疼痛管理","pdf","pdf_text_layer","8f78a86623b8f22601c230c83d16d226e43b8151a425967f547417156f3a7a70","690494","2026-08-04T07:34:10.000Z","needs_review","0.35"
"ab47cdd879dc876d","T_CNAS 59-2026 患者自控镇痛护理","T_CNAS 59-2026 患者自控镇痛护理.pdf","10_護理院感與病安\2026\T_CNAS 59-2026 患者自控镇痛护理.pdf","護理院感與病安","（無）","UNKNOWN","2026","2026","國家或地方標準","護理管理","感染預防與控制","pdf","pdf_text_layer","257a9c49bc4e413f70d870144a9c36e210b2950e4174a88c73f9554254c2308a","466633","2026-08-04T07:35:08.000Z","needs_review","0.35"
"142b61c47d33dd12","T_CNAS 61-2026 女性盆底功能障碍性疾病患者康复护理","T_CNAS 61-2026 女性盆底功能障碍性疾病患者康复护理.pdf","10_護理院感與病安\2026\T_CNAS 61-2026 女性盆底功能障碍性疾病患者康复护理.pdf","護理院感與病安","（無）","UNKNOWN","2026","2026","國家或地方標準","護理管理","感染預防與控制；臨床診療與醫療技術","pdf","pdf_text_layer","a12c6d83b7b8f32e23f99cda0c77a27374a76036e8710dc007c90ea50c06dab5","517489","2026-08-04T07:34:54.000Z","needs_review","0.35"
"db012657379902ab","WST 887—2026社区老年人跌倒预防控制技术标准","WST 887—2026社区老年人跌倒预防控制技术标准.pdf","10_護理院感與病安\2026\WST 887—2026社区老年人跌倒预防控制技术标准.pdf","護理院感與病安","（無）","UNKNOWN","2026","2026","國家或地方標準","護理管理","感染預防與控制","pdf","pdf_text_layer","7605cf1196a1f158aa2be668002402959804c5f3337af2225ce9b0ad9897260d","577472","2026-05-25T04:20:14.000Z","needs_review","0.35"
"961d3017e23b71d9","WST 887—2026社区老年人跌倒预防控制技术标准（2）","WST 887—2026社区老年人跌倒预防控制技术标准（2）.pdf","10_護理院感與病安\2026\WST 887—2026社区老年人跌倒预防控制技术标准（2）.pdf","護理院感與病安","（無）","UNKNOWN","2026","2026","國家或地方標準","護理管理","感染預防與控制","pdf","pdf_text_layer","7605cf1196a1f158aa2be668002402959804c5f3337af2225ce9b0ad9897260d","577472","2026-05-25T04:20:14.000Z","needs_review","0.35"
"8777a5cbc898ceb8","《成人动脉血气分析临床操作实践标准（第二版）》解读","《成人动脉血气分析临床操作实践标准（第二版）》解读.pdf","10_護理院感與病安\未標示年份\《成人动脉血气分析临床操作实践标准（第二版）》解读.pdf","護理院感與病安","（無）","UNKNOWN","未標示年份","","研究論文／文獻","護理管理","感染預防與控制；臨床診療與醫療技術","pdf","pdf_text_layer","0bfe194475d818f9bdd681d55f14deecb44ce59738414b6fe2ea9f03da4c7aea","3404017","2024-08-19T01:19:28.000Z","needs_review","0.35"
"a5359350020f033d","《国际造口指南(第2版)》解读","《国际造口指南(第2版)》解读.pdf","10_護理院感與病安\未標示年份\《国际造口指南(第2版)》解读.pdf","護理院感與病安","（無）","UNKNOWN","未標示年份","","技術規範／診療指南","護理管理","感染預防與控制","pdf","pdf_text_layer","55f52e1427279f79f07094ff21664f9159e24c4dba09fbb04f4bb7f0a3f8c9f9","1905728","2024-08-19T01:19:28.000Z","needs_review","0.35"
"c0de8c62f71e7c25","《PICC尖端心腔内电图定位技术》团体标准解读","《PICC尖端心腔内电图定位技术》团体标准解读.pdf","10_護理院感與病安\未標示年份\《PICC尖端心腔内电图定位技术》团体标准解读.pdf","護理院感與病安","（無）","UNKNOWN","未標示年份","","國家或地方標準","護理管理","感染預防與控制","pdf","pdf_text_layer","7a38b08afe7361dc60512ec6f40d963269e3cc299e56f459d9f9409fa7258e23","3014784","2024-08-19T01:19:28.000Z","needs_review","0.35"
"ed89b1f4e3942e7e","01老年虚证脐灸技术（联合）","01老年虚证脐灸技术（联合）.pdf","10_護理院感與病安\未標示年份\01老年虚证脐灸技术（联合）.pdf","護理院感與病安","（無）","UNKNOWN","2025","2025；1900","國家或地方標準","護理管理","感染預防與控制","pdf","pdf_text_layer","0bcc8f0ad60289ec310c0e23015c8190311213981cc86ac163cc9fa4e10868d8","1110787","2025-07-30T04:02:12.000Z","needs_review","0.35"
"6c4c3f4528eadf02","1-标准化工作指南","1-标准化工作指南.pdf","10_護理院感與病安\未標示年份\1-标准化工作指南.pdf","護理院感與病安","（無）","UNKNOWN","未標示年份","","技術規範／診療指南","護理管理","感染預防與控制","pdf","pdf_text_layer","ac6ca00f47de5e2ecd50f8b0d792d2d76ee4ae319544d89a1d71d9f538e7fa41","507840","2022-06-20T04:01:04.000Z","needs_review","0.35"
"b2dcde875cdc2480","1.静脉导管常见并发症临床护理实践指南","1.静脉导管常见并发症临床护理实践指南.pdf","10_護理院感與病安\未標示年份\1.静脉导管常见并发症临床护理实践指南.pdf","護理院感與病安","（無）","UNKNOWN","未標示年份","","技術規範／診療指南","護理管理","感染預防與控制；臨床診療與醫療技術","pdf","pdf_text_layer","3a59e1ee39793468293260b71afef16f3c63d8aae9bac862c4e24e0903071436","1555539","2024-08-19T01:19:44.000Z","needs_review","0.35"
"3b2737e67b8a57d3","10.世界造口治疗师协会《国际造口指南（第2版）》要点解读","10.世界造口治疗师协会《国际造口指南（第2版）》要点解读.pdf","10_護理院感與病安\未標示年份\10.世界造口治疗师协会《国际造口指南（第2版）》要点解读.pdf","護理院感與病安","（無）","UNKNOWN","未標示年份","","技術規範／診療指南","護理管理","感染預防與控制；臨床診療與醫療技術","pdf","pdf_text_layer","51149fbbd6ef7da486b8913283304cf41213905b203a35381a906429f4cc95cd","16016363","2024-08-19T01:20:08.000Z","needs_review","0.35"
"2d88570cc85e8f22","10.医疗机构护理员工作内容的专家建议","10.医疗机构护理员工作内容的专家建议.pdf","10_護理院感與病安\未標示年份\10.医疗机构护理员工作内容的专家建议.pdf","護理院感與病安","（無）","UNKNOWN","未標示年份","","國家或地方標準","醫療治理與依法執業","護理管理；感染預防與控制","pdf","pdf_text_layer","711fd631091201ec4a1ca109356b1287a56364243f754d78c465327f37413e93","16007280","2024-08-19T01:19:50.000Z","needs_review","0.35"
"c69c05f52878d9e9","110-关于印发《湖南省护理学会团体标准申投诉管理制度》等制度性文件的通知","110-关于印发《湖南省护理学会团体标准申投诉管理制度》等制度性文件的通知.pdf","10_護理院感與病安\未標示年份\110-关于印发《湖南省护理学会团体标准申投诉管理制度》等制度性文件的通知.pdf","護理院感與病安","（無）","UNKNOWN","未標示年份","","公告／通知／函釋","護理管理","感染預防與控制","pdf","pdf_needs_ocr","45a4147be1fa4cf211a2e150c17e45052d1338b5d2d8afbde999fe02580ad92f","97729","2026-01-29T03:05:36.000Z","needs_review","0.35"
"c340ba3dfa67898a","16婴幼儿尿布性皮炎护理实践专家共识","16婴幼儿尿布性皮炎护理实践专家共识.pdf","10_護理院感與病安\未標示年份\16婴幼儿尿布性皮炎护理实践专家共识.pdf","護理院感與病安","（無）","UNKNOWN","未標示年份","","專家共識","護理管理","感染預防與控制","pdf","pdf_text_layer","fbc2af55a29295e2e2ea21bfbca4cc4b15499729b9cadd4a29dcd4f8c89e3518","995642","2024-08-19T01:19:36.000Z","needs_review","0.35"
"6b48278d191616b9","185654_726放射性皮肤损伤的护理","185654_726放射性皮肤损伤的护理.pdf","10_護理院感與病安\未標示年份\185654_726放射性皮肤损伤的护理.pdf","護理院感與病安","（無）","UNKNOWN","未標示年份","","國家或地方標準","護理管理","感染預防與控制","pdf","pdf_text_layer","134af84d2a294e710ba4109e5384b9dbcdc2bae791c986e705aba98ed3a07be8","360477","2025-03-07T07:09:52.000Z","needs_review","0.35"
"c1bd46f087300679","185744_603成人术中非计划低体温预防与护理","185744_603成人术中非计划低体温预防与护理.pdf","10_護理院感與病安\未標示年份\185744_603成人术中非计划低体温预防与护理.pdf","護理院感與病安","（無）","UNKNOWN","2018","2018","國家或地方標準","護理管理","感染預防與控制","pdf","pdf_text_layer","35be411e7ba6f3d79bb683202ba6e9e32a2bb54724d7fc8948d3dafb5214dc51","668443","2025-03-07T07:10:12.000Z","needs_review","0.35"
"fe6153f0d3754526","2-患者服务 住院服务住院服务标准","2-患者服务 住院服务住院服务标准.pdf","10_護理院感與病安\未標示年份\2-患者服务 住院服务住院服务标准.pdf","護理院感與病安","（無）","UNKNOWN","未標示年份","","國家或地方標準","護理管理","感染預防與控制","pdf","pdf_text_layer","e71d4c8b48b5e87a52b3e647a6d74f77d4a282153912a54bd7603c40bb3354b5","1026798","2022-06-20T04:00:56.000Z","needs_review","0.35"
"92d8a65a04130f76","2.《跨专业团队压力性损伤的评估与管理》指南解析：评估与计划","2.《跨专业团队压力性损伤的评估与管理》指南解析：评估与计划.pdf","10_護理院感與病安\未標示年份\2.《跨专业团队压力性损伤的评估与管理》指南解析：评估与计划.pdf","護理院感與病安","（無）","UNKNOWN","未標示年份","","技術規範／診療指南","護理管理","感染預防與控制","pdf","pdf_text_layer","99bd50cef8bb5fe69b3e58b6ad0a66f388ced08e695a44d27c44bd70125cd1e6","476980","2024-08-19T01:20:08.000Z","needs_review","0.35"
"3f93ee19c374900c","2.术中获得性压力性损伤预防与护理专家共识","2.术中获得性压力性损伤预防与护理专家共识.pdf","10_護理院感與病安\未標示年份\2.术中获得性压力性损伤预防与护理专家共识.pdf","護理院感與病安","（無）","UNKNOWN","未標示年份","","專家共識","護理管理","感染預防與控制","pdf","pdf_text_layer","858d647d74c7198cf118cea95390a90754fdc474196b8b98e69de22b9d5cfb6b","625899","2024-08-19T01:19:58.000Z","needs_review","0.35"
"8c74914ce044f843","25尿路结石腔内碎石患者围手术期并发尿脓毒症护理专家共识","25尿路结石腔内碎石患者围手术期并发尿脓毒症护理专家共识.pdf","10_護理院感與病安\未標示年份\25尿路结石腔内碎石患者围手术期并发尿脓毒症护理专家共识.pdf","護理院感與病安","（無）","UNKNOWN","2022","2022","專家共識","護理管理","感染預防與控制；手術、麻醉與疼痛管理","pdf","pdf_text_layer","d9b1404b508e39c455bab5e7634f9f6a80a94ba5015fe999b950f40bf8de6bf5","797712","2024-08-19T01:19:40.000Z","needs_review","0.35"
"f1ea50f6bc459e86","27精神科住院抑郁症患者自杀预防及护理干预措施专家共识","27精神科住院抑郁症患者自杀预防及护理干预措施专家共识.pdf","10_護理院感與病安\未標示年份\27精神科住院抑郁症患者自杀预防及护理干预措施专家共识.pdf","護理院感與病安","（無）","UNKNOWN","2022","2022","專家共識","護理管理","感染預防與控制","pdf","pdf_text_layer","a1358bb7daeac557096143a275bcb4bb30255a8f6ac87c69b7766ade9a704110","930081","2024-08-19T01:19:40.000Z","needs_review","0.35"
"573393e4bb37b23d","2成人失禁患者一次性吸收型护理用品临床应用专家共识","2成人失禁患者一次性吸收型护理用品临床应用专家共识.pdf","10_護理院感與病安\未標示年份\2成人失禁患者一次性吸收型护理用品临床应用专家共识.pdf","護理院感與病安","（無）","UNKNOWN","2019","2019","專家共識","護理管理","感染預防與控制；臨床診療與醫療技術","pdf","pdf_text_layer","8f9bfd467512c0c961b814d28b41a34a8cf4a7f64c41c4902bac29adf9787e5a","1076394","2024-08-19T01:19:42.000Z","needs_review","0.35"
"1d0457d3a5fbf22a","3.患者安全专项行动年度工作汇总表","3.患者安全专项行动年度工作汇总表 (1).pdf","10_護理院感與病安\未標示年份\3.患者安全专项行动年度工作汇总表 (1).pdf","護理院感與病安","（無）","UNKNOWN","未標示年份","","待確認或非規範文件","醫院評鑑與醫療品質","護理管理；感染預防與控制","pdf","pdf_text_layer","8af25df87f8d711fa84f13a6bdd2aa4ae605ad9ab941d430c1b8d34acc250086","125611","2025-10-13T02:10:24.000Z","needs_review","0.35"
"11d7b45cfafcb482","3.患者安全专项行动年度工作汇总表","3.患者安全专项行动年度工作汇总表.pdf","10_護理院感與病安\未標示年份\3.患者安全专项行动年度工作汇总表.pdf","護理院感與病安","（無）","UNKNOWN","未標示年份","","待確認或非規範文件","醫院評鑑與醫療品質","護理管理；感染預防與控制","pdf","pdf_text_layer","8af25df87f8d711fa84f13a6bdd2aa4ae605ad9ab941d430c1b8d34acc250086","125611","2025-10-13T00:15:58.000Z","needs_review","0.35"
"247db6fb3c28f3d0","3住院成人高血糖患者血糖监测医护协议处方共识","3住院成人高血糖患者血糖监测医护协议处方共识.pdf","10_護理院感與病安\未標示年份\3住院成人高血糖患者血糖监测医护协议处方共识.pdf","護理院感與病安","（無）","UNKNOWN","2019","2019","國家或地方標準","護理管理","藥事與藥品管理；感染預防與控制","pdf","pdf_text_layer","ff37a9ee110815c7138a2215751d3eafdcc7c908f7ca1ccfaeabf5c0f540b128","2143351","2024-08-19T01:19:42.000Z","needs_review","0.35"
"3cb46bba139563e3","4.经皮肝穿刺胆道引流术管路护理专家共识","4.经皮肝穿刺胆道引流术管路护理专家共识.pdf","10_護理院感與病安\未標示年份\4.经皮肝穿刺胆道引流术管路护理专家共识.pdf","護理院感與病安","（無）","UNKNOWN","未標示年份","","專家共識","護理管理","感染預防與控制","pdf","pdf_text_layer","7e513e896a485e5c27f9543ce0cbcdcbcb57ae916397826f37cdd9cece885b55","503967","2024-08-19T01:20:00.000Z","needs_review","0.35"
"7dd3207ac23db97c","5认知训练护理门诊构建的专家共识","5认知训练护理门诊构建的专家共识.pdf","10_護理院感與病安\未標示年份\5认知训练护理门诊构建的专家共识.pdf","護理院感與病安","（無）","UNKNOWN","未標示年份","","專家共識","護理管理","感染預防與控制","pdf","pdf_text_layer","17fe2e2e3f487c01118b5d274017b68059ca7d80165eacbda4448ee05b548ca4","881049","2024-08-19T01:19:42.000Z","needs_review","0.35"
"1a21cbeabb2e820e","6.《最佳实践建议：卒中后过渡和社会参与》指南解读","6.《最佳实践建议：卒中后过渡和社会参与》指南解读.pdf","10_護理院感與病安\未標示年份\6.《最佳实践建议：卒中后过渡和社会参与》指南解读.pdf","護理院感與病安","（無）","UNKNOWN","未標示年份","","技術規範／診療指南","護理管理","感染預防與控制","pdf","pdf_text_layer","1ef4e5b16f40945ef2fb55cf25abd39d7c24fd3a1dc02bbc8ab5fb86c70f8581","19134340","2024-08-19T01:20:16.000Z","needs_review","0.35"
"1cc2bfa252827086","9.冠心病患者心脏康复健康教育处方护理专家共识","9.冠心病患者心脏康复健康教育处方护理专家共识.pdf","10_護理院感與病安\未標示年份\9.冠心病患者心脏康复健康教育处方护理专家共识.pdf","護理院感與病安","（無）","UNKNOWN","未標示年份","","專家共識","護理管理","藥事與藥品管理；感染預防與控制","pdf","pdf_text_layer","4a18c75cd508c1d03caa96590735d1e1a3c1d622b2870a48922d6deccf108403","464194","2024-08-19T01:20:04.000Z","needs_review","0.35"
"970700908f68567a","人间传染的病原微生物菌（毒）种保藏机构设置技术标准","人间传染的病原微生物菌（毒）种保藏机构设置技术标准.pdf","10_護理院感與病安\未標示年份\人间传染的病原微生物菌（毒）种保藏机构设置技术标准.pdf","護理院感與病安","（無）","UNKNOWN","未標示年份","","國家或地方標準","護理管理","感染預防與控制","pdf","pdf_text_layer","f4644db8e2bca0b95054462add82689b665e8056628950163b42b00181c7f3b1","284634","2026-01-29T02:53:48.000Z","needs_review","0.35"
"51e606fe63faec45","下肢深静脉血栓形成介入治疗护理实践指南","下肢深静脉血栓形成介入治疗护理实践指南.pdf","10_護理院感與病安\未標示年份\下肢深静脉血栓形成介入治疗护理实践指南.pdf","護理院感與病安","（無）","UNKNOWN","未標示年份","","技術規範／診療指南","護理管理","感染預防與控制；臨床診療與醫療技術","pdf","pdf_needs_ocr","9ae8c7e57d7ea9d90ea19014a64031070eeb3d66ab054a63d06b891080055974","19718435","2025-04-02T05:30:14.000Z","needs_review","0.35"
"b79ee05c899ef584","山西省生物安全二级临床实验室生物安全现况调查","山西省生物安全二级临床实验室生物安全现况调查 (1).pdf","10_護理院感與病安\未標示年份\山西省生物安全二级临床实验室生物安全现况调查 (1).pdf","護理院感與病安","（無）","UNKNOWN","未標示年份","","待確認或非規範文件","護理管理","感染預防與控制；醫技、檢驗與病理；臨床診療與醫療技術","pdf","pdf_needs_ocr","46a4318a33ef47bdde06dda69fb67c91da055442d47bb8ba5ae5e845933bc8c2","1722990","2026-03-24T04:19:58.000Z","needs_review","0.35"
"646a5774f43099fc","山西省生物安全二级临床实验室生物安全现况调查","山西省生物安全二级临床实验室生物安全现况调查.pdf","10_護理院感與病安\未標示年份\山西省生物安全二级临床实验室生物安全现况调查.pdf","護理院感與病安","（無）","UNKNOWN","未標示年份","","待確認或非規範文件","護理管理","感染預防與控制；醫技、檢驗與病理；臨床診療與醫療技術","pdf","pdf_needs_ocr","46a4318a33ef47bdde06dda69fb67c91da055442d47bb8ba5ae5e845933bc8c2","1722990","2026-03-24T04:02:36.000Z","needs_review","0.35"
"336870d381f34918","中文版死亡抑郁量表修订版在临床护士中的信效度","中文版死亡抑郁量表修订版在临床护士中的信效度.pdf","10_護理院感與病安\未標示年份\中文版死亡抑郁量表修订版在临床护士中的信效度.pdf","護理院感與病安","（無）","UNKNOWN","未標示年份","","待確認或非規範文件","醫療人員與執業管理","護理管理；感染預防與控制；臨床診療與醫療技術","pdf","pdf_needs_ocr","e09be2388615b3f139f6fb6a3d0055cc1159f38da7d9c1b93e18e03a0a41d352","13748249","2025-04-02T05:28:40.000Z","needs_review","0.35"
"deeb4977a2c9610d","日间手术全流程护理管理专家共识","日间手术全流程护理管理专家共识.pdf","10_護理院感與病安\未標示年份\日间手术全流程护理管理专家共识.pdf","護理院感與病安","（無）","UNKNOWN","未標示年份","","專家共識","護理管理","感染預防與控制；手術、麻醉與疼痛管理","pdf","pdf_needs_ocr","9f779217208a075918f794664d061ced503f93db0174d373a5d70d1348a78c15","1899941","2025-08-23T02:42:58.000Z","needs_review","0.35"
"77c9538fd8fc858a","日间手术全流程护理管理专家共识（2）","日间手术全流程护理管理专家共识（2）.pdf","10_護理院感與病安\未標示年份\日间手术全流程护理管理专家共识（2）.pdf","護理院感與病安","（無）","UNKNOWN","未標示年份","","專家共識","護理管理","感染預防與控制；手術、麻醉與疼痛管理","pdf","pdf_needs_ocr","9f779217208a075918f794664d061ced503f93db0174d373a5d70d1348a78c15","1899941","2025-08-23T02:42:58.000Z","needs_review","0.35"
"37049128c9df812d","认知障碍患者进食问题评估与处理","认知障碍患者进食问题评估与处理.pdf","10_護理院感與病安\未標示年份\认知障碍患者进食问题评估与处理.pdf","護理院感與病安","（無）","UNKNOWN","未標示年份","","國家或地方標準","護理管理","感染預防與控制","pdf","pdf_text_layer","e0f31beb260c0c701eb3a788d992cc8d1fffc9fc6a350aec6e3df2ab76c00631","333826","2021-09-13T04:47:44.000Z","needs_review","0.35"
"90d92aea2ddc9007","左心室辅助装置植入患者围手术期的循证护理实践","左心室辅助装置植入患者围手术期的循证护理实践.pdf","10_護理院感與病安\未標示年份\左心室辅助装置植入患者围手术期的循证护理实践.pdf","護理院感與病安","（無）","UNKNOWN","未標示年份","","國家或地方標準","護理管理","感染預防與控制；手術、麻醉與疼痛管理","pdf","pdf_text_layer","a43e513b4011b3ec51e7e3344e3c39c9283693e68064a0b66567e40d178bbda4","6806319","2025-04-02T05:32:16.000Z","needs_review","0.35"
"ca0b8e975d784bc4","未命名文件（2）（3）","未命名文件（2）（3）.pdf","10_護理院感與病安\未標示年份\未命名文件（2）（3）.pdf","護理院感與病安","（無）","UNKNOWN","2009","2009；2000","國家或地方標準","護理管理","感染預防與控制","pdf","pdf_text_layer","700437821a4ba906b9245cc08787fa26f95c47652d5176720b5cf651c9397224","328583","2021-09-13T04:39:24.000Z","needs_review","0.35"
"21d21f5368028ead","未命名文件（2）（3）（4）","未命名文件（2）（3）（4）.pdf","10_護理院感與病安\未標示年份\未命名文件（2）（3）（4）.pdf","護理院感與病安","（無）","UNKNOWN","2009","2009","國家或地方標準","護理管理","感染預防與控制","pdf","pdf_text_layer","185075a177b9bfb6eafb0e5c8a6247d20376f05a3a604b246bfc754ddfb79afc","420952","2021-09-13T04:39:30.000Z","needs_review","0.35"
"de1d10eda8a9458b","未命名文件（2）（3）（4）（5）","未命名文件（2）（3）（4）（5）.pdf","10_護理院感與病安\未標示年份\未命名文件（2）（3）（4）（5）.pdf","護理院感與病安","（無）","UNKNOWN","2019","2019","國家或地方標準","護理管理","感染預防與控制","pdf","pdf_text_layer","808dbed217f06a2bba34b6a23e0a4a1653e92a8bbc0cf591d86fd7b47080461a","542012","2021-09-13T04:39:56.000Z","needs_review","0.35"
"1ca85eba7b7f4888","未命名文件（2）（3）（4）（5）（6）（7）","未命名文件（2）（3）（4）（5）（6）（7）.pdf","10_護理院感與病安\未標示年份\未命名文件（2）（3）（4）（5）（6）（7）.pdf","護理院感與病安","（無）","UNKNOWN","2009","2009","國家或地方標準","護理管理","感染預防與控制","pdf","pdf_text_layer","c68196e34e4bbd70bc93fdc2a45b9605167abdbfa431b41a57a8ff1633b1ffa9","314739","2021-09-13T04:40:04.000Z","needs_review","0.35"
"a35a7f1f4cfed996","未命名文件（2）（3）（4）（5）（6）（7）（8）","未命名文件（2）（3）（4）（5）（6）（7）（8）.pdf","10_護理院感與病安\未標示年份\未命名文件（2）（3）（4）（5）（6）（7）（8）.pdf","護理院感與病安","（無）","UNKNOWN","未標示年份","","待確認或非規範文件","護理管理","感染預防與控制","pdf","pdf_text_layer","a23bcf0a481ff3688fc45113e105050d4bbc47773dec956bf1932883029e369c","203309","2026-01-29T02:38:10.000Z","needs_review","0.35"
"015369cf7a4015bc","未命名文件（2）（3）（4）（5）（6）（7）（8）（9）","未命名文件（2）（3）（4）（5）（6）（7）（8）（9）.pdf","10_護理院感與病安\未標示年份\未命名文件（2）（3）（4）（5）（6）（7）（8）（9）.pdf","護理院感與病安","（無）","UNKNOWN","未標示年份","","待確認或非規範文件","護理管理","感染預防與控制","pdf","pdf_text_layer","3ba92131c4d3432a6655c51f6305f4feeaa86b092701dc42c6c9ae6e2f8affee","289590","2026-01-29T02:37:56.000Z","needs_review","0.35"
"90324d5a3e7fad3a","产后母婴服务珠海","产后母婴服务珠海.pdf","10_護理院感與病安\未標示年份\产后母婴服务珠海.pdf","護理院感與病安","（無）","UNKNOWN","未標示年份","","待確認或非規範文件","護理管理","感染預防與控制；生殖、婦幼與月子服務","pdf","pdf_needs_ocr","d884992e9b7b3b7e2ff544547181df7f148da69c5cb6881aadaa3b0bc33ae12d","1027569","2023-07-13T02:48:56.000Z","needs_review","0.35"
"dd43938f36e479e4","传染科护理指南","传染科护理指南.pdf","10_護理院感與病安\未標示年份\传染科护理指南.pdf","護理院感與病安","（無）","UNKNOWN","未標示年份","","技術規範／診療指南","護理管理","感染預防與控制","pdf","pdf_text_layer","af178639436161ef385bbad4ae35800c4ca3f95409787a61c338e98e7763c89f","1058564","2025-04-02T05:31:06.000Z","needs_review","0.35"
"7119fc2793f94549","全程护理模式应用于毒蛇咬伤患者的效果分析","全程护理模式应用于毒蛇咬伤患者的效果分析.pdf","10_護理院感與病安\未標示年份\全程护理模式应用于毒蛇咬伤患者的效果分析.pdf","護理院感與病安","（無）","UNKNOWN","未標示年份","","研究論文／文獻","護理管理","感染預防與控制","pdf","pdf_needs_ocr","33d3370722a583c4fdbd1cf37a40e141f45d899eeadc52ba7785d6f61413041f","933416","2025-08-12T02:50:10.000Z","needs_review","0.35"
"a026b9698f1909ba","动画活动问卷用于膝骨关节炎患者的信效度检验","动画活动问卷用于膝骨关节炎患者的信效度检验.pdf","10_護理院感與病安\未標示年份\动画活动问卷用于膝骨关节炎患者的信效度检验.pdf","護理院感與病安","（無）","UNKNOWN","未標示年份","","待確認或非規範文件","護理管理","感染預防與控制；醫技、檢驗與病理","pdf","pdf_needs_ocr","ea5a874da8f15a9d6e7ce53ae467fe4b62e28de58b76c85a1388aac10efd8d54","7079442","2025-04-02T05:28:20.000Z","needs_review","0.35"
"db675a5482839c88","华盛顿大学照顾者压力及益处感知量表的汉化及信效度检验","华盛顿大学照顾者压力及益处感知量表的汉化及信效度检验.pdf","10_護理院感與病安\未標示年份\华盛顿大学照顾者压力及益处感知量表的汉化及信效度检验.pdf","護理院感與病安","（無）","UNKNOWN","未標示年份","","國家或地方標準","護理管理","感染預防與控制；醫技、檢驗與病理","pdf","pdf_text_layer","f4f3f31d1e0f5a2c7baaaf090fcdb107bc306e3a2a071d2c84a1831d6c7e8063","1289226","2025-04-02T05:27:46.000Z","needs_review","0.35"
"73d4909ae58c3454","多发性骨髓瘤护理实践指南","多发性骨髓瘤护理实践指南.pdf","10_護理院感與病安\未標示年份\多发性骨髓瘤护理实践指南.pdf","護理院感與病安","（無）","UNKNOWN","未標示年份","","技術規範／診療指南","護理管理","感染預防與控制","pdf","pdf_text_layer","9c2ebf9b6713f3eddbd11d85c8487ebdad118c3e2c7a8d8f54264741a54866ec","1167224","2024-08-19T01:19:30.000Z","needs_review","0.35"
"845beed19914779d","异种移植免疫学、生理学与生物安全挑战","异种移植免疫学、生理学与生物安全挑战.pdf","10_護理院感與病安\未標示年份\异种移植免疫学、生理学与生物安全挑战.pdf","護理院感與病安","（無）","UNKNOWN","未標示年份","","待確認或非規範文件","護理管理","感染預防與控制","pdf","pdf_needs_ocr","dfa06c06f703b517d854c0ae4d1f3a0b41b9501756eaf2af56da15005c452700","1090592","2026-03-28T02:45:50.000Z","needs_review","0.35"
"83cbbe8ebe29709e","成人化疗相关性恶心呕吐患者中医护理干预的最佳证据总结","成人化疗相关性恶心呕吐患者中医护理干预的最佳证据总结.pdf","10_護理院感與病安\未標示年份\成人化疗相关性恶心呕吐患者中医护理干预的最佳证据总结.pdf","護理院感與病安","（無）","UNKNOWN","未標示年份","","國家或地方標準","護理管理","感染預防與控制","pdf","pdf_text_layer","af57ea799e47292aba16a00a12f7f8873052d0b616546bbf0413db067b9c7228","12024868","2025-04-02T05:33:14.000Z","needs_review","0.35"
"a03d870310ec6524","成人有创机械通气气道内吸引技术操作","成人有创机械通气气道内吸引技术操作.pdf","10_護理院感與病安\未標示年份\成人有创机械通气气道内吸引技术操作.pdf","護理院感與病安","（無）","UNKNOWN","未標示年份","","國家或地方標準","護理管理","感染預防與控制","pdf","pdf_text_layer","ac2ea3ec263f28d637564a1758d40650bf77c53d1c9c2823ff2aebb96ff6b3a4","372607","2021-09-13T04:47:20.000Z","needs_review","0.35"
"7bbb34e631f9e8ed","成人住院患者跌倒风险评估及预防","成人住院患者跌倒风险评估及预防.pdf","10_護理院感與病安\未標示年份\成人住院患者跌倒风险评估及预防.pdf","護理院感與病安","（無）","UNKNOWN","未標示年份","","國家或地方標準","護理管理","感染預防與控制","pdf","pdf_text_layer","3af66feec0ca5356d7be36ce05d5c5dae385b148c1007d4f09b9e02b88a6dd12","325777","2021-09-13T04:47:30.000Z","needs_review","0.35"
"49e1294b61360f95","成人体外膜肺氧合循环辅助护理专家共识","成人体外膜肺氧合循环辅助护理专家共识.pdf","10_護理院感與病安\未標示年份\成人体外膜肺氧合循环辅助护理专家共识.pdf","護理院感與病安","（無）","UNKNOWN","未標示年份","","專家共識","護理管理","感染預防與控制","pdf","pdf_needs_ocr","ddcefcb05b46189c9f0b96f824e3f147131b00aeb7c901c81f82ba12339f360d","16160316","2025-04-02T05:41:04.000Z","needs_review","0.35"
"e0d37f22144f24b3","成人肠内营养支持的护理","成人肠内营养支持的护理.pdf","10_護理院感與病安\未標示年份\成人肠内营养支持的护理.pdf","護理院感與病安","（無）","UNKNOWN","未標示年份","","國家或地方標準","護理管理","感染預防與控制","pdf","pdf_text_layer","98c689ee575ad73bcd6099d91d746303f21655d972a9c18718d4d7c350d71add","406803","2021-09-13T04:47:26.000Z","needs_review","0.35"
"81b602a6bca5e864","成人癌性疼痛护理","成人癌性疼痛护理.pdf","10_護理院感與病安\未標示年份\成人癌性疼痛护理.pdf","護理院感與病安","（無）","UNKNOWN","2009","2009","國家或地方標準","護理管理","感染預防與控制；手術、麻醉與疼痛管理","pdf","pdf_text_layer","d663cd6b166b0d1cb5ba87f1d7d368999a87f1ad1b4121e74410b78389e9ea38","639386","2021-09-13T04:39:08.000Z","needs_review","0.35"
"96ed34da4bbe20fe","托育机构卫生规范广州","托育机构卫生规范广州.pdf","10_護理院感與病安\未標示年份\托育机构卫生规范广州.pdf","護理院感與病安","（無）","UNKNOWN","未標示年份","","待確認或非規範文件","護理管理","感染預防與控制","pdf","pdf_needs_ocr","7d7a9bfc40a3e4fc313d63027887b3cdd27fee27cd124c4bf368e232fe8daafa","1422089","2023-07-13T02:52:14.000Z","needs_review","0.35"
"7530f0910e23cb95","医务人员手卫生规范","医务人员手卫生规范.pdf","10_護理院感與病安\未標示年份\医务人员手卫生规范.pdf","護理院感與病安","（無）","UNKNOWN","2019","2019；2009","國家或地方標準","護理管理","感染預防與控制","pdf","pdf_text_layer","03a1c80985e5cfe5e90d2bf744ba169616ea5bb1fccef1eed2783b33ee5a3b9e","360986","2022-08-26T08:38:14.000Z","needs_review","0.35"
"bd3be7d81efda4c2","医务人员手卫生规范（2）","医务人员手卫生规范（2）.pdf","10_護理院感與病安\未標示年份\医务人员手卫生规范（2）.pdf","護理院感與病安","（無）","UNKNOWN","2019","2019；2009","國家或地方標準","護理管理","感染預防與控制","pdf","pdf_text_layer","03a1c80985e5cfe5e90d2bf744ba169616ea5bb1fccef1eed2783b33ee5a3b9e","360986","2022-08-26T08:38:14.000Z","needs_review","0.35"
"f85fdc4b10c15ea7","医疗卫生人员循证卫生保健相关能力测评量表的编制及信效度检验","医疗卫生人员循证卫生保健相关能力测评量表的编制及信效度检验.pdf","10_護理院感與病安\未標示年份\医疗卫生人员循证卫生保健相关能力测评量表的编制及信效度检验.pdf","護理院感與病安","（無）","UNKNOWN","未標示年份","","國家或地方標準","護理管理","感染預防與控制；醫技、檢驗與病理","pdf","pdf_text_layer","198bfeccc4e55b6a139c704504018a1107f1ae074735a9db497055ae8c26c09e","7257930","2025-04-02T05:27:22.000Z","needs_review","0.35"
"0b1aca95b3a2e46b","医院护工护理服务标准","医院护工护理服务标准.pdf","10_護理院感與病安\未標示年份\医院护工护理服务标准.pdf","護理院感與病安","（無）","UNKNOWN","2018","2018","國家或地方標準","護理管理","感染預防與控制","pdf","pdf_text_layer","6322377b11d25d6fb3b3b76ff08d04c0f67b0750511c84a3376d3c02b1c80dc5","492510","2023-03-31T13:15:38.000Z","needs_review","0.35"
"916bdbfd2fbffb96","含碘对比剂静脉外渗护理管理实践指南","含碘对比剂静脉外渗护理管理实践指南.pdf","10_護理院感與病安\未標示年份\含碘对比剂静脉外渗护理管理实践指南.pdf","護理院感與病安","（無）","UNKNOWN","未標示年份","","技術規範／診療指南","護理管理","感染預防與控制","pdf","pdf_text_layer","598e1bc48b2f20a5368bca9cd5112477e1507c9e3ae317f481ec2b848b12baad","1244887","2024-08-19T01:19:30.000Z","needs_review","0.35"
"d01912f9680fe0a0","护士直觉患者病情恶化量表的汉化及信效度检验","护士直觉患者病情恶化量表的汉化及信效度检验.pdf","10_護理院感與病安\未標示年份\护士直觉患者病情恶化量表的汉化及信效度检验.pdf","護理院感與病安","（無）","UNKNOWN","未標示年份","","待確認或非規範文件","醫療人員與執業管理","護理管理；感染預防與控制；醫技、檢驗與病理","pdf","pdf_needs_ocr","20d1e055ad52827db539b6afa63cdebec265345fc365edef50a5fdc51cda84b1","17503988","2025-04-02T05:28:00.000Z","needs_review","0.35"
"5d769f8c39a0101f","护理分级标准","护理分级标准.pdf","10_護理院感與病安\未標示年份\护理分级标准.pdf","護理院感與病安","（無）","UNKNOWN","未標示年份","","待確認或非規範文件","護理管理","感染預防與控制","pdf","pdf_text_layer","a23bcf0a481ff3688fc45113e105050d4bbc47773dec956bf1932883029e369c","203309","2024-08-09T06:07:52.000Z","needs_review","0.35"
"342a4e33e5adcb7d","护理安全检查表在护理过程管理中的应用_李燕娥","护理安全检查表在护理过程管理中的应用_李燕娥.pdf","10_護理院感與病安\未標示年份\护理安全检查表在护理过程管理中的应用_李燕娥.pdf","護理院感與病安","（無）","UNKNOWN","未標示年份","","查檢表／稽核表","護理管理","感染預防與控制","pdf","pdf_text_layer","503a4370d40915687fb461872fc2ae8d413cc6b5c84578b58b49c92b59f54b66","130531","2025-08-05T07:31:38.000Z","needs_review","0.35"
"f9a94ed8b641a550","护理管理者领导力培训课程的构建","护理管理者领导力培训课程的构建.pdf","10_護理院感與病安\未標示年份\护理管理者领导力培训课程的构建.pdf","護理院感與病安","（無）","UNKNOWN","未標示年份","","教材／簡報／參考資料","護理管理","感染預防與控制；圖書、教育與文件管理","pdf","pdf_needs_ocr","7ff86b03566d18cafbc06d0fef38082a2867691ab781ec1dff6deaa5583a6854","17264101","2025-04-02T05:31:52.000Z","needs_review","0.35"
"6d3713a52b2b8976","国家卫生计生委办公厅关于加强医疗机构卫生间管理工作的通知","国家卫生计生委办公厅关于加强医疗机构卫生间管理工作的通知.pdf","10_護理院感與病安\未標示年份\国家卫生计生委办公厅关于加强医疗机构卫生间管理工作的通知.pdf","護理院感與病安","（無）","UNKNOWN","未標示年份","","國家或地方標準","醫療治理與依法執業","護理管理；感染預防與控制；後勤、建築與設施安全","pdf","pdf_text_layer","2c328c67d6f7a2d8feb447c2af73f96fe319a593110f0cdf27d7582b4e89d547","259525","2022-09-03T08:42:44.000Z","needs_review","0.35"
"9b6661163f3f6a61","国家卫生健康委关于印发食源性疾病监测报告工作规范-试行-的通知","国家卫生健康委关于印发食源性疾病监测报告工作规范-试行-的通知.pdf","10_護理院感與病安\未標示年份\国家卫生健康委关于印发食源性疾病监测报告工作规范-试行-的通知.pdf","護理院感與病安","（無）","UNKNOWN","未標示年份","","公告／通知／函釋","醫療治理與依法執業","護理管理；感染預防與控制；臨床診療與醫療技術","pdf","pdf_text_layer","8868e1c30f60fc087b3dcc91067e73af7601ae73084434cdca67afe8987a6c6c","240148","2022-06-04T06:01:30.000Z","needs_review","0.35"
"046d8a8df89306f5","居家、社区老年医疗护理员服务标准","居家、社区老年医疗护理员服务标准.pdf","10_護理院感與病安\未標示年份\居家、社区老年医疗护理员服务标准.pdf","護理院感與病安","（無）","UNKNOWN","2023","2023；2022","國家或地方標準","護理管理","感染預防與控制","pdf","pdf_text_layer","6f177946bb1924b58702fee8579f3b298a4846456bccef52073b4b8bafbfe846","286090","2026-01-29T02:51:10.000Z","needs_review","0.35"
"567d1d8a915940bd","河北省有限空间作业安全管理规定","河北省有限空间作业安全管理规定.pdf","10_護理院感與病安\未標示年份\河北省有限空间作业安全管理规定.pdf","護理院感與病安","（無）","UNKNOWN","未標示年份","","行政法規／條例","護理管理","感染預防與控制；後勤、建築與設施安全","pdf","pdf_needs_ocr","fdd7282d4c1ea6b760944b589236ea4ee57779dce2114374b7ae9a5f2b68fad7","1763342","2023-04-09T13:16:14.000Z","needs_review","0.35"
"cd8e08e58287fa23","河北省应急避难场所管理办法","河北省应急避难场所管理办法.pdf","10_護理院感與病安\未標示年份\河北省应急避难场所管理办法.pdf","護理院感與病安","（無）","UNKNOWN","未標示年份","","院內制度／SOP","護理管理","感染預防與控制；急診與緊急醫療；消防、治安與應急管理","pdf","pdf_needs_ocr","41077f605a4791336f596aee94e8d84e5475f95bb706b4b5483b4d29dae8834d","1136142","2023-04-09T13:15:14.000Z","needs_review","0.35"
"1f8caba7cda58bc4","现场消毒评价标准","现场消毒评价标准.pdf","10_護理院感與病安\未標示年份\现场消毒评价标准.pdf","護理院感與病安","（無）","UNKNOWN","2022","2022；2002","國家或地方標準","護理管理","感染預防與控制","pdf","pdf_text_layer","57be97ee744a95597bda1622b05b3fd8b694d75a894eb0bfd22e208836ad1d7e","500036","2022-08-26T08:31:12.000Z","needs_review","0.35"
"b5ccd9c2829a0398","运用PDCA循环提升医院病原微生物实验室生物安全管理的策略","运用PDCA循环提升医院病原微生物实验室生物安全管理的策略.pdf","10_護理院感與病安\未標示年份\运用PDCA循环提升医院病原微生物实验室生物安全管理的策略.pdf","護理院感與病安","（無）","UNKNOWN","未標示年份","","待確認或非規範文件","護理管理","感染預防與控制；醫技、檢驗與病理","pdf","pdf_needs_ocr","7e0d4a73cd195746d1a64a8da1dd0528be4c2acd559171ea8446561f3194ec4b","2418538","2026-03-24T04:22:20.000Z","needs_review","0.35"
"20af9eee03bfa27f","附件1-团体标准申投诉管理制度","附件1-团体标准申投诉管理制度.docx","10_護理院感與病安\未標示年份\附件1-团体标准申投诉管理制度.docx","護理院感與病安","（無）","UNKNOWN","2025","2025","研究論文／文獻","護理管理","感染預防與控制；資訊安全與個人資料；臨床研究與人體試驗","docx","office_xml","2afbb11d57c0bb5455f6e3ebd9e5d449eade491c38785ea7981575638453f83c","194140","2026-01-29T03:05:40.000Z","needs_review","0.35"
"7086df53902f684c","附件3-标准化文件管理制度","附件3-标准化文件管理制度.docx","10_護理院感與病安\未標示年份\附件3-标准化文件管理制度.docx","護理院感與病安","（無）","UNKNOWN","2025","2025；2021","醫院評鑑／認證標準","護理管理","感染預防與控制；資訊安全與個人資料；圖書、教育與文件管理","docx","office_xml","cb09840310456c47984749cef5a6aa3b7ab317b3296fe97916d0edb19f68f52e","252319","2026-01-29T03:05:44.000Z","needs_review","0.35"
"f3fc993fa17ece61","临床实验室生物安全指南","临床实验室生物安全指南.pdf","10_護理院感與病安\未標示年份\临床实验室生物安全指南.pdf","護理院感與病安","（無）","UNKNOWN","2024","2024","技術規範／診療指南","護理管理","感染預防與控制；醫技、檢驗與病理；臨床診療與醫療技術","pdf","pdf_text_layer","aafa41b0f3e6b2b923a1abb75984c116b91580f82d72e42ba25b03dbeab0d87b","843205","2026-01-29T02:41:54.000Z","needs_review","0.35"
"276c16263aa4a3e2","便秘的耳穴贴压技术","便秘的耳穴贴压技术.pdf","10_護理院感與病安\未標示年份\便秘的耳穴贴压技术.pdf","護理院感與病安","（無）","UNKNOWN","2019","2019","國家或地方標準","護理管理","感染預防與控制","pdf","pdf_text_layer","fc0c59f632c5014eb63eefb07d6162ec288931f023d334a463dcf058356241ae","626068","2021-09-13T04:39:14.000Z","needs_review","0.35"
"9d0708b78613cdf3","急性缺血性脑卒中静脉溶栓护理指南","急性缺血性脑卒中静脉溶栓护理指南.pdf","10_護理院感與病安\未標示年份\急性缺血性脑卒中静脉溶栓护理指南.pdf","護理院感與病安","（無）","UNKNOWN","2023","2023","技術規範／診療指南","護理管理","感染預防與控制","pdf","pdf_text_layer","14aac412cf3f308bece707b86fa5be492830a10e6dae86fc2b39417600a88b10","985478","2024-08-19T01:19:32.000Z","needs_review","0.35"
"5cc0ba9752534f68","视频监控应用于血液净化中心护理管理中的效果探讨","视频监控应用于血液净化中心护理管理中的效果探讨.pdf","10_護理院感與病安\未標示年份\视频监控应用于血液净化中心护理管理中的效果探讨.pdf","護理院感與病安","（無）","UNKNOWN","未標示年份","","研究論文／文獻","護理管理","感染預防與控制","pdf","pdf_text_layer","b9ad670ae541a5a144e12a95b1f878cfb72cc19b417dba9197598d6741044b37","1339900","2025-04-02T05:25:18.000Z","needs_review","0.35"
"ca82d68d933ac14a","视频监控应用于血液净化中心护理管理中的效果探讨（2）","视频监控应用于血液净化中心护理管理中的效果探讨（2）.pdf","10_護理院感與病安\未標示年份\视频监控应用于血液净化中心护理管理中的效果探讨（2）.pdf","護理院感與病安","（無）","UNKNOWN","未標示年份","","研究論文／文獻","護理管理","感染預防與控制","pdf","pdf_text_layer","b9ad670ae541a5a144e12a95b1f878cfb72cc19b417dba9197598d6741044b37","1339900","2025-04-02T05:25:18.000Z","needs_review","0.35"
"89c04480faed4a5f","食源性疾病监测报告工作规范（试行）","食源性疾病监测报告工作规范（试行）.pdf","10_護理院感與病安\未標示年份\食源性疾病监测报告工作规范（试行）.pdf","護理院感與病安","（無）","UNKNOWN","未標示年份","","待確認或非規範文件","護理管理","感染預防與控制；臨床診療與醫療技術","pdf","pdf_needs_ocr","05a7e441341c9ffc7a1741a94e7b153d73e0e581c2c297a26396c3c2166d6868","1190079","2024-06-28T06:45:06.000Z","needs_review","0.35"
"be310627609b98f0","消毒供應中心管理規範","消毒供應中心管理規範.pdf","10_護理院感與病安\未標示年份\消毒供應中心管理規範.pdf","護理院感與病安","（無）","UNKNOWN","未標示年份","","國家或地方標準","護理管理","感染預防與控制","pdf","pdf_text_layer","43f795ba9f9e34794af0e4f80e89c5a0e8e0a384ef48d77fa330f3140bf543ee","882185","2022-07-01T09:39:32.000Z","needs_review","0.35"
"d26c057ef32943c3","消毒剂消毒效果定性试验标准-应用稀释法","消毒剂消毒效果定性试验标准-应用稀释法.pdf","10_護理院感與病安\未標示年份\消毒剂消毒效果定性试验标准-应用稀释法.pdf","護理院感與病安","（無）","UNKNOWN","未標示年份","","國家或地方標準","護理管理","感染預防與控制","pdf","pdf_text_layer","23cd656a2a7c321397126506443b91ec715424692f30342d6ecd7179de03d81c","266889","2022-02-25T06:58:38.000Z","needs_review","0.35"
"f5fbe20b89658c59","病原微生物实验室生物安全标准体系框架研究","病原微生物实验室生物安全标准体系框架研究.pdf","10_護理院感與病安\未標示年份\病原微生物实验室生物安全标准体系框架研究.pdf","護理院感與病安","（無）","UNKNOWN","未標示年份","","研究論文／文獻","護理管理","感染預防與控制；醫技、檢驗與病理；臨床研究與人體試驗","pdf","pdf_needs_ocr","a2c9df39d148df3789767be8b9a0d86cb1db2587301f7005719abb2dbcff3614","1286537","2026-03-28T02:44:58.000Z","needs_review","0.35"
"2d126c08c6f04c66","病原微生物实验室生物安全通用准则","病原微生物实验室生物安全通用准则.pdf","10_護理院感與病安\未標示年份\病原微生物实验室生物安全通用准则.pdf","護理院感與病安","（無）","UNKNOWN","2002","2002","國家或地方標準","護理管理","感染預防與控制；醫技、檢驗與病理","pdf","pdf_text_layer","770a738dd27fac9bce4b6023deda1b590b3af193ac9c4ea4827cfa6bda5a8dca","708801","2022-10-18T05:34:48.000Z","needs_review","0.35"
"4cef64a2d12707d8","病原微生物菌(毒)种标准株 艾滋病病毒毒株建立技术规范团体标准解读","病原微生物菌(毒)种标准株 艾滋病病毒毒株建立技术规范团体标准解读.pdf","10_護理院感與病安\未標示年份\病原微生物菌(毒)种标准株 艾滋病病毒毒株建立技术规范团体标准解读.pdf","護理院感與病安","（無）","UNKNOWN","未標示年份","","技術規範／診療指南","護理管理","感染預防與控制","pdf","pdf_needs_ocr","3b60bdd6a3c75d5e144219aef6f46c03919221ee5f28f2cbce0d79256dd073da","1493716","2026-03-24T04:26:00.000Z","needs_review","0.35"
"0e98af980aa2f8a3","缺血性脑卒中静脉溶栓护理","缺血性脑卒中静脉溶栓护理.pdf","10_護理院感與病安\未標示年份\缺血性脑卒中静脉溶栓护理.pdf","護理院感與病安","（無）","UNKNOWN","未標示年份","","國家或地方標準","護理管理","感染預防與控制","pdf","pdf_text_layer","963fd9049791c8eebf0927eceb3d44aa0fbe03dcbe6874b1877df3fdf761e82c","975669","2021-09-13T04:47:52.000Z","needs_review","0.35"
"852d82293d613123","脑卒中病人上肢痉挛预防及护理的中西医证据总结","脑卒中病人上肢痉挛预防及护理的中西医证据总结.pdf","10_護理院感與病安\未標示年份\脑卒中病人上肢痉挛预防及护理的中西医证据总结.pdf","護理院感與病安","（無）","UNKNOWN","未標示年份","","國家或地方標準","護理管理","感染預防與控制","pdf","pdf_text_layer","be226960a503aad694a3da67d11013fddf1b333e9c08c835a38bab76ab1608c3","1411786","2025-04-02T05:33:06.000Z","needs_review","0.35"
"e012aeb43f73f105","预防接种工作规范","预防接种工作规范.pdf","10_護理院感與病安\未標示年份\预防接种工作规范.pdf","護理院感與病安","（無）","UNKNOWN","未標示年份","","國家或地方標準","護理管理","感染預防與控制；生殖、婦幼與月子服務","pdf","pdf_text_layer","c8bd65cf49fe43b5e1b5ca25b12d47d162ecaae0f7d121f331ae99fbbc3b2662","1929171","2026-02-04T09:01:08.000Z","needs_review","0.35"
"dab25ce0b06843ec","预防接种异常反应鉴定办法","预防接种异常反应鉴定办法.docx","10_護理院感與病安\未標示年份\预防接种异常反应鉴定办法.docx","護理院感與病安","（無）","UNKNOWN","2008","2008；1980","研究論文／文獻","醫療治理與依法執業","護理管理；藥事與藥品管理；感染預防與控制；病歷、電子病歷與醫療資料；資訊安全與個人資料；醫技、檢驗與病理；臨床診療與醫療技術；生殖、婦幼與月子服務；臨床研究與人體試驗","docx","office_xml","24dff31ae0d25863d5d41ba80e070db1966c2f3fb287783b8799780bc6954e5a","31013","2022-05-25T09:10:14.000Z","needs_review","0.35"
"214fd1bb046500e2","骨关节炎患者的日常护理指南","骨关节炎患者的日常护理指南.pdf","10_護理院感與病安\未標示年份\骨关节炎患者的日常护理指南.pdf","護理院感與病安","（無）","UNKNOWN","未標示年份","","技術規範／診療指南","護理管理","感染預防與控制","pdf","pdf_text_layer","eb11ea60693bee2b9b413c76a9ec4da22778be9bf6d3a4395c1abb9ff057f7c5","1630870","2025-04-02T05:30:58.000Z","needs_review","0.35"
"18a528b3284a388d","基于循证证据谈我国产科的现状与发展","基于循证证据谈我国产科的现状与发展.pdf","10_護理院感與病安\未標示年份\基于循证证据谈我国产科的现状与发展.pdf","護理院感與病安","（無）","UNKNOWN","未標示年份","","待確認或非規範文件","護理管理","感染預防與控制；生殖、婦幼與月子服務","pdf","pdf_needs_ocr","4c75c98f65bf2794e743354b4ea3e0d93e66841932c6ea9e791def2935dfb00f","1219090","2024-08-24T06:30:22.000Z","needs_review","0.35"
"4da7029f79cdbc1e","基于循证的预防鼻胃管非计划性拔管护理方案的变革策略研究","基于循证的预防鼻胃管非计划性拔管护理方案的变革策略研究.pdf","10_護理院感與病安\未標示年份\基于循证的预防鼻胃管非计划性拔管护理方案的变革策略研究.pdf","護理院感與病安","（無）","UNKNOWN","未標示年份","","研究論文／文獻","護理管理","感染預防與控制；臨床研究與人體試驗","pdf","pdf_text_layer","5a370a962eb628f8280b4ad8f35facb1d1e62c826fc1c815252c54b8963e38e0","7210908","2025-04-02T05:31:34.000Z","needs_review","0.35"
"24b65a26660c14a8","清洗消毒滅菌操作規範","清洗消毒滅菌操作規範.pdf","10_護理院感與病安\未標示年份\清洗消毒滅菌操作規範.pdf","護理院感與病安","（無）","UNKNOWN","未標示年份","","國家或地方標準","護理管理","感染預防與控制","pdf","pdf_text_layer","8cfc3b02eb2182adb5aa6d84a102b00f549155a656d646d3488d0827601712ff","1282860","2022-07-01T09:39:02.000Z","needs_review","0.35"
"cb8e630306ae99ae","第 2 部分：清洗消毒及灭菌技术","第 2 部分：清洗消毒及灭菌技术.pdf","10_護理院感與病安\未標示年份\第 2 部分：清洗消毒及灭菌技术.pdf","護理院感與病安","（無）","UNKNOWN","未標示年份","","待確認或非規範文件","護理管理","感染預防與控制","pdf","pdf_text_layer","f3fadf5831aeb7ba38539ccc3a92013e6ae7856a87c5e68aaed08ff3dba8ea4f","318736","2022-07-01T15:00:54.000Z","needs_review","0.35"
"98d6f2d41a653092","第 2 部分：清洗消毒及灭菌技术（2）","第 2 部分：清洗消毒及灭菌技术（2）.pdf","10_護理院感與病安\未標示年份\第 2 部分：清洗消毒及灭菌技术（2）.pdf","護理院感與病安","（無）","UNKNOWN","未標示年份","","待確認或非規範文件","護理管理","感染預防與控制","pdf","pdf_text_layer","f3fadf5831aeb7ba38539ccc3a92013e6ae7856a87c5e68aaed08ff3dba8ea4f","318736","2022-07-01T15:00:54.000Z","needs_review","0.35"
"4e4d73890f31fa66","第二部分清洗消毒滅菌消毒規範","第二部分清洗消毒滅菌消毒規範.pdf","10_護理院感與病安\未標示年份\第二部分清洗消毒滅菌消毒規範.pdf","護理院感與病安","（無）","UNKNOWN","未標示年份","","國家或地方標準","護理管理","感染預防與控制","pdf","pdf_text_layer","7feecf99f57f99b1da1362f296632a72e8298192a2494edfccb9fa252e227822","1285410","2022-07-01T14:54:24.000Z","needs_review","0.35"
"aaab7d67757bbfb2","第二部分清洗消毒滅菌消毒規範（2）","第二部分清洗消毒滅菌消毒規範（2）.pdf","10_護理院感與病安\未標示年份\第二部分清洗消毒滅菌消毒規範（2）.pdf","護理院感與病安","（無）","UNKNOWN","未標示年份","","國家或地方標準","護理管理","感染預防與控制","pdf","pdf_text_layer","7feecf99f57f99b1da1362f296632a72e8298192a2494edfccb9fa252e227822","1285410","2022-07-01T14:54:24.000Z","needs_review","0.35"
"6ec07d0b4f3199ac","第三部分清洗消毒滅菌監測標準","第三部分清洗消毒滅菌監測標準.pdf","10_護理院感與病安\未標示年份\第三部分清洗消毒滅菌監測標準.pdf","護理院感與病安","（無）","UNKNOWN","未標示年份","","待確認或非規範文件","護理管理","感染預防與控制","pdf","pdf_text_layer","7a8e7f7ab24efa0afdb0b5aee73b1b53e0463dfb1f475005bf5acc8c0cca9914","903956","2022-07-01T09:38:28.000Z","needs_review","0.35"
"f1581c18e468ad0d","第三部分清洗消毒滅菌監測標準（2）","第三部分清洗消毒滅菌監測標準（2）.pdf","10_護理院感與病安\未標示年份\第三部分清洗消毒滅菌監測標準（2）.pdf","護理院感與病安","（無）","UNKNOWN","未標示年份","","待確認或非規範文件","護理管理","感染預防與控制","pdf","pdf_text_layer","7a8e7f7ab24efa0afdb0b5aee73b1b53e0463dfb1f475005bf5acc8c0cca9914","903956","2022-07-01T09:38:28.000Z","needs_review","0.35"
"c0d4fbb67249b3cf","膀胱癌膀胱灌注全流程管理护理专家共识","膀胱癌膀胱灌注全流程管理护理专家共识.pdf","10_護理院感與病安\未標示年份\膀胱癌膀胱灌注全流程管理护理专家共识.pdf","護理院感與病安","（無）","UNKNOWN","未標示年份","","專家共識","護理管理","感染預防與控制","pdf","pdf_needs_ocr","5fbe3f652c17d6ed30b11b0bdf09d45d6a103defc685c7ca116fabb088f89bc6","1637331","2025-06-03T04:00:06.000Z","needs_review","0.35"
"f5da186813a938be","静脉治疗护理技术操作标准","静脉治疗护理技术操作标准.pdf","10_護理院感與病安\未標示年份\静脉治疗护理技术操作标准.pdf","護理院感與病安","（無）","UNKNOWN","未標示年份","","待確認或非規範文件","護理管理","感染預防與控制；臨床診療與醫療技術","pdf","pdf_text_layer","3ba92131c4d3432a6655c51f6305f4feeaa86b092701dc42c6c9ae6e2f8affee","289590","2024-08-09T06:08:04.000Z","needs_review","0.35"
"0677fbb6ba7410b4","醫療機構因應COVID-19清潔人員管理原則","醫療機構因應COVID-19清潔人員管理原則.pdf","10_護理院感與病安\未標示年份\醫療機構因應COVID-19清潔人員管理原則.pdf","護理院感與病安","（無）","UNKNOWN","未標示年份","","國家或地方標準","醫療治理與依法執業","醫療人員與執業管理；護理管理；感染預防與控制","pdf","pdf_text_layer","2e0ee02cb02ae71f0e1a7feacff10dfb5d0e5d26dd1b4459dcf752bc9a9707c3","806183","2023-05-22T01:52:52.000Z","needs_review","0.35"
"ad58215d59308589","醫療機構環境表面消毒規範","醫療機構環境表面消毒規範.pdf","10_護理院感與病安\未標示年份\醫療機構環境表面消毒規範.pdf","護理院感與病安","（無）","UNKNOWN","未標示年份","","國家或地方標準","醫療治理與依法執業","護理管理；感染預防與控制；環境、能源與醫療廢棄物","pdf","pdf_text_layer","06e4d09c791bc43896e31b36e52c1689425d0231e660b56bb451968c6d193fde","858697","2022-07-01T09:41:08.000Z","needs_review","0.35"
"def5951661062f2b","醫療織物洗滌規範","醫療織物洗滌規範.pdf","10_護理院感與病安\未標示年份\醫療織物洗滌規範.pdf","護理院感與病安","（無）","UNKNOWN","未標示年份","","國家或地方標準","護理管理","感染預防與控制","pdf","pdf_text_layer","80ce9a94cfba6e2e32cac05f1900dd6207b8cfe7a9361a8c326c8cb953c99e38","1254066","2022-07-01T09:40:42.000Z","needs_review","0.35"
"9023322aa94d2666","NICE指南导向下姑息护理对心力衰竭终末期患者的影响","NICE指南导向下姑息护理对心力衰竭终末期患者的影响.pdf","10_護理院感與病安\未標示年份\NICE指南导向下姑息护理对心力衰竭终末期患者的影响.pdf","護理院感與病安","（無）","UNKNOWN","未標示年份","","技術規範／診療指南","護理管理","感染預防與控制","pdf","pdf_needs_ocr","092f5fb52bdd7d0b0918933a946085c9067d6a0c70aeb4883be52edb2e60d87f","10881515","2025-04-02T05:30:30.000Z","needs_review","0.35"
"929ec029740e0640","PDCA循环提高脓毒症患者集束化治疗完成率的效果研究","PDCA循环提高脓毒症患者集束化治疗完成率的效果研究.pdf","10_護理院感與病安\未標示年份\PDCA循环提高脓毒症患者集束化治疗完成率的效果研究.pdf","護理院感與病安","（無）","UNKNOWN","未標示年份","","研究論文／文獻","護理管理","感染預防與控制；臨床診療與醫療技術；臨床研究與人體試驗","pdf","pdf_needs_ocr","b88759e915b0c9b0eee621105ef9d81950336f8445c3142948a0feba120061cb","1558515","2024-08-24T05:55:58.000Z","needs_review","0.35"
"fbcf2236c18b8673","PICC 尖端心腔内电图定位技术","PICC 尖端心腔内电图定位技术.pdf","10_護理院感與病安\未標示年份\PICC 尖端心腔内电图定位技术.pdf","護理院感與病安","（無）","UNKNOWN","未標示年份","","國家或地方標準","護理管理","感染預防與控制","pdf","pdf_text_layer","8808d6b93e4d24420ae135ffec7bf7b61bc645d11e1f6bcedec61eab89d8c5a7","784812","2021-09-13T04:47:56.000Z","needs_review","0.35"
"609b45d17242e830","成人肠外营养处方审核专家共识","成人肠外营养处方审核专家共识.pdf","11_藥學\未標示年份\成人肠外营养处方审核专家共识.pdf","藥學","（無）","UNKNOWN","未標示年份","","專家共識","藥事與藥品管理","","pdf","pdf_needs_ocr","c368ae58a21512e6d1a0dc6f8a505d7427f884e782840ceebcc0883443663155","1690179","2025-08-23T02:41:32.000Z","needs_review","0.35"
"c6c7182fe31294f2","康复医院基本标准（2012年版）","康复医院基本标准（2012年版）.docx","13_檢驗與病理\2012\康复医院基本标准（2012年版）.docx","檢驗與病理","（無）","UNKNOWN","2012","2012；1994","研究論文／文獻","醫療治理與依法執業","醫院評鑑與醫療品質；醫療人員與執業管理；護理管理；感染預防與控制；病歷、電子病歷與醫療資料；資訊安全與個人資料；醫技、檢驗與病理；臨床診療與醫療技術；手術、麻醉與疼痛管理；醫療器材與設備；後勤、建築與設施安全","docx","office_xml","1dc7b50d3ed4a294bb1a5df98aef372e928f2ca2bad2636ddb9f3031dffb7887","17685","2022-06-08T06:26:34.000Z","needs_review","0.35"
"da59f408a6b6487e","康复医院基本标准（2012年版）（2）","康复医院基本标准（2012年版）（2）.docx","13_檢驗與病理\2012\康复医院基本标准（2012年版）（2）.docx","檢驗與病理","（無）","UNKNOWN","2012","2012；1994","研究論文／文獻","醫療治理與依法執業","醫院評鑑與醫療品質；醫療人員與執業管理；護理管理；感染預防與控制；病歷、電子病歷與醫療資料；資訊安全與個人資料；醫技、檢驗與病理；臨床診療與醫療技術；手術、麻醉與疼痛管理；醫療器材與設備；後勤、建築與設施安全","docx","office_xml","1dc7b50d3ed4a294bb1a5df98aef372e928f2ca2bad2636ddb9f3031dffb7887","17685","2022-06-08T06:26:34.000Z","needs_review","0.35"
"fd0ff356aa607e74","SB_T 10732-2012 营养师岗位技能要求","SB_T 10732-2012 营养师岗位技能要求.pdf","13_檢驗與病理\2012\SB_T 10732-2012 营养师岗位技能要求.pdf","檢驗與病理","（無）","UNKNOWN","2012","2012","待確認或非規範文件","醫技、檢驗與病理","","pdf","pdf_needs_ocr","da32382f192b16c5ac1c79254110269b249c23f616d9d826767b99eb5800d4ba","1735232","2024-10-06T07:43:22.000Z","needs_review","0.35"
"88437f013f24c32b","WS_T 467-2014 核和辐射事故医学响应程序","WS_T 467-2014 核和辐射事故医学响应程序.pdf","13_檢驗與病理\2014\WS_T 467-2014 核和辐射事故医学响应程序.pdf","檢驗與病理","（無）","UNKNOWN","2014","2014","國家或地方標準","醫技、檢驗與病理","","pdf","pdf_needs_ocr","43b291e55b1f04a0408217845a798b7b4fd665acfed46f8e010425be669a5d72","13782486","2023-10-25T04:05:08.000Z","needs_review","0.35"
"453a035e5f3f1a64","DB11_T 1368-2016 实验室危险废物污染防治技术规范","DB11_T 1368-2016 实验室危险废物污染防治技术规范.pdf","13_檢驗與病理\2016\DB11_T 1368-2016 实验室危险废物污染防治技术规范.pdf","檢驗與病理","（無）","UNKNOWN","2016","2016；2025；2017；2009；2001","技術規範／診療指南","醫技、檢驗與病理","","pdf","pdf_text_layer","b19a2279f77cbcd428c0365e32e86795439d8a9052a853e7ab42358afa039acb","454430","2025-09-10T09:22:32.000Z","needs_review","0.35"
"93b60746f42c780b","DB22T 2854-2017 内镜超声引导下细针穿刺吸取活检术技术规程","DB22T 2854-2017 内镜超声引导下细针穿刺吸取活检术技术规程.pdf","13_檢驗與病理\2017\DB22T 2854-2017 内镜超声引导下细针穿刺吸取活检术技术规程.pdf","檢驗與病理","（無）","UNKNOWN","2017","2017","國家或地方標準","醫技、檢驗與病理","","pdf","pdf_text_layer","182f2776f8bac115d23119ba276208a2d4232fa5e0d8ae8f0c72b1c5d47ef2a4","271799","2024-05-29T11:11:00.000Z","needs_review","0.35"
"bb1c3d74962427af","DB31_T 1052-2017 临床核医学工作场所放射防护与检测评价规","DB31_T 1052-2017 临床核医学工作场所放射防护与检测评价规.pdf","13_檢驗與病理\2017\DB31_T 1052-2017 临床核医学工作场所放射防护与检测评价规.pdf","檢驗與病理","（無）","UNKNOWN","2017","2017","國家或地方標準","醫技、檢驗與病理","臨床診療與醫療技術；職業安全與員工健康","pdf","pdf_needs_ocr","c4f947a86cde146f588bdc8261fb728600db360bb90ee3af9c2d3b2eae4974c9","4081700","2023-10-25T04:04:32.000Z","needs_review","0.35"
"a4966f64dfd2e100","WS 533-2017 临床核医学患者防护要求","WS 533-2017 临床核医学患者防护要求.pdf","13_檢驗與病理\2017\WS 533-2017 临床核医学患者防护要求.pdf","檢驗與病理","（無）","UNKNOWN","2017","2017","國家或地方標準","醫技、檢驗與病理","臨床診療與醫療技術","pdf","pdf_text_layer","3a380d3bb4b2572cf75077b35e6f03cb911914eccd22cb9c1f9a6d87aa49e5b2","2220312","2023-10-25T04:09:22.000Z","needs_review","0.35"
"0ac71e6c074c6716","医疗技术临床应用管理办法2018","医疗技术临床应用管理办法2018.pdf","13_檢驗與病理\2018\医疗技术临床应用管理办法2018.pdf","檢驗與病理","（無）","UNKNOWN","2018","2018","國家或地方標準","醫技、檢驗與病理","臨床診療與醫療技術","pdf","pdf_text_layer","e04f512c704d73112e530026d4f4a6c7c92a1947ba56235dc9e40115be37231a","270918","2022-05-20T12:43:54.000Z","needs_review","0.35"
"a895f59c671c36f7","DB41T 847-2019 医用氧舱安装监督检验规程","DB41T 847-2019 医用氧舱安装监督检验规程.pdf","13_檢驗與病理\2019\DB41T 847-2019 医用氧舱安装监督检验规程.pdf","檢驗與病理","（無）","UNKNOWN","2019","2019；2013；1999","國家或地方標準","醫技、檢驗與病理","","pdf","pdf_text_layer","eb43cc1a16ba39598ebf413fd970e8e47cc48e3767a2da5d7343a111a78ddddd","370237","2024-11-22T01:18:02.000Z","needs_review","0.35"
"35398d3c06de4546","TCAAP 004-2019 微高压氧舱","TCAAP 004-2019 微高压氧舱.pdf","13_檢驗與病理\2019\TCAAP 004-2019 微高压氧舱.pdf","檢驗與病理","（無）","UNKNOWN","2019","2019","國家或地方標準","醫技、檢驗與病理","","pdf","pdf_text_layer","1d2ccb32cb4ca2b01022fbc202454f8ed578d7b6477a73219d5bc2da059ba5bb","675352","2024-11-22T01:14:52.000Z","needs_review","0.35"
"f79a4e00c8b3757e","TSDQE 003-2019 泰山品质 医用空气加压氧舱","TSDQE 003-2019 泰山品质 医用空气加压氧舱.pdf","13_檢驗與病理\2019\TSDQE 003-2019 泰山品质 医用空气加压氧舱.pdf","檢驗與病理","（無）","UNKNOWN","2019","2019","待確認或非規範文件","醫技、檢驗與病理","","pdf","pdf_text_layer","e532c706fc792218030cc4fd6029579b790791580776345c646101b44838959f","443209","2024-11-22T01:17:38.000Z","needs_review","0.35"
"5150ffc8d24d5c9a","TZYYX 002-2019 经尿道前列腺等离子电切手术操作技术规范","TZYYX 002-2019 经尿道前列腺等离子电切手术操作技术规范.pdf","13_檢驗與病理\2019\TZYYX 002-2019 经尿道前列腺等离子电切手术操作技术规范.pdf","檢驗與病理","（無）","UNKNOWN","2019","2019；2018；2016；2013；2009","技術規範／診療指南","醫技、檢驗與病理","手術、麻醉與疼痛管理","pdf","pdf_text_layer","ad766c1d0bb5c4b38de569ff144202382b21206fb881b4e7f02ed1e777db5487","161278","2025-08-03T17:04:22.000Z","needs_review","0.35"
"10ec461e7554f4c4","DB32_T 3906-2020 介入放射学和临床核医学放射工作人员 职","DB32_T 3906-2020 介入放射学和临床核医学放射工作人员 职.pdf","13_檢驗與病理\2020\DB32_T 3906-2020 介入放射学和临床核医学放射工作人员 职.pdf","檢驗與病理","（無）","UNKNOWN","2020","2020","國家或地方標準","醫技、檢驗與病理","臨床診療與醫療技術","pdf","pdf_needs_ocr","fe2f5baa23978e17951e41fd13e2b3f3f70a358fdfbc4f9f5596b05069fba8e3","3265064","2024-06-21T01:42:02.000Z","needs_review","0.35"
"fec69b58c65a255e","DB37T 3884-2020医用空气加压氧舱安全风险分级管控","DB37T 3884-2020医用空气加压氧舱安全风险分级管控.pdf","13_檢驗與病理\2020\DB37T 3884-2020医用空气加压氧舱安全风险分级管控.pdf","檢驗與病理","（無）","UNKNOWN","2020","2020","國家或地方標準","醫技、檢驗與病理","","pdf","pdf_text_layer","dcee7ac176aec99df2695ebe3102b333a52ddd004f166c91c0e7ea2b5e719194","493570","2024-11-22T01:12:36.000Z","needs_review","0.35"
"eb00004f2e31549a","GB-T 29790-2020","GB-T 29790-2020.pdf","13_檢驗與病理\2020\GB-T 29790-2020.pdf","檢驗與病理","（無）","UNKNOWN","2020","2020","國家或地方標準","醫技、檢驗與病理","","pdf","pdf_needs_ocr","8bb8e4c1fa2d494cc2ba5e5563af3ad6dbc44863e3577eca988adc8fe8954bd4","4479672","2022-09-25T04:43:24.000Z","needs_review","0.35"
"42ab6675d816d55f","GB-T 29790-2020poct","GB-T 29790-2020poct.pdf","13_檢驗與病理\2020\GB-T 29790-2020poct.pdf","檢驗與病理","（無）","UNKNOWN","2020","2020","國家或地方標準","醫技、檢驗與病理","","pdf","pdf_needs_ocr","394ee31fe2dec68325dde89427966f33a6fe4e0c0e91f4fc8249fd37dcf73946","4479603","2022-09-25T04:30:32.000Z","needs_review","0.35"
"1941f70684d7051e","GBZ 120-2020 核医学放射防护要求","GBZ 120-2020 核医学放射防护要求.pdf","13_檢驗與病理\2020\GBZ 120-2020 核医学放射防护要求.pdf","檢驗與病理","（無）","UNKNOWN","2020","2020；2009；2006；2002；1996","國家或地方標準","醫技、檢驗與病理","","pdf","pdf_text_layer","e6d23a3457756a0138c1c77a2d064123744f7bbd611e9602604258158ac16bdc","8995103","2023-10-25T04:06:30.000Z","needs_review","0.35"
"2a44f5d5d54dcb60","TCHAS 10-2-29.-2020附件2临床营养标准","TCHAS 10-2-29.-2020附件2临床营养标准.pdf","13_檢驗與病理\2020\TCHAS 10-2-29.-2020附件2临床营养标准.pdf","檢驗與病理","（無）","UNKNOWN","2020","2020","國家或地方標準","醫技、檢驗與病理","臨床診療與醫療技術","pdf","pdf_text_layer","a6955010c87f55fe7fc4ef9c1d7d37409288b519ed4a93574a89dc62d28e8090","1202658","2022-06-20T03:59:30.000Z","needs_review","0.35"
"26fa9db8441aaa80","TCNSS 004-2020","TCNSS 004-2020.pdf","13_檢驗與病理\2020\TCNSS 004-2020.pdf","檢驗與病理","（無）","UNKNOWN","2020","2020","待確認或非規範文件","醫技、檢驗與病理","","pdf","pdf_needs_ocr","c3660c11df7587d5130fff2200c19c994db2b23a77f8f91abdbd8867086a1c58","3191851","2024-10-06T07:34:34.000Z","needs_review","0.35"
"f1aefbe608b0bedb","核医学放射防护要求2021","核医学放射防护要求2021.pdf","13_檢驗與病理\2021\核医学放射防护要求2021.pdf","檢驗與病理","（無）","UNKNOWN","2021","2021；2009；2006；2002；1996","國家或地方標準","醫技、檢驗與病理","","pdf","pdf_text_layer","ef8388b722642bc32bb8f3fbb930a4bce9cafe99f5b3242c7e055472ef7be15e","5106529","2022-06-20T08:43:36.000Z","needs_review","0.35"
"e2bd34219c6bcd01","DB22T 3263-2021 内镜逆行胰胆管造影术操作规程","DB22T 3263-2021 内镜逆行胰胆管造影术操作规程.pdf","13_檢驗與病理\2021\DB22T 3263-2021 内镜逆行胰胆管造影术操作规程.pdf","檢驗與病理","（無）","UNKNOWN","2021","2021","國家或地方標準","醫技、檢驗與病理","","pdf","pdf_text_layer","626b6303c1a6e50ea4b5e846b2e77e3173f3149e7a28bf9f4c3b5239b0c9c409","380984","2024-05-29T11:10:28.000Z","needs_review","0.35"
"af12cad4967635b0","HJ 1188-2021 核医学辐射防护与安全要求","HJ 1188-2021 核医学辐射防护与安全要求.pdf","13_檢驗與病理\2021\HJ 1188-2021 核医学辐射防护与安全要求.pdf","檢驗與病理","（無）","UNKNOWN","2021","2021","國家或地方標準","醫技、檢驗與病理","","pdf","pdf_text_layer","f40f482fe1e990637445b3a5c2954d343c5f55bc32dc6e31a354a6bbd4f7e7c2","711344","2023-10-25T04:05:32.000Z","needs_review","0.35"
"d1757fba2492ed08","T_CHAA 013-2021 医疗机构营养配膳员操作规范","T_CHAA 013-2021 医疗机构营养配膳员操作规范.pdf","13_檢驗與病理\2021\T_CHAA 013-2021 医疗机构营养配膳员操作规范.pdf","檢驗與病理","（無）","UNKNOWN","2021","2021","待確認或非規範文件","醫療治理與依法執業","醫技、檢驗與病理","pdf","pdf_needs_ocr","738755c494244ab18e9dc17d604f8e56fa96f8185f0ed1dc2e7f5476226d66ac","2337357","2024-10-06T07:42:44.000Z","needs_review","0.35"
"abb7685822c319c2","TCNMIA 0032-2021 独立病理诊断中心病理检验所能力评价标准","TCNMIA 0032-2021 独立病理诊断中心病理检验所能力评价标准.pdf","13_檢驗與病理\2021\TCNMIA 0032-2021 独立病理诊断中心病理检验所能力评价标准.pdf","檢驗與病理","（無）","UNKNOWN","2021","2021；2016；2015；2009","國家或地方標準","醫技、檢驗與病理","","pdf","pdf_text_layer","384687534e6952026650c2a0768de28028688281ae28dbee7c2942753662a4b9","1026299","2025-08-14T05:26:00.000Z","needs_review","0.35"
"1154de1fff3b5560","TGDASE 0026-2021 氧舱维护保养实际操作技能考试规范","TGDASE 0026-2021 氧舱维护保养实际操作技能考试规范.pdf","13_檢驗與病理\2021\TGDASE 0026-2021 氧舱维护保养实际操作技能考试规范.pdf","檢驗與病理","（無）","UNKNOWN","2021","2021","國家或地方標準","醫技、檢驗與病理","","pdf","pdf_text_layer","71ffa89b37935665c611d2934fe9b289bcce411cd7fac1fadf5a838569244559","670615","2024-11-22T01:17:26.000Z","needs_review","0.35"
"cf6aa4f4da87e78b","日间手术推荐目录（2022年版）","日间手术推荐目录（2022年版）.pdf","13_檢驗與病理\2022\日间手术推荐目录（2022年版）.pdf","檢驗與病理","（無）","UNKNOWN","2022","2022；2000；1902；1900","待確認或非規範文件","醫技、檢驗與病理","手術、麻醉與疼痛管理","pdf","pdf_text_layer","2bd65a50d14536d81a4d1e158f8f203b0f2e3be69d8212be2bddecf9ab66cd81","332622","2022-06-04T08:04:02.000Z","needs_review","0.35"
"2ad740c0415b880e","DB31_T 1343-2022 医用超声探头消毒卫生要求","DB31_T 1343-2022 医用超声探头消毒卫生要求.pdf","13_檢驗與病理\2022\DB31_T 1343-2022 医用超声探头消毒卫生要求.pdf","檢驗與病理","（無）","UNKNOWN","2022","2022；2021；2020；2019；2013；2008","國家或地方標準","感染預防與控制","醫技、檢驗與病理","pdf","pdf_text_layer","a6ee18005a9a11d0dcdbd9c14cecdb6b1335b5cf221ef0d20513069799b1f69e","982965","2023-08-11T08:55:54.000Z","needs_review","0.35"
"6d95f4addf35a0a7","T_GDMDMA 0006-2022 可移动式智能高压供氧系统","T_GDMDMA 0006-2022 可移动式智能高压供氧系统.pdf","13_檢驗與病理\2022\T_GDMDMA 0006-2022 可移动式智能高压供氧系统.pdf","檢驗與病理","（無）","UNKNOWN","2022","2022","國家或地方標準","醫技、檢驗與病理","","pdf","pdf_text_layer","8365bfbab589a194803a4800b161622a8654704fbb88c50f92ff2a23f8beaac9","333081","2024-11-22T01:14:40.000Z","needs_review","0.35"
"af6280d71f15c86a","T_GDNAS 019-2022 成人住院患者营养风险筛查与评定及预防护","T_GDNAS 019-2022 成人住院患者营养风险筛查与评定及预防护.pdf","13_檢驗與病理\2022\T_GDNAS 019-2022 成人住院患者营养风险筛查与评定及预防护.pdf","檢驗與病理","（無）","UNKNOWN","2022","2022","國家或地方標準","醫技、檢驗與病理","","pdf","pdf_text_layer","d1aaaf46afacf19a2ba8f29220158aa7de20cb3759702395aef52c06a49b6816","300440","2023-06-09T05:40:32.000Z","needs_review","0.35"
"565cf77ffe74806c","T_GDNAS 019-2022 成人住院患者营养风险筛查与评定及预防护（2）","T_GDNAS 019-2022 成人住院患者营养风险筛查与评定及预防护（2）.pdf","13_檢驗與病理\2022\T_GDNAS 019-2022 成人住院患者营养风险筛查与评定及预防护（2）.pdf","檢驗與病理","（無）","UNKNOWN","2022","2022","國家或地方標準","醫技、檢驗與病理","","pdf","pdf_text_layer","d1aaaf46afacf19a2ba8f29220158aa7de20cb3759702395aef52c06a49b6816","300440","2024-07-25T02:37:02.000Z","needs_review","0.35"
"d8e5c0e64e0069fe","T_GDPMAA 0011-2022 医疗机构分子病理实验室建设规范","T_GDPMAA 0011-2022 医疗机构分子病理实验室建设规范.pdf","13_檢驗與病理\2022\T_GDPMAA 0011-2022 医疗机构分子病理实验室建设规范.pdf","檢驗與病理","（無）","UNKNOWN","2022","2022","待確認或非規範文件","醫療治理與依法執業","醫技、檢驗與病理","pdf","pdf_text_layer","807ce6ae6e09784d65aad5dcff6e96ed72ca13a0d8962b957b0ef11d9e2fecb8","1487166","2025-08-14T05:24:38.000Z","needs_review","0.35"
"2e3df6380aac8723","T_GTM 019-2022 实验室废弃危化品安全处理技术规范","T_GTM 019-2022 实验室废弃危化品安全处理技术规范.pdf","13_檢驗與病理\2022\T_GTM 019-2022 实验室废弃危化品安全处理技术规范.pdf","檢驗與病理","（無）","UNKNOWN","2022","2022","技術規範／診療指南","醫技、檢驗與病理","","pdf","pdf_text_layer","3a460dfb3034959e1909439caaafa7f1c084ea73cc5bd38cba3eb155a2b6fa06","134782","2024-06-21T01:45:20.000Z","needs_review","0.35"
"1a669724bdaff393","T_NAHIEM 56-2022 医疗机构放疗中心建设标准","T_NAHIEM 56-2022 医疗机构放疗中心建设标准.pdf","13_檢驗與病理\2022\T_NAHIEM 56-2022 医疗机构放疗中心建设标准.pdf","檢驗與病理","（無）","UNKNOWN","2022","2022","待確認或非規範文件","醫療治理與依法執業","醫技、檢驗與病理","pdf","pdf_needs_ocr","03b7a3de29d7179c15e51460ca1ef5ba5db2410e8000ead1c96894b2ef78948c","13015473","2023-08-11T09:12:26.000Z","needs_review","0.35"
"38f30ceb4a8ccac1","T_SCIIA 1-2022 核医学智慧辐射安全智能机房系统技术规范","T_SCIIA 1-2022 核医学智慧辐射安全智能机房系统技术规范.pdf","13_檢驗與病理\2022\T_SCIIA 1-2022 核医学智慧辐射安全智能机房系统技术规范.pdf","檢驗與病理","（無）","UNKNOWN","2022","2022","技術規範／診療指南","醫技、檢驗與病理","","pdf","pdf_text_layer","8ba2ce50664f64a96bffa865c717c463f2294d153fcf32bacf8456b0358bf8ec","422494","2023-10-25T04:04:10.000Z","needs_review","0.35"
"f40efd4b9e90dc92","T_WSJD 21-2022 内镜储存干燥柜卫生要求","T_WSJD 21-2022 内镜储存干燥柜卫生要求.pdf","13_檢驗與病理\2022\T_WSJD 21-2022 内镜储存干燥柜卫生要求.pdf","檢驗與病理","（無）","UNKNOWN","2022","2022","國家或地方標準","醫技、檢驗與病理","","pdf","pdf_text_layer","583c12bf5647e435156964e7814cf74117f77bc629f84f7242b15219cce603df","305756","2024-05-29T11:09:02.000Z","needs_review","0.35"
"74224207e03e2c18","T_ZGCMITT 005-2022 聚焦超声消融手术临床管理与应用要求","T_ZGCMITT 005-2022 聚焦超声消融手术临床管理与应用要求.pdf","13_檢驗與病理\2022\T_ZGCMITT 005-2022 聚焦超声消融手术临床管理与应用要求.pdf","檢驗與病理","（無）","UNKNOWN","2022","2022","國家或地方標準","醫技、檢驗與病理","臨床診療與醫療技術；手術、麻醉與疼痛管理","pdf","pdf_text_layer","e5b65aa6373267b254209179bf967c5f9109188e03e5c29c55d0f052908e59b4","561256","2023-10-25T04:14:46.000Z","needs_review","0.35"
"ae24b58bfea037a0","行业标准-手术部位标示(WST813-2023)","行业标准-手术部位标示(WST813-2023).pdf","13_檢驗與病理\2023\行业标准-手术部位标示(WST813-2023).pdf","檢驗與病理","（無）","UNKNOWN","2023","2023","國家或地方標準","醫技、檢驗與病理","手術、麻醉與疼痛管理","pdf","pdf_text_layer","efd7d1a1325f8d81459675d54606562df8fd5d4f408ef921237fb38a115ad47f","397306","2023-10-10T01:36:22.000Z","needs_review","0.35"
"0179225b8f3a397f","DB3205_T 1099-2023 精神障碍社区康复服务工作规范","DB3205_T 1099-2023 精神障碍社区康复服务工作规范.pdf","13_檢驗與病理\2023\DB3205_T 1099-2023 精神障碍社区康复服务工作规范.pdf","檢驗與病理","（無）","UNKNOWN","2023","2023","國家或地方標準","醫技、檢驗與病理","","pdf","pdf_text_layer","03b944abeac5d26486c4fad6906a73dea974da20ba7d4db932220bb05db36219","378376","2024-03-18T05:56:10.000Z","needs_review","0.35"
"b913790591596bc4","DB34_T 4512-2023 医院膳食服务规范","DB34_T 4512-2023 医院膳食服务规范.pdf","13_檢驗與病理\2023\DB34_T 4512-2023 医院膳食服务规范.pdf","檢驗與病理","（無）","UNKNOWN","2023","2023","國家或地方標準","醫技、檢驗與病理","","pdf","pdf_text_layer","ae54403456e6aaad511a9f41582418938e45dd6300cbcf51af2ccbabced552ab","409048","2023-11-15T01:52:10.000Z","needs_review","0.35"
"0d6cb88dc1f71de0","DB34_T 4620-2023 疼痛科治疗室建设规范","DB34_T 4620-2023 疼痛科治疗室建设规范.pdf","13_檢驗與病理\2023\DB34_T 4620-2023 疼痛科治疗室建设规范.pdf","檢驗與病理","（無）","UNKNOWN","2023","2023","國家或地方標準","醫技、檢驗與病理","臨床診療與醫療技術；手術、麻醉與疼痛管理","pdf","pdf_text_layer","d851783ab05368e864a3692c374382665251e0084c5987f18feb7666c16ff688","151958","2026-04-29T05:19:20.000Z","needs_review","0.35"
"286b397dd9c65ab4","DB44_T 2428-2023 中医院临床实验室定量生化检验结果的自动","DB44_T 2428-2023 中医院临床实验室定量生化检验结果的自动.pdf","13_檢驗與病理\2023\DB44_T 2428-2023 中医院临床实验室定量生化检验结果的自动.pdf","檢驗與病理","（無）","UNKNOWN","2023","2023；2018","國家或地方標準","醫技、檢驗與病理","臨床診療與醫療技術","pdf","pdf_text_layer","fe349b0e5ad0b33a327aaa96155998c12ac845839d750f1517a6ed7eb11be2ee","948736","2024-05-15T06:35:56.000Z","needs_review","0.35"
"52775327463f92eb","T_BJACM 006-2023 慢性、重大疾病、肢体伤残疾病中医康复方","T_BJACM 006-2023 慢性、重大疾病、肢体伤残疾病中医康复方.pdf","13_檢驗與病理\2023\T_BJACM 006-2023 慢性、重大疾病、肢体伤残疾病中医康复方.pdf","檢驗與病理","（無）","UNKNOWN","2023","2023","待確認或非規範文件","醫技、檢驗與病理","臨床診療與醫療技術","pdf","pdf_text_layer","84f6fe4f42899130a97eb258b24850e6e23a24f3f9db594c406c79f4b357dbf5","7544944","2024-03-18T05:55:30.000Z","needs_review","0.35"
"8df37ab259b74718","T_CARM 002-2023 康复医院建设标准","T_CARM 002-2023 康复医院建设标准.pdf","13_檢驗與病理\2023\T_CARM 002-2023 康复医院建设标准.pdf","檢驗與病理","（無）","UNKNOWN","2023","2023","待確認或非規範文件","醫技、檢驗與病理","","pdf","pdf_text_layer","1cbc1b700c9277ae5ce2e5b20609775759bec684fb03545a941738f41cf7a108","293578","2024-03-18T05:57:12.000Z","needs_review","0.35"
"c64f17a6d76c1da7","T_CARM 003-2023 康复治疗师岗位能力要求","T_CARM 003-2023 康复治疗师岗位能力要求.pdf","13_檢驗與病理\2023\T_CARM 003-2023 康复治疗师岗位能力要求.pdf","檢驗與病理","（無）","UNKNOWN","2023","2023","待確認或非規範文件","醫技、檢驗與病理","臨床診療與醫療技術","pdf","pdf_text_layer","26de7237831cd88114853e94244f06eee7247878e51bac651a087cae346ea045","360463","2024-03-18T05:56:56.000Z","needs_review","0.35"
"7c67bcdcbc83d75c","T_CIATCM 103-2023 中医经方临床辅助诊疗系统基本功能规范","T_CIATCM 103-2023 中医经方临床辅助诊疗系统基本功能规范.pdf","13_檢驗與病理\2023\T_CIATCM 103-2023 中医经方临床辅助诊疗系统基本功能规范.pdf","檢驗與病理","（無）","UNKNOWN","2023","2023","待確認或非規範文件","醫技、檢驗與病理","臨床診療與醫療技術","pdf","pdf_text_layer","7eb3902ed66518dfd852aca6664de39279ae5ab48eefc87bc524c32aa4fae08a","638453","2024-05-15T06:35:06.000Z","needs_review","0.35"
"ad33a8d9d7b3d754","T_CNSS 023-2023 注册营养师和注册营养技师岗位能力要求","T_CNSS 023-2023 注册营养师和注册营养技师岗位能力要求.pdf","13_檢驗與病理\2023\T_CNSS 023-2023 注册营养师和注册营养技师岗位能力要求.pdf","檢驗與病理","（無）","UNKNOWN","2023","2023","國家或地方標準","醫技、檢驗與病理","","pdf","pdf_text_layer","59de4da1b2f0ed2f793340e5c86b747ab96a4bc94730dca2c35481ea0b5c93f2","310707","2024-10-06T07:39:54.000Z","needs_review","0.35"
"8bcfe336fbd0e822","T_NAHIEM 98-2023 病理科（中心）建设与配置标准","T_NAHIEM 98-2023 病理科（中心）建设与配置标准.pdf","13_檢驗與病理\2023\T_NAHIEM 98-2023 病理科（中心）建设与配置标准.pdf","檢驗與病理","（無）","UNKNOWN","2023","2023","待確認或非規範文件","醫技、檢驗與病理","","pdf","pdf_text_layer","036e32f4fa014bccb364edcffc61f4a26084f7d6963abc6f3fd6e66ffd691315","607789","2025-08-14T05:23:56.000Z","needs_review","0.35"
"1bc9886db07eda92","T_SCGS 313002-2023 医用内窥镜 内窥镜荧光摄像系统影像","T_SCGS 313002-2023 医用内窥镜 内窥镜荧光摄像系统影像.pdf","13_檢驗與病理\2023\T_SCGS 313002-2023 医用内窥镜 内窥镜荧光摄像系统影像.pdf","檢驗與病理","（無）","UNKNOWN","2023","2023；2022；2021；2020；2019；2018；2017；2016；2015；2014；1953","國家或地方標準","醫技、檢驗與病理","","pdf","pdf_text_layer","95d5970830272bc0eecc9f8370db744bcd782c3f8e908a6683c89b591406af12","1663280","2024-05-29T11:11:58.000Z","needs_review","0.35"
"4df661876ae3974a","T_ZJASE 023-2023 医用氧舱使用安全管理导则","T_ZJASE 023-2023 医用氧舱使用安全管理导则.pdf","13_檢驗與病理\2023\T_ZJASE 023-2023 医用氧舱使用安全管理导则.pdf","檢驗與病理","（無）","UNKNOWN","2023","2023","待確認或非規範文件","醫技、檢驗與病理","","pdf","pdf_text_layer","0a4a637c22fc9531fdc88b4bddc93492c7a3ad78a1ba72554470343050a61b63","2043318","2024-10-15T07:07:20.000Z","needs_review","0.35"
"df173f6d77a23947","2024医疗机构四级手术全过程管理","2024医疗机构四级手术全过程管理.pdf","13_檢驗與病理\2024\2024医疗机构四级手术全过程管理.pdf","檢驗與病理","（無）","UNKNOWN","2024","2024；2025；2023","待確認或非規範文件","醫療治理與依法執業","醫技、檢驗與病理；手術、麻醉與疼痛管理","pdf","pdf_text_layer","c1ffa538ab8907f7d6256673ea9703a0292b417e469f2e7adb29b4b4eb2a260e","7632212","2024-09-07T10:25:00.000Z","needs_review","0.35"
"cf3fa55e8053fb0d","DB14_T 3065-2024 医疗临床运送工作规范","DB14_T 3065-2024 医疗临床运送工作规范.pdf","13_檢驗與病理\2024\DB14_T 3065-2024 医疗临床运送工作规范.pdf","檢驗與病理","（無）","UNKNOWN","2024","2024；2060","國家或地方標準","醫技、檢驗與病理","臨床診療與醫療技術","pdf","pdf_text_layer","fcc4de3e7ca81778f22f399b518d288242a118dc1f78450ddde0fbdb73d1dfa7","394649","2024-10-28T00:26:36.000Z","needs_review","0.35"
"91e2e45e9638e652","DB32_T 4659.7-2024 医院公共卫生工作规范 第7部分：放","DB32_T 4659.7-2024 医院公共卫生工作规范 第7部分：放.pdf","13_檢驗與病理\2024\DB32_T 4659.7-2024 医院公共卫生工作规范 第7部分：放.pdf","檢驗與病理","（無）","UNKNOWN","2024","2024","國家或地方標準","醫技、檢驗與病理","","pdf","pdf_text_layer","518490100539818a2db05672208c3e67842e7165293a10a95a6a83ffa8d221cb","590213","2024-03-18T05:07:04.000Z","needs_review","0.35"
"8d788289205bf1d6","DB34_T 4706-2024 手术智慧医疗系统建设规范","DB34_T 4706-2024 手术智慧医疗系统建设规范.pdf","13_檢驗與病理\2024\DB34_T 4706-2024 手术智慧医疗系统建设规范.pdf","檢驗與病理","（無）","UNKNOWN","2024","2024；2060；2021；2018；2014；2010","國家或地方標準","醫技、檢驗與病理","手術、麻醉與疼痛管理","pdf","pdf_text_layer","c2f64d7475da38932987350940fb4d65e5e9b6821072c6887599657be642b087","567620","2025-07-03T05:17:48.000Z","needs_review","0.35"
"06bd98caa072d0df","DB41_T 2638-2024 一次性使用介入手术包基本配置规范","DB41_T 2638-2024 一次性使用介入手术包基本配置规范.pdf","13_檢驗與病理\2024\DB41_T 2638-2024 一次性使用介入手术包基本配置规范.pdf","檢驗與病理","（無）","UNKNOWN","2024","2024","國家或地方標準","醫技、檢驗與病理","手術、麻醉與疼痛管理","pdf","pdf_text_layer","50586616daec8f3a92bb34fe3055b5fa739f9a54991f45c7071118b753010ea7","371844","2024-10-06T03:33:40.000Z","needs_review","0.35"
"cc067cc2f4315785","DB4203_T 241-2024 医疗机构康复住院患者服务规范","DB4203_T 241-2024 医疗机构康复住院患者服务规范.pdf","13_檢驗與病理\2024\DB4203_T 241-2024 医疗机构康复住院患者服务规范.pdf","檢驗與病理","（無）","UNKNOWN","2024","2024；2021","國家或地方標準","醫療治理與依法執業","醫技、檢驗與病理","pdf","pdf_text_layer","aa5521076b2639ac77b52c8d84700ad390da4173ab4d0d81ddef86648754137f","596672","2024-09-27T03:23:38.000Z","needs_review","0.35"
"c4f314610a0b3b8e","DB43_T 2926-2024 特困人员供养服务机构（敬老院）运营管理","DB43_T 2926-2024 特困人员供养服务机构（敬老院）运营管理.pdf","13_檢驗與病理\2024\DB43_T 2926-2024 特困人员供养服务机构（敬老院）运营管理.pdf","檢驗與病理","（無）","UNKNOWN","2024","2024","國家或地方標準","醫技、檢驗與病理","","pdf","pdf_needs_ocr","fad952acc37c8b1935153382b2773b73f9d1e63726547442f4bbad6efc324352","1429018","2024-10-06T07:37:44.000Z","needs_review","0.35"
"47e3925621491f69","DB52_T 1781-2024 介入诊疗医务人员辐射防护规范","DB52_T 1781-2024 介入诊疗医务人员辐射防护规范.pdf","13_檢驗與病理\2024\DB52_T 1781-2024 介入诊疗医务人员辐射防护规范.pdf","檢驗與病理","（無）","UNKNOWN","2024","2024；2012","國家或地方標準","醫技、檢驗與病理","臨床診療與醫療技術","pdf","pdf_text_layer","d60c74fed03afa3d31295a7fcca1b8942c7c4b5d4926e9a76b3c0dddff476d54","1623940","2024-06-21T01:22:18.000Z","needs_review","0.35"
"16b26153e417cac5","GB 1588-2024 医用玻璃体温计","GB 1588-2024 医用玻璃体温计.pdf","13_檢驗與病理\2024\GB 1588-2024 医用玻璃体温计.pdf","檢驗與病理","（無）","UNKNOWN","2024","2024","國家或地方標準","醫技、檢驗與病理","","pdf","pdf_text_layer","0f7fea4ec66d3eaea91e6f877a31d665f8691ea4668b94c8d05bf3d646c532c7","1024288","2024-06-21T01:20:32.000Z","needs_review","0.35"
"f595b27590779fc1","JJF(苏) 267-2024 超声手术系统校准规范","JJF(苏) 267-2024 超声手术系统校准规范.pdf","13_檢驗與病理\2024\JJF(苏) 267-2024 超声手术系统校准规范.pdf","檢驗與病理","（無）","UNKNOWN","2024","2024","國家或地方標準","醫技、檢驗與病理","手術、麻醉與疼痛管理","pdf","pdf_text_layer","5ee025e355df9eafe6576585244b3cbb69f33ebfe3a3a796ecb7e85ead3a2c75","1416155","2024-10-06T03:33:54.000Z","needs_review","0.35"
"ef34a4f92e898aaa","T_CAME 62-2024 内窥镜手术器械控制系统 使用与维护","T_CAME 62-2024 内窥镜手术器械控制系统 使用与维护.pdf","13_檢驗與病理\2024\T_CAME 62-2024 内窥镜手术器械控制系统 使用与维护.pdf","檢驗與病理","（無）","UNKNOWN","2024","2024","國家或地方標準","醫技、檢驗與病理","手術、麻醉與疼痛管理","pdf","pdf_text_layer","28b46857bd982c08b7e1399fb4cdd524d84a76351fd706878e6267872f113c3f","263451","2024-10-06T03:30:34.000Z","needs_review","0.35"
"e58411e7862349d8","T_CAME 66-2024 一次性手术铺单使用","T_CAME 66-2024 一次性手术铺单使用.pdf","13_檢驗與病理\2024\T_CAME 66-2024 一次性手术铺单使用.pdf","檢驗與病理","（無）","UNKNOWN","2024","2024","國家或地方標準","醫技、檢驗與病理","手術、麻醉與疼痛管理","pdf","pdf_text_layer","5d514de7c8f6c6425d724198955489e7a0f9d87dda437019a8f56a007ef931e0","365213","2024-10-06T03:30:08.000Z","needs_review","0.35"
"73e353c97eb7eade","T_CAME 67-2024 腹腔镜手术器械使用","T_CAME 67-2024 腹腔镜手术器械使用.pdf","13_檢驗與病理\2024\T_CAME 67-2024 腹腔镜手术器械使用.pdf","檢驗與病理","（無）","UNKNOWN","2024","2024","國家或地方標準","醫技、檢驗與病理","手術、麻醉與疼痛管理","pdf","pdf_text_layer","88bc53231ea888c295509893725863883311d094fbf3f66b45f46473158555c6","239180","2024-10-06T03:29:58.000Z","needs_review","0.35"
"8c7044b0c0d5c787","T_CMBA 023-2024 生物医学中心实验室建设与管理要求","T_CMBA 023-2024 生物医学中心实验室建设与管理要求.pdf","13_檢驗與病理\2024\T_CMBA 023-2024 生物医学中心实验室建设与管理要求.pdf","檢驗與病理","（無）","UNKNOWN","2024","2024；2019；2018；2017；2014；2011；2010；2009；2008","國家或地方標準","醫技、檢驗與病理","","pdf","pdf_text_layer","2caeca7e7dab8fb36483fa782d9ce7e8818ae0db9dc0a82f572929749b02d4f4","448958","2024-06-21T01:17:20.000Z","needs_review","0.35"
"7ce914d9b19450a8","T_CRHA 033-2024 管饲肠内营养机械性并发症预防规范","T_CRHA 033-2024 管饲肠内营养机械性并发症预防规范.pdf","13_檢驗與病理\2024\T_CRHA 033-2024 管饲肠内营养机械性并发症预防规范.pdf","檢驗與病理","（無）","UNKNOWN","2024","2024","國家或地方標準","醫技、檢驗與病理","","pdf","pdf_text_layer","4d79c2d282b7180c7fcfa5ea9673a25a47f9b4c1699f8274d51779528879114c","549070","2024-10-06T07:37:10.000Z","needs_review","0.35"
"9d3438a73fa77921","T_CRHA 046-2024 标准手术体位安置技术规范","T_CRHA 046-2024 标准手术体位安置技术规范.pdf","13_檢驗與病理\2024\T_CRHA 046-2024 标准手术体位安置技术规范.pdf","檢驗與病理","（無）","UNKNOWN","2024","2024","技術規範／診療指南","醫技、檢驗與病理","手術、麻醉與疼痛管理","pdf","pdf_text_layer","d4b339f31dfc1bf29d24d1113d369a5a9c18ca6ff6242755b74fc89bc6e7beb6","1251851","2024-10-06T03:33:30.000Z","needs_review","0.35"
"fd1480bc6221d7ca","T_CRHA 058-2024 基于营养基因组学的慢病人群膳食管理操作指","T_CRHA 058-2024 基于营养基因组学的慢病人群膳食管理操作指.pdf","13_檢驗與病理\2024\T_CRHA 058-2024 基于营养基因组学的慢病人群膳食管理操作指.pdf","檢驗與病理","（無）","UNKNOWN","2024","2024","待確認或非規範文件","醫技、檢驗與病理","","pdf","pdf_text_layer","45c67903dd6cfcd79adecd54e22a2948f67d2d7c7d741f8168f4ced6b332241d","418270","2024-10-06T07:35:22.000Z","needs_review","0.35"
"3d313057986f549e","T_NAHIEM 119-2024 医用辐射诊断机房设计与安装标准","T_NAHIEM 119-2024 医用辐射诊断机房设计与安装标准.pdf","13_檢驗與病理\2024\T_NAHIEM 119-2024 医用辐射诊断机房设计与安装标准.pdf","檢驗與病理","（無）","UNKNOWN","2024","2024","待確認或非規範文件","醫技、檢驗與病理","","pdf","pdf_text_layer","4829920d52683ac6e271cf1c7b1e58eadfe937002e738a6127b9a3dddbc0bad1","626089","2024-10-15T07:05:52.000Z","needs_review","0.35"
"c02994deadee931b","WS_T 225-2024 临床化学检验血液标本的采集与处理","WS_T 225-2024 临床化学检验血液标本的采集与处理.pdf","13_檢驗與病理\2024\WS_T 225-2024 临床化学检验血液标本的采集与处理.pdf","檢驗與病理","（無）","UNKNOWN","2024","2024","國家或地方標準","醫技、檢驗與病理","臨床診療與醫療技術","pdf","pdf_text_layer","cf03ea30177ae943e5aa66b7416591652818fb222134dcdf46a782038b74f236","1390776","2024-07-03T14:19:04.000Z","needs_review","0.35"
"d01c36e881c9bd5a","WS_T 831-2024 医用电离辐射放射防护名词术语标准","WS_T 831-2024 医用电离辐射放射防护名词术语标准.pdf","13_檢驗與病理\2024\WS_T 831-2024 医用电离辐射放射防护名词术语标准.pdf","檢驗與病理","（無）","UNKNOWN","2024","2024","國家或地方標準","醫技、檢驗與病理","","pdf","pdf_text_layer","55c8978f24df10eb1aa6ddddc3b4bc3456ad391a9fd3f5ffb2ea2491801ce2c3","1566368","2024-06-21T01:19:36.000Z","needs_review","0.35"
"e310fc3993506cb7","DB34_T 5118-2025 医疗机构活体组织病理标本分析前阶段管理","DB34_T 5118-2025 医疗机构活体组织病理标本分析前阶段管理.pdf","13_檢驗與病理\2025\DB34_T 5118-2025 医疗机构活体组织病理标本分析前阶段管理.pdf","檢驗與病理","（無）","UNKNOWN","2025","2025","研究論文／文獻","醫療治理與依法執業","醫技、檢驗與病理","pdf","pdf_text_layer","cc33452c3d241fa85ca1128edfada801c53782da16b95e9d4eccef2f570a977c","325365","2025-04-02T06:35:34.000Z","needs_review","0.35"
"0654005fcb3a69c2","GBZ 215—2025-20250923164921712","GBZ 215—2025-20250923164921712.pdf","13_檢驗與病理\2025\GBZ 215—2025-20250923164921712.pdf","檢驗與病理","（無）","UNKNOWN","2025","2025","國家或地方標準","醫技、檢驗與病理","","pdf","pdf_text_layer","60ecdc65298ee60ed6d8e780f740254423359204eebfaade391e0b29ee42e1f4","262253","2026-01-29T02:30:32.000Z","needs_review","0.35"
"c5b04dab5bc5391b","T_CITS 322-2025 县级医院检验科建设和管理","T_CITS 322-2025 县级医院检验科建设和管理.pdf","13_檢驗與病理\2025\T_CITS 322-2025 县级医院检验科建设和管理.pdf","檢驗與病理","（無）","UNKNOWN","2025","2025","國家或地方標準","醫技、檢驗與病理","","pdf","pdf_text_layer","51a0f528d5a216845ae1e7e18debf3d7c62fc08d9f02c7ae261aa81c731c480f","571952","2025-05-30T02:26:40.000Z","needs_review","0.35"
"1ffb2068e2e3fc03","T_GDPMAA 0018-2025 医院多学科联合诊疗肥胖症中心建设指","T_GDPMAA 0018-2025 医院多学科联合诊疗肥胖症中心建设指.pdf","13_檢驗與病理\2025\T_GDPMAA 0018-2025 医院多学科联合诊疗肥胖症中心建设指.pdf","檢驗與病理","（無）","UNKNOWN","2025","2025","待確認或非規範文件","醫技、檢驗與病理","臨床診療與醫療技術","pdf","pdf_text_layer","ec74998c430a836ff806b578e8b2842f1046b89a002772609803111f42a4091f","562394","2025-07-16T02:27:28.000Z","needs_review","0.35"
"b70c3e4498e60f02","WS T 873—2025-乡镇卫生院和社区卫生服务中心DR常见检","WS T 873—2025-乡镇卫生院和社区卫生服务中心DR常见检.pdf","13_檢驗與病理\2025\WS T 873—2025-乡镇卫生院和社区卫生服务中心DR常见检.pdf","檢驗與病理","（無）","UNKNOWN","2025","2025","國家或地方標準","醫技、檢驗與病理","","pdf","pdf_text_layer","df5296f2b834c5f40e0c03046e120f22e5af6d853a9eadc905dfd18ee3b224ec","395629","2025-10-08T02:26:20.000Z","needs_review","0.35"
"20d5392ecd5b68a0","WS T 874—2025-社区卫生服务中心CT常见检","WS T 874—2025-社区卫生服务中心CT常见检.pdf","13_檢驗與病理\2025\WS T 874—2025-社区卫生服务中心CT常见检.pdf","檢驗與病理","（無）","UNKNOWN","2025","2025","國家或地方標準","醫技、檢驗與病理","","pdf","pdf_text_layer","c88a4c1345604dde44dff6e49651cd08c600a4febf21321262da0f0e1a5a1028","379555","2025-10-08T02:26:38.000Z","needs_review","0.35"
"9f8b07d98a67dc25","WST 850—2025-20250923165252577","WST 850—2025-20250923165252577.pdf","13_檢驗與病理\2025\WST 850—2025-20250923165252577.pdf","檢驗與病理","（無）","UNKNOWN","2025","2025","國家或地方標準","醫技、檢驗與病理","","pdf","pdf_text_layer","37df20b90830541e5083452fc1ba15eb29612985c136c981c4888f8e9cac60a3","335830","2026-01-29T02:31:06.000Z","needs_review","0.35"
"489f73794198aa4a","《四川省医疗机构即时检验临床应用管理指南》解读","《四川省医疗机构即时检验临床应用管理指南》解读.ppt","13_檢驗與病理\未標示年份\《四川省医疗机构即时检验临床应用管理指南》解读.ppt","檢驗與病理","（無）","UNKNOWN","未標示年份","","技術規範／診療指南","醫療治理與依法執業","醫技、檢驗與病理；臨床診療與醫療技術","ppt","filename_only","b826834a1f63e0556eb4be057bb83af9a3fcb0bbd4b0aee82847168d84ce07f4","301568","2024-04-18T05:55:14.000Z","needs_review","0.35"
"0188c2f97ec199e9","《医院医疗技术临床应用管理制度》","《医院医疗技术临床应用管理制度》.docx","13_檢驗與病理\未標示年份\《医院医疗技术临床应用管理制度》.docx","檢驗與病理","（無）","UNKNOWN","未標示年份","","研究論文／文獻","醫療治理與依法執業","醫院評鑑與醫療品質；醫療人員與執業管理；藥事與藥品管理；病歷、電子病歷與醫療資料；醫技、檢驗與病理；臨床診療與醫療技術；手術、麻醉與疼痛管理；急診與緊急醫療；臨床研究與人體試驗；醫療保險與支付；醫療器材與設備；消防、治安與應急管理；財務、採購與內部稽核","docx","office_xml","a91d53ba9d18dc51a228cd8055e19d65f2f5392a66e6d35c5795f064ae4cde0c","38779","2022-05-20T12:58:12.000Z","needs_review","0.35"
"5ba018176c745830","2.紧密型县域医共体医学检验中心建设与服务指南（试行）","2.紧密型县域医共体医学检验中心建设与服务指南（试行）.pdf","13_檢驗與病理\未標示年份\2.紧密型县域医共体医学检验中心建设与服务指南（试行）.pdf","檢驗與病理","（無）","UNKNOWN","未標示年份","","技術規範／診療指南","醫技、檢驗與病理","","pdf","pdf_text_layer","c75b9ddf0d2b2e2af5a85825c5b2b8c2efb1818b5bd1bd2ed3b84069329f7517","804679","2026-06-01T01:12:48.000Z","needs_review","0.35"
"cf2dedf59c474e15","597064","597064.pdf","13_檢驗與病理\未標示年份\597064.pdf","檢驗與病理","（無）","UNKNOWN","未標示年份","","國家或地方標準","醫技、檢驗與病理","","pdf","pdf_text_layer","88b14ccf19432814c455d2385875c70c5324505c6796382b9ec2a13dbf30c01e","45658384","2024-06-12T08:24:20.000Z","needs_review","0.35"
"ccffbc2f3fb061b9","人体体表放射性核素污染处理标准","人体体表放射性核素污染处理标准.pdf","13_檢驗與病理\未標示年份\人体体表放射性核素污染处理标准.pdf","檢驗與病理","（無）","UNKNOWN","未標示年份","","國家或地方標準","醫技、檢驗與病理","","pdf","pdf_text_layer","6280c50f8e6a2d2b4a7c38c5fdb9e21e5b139ee520de30e62aaa591464995033","524751","2024-08-09T06:04:28.000Z","needs_review","0.35"
"db048ceb6d190ee3","人体器官移植技术临床应用管理规定","人体器官移植技术临床应用管理规定.pdf","13_檢驗與病理\未標示年份\人体器官移植技术临床应用管理规定.pdf","檢驗與病理","（無）","UNKNOWN","未標示年份","","行政法規／條例","醫技、檢驗與病理","臨床診療與醫療技術；輸血與器官移植","pdf","pdf_needs_ocr","64ea8330f06d7c027bc9fa404fcc30e85f61e0ca4389e614119b98bcc103b9a5","2442056","2024-10-16T02:43:02.000Z","needs_review","0.35"
"c52347b34c0f3d3d","人类体外受精-胚胎移植实验室操作专家共识(完整版)","人类体外受精-胚胎移植实验室操作专家共识(完整版).doc","13_檢驗與病理\未標示年份\人类体外受精-胚胎移植实验室操作专家共识(完整版).doc","檢驗與病理","（無）","UNKNOWN","未標示年份","","專家共識","醫技、檢驗與病理","","doc","filename_only","5f0b0206a1f3adaeef8491b585d26ec07597cfad066a9ac7f0244255986c0aa6","64552","2023-10-09T05:55:30.000Z","needs_review","0.35"
"ea5af57fccb4cbd0","卫生部办公厅关于印发《病理科建设及管理指导(试行)》的通知","卫生部办公厅关于印发《病理科建设及管理指导(试行)》的通知.doc","13_檢驗與病理\未標示年份\卫生部办公厅关于印发《病理科建设及管理指导(试行)》的通知.doc","檢驗與病理","（無）","UNKNOWN","未標示年份","","公告／通知／函釋","醫技、檢驗與病理","","doc","filename_only","5f28a46b03bb6eb36c90d027124e691b1389197bdc21cde68246e9dd6998dad8","31749","2022-01-06T07:06:36.000Z","needs_review","0.35"
"11bbb9ca8100e2d7","中山市日间手术管理导则","中山市日间手术管理导则.docx","13_檢驗與病理\未標示年份\中山市日间手术管理导则.docx","檢驗與病理","（無）","UNKNOWN","未標示年份","","公告／通知／函釋","醫療治理與依法執業","醫療人員與執業管理；護理管理；藥事與藥品管理；病歷、電子病歷與醫療資料；醫技、檢驗與病理；臨床診療與醫療技術；手術、麻醉與疼痛管理；急診與緊急醫療；醫療器材與設備；消防、治安與應急管理","docx","office_xml","9ecdc556c48bd5d897885c7c514858b641bd5c6c3cbbe852399e1ba582845dd6","77108","2022-08-27T11:55:34.000Z","needs_review","0.35"
"5c440ca9f664000b","内镜诊疗技术临床应用管理规定","内镜诊疗技术临床应用管理规定.pdf","13_檢驗與病理\未標示年份\内镜诊疗技术临床应用管理规定.pdf","檢驗與病理","（無）","UNKNOWN","未標示年份","","國家或地方標準","醫技、檢驗與病理","臨床診療與醫療技術","pdf","pdf_text_layer","adff45648c555248b130c1a7728311be2919fb6c5d07bbe1542c162dc3f26185","120339","2024-05-29T11:13:38.000Z","needs_review","0.35"
"8858b3330da1b755","内镜诊疗技术临床应用管理规定（2）","内镜诊疗技术临床应用管理规定（2）.pdf","13_檢驗與病理\未標示年份\内镜诊疗技术临床应用管理规定（2）.pdf","檢驗與病理","（無）","UNKNOWN","未標示年份","","國家或地方標準","醫技、檢驗與病理","臨床診療與醫療技術","pdf","pdf_text_layer","adff45648c555248b130c1a7728311be2919fb6c5d07bbe1542c162dc3f26185","120339","2022-08-17T12:39:48.000Z","needs_review","0.35"
"77a1660873bcd6ff","手术风险评估制度及流程","手术风险评估制度及流程.docx","13_檢驗與病理\未標示年份\手术风险评估制度及流程.docx","檢驗與病理","（無）","UNKNOWN","未標示年份","","院內制度／SOP","醫技、檢驗與病理","手術、麻醉與疼痛管理","docx","empty_or_unsupported","cef7340e7579ea7a2367386ed80be815100859329233f87ac5040c9cb4c6361a","34659","2022-07-07T02:51:54.000Z","needs_review","0.35"
"2aa793f0b041f7cc","手术部位标识标准","手术部位标识标准.pdf","13_檢驗與病理\未標示年份\手术部位标识标准.pdf","檢驗與病理","（無）","UNKNOWN","未標示年份","","待確認或非規範文件","醫技、檢驗與病理","手術、麻醉與疼痛管理","pdf","pdf_text_layer","efd7d1a1325f8d81459675d54606562df8fd5d4f408ef921237fb38a115ad47f","397306","2025-08-19T10:07:44.000Z","needs_review","0.35"
"1b2503ced7855e2b","日间手术患者随访系统的建设与应用","日间手术患者随访系统的建设与应用.pdf","13_檢驗與病理\未標示年份\日间手术患者随访系统的建设与应用.pdf","檢驗與病理","（無）","UNKNOWN","未標示年份","","待確認或非規範文件","醫技、檢驗與病理","手術、麻醉與疼痛管理","pdf","pdf_needs_ocr","384326371368149f38427ee94bd103c8d7003b829bf5bab794f3f1f89f84bbaa","2917570","2025-11-11T09:07:28.000Z","needs_review","0.35"
"dd67b402c605c71a","日間手術中心建設標準","日間手術中心建設標準.pdf","13_檢驗與病理\未標示年份\日間手術中心建設標準.pdf","檢驗與病理","（無）","UNKNOWN","未標示年份","","待確認或非規範文件","醫技、檢驗與病理","手術、麻醉與疼痛管理","pdf","pdf_needs_ocr","4edbd853245054748c2e4699b0510ea7fd2d86a9075c7f4ec9657422791dcb1f","1835904","2022-08-27T12:01:20.000Z","needs_review","0.35"
"fdf1c2eef3298473","日間手術中心標準","日間手術中心標準.pdf","13_檢驗與病理\未標示年份\日間手術中心標準.pdf","檢驗與病理","（無）","UNKNOWN","未標示年份","","待確認或非規範文件","醫技、檢驗與病理","手術、麻醉與疼痛管理","pdf","pdf_needs_ocr","4edbd853245054748c2e4699b0510ea7fd2d86a9075c7f4ec9657422791dcb1f","1835904","2022-08-27T12:00:48.000Z","needs_review","0.35"
"faca50536d9f80dd","外照射放射防护剂量转换系数标准","外照射放射防护剂量转换系数标准.pdf","13_檢驗與病理\未標示年份\外照射放射防护剂量转换系数标准.pdf","檢驗與病理","（無）","UNKNOWN","未標示年份","","國家或地方標準","醫技、檢驗與病理","","pdf","pdf_text_layer","90298aa203c9ad63694a01d0edc47c8b197bbac083c7ba7c1090cb8377050a2f","1102628","2024-08-09T06:04:46.000Z","needs_review","0.35"
"3b74ee2d77451016","对31个省市自治区3 831家医院病理科现状的调查与思考","对31个省市自治区3 831家医院病理科现状的调查与思考.pdf","13_檢驗與病理\未標示年份\对31个省市自治区3 831家医院病理科现状的调查与思考.pdf","檢驗與病理","（無）","UNKNOWN","未標示年份","","待確認或非規範文件","醫技、檢驗與病理","","pdf","pdf_needs_ocr","7d57eec93eb302fda7aa1d74c69e070f30bdbbebfa45ca59ac5bd0a6bb3aca9e","1285424","2025-08-14T05:31:58.000Z","needs_review","0.35"
"4666ffe3024b52df","未命名文件","未命名文件.pdf","13_檢驗與病理\未標示年份\未命名文件.pdf","檢驗與病理","（無）","UNKNOWN","未標示年份","","待確認或非規範文件","醫技、檢驗與病理","","pdf","pdf_text_layer","efd7d1a1325f8d81459675d54606562df8fd5d4f408ef921237fb38a115ad47f","397306","2026-01-29T02:33:40.000Z","needs_review","0.35"
"2783136ab23a20ea","未命名文件（2）（3）（4）","未命名文件（2）（3）（4）.pdf","13_檢驗與病理\未標示年份\未命名文件（2）（3）（4）.pdf","檢驗與病理","（無）","UNKNOWN","未標示年份","","國家或地方標準","醫技、檢驗與病理","","pdf","pdf_text_layer","cf1391a1f76411317d4eb6ed82aaf7503f7c55d3535ec11608bdc804e878ab1f","833800","2026-01-29T02:33:08.000Z","needs_review","0.35"
"a3935f03cb199972","未命名文件（2）（3）（4）（5）","未命名文件（2）（3）（4）（5）.pdf","13_檢驗與病理\未標示年份\未命名文件（2）（3）（4）（5）.pdf","檢驗與病理","（無）","UNKNOWN","未標示年份","","國家或地方標準","醫技、檢驗與病理","","pdf","pdf_text_layer","1ef278a3657a8092b7b2b23f3cebcc55dd79a2726fd40a7e621fb435dfb2b3fc","708777","2026-01-29T02:32:52.000Z","needs_review","0.35"
"5988584de4baf01f","全面腹部超声检查对急腹症诊断的漏诊误诊发生率影响分析","全面腹部超声检查对急腹症诊断的漏诊误诊发生率影响分析.pdf","13_檢驗與病理\未標示年份\全面腹部超声检查对急腹症诊断的漏诊误诊发生率影响分析.pdf","檢驗與病理","（無）","UNKNOWN","未標示年份","","研究論文／文獻","醫技、檢驗與病理","","pdf","pdf_text_layer","d28112213cc95928b78b6f29abe796f0c7836ff513b72e939cbdb45d9b55fd4e","2050214","2022-07-06T10:39:52.000Z","needs_review","0.35"
"ea2296485b6a8ebb","关于印发进一步规范医疗行为促进合理医疗检查的指导意见的通知","关于印发进一步规范医疗行为促进合理医疗检查的指导意见的通知.pdf","13_檢驗與病理\未標示年份\关于印发进一步规范医疗行为促进合理医疗检查的指导意见的通知.pdf","檢驗與病理","（無）","UNKNOWN","未標示年份","","國家或地方標準","醫技、檢驗與病理","","pdf","pdf_text_layer","e314df4610bcec27ee8668be5c0b0f3b1608d989fc5f40a4fdcfb7f42d630657","339993","2022-06-04T09:21:42.000Z","needs_review","0.35"
"a3f99a75595168f7","关于进一步推进医疗机构检查检验结果互认的指导意见","关于进一步推进医疗机构检查检验结果互认的指导意见.pdf","13_檢驗與病理\未標示年份\关于进一步推进医疗机构检查检验结果互认的指导意见.pdf","檢驗與病理","（無）","UNKNOWN","未標示年份","","待確認或非規範文件","醫療治理與依法執業","醫技、檢驗與病理","pdf","pdf_needs_ocr","e27f4c38e0db7c69127f9a8eeffa24b3518d5d95d63586df7b73f301ec7a1e8b","1591395","2025-03-03T01:46:04.000Z","needs_review","0.35"
"3881708f6539cfed","关于进一步推进医疗机构检查检验结果互认的指导意见（2）","关于进一步推进医疗机构检查检验结果互认的指导意见（2）.pdf","13_檢驗與病理\未標示年份\关于进一步推进医疗机构检查检验结果互认的指导意见（2）.pdf","檢驗與病理","（無）","UNKNOWN","未標示年份","","待確認或非規範文件","醫療治理與依法執業","醫技、檢驗與病理","pdf","pdf_needs_ocr","e27f4c38e0db7c69127f9a8eeffa24b3518d5d95d63586df7b73f301ec7a1e8b","1591395","2025-03-03T01:46:04.000Z","needs_review","0.35"
"7037748ce2b9d2b3","江西醫療機構二級生物實驗室管理規範","江西醫療機構二級生物實驗室管理規範.pdf","13_檢驗與病理\未標示年份\江西醫療機構二級生物實驗室管理規範.pdf","檢驗與病理","（無）","UNKNOWN","未標示年份","","待確認或非規範文件","醫療治理與依法執業","醫技、檢驗與病理","pdf","pdf_needs_ocr","e781a9163b76d0b6c2dba82a87f67d0614f5e7784010a475a83b681da409cdca","1094435","2023-04-02T08:13:26.000Z","needs_review","0.35"
"0ae95df443c60e1e","论医院设立疼痛科的重要性和必要性","论医院设立疼痛科的重要性和必要性.pdf","13_檢驗與病理\未標示年份\论医院设立疼痛科的重要性和必要性.pdf","檢驗與病理","（無）","UNKNOWN","2095","2095；2024；2023；2022；2021；2020；2019；2018；2017；2016；2015","待確認或非規範文件","醫技、檢驗與病理","手術、麻醉與疼痛管理","pdf","pdf_text_layer","e2bf3c43bf4cfa4ea0ad49c3d00ba8cc372b78f4a432bd5f21ddb8d1084cd518","472819","2026-04-29T05:22:36.000Z","needs_review","0.35"
"903c3d1dc399c863","低能射线装置放射防护标准","低能射线装置放射防护标准.pdf","13_檢驗與病理\未標示年份\低能射线装置放射防护标准.pdf","檢驗與病理","（無）","UNKNOWN","2002","2002","國家或地方標準","醫技、檢驗與病理","","pdf","pdf_text_layer","5d6684a74a617e981d69b2881d836348b2780b254590b3c5687b1748a571ae41","452670","2024-08-09T06:10:30.000Z","needs_review","0.35"
"7ea02e1fe6135069","医用电离辐射放射防护名词术语标准","医用电离辐射放射防护名词术语标准.pdf","13_檢驗與病理\未標示年份\医用电离辐射放射防护名词术语标准.pdf","檢驗與病理","（無）","UNKNOWN","未標示年份","","國家或地方標準","醫技、檢驗與病理","","pdf","pdf_text_layer","56bf454ab307c8264ffec5b2f72609a437aae78a60013fc69c69825bf36f4be8","1567994","2024-08-09T06:04:58.000Z","needs_review","0.35"
"5c547ab1a765e326","医疗机构手术分级管理办法（试行）","医疗机构手术分级管理办法（试行）.doc","13_檢驗與病理\未標示年份\医疗机构手术分级管理办法（试行）.doc","檢驗與病理","（無）","UNKNOWN","未標示年份","","院內制度／SOP","醫療治理與依法執業","醫技、檢驗與病理；手術、麻醉與疼痛管理","doc","filename_only","ac53a098e3df0a34e976551e3fe6e5c7a013dc37630d4f414463e1a10c4bcb55","22016","2022-07-06T04:01:50.000Z","needs_review","0.35"
"2f912d7da90a6c31","医疗机构临床路径管理指导原则","医疗机构临床路径管理指导原则.docx","13_檢驗與病理\未標示年份\医疗机构临床路径管理指导原则.docx","檢驗與病理","（無）","UNKNOWN","2009","2009","醫院評鑑／認證標準","醫療治理與依法執業","醫院評鑑與醫療品質；醫療人員與執業管理；護理管理；藥事與藥品管理；資訊安全與個人資料；醫技、檢驗與病理；臨床診療與醫療技術；醫療保險與支付；圖書、教育與文件管理","docx","office_xml","482c72f219187732b62ea774976f1aee406b395d69b26efc172c49754e26f99a","11775","2022-06-04T09:27:42.000Z","needs_review","0.35"
"2b3eef5219105b55","医疗机构检查检验结果互认管理办法","医疗机构检查检验结果互认管理办法.pdf","13_檢驗與病理\未標示年份\医疗机构检查检验结果互认管理办法.pdf","檢驗與病理","（無）","UNKNOWN","未標示年份","","院內制度／SOP","醫療治理與依法執業","醫技、檢驗與病理","pdf","pdf_needs_ocr","9f451b01a3991df0fe520d61bdc6768fd94257f69ac1e06e7ed23050b0b4cb8c","1693481","2023-03-12T10:02:22.000Z","needs_review","0.35"
"87a2cc4c746d3c05","医疗技术临床应用管理办法","医疗技术临床应用管理办法.pdf","13_檢驗與病理\未標示年份\医疗技术临床应用管理办法.pdf","檢驗與病理","（無）","UNKNOWN","未標示年份","","國家或地方標準","醫技、檢驗與病理","臨床診療與醫療技術","pdf","pdf_text_layer","7865a99a1408252a4fd5ad3a8176a6cc219a5e31be29367a02b5a083c01ba5e1","155311","2021-01-25T08:23:14.000Z","needs_review","0.35"
"558c1f0b3f6e4d5e","医疗技术临床应用管理办法(国家版)","医疗技术临床应用管理办法(国家版).doc","13_檢驗與病理\未標示年份\医疗技术临床应用管理办法(国家版).doc","檢驗與病理","（無）","UNKNOWN","未標示年份","","院內制度／SOP","醫技、檢驗與病理","臨床診療與醫療技術","doc","filename_only","7d035e82da8a804d78b678922f2c97ba1910179dcad5b301940c61a57169e750","47616","2021-11-18T05:38:48.000Z","needs_review","0.35"
"2a40f49e169ff6f0","医疗技术临床应用管理制度","医疗技术临床应用管理制度.docx","13_檢驗與病理\未標示年份\医疗技术临床应用管理制度.docx","檢驗與病理","（無）","UNKNOWN","2021","2021","醫院評鑑／認證標準","醫療治理與依法執業","醫院評鑑與醫療品質；醫療人員與執業管理；護理管理；藥事與藥品管理；感染預防與控制；資訊安全與個人資料；醫技、檢驗與病理；臨床診療與醫療技術；手術、麻醉與疼痛管理；急診與緊急醫療；臨床研究與人體試驗；醫療器材與設備；消防、治安與應急管理；圖書、教育與文件管理","docx","office_xml","e824d6930ed60b9e3faa44fbd6a31981211b4bd5714013d870f1ca3fa94ba422","20208","2022-05-20T13:02:28.000Z","needs_review","0.35"
"0c007c2731b30ffd","医疗器械临床使用管理办法","医疗器械临床使用管理办法.pdf","13_檢驗與病理\未標示年份\医疗器械临床使用管理办法.pdf","檢驗與病理","（無）","UNKNOWN","未標示年份","","院內制度／SOP","醫技、檢驗與病理","臨床診療與醫療技術；醫療器材與設備","pdf","pdf_text_layer","1155d35c0010ef2379fb9f4253fe0d3b910379cb05f8ca8f8edd73a2f99e0e8d","266962","2022-06-01T05:01:36.000Z","needs_review","0.35"
"6e14d34caf170ecb","医学院校化工实验室危化品全生命周期安全管理模式的构建与实践","医学院校化工实验室危化品全生命周期安全管理模式的构建与实践.pdf","13_檢驗與病理\未標示年份\医学院校化工实验室危化品全生命周期安全管理模式的构建与实践.pdf","檢驗與病理","（無）","UNKNOWN","未標示年份","","國家或地方標準","醫技、檢驗與病理","","pdf","pdf_text_layer","afefacdb846e658b42ee71cbb9f8e4d894b9adff24d971b7222b77d4d8fe4eab","797893","2026-04-06T05:12:32.000Z","needs_review","0.35"
"69e470bee657da16","医学院校化工实验室危化品全生命周期安全管理模式的构建与实践（2）","医学院校化工实验室危化品全生命周期安全管理模式的构建与实践（2）.pdf","13_檢驗與病理\未標示年份\医学院校化工实验室危化品全生命周期安全管理模式的构建与实践（2）.pdf","檢驗與病理","（無）","UNKNOWN","未標示年份","","國家或地方標準","醫技、檢驗與病理","","pdf","pdf_text_layer","afefacdb846e658b42ee71cbb9f8e4d894b9adff24d971b7222b77d4d8fe4eab","797893","2026-04-06T11:06:34.000Z","needs_review","0.35"
"a9ce7987735c1611","医学检验实验室管理暂行办法","医学检验实验室管理暂行办法.docx","13_檢驗與病理\未標示年份\医学检验实验室管理暂行办法.docx","檢驗與病理","（無）","UNKNOWN","2020","2020","查檢表／稽核表","醫療治理與依法執業","醫院評鑑與醫療品質；醫療人員與執業管理；感染預防與控制；病歷、電子病歷與醫療資料；資訊安全與個人資料；醫技、檢驗與病理；臨床診療與醫療技術；急診與緊急醫療；生殖、婦幼與月子服務；職業安全與員工健康；醫療器材與設備；後勤、建築與設施安全；消防、治安與應急管理；環境、能源與醫療廢棄物；財務、採購與內部稽核；圖書、教育與文件管理","docx","office_xml","6227231629eb2893b9fe6bb7bba265b73799720e7c572ee8c486e0ebf0b0ce6e","20667","2023-09-21T07:38:04.000Z","needs_review","0.35"
"d76d06821991ce35","医院实验室危化品的安全管理及事故防范","医院实验室危化品的安全管理及事故防范.pdf","13_檢驗與病理\未標示年份\医院实验室危化品的安全管理及事故防范.pdf","檢驗與病理","（無）","UNKNOWN","未標示年份","","國家或地方標準","醫技、檢驗與病理","","pdf","pdf_text_layer","51f64756caf2dcad926accca3f98c972206ba80e154bace14b359cb39501e2c3","1091797","2026-04-06T04:22:52.000Z","needs_review","0.35"
"5d57a289be9e14a1","即时检验在医院规范化管理中的常见问题与对策","即时检验在医院规范化管理中的常见问题与对策.pdf","13_檢驗與病理\未標示年份\即时检验在医院规范化管理中的常见问题与对策.pdf","檢驗與病理","（無）","UNKNOWN","未標示年份","","待確認或非規範文件","醫技、檢驗與病理","","pdf","pdf_text_layer","37d5354160bea70d19452a68612d9c69f0f89e1134bffb5ae629bfe040457f8d","502553","2024-04-17T06:45:08.000Z","needs_review","0.35"
"2068572a0937ca09","尿液标本的采集与处理","尿液标本的采集与处理.pdf","13_檢驗與病理\未標示年份\尿液标本的采集与处理.pdf","檢驗與病理","（無）","UNKNOWN","2024","2024","國家或地方標準","醫技、檢驗與病理","","pdf","pdf_text_layer","615c465ebef83d0d3aaa37dd0ef2b8e5496ec39f3ddcc8d756a10538af721b25","576717","2024-08-09T06:02:06.000Z","needs_review","0.35"
"ab4e6d0bad948243","尿液理学、化学和有形成分检验","尿液理学、化学和有形成分检验.pdf","13_檢驗與病理\未標示年份\尿液理学、化学和有形成分检验.pdf","檢驗與病理","（無）","UNKNOWN","未標示年份","","待確認或非規範文件","醫技、檢驗與病理","","pdf","pdf_text_layer","47068fee397e24c49b4bd01caba903f50744bd459d65f6460b066ac2692d3bb7","352359","2024-08-09T06:01:48.000Z","needs_review","0.35"
"101c4c4fb5e48a23","受委托医学实验室选择指南","受委托医学实验室选择指南.pdf","13_檢驗與病理\未標示年份\受委托医学实验室选择指南.pdf","檢驗與病理","（無）","UNKNOWN","未標示年份","","技術規範／診療指南","醫技、檢驗與病理","","pdf","pdf_text_layer","2d248d8b20f5e7cc0434d62c69505dc2f94bcf03df888f69aa22199cfb3af371","280161","2026-01-29T02:39:34.000Z","needs_review","0.35"
"376576eb47f79adf","国家卫生健康委办公厅关于进一步推进临床营养工作的通知","国家卫生健康委办公厅关于进一步推进临床营养工作的通知.pdf","13_檢驗與病理\未標示年份\国家卫生健康委办公厅关于进一步推进临床营养工作的通知.pdf","檢驗與病理","（無）","UNKNOWN","未標示年份","","國家或地方標準","醫療治理與依法執業","醫技、檢驗與病理；臨床診療與醫療技術","pdf","pdf_text_layer","af9fc55c16f57f6baa58972aab0c87dc0f7dff3df8dcbdf97f5d578e7e58d371","243507","2024-10-06T08:01:14.000Z","needs_review","0.35"
"957c60dec164483e","实验室废弃化学品收集技术规范","实验室废弃化学品收集技术规范.pdf","13_檢驗與病理\未標示年份\实验室废弃化学品收集技术规范.pdf","檢驗與病理","（無）","UNKNOWN","未標示年份","","技術規範／診療指南","醫技、檢驗與病理","","pdf","pdf_needs_ocr","4b9f969a5f6a08d97188008efb0044d989793cf35c8e8dbfc639ec7b247d371b","395315","2023-03-23T14:52:24.000Z","needs_review","0.35"
"98891e66e89d627f","放射工作人员健康要求及监护规范","放射工作人员健康要求及监护规范.pdf","13_檢驗與病理\未標示年份\放射工作人员健康要求及监护规范.pdf","檢驗與病理","（無）","UNKNOWN","2011","2011；1996","國家或地方標準","醫技、檢驗與病理","","pdf","pdf_text_layer","f60045b997800f368ba4c35328d0d1d9e1dd209876188a7984238f7755d4e91a","404769","2022-06-20T08:44:06.000Z","needs_review","0.35"
"6b1a511b4f014cda","放射诊疗管理规定","放射诊疗管理规定.pdf","13_檢驗與病理\未標示年份\放射诊疗管理规定.pdf","檢驗與病理","（無）","UNKNOWN","未標示年份","","國家或地方標準","醫技、檢驗與病理","臨床診療與醫療技術","pdf","pdf_text_layer","64f1fc0898ad4fd862f4caab77df1f905c5b0dd17dce1e0491223fee04f49d7b","437942","2022-06-20T08:47:28.000Z","needs_review","0.35"
"673cc1e70bee4e02","放射治疗放射防护要求","放射治疗放射防护要求.pdf","13_檢驗與病理\未標示年份\放射治疗放射防护要求.pdf","檢驗與病理","（無）","UNKNOWN","2017","2017；2011；2006；2005；2001；1996","國家或地方標準","醫技、檢驗與病理","臨床診療與醫療技術","pdf","pdf_text_layer","301c65dcbd620f2158a136f1fa0b08f43e8cd7de0bf2713201b7dc661f40df40","593279","2022-08-26T08:34:26.000Z","needs_review","0.35"
"7fb2e9239c063ecc","临床化学检验血液标本的采集与处理","临床化学检验血液标本的采集与处理.pdf","13_檢驗與病理\未標示年份\临床化学检验血液标本的采集与处理.pdf","檢驗與病理","（無）","UNKNOWN","未標示年份","","國家或地方標準","醫技、檢驗與病理","臨床診療與醫療技術","pdf","pdf_text_layer","9adbb4aae4790532cebf32b24a3f725908807819ad835219b30363d735bb462e","1392023","2024-08-09T06:01:20.000Z","needs_review","0.35"
"89a831e076c04547","临床体液检验技术要求","临床体液检验技术要求.pdf","13_檢驗與病理\未標示年份\临床体液检验技术要求.pdf","檢驗與病理","（無）","UNKNOWN","未標示年份","","國家或地方標準","醫技、檢驗與病理","臨床診療與醫療技術","pdf","pdf_text_layer","ddfdc3ae8ce621acc534511fefeddcfb0229ea1ae75a64bec51c342a75b15e15","427488","2022-08-26T08:37:00.000Z","needs_review","0.35"
"1589fb4118602d46","临床检验项目标准操作程序编写要求","临床检验项目标准操作程序编写要求.pdf","13_檢驗與病理\未標示年份\临床检验项目标准操作程序编写要求.pdf","檢驗與病理","（無）","UNKNOWN","未標示年份","","國家或地方標準","醫技、檢驗與病理","臨床診療與醫療技術","pdf","pdf_text_layer","25465171bd95e89e869f51cf5c6e3164d85ea6f51492bc385c900a2d999a7a6c","1553042","2024-08-09T06:01:36.000Z","needs_review","0.35"
"b0b2329c45193f15","某市13家医疗机构病理科医务人员职业危害认知及职业卫生管理状况分析","某市13家医疗机构病理科医务人员职业危害认知及职业卫生管理状况分析.pdf","13_檢驗與病理\未標示年份\某市13家医疗机构病理科医务人员职业危害认知及职业卫生管理状况分析.pdf","檢驗與病理","（無）","UNKNOWN","未標示年份","","研究論文／文獻","醫療治理與依法執業","醫技、檢驗與病理","pdf","pdf_needs_ocr","d4bafc49cebe146b24631d7dd97dc09bc3a99e30bc67e729dca279f2ee89e853","592458","2025-08-14T05:31:02.000Z","needs_review","0.35"
"8e12bc220b33c1a8","某市13家医疗机构病理科医务人员职业危害认知及职业卫生管理状况分析（2）","某市13家医疗机构病理科医务人员职业危害认知及职业卫生管理状况分析（2）.pdf","13_檢驗與病理\未標示年份\某市13家医疗机构病理科医务人员职业危害认知及职业卫生管理状况分析（2）.pdf","檢驗與病理","（無）","UNKNOWN","未標示年份","","研究論文／文獻","醫療治理與依法執業","醫技、檢驗與病理","pdf","pdf_needs_ocr","d4bafc49cebe146b24631d7dd97dc09bc3a99e30bc67e729dca279f2ee89e853","592458","2025-08-14T05:31:02.000Z","needs_review","0.35"
"b7d0a30d12a84159","某医院病理科职业病危害因素现状调查","某医院病理科职业病危害因素现状调查.pdf","13_檢驗與病理\未標示年份\某医院病理科职业病危害因素现状调查.pdf","檢驗與病理","（無）","UNKNOWN","未標示年份","","待確認或非規範文件","醫技、檢驗與病理","職業安全與員工健康","pdf","pdf_needs_ocr","ec7b4e0491b1753c8a10c3affa106c645daa7a831f6e42a3a58746510649fdd5","328048","2025-08-14T05:32:40.000Z","needs_review","0.35"
"20f7b5b22079395a","某医院病理科职业病危害因素现状调查（2）","某医院病理科职业病危害因素现状调查（2）.pdf","13_檢驗與病理\未標示年份\某医院病理科职业病危害因素现状调查（2）.pdf","檢驗與病理","（無）","UNKNOWN","未標示年份","","待確認或非規範文件","醫技、檢驗與病理","職業安全與員工健康","pdf","pdf_needs_ocr","ec7b4e0491b1753c8a10c3affa106c645daa7a831f6e42a3a58746510649fdd5","328048","2025-08-14T05:32:40.000Z","needs_review","0.35"
"e4fb568dfbdd2cad","胎儿脐带绕颈的超声诊断准确率探讨及其误漏诊原因分析","胎儿脐带绕颈的超声诊断准确率探讨及其误漏诊原因分析.pdf","13_檢驗與病理\未標示年份\胎儿脐带绕颈的超声诊断准确率探讨及其误漏诊原因分析.pdf","檢驗與病理","（無）","UNKNOWN","未標示年份","","研究論文／文獻","醫技、檢驗與病理","","pdf","pdf_text_layer","115c5b49fddad1ae4f3f45399dc760947f3e2ec37a4a1996e0437d708e797dbe","127582","2022-07-06T10:39:54.000Z","needs_review","0.35"
"da0081c1dd24d0cf","核医学放射防护要求","核医学放射防护要求.pdf","13_檢驗與病理\未標示年份\核医学放射防护要求.pdf","檢驗與病理","（無）","UNKNOWN","2009","2009；2006；2002；1996","國家或地方標準","醫技、檢驗與病理","","pdf","pdf_text_layer","ef8388b722642bc32bb8f3fbb930a4bce9cafe99f5b3242c7e055472ef7be15e","5106529","2022-08-26T08:34:50.000Z","needs_review","0.35"
"2f979c3efccebe4c","病理会诊服务规范","病理会诊服务规范.pdf","13_檢驗與病理\未標示年份\病理会诊服务规范.pdf","檢驗與病理","（無）","UNKNOWN","未標示年份","","國家或地方標準","醫技、檢驗與病理","","pdf","pdf_text_layer","f203fc0f4b60197cb1a216520d1bd05a68e9a3679e22b044c91afe1d07a5407d","355102","2022-08-15T08:59:06.000Z","needs_review","0.35"
"e1119f4a1d3f4ce0","病理科化学危险品的安全使用和管理","病理科化学危险品的安全使用和管理.pdf","13_檢驗與病理\未標示年份\病理科化学危险品的安全使用和管理.pdf","檢驗與病理","（無）","UNKNOWN","未標示年份","","待確認或非規範文件","醫技、檢驗與病理","","pdf","pdf_needs_ocr","470e7c8fd1aa7a1c1fb3cc7c39940609a0417a2999d6bd833c6222092357b935","245841","2025-08-14T05:29:20.000Z","needs_review","0.35"
"44c96de29fbe03e9","病理科化学危险品的安全使用和管理（2）","病理科化学危险品的安全使用和管理（2）.pdf","13_檢驗與病理\未標示年份\病理科化学危险品的安全使用和管理（2）.pdf","檢驗與病理","（無）","UNKNOWN","未標示年份","","待確認或非規範文件","醫技、檢驗與病理","","pdf","pdf_needs_ocr","470e7c8fd1aa7a1c1fb3cc7c39940609a0417a2999d6bd833c6222092357b935","245841","2025-08-14T05:29:20.000Z","needs_review","0.35"
"80751fe8a4e419d2","病理科化学危险品的安全使用和管理（2）（3）","病理科化学危险品的安全使用和管理（2）（3）.pdf","13_檢驗與病理\未標示年份\病理科化学危险品的安全使用和管理（2）（3）.pdf","檢驗與病理","（無）","UNKNOWN","未標示年份","","待確認或非規範文件","醫技、檢驗與病理","","pdf","pdf_needs_ocr","470e7c8fd1aa7a1c1fb3cc7c39940609a0417a2999d6bd833c6222092357b935","245841","2025-08-14T05:29:20.000Z","needs_review","0.35"
"f9e1bb3a14e13b3b","病理科建设之科室设置及要求","病理科建设之科室设置及要求.pdf","13_檢驗與病理\未標示年份\病理科建设之科室设置及要求.pdf","檢驗與病理","（無）","UNKNOWN","未標示年份","","國家或地方標準","醫技、檢驗與病理","","pdf","pdf_text_layer","411b5e5dc7889da5ab86a70d1ef5d259b1d6e329ac83316df1fd6905046aa949","166643","2022-05-07T07:49:38.000Z","needs_review","0.35"
"66556681019e1655","调整放射卫生技术服务机构资质管理","调整放射卫生技术服务机构资质管理.doc","13_檢驗與病理\未標示年份\调整放射卫生技术服务机构资质管理.doc","檢驗與病理","（無）","UNKNOWN","未標示年份","","待確認或非規範文件","醫技、檢驗與病理","","doc","filename_only","847976d5fc8139f3459b128fe413677e94c2b89f83f0ebe536ac687175b9967e","225792","2022-07-01T06:23:52.000Z","needs_review","0.35"
"2769ed172220de34","基层医院超声科医师误诊漏诊原因分析","基层医院超声科医师误诊漏诊原因分析.pdf","13_檢驗與病理\未標示年份\基层医院超声科医师误诊漏诊原因分析.pdf","檢驗與病理","（無）","UNKNOWN","未標示年份","","研究論文／文獻","醫療人員與執業管理","醫技、檢驗與病理","pdf","pdf_text_layer","cee0d153bb3c5f2d628e8deb99c6c4c3e387a034ac3d79acc975f51094592d03","79314","2022-07-06T11:00:06.000Z","needs_review","0.35"
"d2a3944e224daa86","基层医院超声科医师误诊漏诊原因分析及对策探讨","基层医院超声科医师误诊漏诊原因分析及对策探讨.pdf","13_檢驗與病理\未標示年份\基层医院超声科医师误诊漏诊原因分析及对策探讨.pdf","檢驗與病理","（無）","UNKNOWN","未標示年份","","研究論文／文獻","醫療人員與執業管理","醫技、檢驗與病理","pdf","pdf_needs_ocr","d052108c84a7697f1e5065437006159e6e7cd38862439394ca6403cdc00ed5f5","1743495","2022-07-06T11:00:54.000Z","needs_review","0.35"
"e293f75a3ffaf125","康复功能评估与治疗管理制度","康复功能评估与治疗管理制度.docx","13_檢驗與病理\未標示年份\康复功能评估与治疗管理制度.docx","檢驗與病理","（無）","UNKNOWN","未標示年份","","公告／通知／函釋","醫療人員與執業管理","護理管理；醫技、檢驗與病理；臨床診療與醫療技術；急診與緊急醫療","docx","office_xml","bddf2fab1d933274af04e0a6dc4f6a42aa23c39bc48d1fb0eb26093fcd09b5f0","13825","2022-06-10T06:38:00.000Z","needs_review","0.35"
"56a148b2ff6608c6","康复医学科早期康复介入工作流程","康复医学科早期康复介入工作流程.docx","13_檢驗與病理\未標示年份\康复医学科早期康复介入工作流程.docx","檢驗與病理","（無）","UNKNOWN","2015","2015","院內制度／SOP","醫療人員與執業管理","醫技、檢驗與病理；臨床診療與醫療技術","docx","office_xml","351cc22f383970620285c81f15d146ef3c8af5b4cdc5115bf2eddfb3452344b5","12904","2022-06-10T06:17:46.000Z","needs_review","0.35"
"6b5883d2258032b2","检测实验室安全 第1部分：总则","检测实验室安全 第1部分：总则.pdf","13_檢驗與病理\未標示年份\检测实验室安全 第1部分：总则.pdf","檢驗與病理","（無）","UNKNOWN","未標示年份","","待確認或非規範文件","醫技、檢驗與病理","","pdf","pdf_needs_ocr","ad2f8f0ba9fe2e9ca66c70af780a9eff28e46e674ca66a950167ffc733fd37da","2038196","2023-04-08T12:24:32.000Z","needs_review","0.35"
"02fb2e0520c73520","第 2-29 部分：患者服务 临床营养","第 2-29 部分：患者服务 临床营养.pdf","13_檢驗與病理\未標示年份\第 2-29 部分：患者服务 临床营养.pdf","檢驗與病理","（無）","UNKNOWN","未標示年份","","國家或地方標準","醫技、檢驗與病理","臨床診療與醫療技術","pdf","pdf_text_layer","9ebfceaf47c72db33c290825edc43e981908b848dba70651f9031a0a228ee840","1097601","2022-07-19T02:47:38.000Z","needs_review","0.35"
"d835ec1b5c6d7d0f","综合医院中医临床科室基本标准","综合医院中医临床科室基本标准.docx","13_檢驗與病理\未標示年份\综合医院中医临床科室基本标准.docx","檢驗與病理","（無）","UNKNOWN","未標示年份","","待確認或非規範文件","醫技、檢驗與病理","臨床診療與醫療技術","docx","empty_or_unsupported","e44d6ea8ebc865587ec198e71597eb90386c8308239159a2dcc8d82ae79ae265","8999","2023-11-26T06:41:30.000Z","needs_review","0.35"
"429d08b46c8e01c6","综合医院康复医学科基本标准（试行）","综合医院康复医学科基本标准（试行）.doc","13_檢驗與病理\未標示年份\综合医院康复医学科基本标准（试行）.doc","檢驗與病理","（無）","UNKNOWN","未標示年份","","待確認或非規範文件","醫技、檢驗與病理","","doc","filename_only","cb6ae3f51d1fef66374c64942d8b251ff1b7b6c56caae8f9d6357d2eca5e1bd0","29184","2022-06-08T06:26:34.000Z","needs_review","0.35"
"d582152abd626571","综合医院康复医学科基本标准（试行）（2）","综合医院康复医学科基本标准（试行）（2）.doc","13_檢驗與病理\未標示年份\综合医院康复医学科基本标准（试行）（2）.doc","檢驗與病理","（無）","UNKNOWN","未標示年份","","待確認或非規範文件","醫技、檢驗與病理","","doc","filename_only","cb6ae3f51d1fef66374c64942d8b251ff1b7b6c56caae8f9d6357d2eca5e1bd0","29184","2022-06-08T06:26:34.000Z","needs_review","0.35"
"89f88d6c8aa27e96","超声检查诊断子宫内膜病变的符合率与漏诊率分析","超声检查诊断子宫内膜病变的符合率与漏诊率分析.pdf","13_檢驗與病理\未標示年份\超声检查诊断子宫内膜病变的符合率与漏诊率分析.pdf","檢驗與病理","（無）","UNKNOWN","未標示年份","","研究論文／文獻","醫技、檢驗與病理","","pdf","pdf_needs_ocr","53ad356520d6786210f05bfd9111827f3458ae11c8acaa151659e75fdbe69eaa","1188360","2022-07-06T10:45:04.000Z","needs_review","0.35"
"fb211bd4b5695287","醫療技術臨床應用辦法","醫療技術臨床應用辦法.pdf","13_檢驗與病理\未標示年份\醫療技術臨床應用辦法.pdf","檢驗與病理","（無）","UNKNOWN","未標示年份","","國家或地方標準","醫技、檢驗與病理","臨床診療與醫療技術","pdf","pdf_text_layer","bc079fd2bde5d443a4c03ae9f7b057d57e3621896267f351050422ad4a4d1a97","403068","2022-08-24T01:54:38.000Z","needs_review","0.35"
"06458d532f486072","中医医院康复科建设与管理指南(试行2018版)","中医医院康复科建设与管理指南(试行2018版).doc","14_康復與中醫\2018\中医医院康复科建设与管理指南(试行2018版).doc","康復與中醫","（無）","UNKNOWN","2018","2018","技術規範／診療指南","其他／待確認","","doc","filename_only","e5ae4ad5f877ede3752281257760a83033c363f4b433dfa6ef5bfe9927dfdbf2","28672","2022-01-06T09:07:04.000Z","needs_review","0.35"
"1d70383bf9fbae32","中医诊所基本标准(2023年版)","中医诊所基本标准(2023年版).pdf","14_康復與中醫\2023\中医诊所基本标准(2023年版).pdf","康復與中醫","（無）","UNKNOWN","2023","2023","待確認或非規範文件","其他／待確認","","pdf","pdf_needs_ocr","cbb76add1109434fec1328c46add6e3f7dc30b5fe8eb6ebd255a3b314fb53e2c","361045","2023-04-02T07:57:44.000Z","needs_review","0.35"
"224734f89f2d9196","DB34_T 4504-2023 中医治未病科设施配置指南","DB34_T 4504-2023 中医治未病科设施配置指南.pdf","14_康復與中醫\2023\DB34_T 4504-2023 中医治未病科设施配置指南.pdf","康復與中醫","（無）","UNKNOWN","2023","2023","技術規範／診療指南","其他／待確認","","pdf","pdf_text_layer","4b7aee10cc155f4475ef7c41ab9d62791aaf58186345d3d9d87f162a6100b182","362151","2024-05-15T06:34:44.000Z","needs_review","0.35"
"f4868e17c71656b3","T_CACM 1524-2023 中医体重管理临床指南","T_CACM 1524-2023 中医体重管理临床指南.pdf","14_康復與中醫\2023\T_CACM 1524-2023 中医体重管理临床指南.pdf","康復與中醫","（無）","UNKNOWN","2023","2023；2017；2015","技術規範／診療指南","臨床診療與醫療技術","","pdf","pdf_text_layer","5808031f749c59e38fe214011369c5224330fb94f15ce66b4c8d47138443163f","2759834","2025-04-14T01:15:10.000Z","needs_review","0.35"
"37da5cec40bca9e6","T_CACM 1524-2023 中医体重管理临床指南（2）","T_CACM 1524-2023 中医体重管理临床指南（2）.pdf","14_康復與中醫\2023\T_CACM 1524-2023 中医体重管理临床指南（2）.pdf","康復與中醫","（無）","UNKNOWN","2023","2023；2017；2015","技術規範／診療指南","臨床診療與醫療技術","","pdf","pdf_text_layer","5808031f749c59e38fe214011369c5224330fb94f15ce66b4c8d47138443163f","2759834","2024-05-15T06:31:44.000Z","needs_review","0.35"
"85d8d7e5e2cb4535","T_CARM 001-2023 综合医院康复医学科建设指南","T_CARM 001-2023 综合医院康复医学科建设指南.pdf","14_康復與中醫\2023\T_CARM 001-2023 综合医院康复医学科建设指南.pdf","康復與中醫","（無）","UNKNOWN","2023","2023","技術規範／診療指南","其他／待確認","","pdf","pdf_text_layer","33bad8444e2dca3dd9cb4b2d81d12b7d7756a98056776b9c2a0d8303950b82d1","349886","2024-03-18T05:57:24.000Z","needs_review","0.35"
"dd0f75bbe6ebd9c9","T_CARM 004-2023 康复治疗师规范化培训方案","T_CARM 004-2023 康复治疗师规范化培训方案.pdf","14_康復與中醫\2023\T_CARM 004-2023 康复治疗师规范化培训方案.pdf","康復與中醫","（無）","UNKNOWN","2023","2023","國家或地方標準","臨床診療與醫療技術","圖書、教育與文件管理","pdf","pdf_text_layer","d209bf27acc3c2146c6f664a056b13f3ba0da749cbdb9dd4cae720ae7387c926","346924","2024-03-18T05:56:46.000Z","needs_review","0.35"
"cbdbe999b8a08ea6","DB3201_T 1242-2024 养老机构康复服务规范","DB3201_T 1242-2024 养老机构康复服务规范.pdf","14_康復與中醫\2024\DB3201_T 1242-2024 养老机构康复服务规范.pdf","康復與中醫","（無）","UNKNOWN","2024","2024","國家或地方標準","其他／待確認","","pdf","pdf_text_layer","e6d24d47593a0533d3cda1b510ef5c6ad15e7d5a3bd1650ff0a9eb3d39dcf912","518872","2025-05-30T02:28:22.000Z","needs_review","0.35"
"41ba53057e4ddcd3","DB43_T 2922-2024 医养结合机构中医健康服务规范","DB43_T 2922-2024 医养结合机构中医健康服务规范.pdf","14_康復與中醫\2024\DB43_T 2922-2024 医养结合机构中医健康服务规范.pdf","康復與中醫","（無）","UNKNOWN","2024","2024","國家或地方標準","其他／待確認","","pdf","pdf_needs_ocr","fc89ab1ccaa27cc918328918cc9300c5cb277e6a3175668f4129be780e9eff9a","6906547","2024-05-15T06:29:10.000Z","needs_review","0.35"
"28b48c4f2f4e62df","老年皮肤瘙痒症诊疗与康复专家共识（2025版）","老年皮肤瘙痒症诊疗与康复专家共识（2025版）.pdf","14_康復與中醫\2025\老年皮肤瘙痒症诊疗与康复专家共识（2025版）.pdf","康復與中醫","（無）","UNKNOWN","2025","2025","專家共識","臨床診療與醫療技術","","pdf","pdf_needs_ocr","86a44fff9b327768ff0a4213fde785fcedf42133c8299d3b4f05e40b533bdeb1","1870846","2025-06-03T03:52:52.000Z","needs_review","0.35"
"d67f7a4094c76531","DB3201_T 1242-2025 养老机构康复服务规范","DB3201_T 1242-2025 养老机构康复服务规范.pdf","14_康復與中醫\2025\DB3201_T 1242-2025 养老机构康复服务规范.pdf","康復與中醫","（無）","UNKNOWN","2025","2025","國家或地方標準","其他／待確認","","pdf","pdf_text_layer","2ce6a1cf79a26d6e626183d31bf5f40650722ad3e4cb912c39880a8f5113b556","485330","2025-05-30T02:30:38.000Z","needs_review","0.35"
"8205c648df4c30c0","DB44_T 2754-2025 中医医院老年病科病房适老化服务规范","DB44_T 2754-2025 中医医院老年病科病房适老化服务规范.pdf","14_康復與中醫\2025\DB44_T 2754-2025 中医医院老年病科病房适老化服务规范.pdf","康復與中醫","（無）","UNKNOWN","2025","2025；2026；2023；2017","國家或地方標準","其他／待確認","","pdf","pdf_text_layer","3960e1f6063107ca29ec00b8d41b10d03d738f40581441e208225d3b4c7f7cf6","477003","2026-02-05T04:36:30.000Z","needs_review","0.35"
"9d073d5f6bd20d29","康复治疗专业人员培训大纲","康复治疗专业人员培训大纲 (2).doc","14_康復與中醫\未標示年份\康复治疗专业人员培训大纲 (2).doc","康復與中醫","（無）","UNKNOWN","未標示年份","","教材／簡報／參考資料","臨床診療與醫療技術","圖書、教育與文件管理","doc","filename_only","6e224777c0d7e5268d072b9bed18dc7576a4cef6451e3a407fd32f838c424063","169984","2024-03-18T05:47:54.000Z","needs_review","0.35"
"c9e9d9b8893b7a57","康复治疗专业人员培训大纲","康复治疗专业人员培训大纲.doc","14_康復與中醫\未標示年份\康复治疗专业人员培训大纲.doc","康復與中醫","（無）","UNKNOWN","未標示年份","","教材／簡報／參考資料","臨床診療與醫療技術","圖書、教育與文件管理","doc","filename_only","6e224777c0d7e5268d072b9bed18dc7576a4cef6451e3a407fd32f838c424063","169984","2024-08-02T00:25:42.000Z","needs_review","0.35"
"c52c649dcb4d2694","康复意外应急预案与处理流程","康复意外应急预案与处理流程.doc","14_康復與中醫\未標示年份\康复意外应急预案与处理流程.doc","康復與中醫","（無）","UNKNOWN","未標示年份","","院內制度／SOP","急診與緊急醫療","消防、治安與應急管理","doc","filename_only","a07c7229e55c51ebb6fb34b5c6b8d925c3e1953de872cc32b103d994b9dc0372","106496","2022-06-10T06:00:36.000Z","needs_review","0.35"
"8e40c9e1e6a63d8e","综合医院康复医学科建设与管理指南","综合医院康复医学科建设与管理指南.doc","14_康復與中醫\未標示年份\综合医院康复医学科建设与管理指南.doc","康復與中醫","（無）","UNKNOWN","未標示年份","","技術規範／診療指南","其他／待確認","","doc","filename_only","e0c724f7ed78ce5cc58dd73e90352c68d7f92abee7fa068ed5bf73a4987b6ac9","32256","2022-06-08T06:16:20.000Z","needs_review","0.35"
"94159e94b818d06d","综合医院康复医学科建设与管理指南（2）","综合医院康复医学科建设与管理指南（2）.doc","14_康復與中醫\未標示年份\综合医院康复医学科建设与管理指南（2）.doc","康復與中醫","（無）","UNKNOWN","未標示年份","","技術規範／診療指南","其他／待確認","","doc","filename_only","e0c724f7ed78ce5cc58dd73e90352c68d7f92abee7fa068ed5bf73a4987b6ac9","32256","2022-06-08T06:16:20.000Z","needs_review","0.35"
"8d6377409317100b","慢性癌性疼痛中医诊疗规范专家共识","慢性癌性疼痛中医诊疗规范专家共识.pdf","14_康復與中醫\未標示年份\慢性癌性疼痛中医诊疗规范专家共识.pdf","康復與中醫","（無）","UNKNOWN","未標示年份","","專家共識","臨床診療與醫療技術","手術、麻醉與疼痛管理","pdf","pdf_text_layer","d3ee5ca9821ec9f76c292215f045b9414774c2a8810e9d9ae7c7852cb6d68700","1686249","2026-04-29T05:23:38.000Z","needs_review","0.35"
"08dc7dcfb7c14905","2019医疗和疾控机构后勤安全生产工作管理指南-国家卫生健康委员会","2019医疗和疾控机构后勤安全生产工作管理指南-国家卫生健康委员会.pdf","15_公共衛生與健康服務\2019\2019医疗和疾控机构后勤安全生产工作管理指南-国家卫生健康委员会.pdf","公共衛生與健康服務","（無）","UNKNOWN","2019","2019","技術規範／診療指南","醫療治理與依法執業","後勤、建築與設施安全","pdf","pdf_text_layer","958361ffbb47bd82068e0cb5186af6624aa61cdd2145c91fbf306630bbec3fbf","3468425","2020-07-12T15:55:02.000Z","needs_review","0.35"
"9ac9a2d8fa585995","6老年患者出院准备服务专家共识 2019版","6老年患者出院准备服务专家共识 2019版.pdf","15_公共衛生與健康服務\2019\6老年患者出院准备服务专家共识 2019版.pdf","公共衛生與健康服務","（無）","CN","2019","2019","專家共識","其他／待確認","","pdf","pdf_text_layer","035c25b3e313e8017eb22e290acdc8f3e19e406ad0058c667bbd0c55da4a09c5","1188293","2024-08-19T01:19:44.000Z","needs_review","0.35"
"45d72ccfbcabc0e2","4.2020 版 ICFSR 老年衰弱指南解读","4.2020 版 ICFSR 老年衰弱指南解读.pdf","15_公共衛生與健康服務\2020\4.2020 版 ICFSR 老年衰弱指南解读.pdf","公共衛生與健康服務","（無）","UNKNOWN","2020","2020","技術規範／診療指南","其他／待確認","","pdf","pdf_text_layer","83efec84ddc2b52ec898108e4eadbdbcd2d983e4b5b83ec7ed96bcd22af5b7d8","491803","2024-08-19T01:20:10.000Z","needs_review","0.35"
"a82b2300122f9e01","T_LXLY 4-2020 老年营养师职业能力评价指南","T_LXLY 4-2020 老年营养师职业能力评价指南.pdf","15_公共衛生與健康服務\2020\T_LXLY 4-2020 老年营养师职业能力评价指南.pdf","公共衛生與健康服務","（無）","UNKNOWN","2020","2020","技術規範／診療指南","其他／待確認","","pdf","pdf_needs_ocr","c53e9de51716ffa4e3c242b1fbf64ff49a310207a0f658c9d6e49c1b48acad61","1720835","2024-10-06T07:42:32.000Z","needs_review","0.35"
"3c36acac4565651d","T_LXLY 4-2020 老年营养师职业能力评价指南（2）","T_LXLY 4-2020 老年营养师职业能力评价指南（2）.pdf","15_公共衛生與健康服務\2020\T_LXLY 4-2020 老年营养师职业能力评价指南（2）.pdf","公共衛生與健康服務","（無）","UNKNOWN","2020","2020","技術規範／診療指南","其他／待確認","","pdf","pdf_needs_ocr","c53e9de51716ffa4e3c242b1fbf64ff49a310207a0f658c9d6e49c1b48acad61","1720835","2024-10-06T07:42:32.000Z","needs_review","0.35"
"03619d5a21c488bc","TJSCC 020-2020 月子中心产妇餐饮服务规范","TJSCC 020-2020 月子中心产妇餐饮服务规范.pdf","15_公共衛生與健康服務\2020\TJSCC 020-2020 月子中心产妇餐饮服务规范.pdf","公共衛生與健康服務","（無）","UNKNOWN","2020","2020","待確認或非規範文件","生殖、婦幼與月子服務","","pdf","pdf_text_layer","758c16bc6e2e027069253d8c541273f1e6787c2bdcb8fc1383ab334bc99dee97","197675","2024-08-22T05:31:50.000Z","needs_review","0.35"
"e2a143193fde0e0d","DB14T 2375-2021 月子中心基本服务规范","DB14T 2375-2021 月子中心基本服务规范.pdf","15_公共衛生與健康服務\2021\DB14T 2375-2021 月子中心基本服务规范.pdf","公共衛生與健康服務","（無）","UNKNOWN","2021","2021","國家或地方標準","生殖、婦幼與月子服務","","pdf","pdf_text_layer","d748b3e8296e92510ff9a12c03010db7399b41982bf98345678fe8d01c906178","243720","2024-08-22T05:30:08.000Z","needs_review","0.35"
"015f929949ebaaa8","TNAHIEM 38-2021 母婴月子会所风险控制技术规范","TNAHIEM 38-2021 母婴月子会所风险控制技术规范.pdf","15_公共衛生與健康服務\2021\TNAHIEM 38-2021 母婴月子会所风险控制技术规范.pdf","公共衛生與健康服務","（無）","UNKNOWN","2021","2021","技術規範／診療指南","生殖、婦幼與月子服務","","pdf","pdf_text_layer","2f7afe9f94cccf63e562532d0e5229e1571945bf7c4ab026f7d388220586d9e4","462458","2024-08-22T05:31:30.000Z","needs_review","0.35"
"f9919285045ea75c","醫療保健行業ESG管理策略研究","醫療保健行業ESG管理策略研究.pdf","15_公共衛生與健康服務\2022\醫療保健行業ESG管理策略研究.pdf","公共衛生與健康服務","（無）","UNKNOWN","2022","2022","研究論文／文獻","臨床研究與人體試驗","環境、能源與醫療廢棄物","pdf","pdf_text_layer","2a38b0f26b389039d394a01055a06056d58936456e03797c9698c7a2d1270c64","13256628","2026-05-20T01:59:22.000Z","needs_review","0.35"
"3165a8a9b40e4009","中国高龄老年人体质指数适宜范围与体重管理指南（T_CNSS 021—2023）","中国高龄老年人体质指数适宜范围与体重管理指南（T_CNSS 021—2023）.pdf","15_公共衛生與健康服務\2023\中国高龄老年人体质指数适宜范围与体重管理指南（T_CNSS 021—2023）.pdf","公共衛生與健康服務","（無）","CN","2023","2023","技術規範／診療指南","其他／待確認","","pdf","pdf_needs_ocr","c967989000e76ea81424324d2043aa2dd82af5dd323c2328eae7cbaaf069f4ee","784084","2025-04-14T01:57:04.000Z","needs_review","0.35"
"a884ae4449da2f5a","医疗和疾控机构后勤安全生产工作管理指南2023 年版_7-34","医疗和疾控机构后勤安全生产工作管理指南2023 年版_7-34.pdf","15_公共衛生與健康服務\2023\医疗和疾控机构后勤安全生产工作管理指南2023 年版_7-34.pdf","公共衛生與健康服務","（無）","UNKNOWN","2023","2023","技術規範／診療指南","後勤、建築與設施安全","","pdf","pdf_text_layer","cb92a564ffd06fcc9fd28fd73b1fc38e82f17530af7d7714b6d373d2f1460699","879077","2025-09-14T12:14:28.000Z","needs_review","0.35"
"6070600d16298e29","DB4404_T 42.1-2023 产后母婴服务 第1部分：基本要求","DB4404_T 42.1-2023 产后母婴服务 第1部分：基本要求.pdf","15_公共衛生與健康服務\2023\DB4404_T 42.1-2023 产后母婴服务 第1部分：基本要求.pdf","公共衛生與健康服務","（無）","UNKNOWN","2023","2023；2020；2019；2018；2016；2012","國家或地方標準","生殖、婦幼與月子服務","","pdf","pdf_text_layer","9d22a9667791da530fdef109f19f224b4d3bcc2d909d3fc82f9dd96aa200d845","640611","2024-08-22T05:35:38.000Z","needs_review","0.35"
"da77cef620deb9cf","DB4404_T 42.2-2023 产后母婴服务 第2部分：生活照料服","DB4404_T 42.2-2023 产后母婴服务 第2部分：生活照料服.pdf","15_公共衛生與健康服務\2023\DB4404_T 42.2-2023 产后母婴服务 第2部分：生活照料服.pdf","公共衛生與健康服務","（無）","UNKNOWN","2023","2023","國家或地方標準","生殖、婦幼與月子服務","","pdf","pdf_text_layer","770fa0a1a55759deb94c90e0b07b29a365799deac45c77a56af395ea3019f790","912622","2024-08-22T05:35:30.000Z","needs_review","0.35"
"3e81176c485d4217","T_CNSS 021-2023 中国高龄老年人体质指数适宜范围与体重管理","T_CNSS 021-2023 中国高龄老年人体质指数适宜范围与体重管理.pdf","15_公共衛生與健康服務\2023\T_CNSS 021-2023 中国高龄老年人体质指数适宜范围与体重管理.pdf","公共衛生與健康服務","（無）","CN","2023","2023","國家或地方標準","其他／待確認","","pdf","pdf_text_layer","9295686a9f8e328c9f3cbd2646061f831a94cd33e909c60c19200965d34a07f8","318019","2025-04-14T01:15:28.000Z","needs_review","0.35"
"9f9db05581aa1c67","老年友善服务评价标准（2024版）","老年友善服务评价标准（2024版）.docx","15_公共衛生與健康服務\2024\老年友善服务评价标准（2024版）.docx","公共衛生與健康服務","（無）","UNKNOWN","2024","2024","院內制度／SOP","護理管理","藥事與藥品管理；病歷、電子病歷與醫療資料；醫技、檢驗與病理；臨床診療與醫療技術；醫療器材與設備","docx","office_xml","458b3fa0b9ae3a2dbf85e0ee6f12dfa4e978cd15e9d173bde3ce9cf0dcdcb8c6","17673","2025-03-03T03:05:14.000Z","needs_review","0.35"
"361c0d55ee016d53","老年前列腺癌临床诊治专家共识(2024版)","老年前列腺癌临床诊治专家共识(2024版).pdf","15_公共衛生與健康服務\2024\老年前列腺癌临床诊治专家共识(2024版).pdf","公共衛生與健康服務","（無）","UNKNOWN","2024","2024","專家共識","臨床診療與醫療技術","","pdf","pdf_needs_ocr","d44dea503959c38daf41d1b0616c0ba407d564b395e5723475700eeaa7b930ec","1998877","2025-06-03T03:49:24.000Z","needs_review","0.35"
"d8a5ddad36a6d058","DB1301_T 540-2024 养老服务机构老年人健康档案书写规范","DB1301_T 540-2024 养老服务机构老年人健康档案书写规范.pdf","15_公共衛生與健康服務\2024\DB1301_T 540-2024 养老服务机构老年人健康档案书写规范.pdf","公共衛生與健康服務","（無）","UNKNOWN","2024","2024；2019","國家或地方標準","其他／待確認","","pdf","pdf_text_layer","08e1bb208b17ababda9fd81e48c6cb8f0e9ffc2147dea562a3f0e46688cd3a41","3860987","2025-05-30T02:31:46.000Z","needs_review","0.35"
"b676e3facd7d817e","DB1409_T 59-2024 学校及托幼机构突发公共卫生事件应急预案","DB1409_T 59-2024 学校及托幼机构突发公共卫生事件应急预案.pdf","15_公共衛生與健康服務\2024\DB1409_T 59-2024 学校及托幼机构突发公共卫生事件应急预案.pdf","公共衛生與健康服務","（無）","UNKNOWN","2024","2024","國家或地方標準","急診與緊急醫療","消防、治安與應急管理","pdf","pdf_text_layer","d8704f1289c5cc8b76e0951c3db6355e74428eef7053a1b061300b9863ba2ebe","516558","2025-03-30T08:22:54.000Z","needs_review","0.35"
"bc00f61bfaa09c6d","DB32_T 4766-2024 疾控机构卫生应急物资储备 目录与管理规","DB32_T 4766-2024 疾控机构卫生应急物资储备 目录与管理规.pdf","15_公共衛生與健康服務\2024\DB32_T 4766-2024 疾控机构卫生应急物资储备 目录与管理规.pdf","公共衛生與健康服務","（無）","UNKNOWN","2024","2024","國家或地方標準","急診與緊急醫療","消防、治安與應急管理","pdf","pdf_text_layer","36844b769ca692adf438a9baf2a431a6671713a1b4e2401f0a85c9a30c9bda1a","640966","2024-11-07T08:05:24.000Z","needs_review","0.35"
"3fe858c18dc0c128","DB36_T 1980-2024 老年友善医疗机构建设规范","DB36_T 1980-2024 老年友善医疗机构建设规范.pdf","15_公共衛生與健康服務\2024\DB36_T 1980-2024 老年友善医疗机构建设规范.pdf","公共衛生與健康服務","（無）","UNKNOWN","2024","2024；1980","國家或地方標準","醫療治理與依法執業","","pdf","pdf_text_layer","de377fd9556f8e0bbf504552517b1ea29bf2a0ea9a5b8f0e8ff4d0563a906064","720429","2024-07-19T08:40:22.000Z","needs_review","0.35"
"2e40620185a218a7","DB36_T 1980-2024 老年友善医疗机构建设规范江西","DB36_T 1980-2024 老年友善医疗机构建设规范江西.pdf","15_公共衛生與健康服務\2024\DB36_T 1980-2024 老年友善医疗机构建设规范江西.pdf","公共衛生與健康服務","（無）","UNKNOWN","2024","2024；1980","國家或地方標準","醫療治理與依法執業","","pdf","pdf_text_layer","de377fd9556f8e0bbf504552517b1ea29bf2a0ea9a5b8f0e8ff4d0563a906064","720429","2024-07-19T08:40:22.000Z","needs_review","0.35"
"60e04fa411887cae","DB64_T 1986-2024 老年友善医疗机构建设评价规范","DB64_T 1986-2024 老年友善医疗机构建设评价规范.pdf","15_公共衛生與健康服務\2024\DB64_T 1986-2024 老年友善医疗机构建设评价规范.pdf","公共衛生與健康服務","（無）","UNKNOWN","2024","2024；1986","國家或地方標準","醫療治理與依法執業","","pdf","pdf_text_layer","432ce874bf640cbe1c5fe441e0021953fd3d8d1dcc8f11142fda391090a5c110","1409391","2024-10-15T06:48:26.000Z","needs_review","0.35"
"7a200fd883486eed","GB_Z 45152-2024 老龄化社会 基于社群的综合保健与照顾服务","GB_Z 45152-2024 老龄化社会 基于社群的综合保健与照顾服务.pdf","15_公共衛生與健康服務\2024\GB_Z 45152-2024 老龄化社会 基于社群的综合保健与照顾服务.pdf","公共衛生與健康服務","（無）","UNKNOWN","2024","2024","國家或地方標準","其他／待確認","","pdf","pdf_text_layer","9405c59bb56988623efa3ed33ef76b133da13d588319f99dffa941398664e05b","5368445","2025-03-10T03:21:36.000Z","needs_review","0.35"
"2469587b2f91115f","MZ_T 236-2024 养老机构委托服务规范","MZ_T 236-2024 养老机构委托服务规范.pdf","15_公共衛生與健康服務\2024\MZ_T 236-2024 养老机构委托服务规范.pdf","公共衛生與健康服務","（無）","UNKNOWN","2024","2024","國家或地方標準","其他／待確認","","pdf","pdf_text_layer","6313866bf7bdb6337c13854b079855f3f7702375713f32da4efb1933056912cb","532270","2025-05-30T02:31:52.000Z","needs_review","0.35"
"392a38decaac090e","T_SIOT 306-2024 智慧健康养老 居家养老安全监测规范 报警","T_SIOT 306-2024 智慧健康养老 居家养老安全监测规范 报警.pdf","15_公共衛生與健康服務\2024\T_SIOT 306-2024 智慧健康养老 居家养老安全监测规范 报警.pdf","公共衛生與健康服務","（無）","UNKNOWN","2024","2024","待確認或非規範文件","其他／待確認","","pdf","pdf_text_layer","c3a3c02e485993545a69a0f9120fc3751e318bbd75911954cb3cbf422a292cfa","797012","2025-05-30T02:32:18.000Z","needs_review","0.35"
"363aa2c6964eb910","DB12_T 1434-2025 养老机构消毒卫生规范","DB12_T 1434-2025 养老机构消毒卫生规范.pdf","15_公共衛生與健康服務\2025\DB12_T 1434-2025 养老机构消毒卫生规范.pdf","公共衛生與健康服務","（無）","UNKNOWN","2025","2025；1919","國家或地方標準","感染預防與控制","","pdf","pdf_text_layer","f74188574deb9eca3e38540b84e7f08fd6a97a22a89a6ba78a4a71d7672268e7","1441732","2025-05-30T02:30:46.000Z","needs_review","0.35"
"4904273289f7b521","DB3206_T 1105-2025 老年人营养新型食堂建设与评价指南","DB3206_T 1105-2025 老年人营养新型食堂建设与评价指南.pdf","15_公共衛生與健康服務\2025\DB3206_T 1105-2025 老年人营养新型食堂建设与评价指南.pdf","公共衛生與健康服務","（無）","UNKNOWN","2025","2025","技術規範／診療指南","其他／待確認","","pdf","pdf_text_layer","a5ef5b69c7d195653e5e03dcd2cb538448b3e6fa41ec6d8eb5abf9d697679579","320568","2025-05-30T02:30:26.000Z","needs_review","0.35"
"d51cbf9b1e30e5af","DB3311_T 307-2025 山区居家养老流动服务运营规范","DB3311_T 307-2025 山区居家养老流动服务运营规范.pdf","15_公共衛生與健康服務\2025\DB3311_T 307-2025 山区居家养老流动服务运营规范.pdf","公共衛生與健康服務","（無）","UNKNOWN","2025","2025","國家或地方標準","其他／待確認","","pdf","pdf_text_layer","1c30bf5eb80a7940393c79b4ac5064a5d79836545953e5abc60191d0fbf31213","237133","2025-05-30T02:28:10.000Z","needs_review","0.35"
"691af3853bab7e7e","DB36_T 2145-2025 养老服务人才培养实训基地建设指南","DB36_T 2145-2025 养老服务人才培养实训基地建设指南.pdf","15_公共衛生與健康服務\2025\DB36_T 2145-2025 养老服务人才培养实训基地建设指南.pdf","公共衛生與健康服務","（無）","UNKNOWN","2025","2025","技術規範／診療指南","其他／待確認","","pdf","pdf_text_layer","0ce32f66caf5cbb54befddbb456284540a93d24e403237892f92d43bd36feaf7","291181","2025-05-30T02:30:00.000Z","needs_review","0.35"
"aa579b7a9ce0fdca","DB36_T 2147-2025 养老机构老年人分级照护服务规范","DB36_T 2147-2025 养老机构老年人分级照护服务规范.pdf","15_公共衛生與健康服務\2025\DB36_T 2147-2025 养老机构老年人分级照护服务规范.pdf","公共衛生與健康服務","（無）","UNKNOWN","2025","2025","國家或地方標準","其他／待確認","","pdf","pdf_text_layer","df0cff8d46f3304658c8f5d0755484fe523399435ab1a1f00517b73b6a143121","234143","2025-05-30T02:29:46.000Z","needs_review","0.35"
"c465ec273517f7ee","DB4403_T 578-2025 老年人营养配餐指南","DB4403_T 578-2025 老年人营养配餐指南.pdf","15_公共衛生與健康服務\2025\DB4403_T 578-2025 老年人营养配餐指南.pdf","公共衛生與健康服務","（無）","UNKNOWN","2025","2025","技術規範／診療指南","其他／待確認","","pdf","pdf_text_layer","115e8de1a792eccdf84e6afa1cf2fec173352d819f6f71306f810d9b8c733154","285169","2025-05-30T02:31:32.000Z","needs_review","0.35"
"e38683f60e72ced1","GBZT 196—2025建设项目职业病危害预评价技术标准","GBZT 196—2025建设项目职业病危害预评价技术标准.pdf","15_公共衛生與健康服務\2025\GBZT 196—2025建设项目职业病危害预评价技术标准.pdf","公共衛生與健康服務","（無）","UNKNOWN","2025","2025","待確認或非規範文件","職業安全與員工健康","","pdf","pdf_text_layer","83052c41080a3b30cd5daf2ef138315c0d1fcb91c83ffb036b55b1682edb29b6","382323","2025-09-06T02:57:42.000Z","needs_review","0.35"
"817c01494253d985","GBZT 341—2025工程爆破炮烟职业病危害预防控制指南","GBZT 341—2025工程爆破炮烟职业病危害预防控制指南.pdf","15_公共衛生與健康服務\2025\GBZT 341—2025工程爆破炮烟职业病危害预防控制指南.pdf","公共衛生與健康服務","（無）","UNKNOWN","2025","2025","技術規範／診療指南","職業安全與員工健康","","pdf","pdf_text_layer","fd155b6164184f7678cc5f3d99210f1a9086714ba1c134c95c507f6d6881dff8","569986","2025-09-06T02:56:52.000Z","needs_review","0.35"
"9ae99920a838f160","T_BAS 016-2025 居家养老照护服务指南","T_BAS 016-2025 居家养老照护服务指南.pdf","15_公共衛生與健康服務\2025\T_BAS 016-2025 居家养老照护服务指南.pdf","公共衛生與健康服務","（無）","UNKNOWN","2025","2025","技術規範／診療指南","其他／待確認","","pdf","pdf_text_layer","308a9d03e24b7538c79196d650ee6469e807909a7cef7b1aa6a9ab8a0beb1ee0","383732","2025-05-30T02:31:10.000Z","needs_review","0.35"
"5e70a59aa19e47b7","T_NXBX 039-2025 机构老年人康养照护（初级）人员 从业技能","T_NXBX 039-2025 机构老年人康养照护（初级）人员 从业技能.pdf","15_公共衛生與健康服務\2025\T_NXBX 039-2025 机构老年人康养照护（初级）人员 从业技能.pdf","公共衛生與健康服務","（無）","UNKNOWN","2025","2025；2024；2023；2022；2021；2020；2017","國家或地方標準","其他／待確認","","pdf","pdf_text_layer","f61d728c66db9232609032a56ee67c983dadbb2f4937e97d109fea9fc96670d9","504207","2025-05-30T02:29:38.000Z","needs_review","0.35"
"d628dd3676eb3d09","T_NXBX 040-2025 机构老年人康养照护（中级）人员 从业技能","T_NXBX 040-2025 机构老年人康养照护（中级）人员 从业技能.pdf","15_公共衛生與健康服務\2025\T_NXBX 040-2025 机构老年人康养照护（中级）人员 从业技能.pdf","公共衛生與健康服務","（無）","UNKNOWN","2025","2025；2024；2023；2022；2021；2020","國家或地方標準","其他／待確認","","pdf","pdf_text_layer","0cc19abdf955045b174ab28a4250e865b18dda640e84a3327ed8d95cd5c06ad7","498505","2025-05-30T02:29:30.000Z","needs_review","0.35"
"68bf354ad5988f6b","T_NXBX 041-2025 机构老年人康养照护（高级）人员 从业技能","T_NXBX 041-2025 机构老年人康养照护（高级）人员 从业技能.pdf","15_公共衛生與健康服務\2025\T_NXBX 041-2025 机构老年人康养照护（高级）人员 从业技能.pdf","公共衛生與健康服務","（無）","UNKNOWN","2025","2025；2024；2023；2022；2021；2020","國家或地方標準","其他／待確認","","pdf","pdf_text_layer","62251c047819daec311e746e789f12e0a821609375993c8a0c9d11992e50608d","440695","2025-05-30T02:29:24.000Z","needs_review","0.35"
"b5c7def033909eab","T_NXBX 042-2025 居家老年人康养照护（初级）人员 从业技能","T_NXBX 042-2025 居家老年人康养照护（初级）人员 从业技能.pdf","15_公共衛生與健康服務\2025\T_NXBX 042-2025 居家老年人康养照护（初级）人员 从业技能.pdf","公共衛生與健康服務","（無）","UNKNOWN","2025","2025；2035；2024；2022；2020","國家或地方標準","其他／待確認","","pdf","pdf_text_layer","bc3eef1e0e17f6b3f7c69ffa7031f7214a7cabb3623e5376eeb8210d6bc7cece","475627","2025-05-30T02:29:16.000Z","needs_review","0.35"
"8382e16fc96d617b","T_NXBX 043-2025 居家老年人康养照护（中级）人员 从业技能","T_NXBX 043-2025 居家老年人康养照护（中级）人员 从业技能.pdf","15_公共衛生與健康服務\2025\T_NXBX 043-2025 居家老年人康养照护（中级）人员 从业技能.pdf","公共衛生與健康服務","（無）","UNKNOWN","2025","2025；2035；2024；2022；2020","國家或地方標準","其他／待確認","","pdf","pdf_text_layer","125807e0a0c5309a9c1a30a7b169e931975b5076eb9f093a5436bdb3aaa87ef5","469235","2025-05-30T02:29:10.000Z","needs_review","0.35"
"6e91f73e292f4c17","T_NXBX 044-2025 居家老年人康养照护（高级）人员 从业技能","T_NXBX 044-2025 居家老年人康养照护（高级）人员 从业技能.pdf","15_公共衛生與健康服務\2025\T_NXBX 044-2025 居家老年人康养照护（高级）人员 从业技能.pdf","公共衛生與健康服務","（無）","UNKNOWN","2025","2025；2035；2024；2022；2020","國家或地方標準","其他／待確認","","pdf","pdf_text_layer","a7a5f355d2d0fd321ebc6c92a155abd1234dc345814a89d68a5b61e1eef35ddb","414689","2025-05-30T02:28:54.000Z","needs_review","0.35"
"a6b6056cfc587389","T_NXBX 045-2025 社区老年人康养照护（初级）人员 从业技能","T_NXBX 045-2025 社区老年人康养照护（初级）人员 从业技能.pdf","15_公共衛生與健康服務\2025\T_NXBX 045-2025 社区老年人康养照护（初级）人员 从业技能.pdf","公共衛生與健康服務","（無）","UNKNOWN","2025","2025；2035；2024；2022；2020；2016","國家或地方標準","其他／待確認","","pdf","pdf_text_layer","28a37f05fc6f6f1d53f6068f05d718b17294b7d914ab74ce0f2d615fd482f2cc","489979","2025-05-30T02:28:48.000Z","needs_review","0.35"
"649db7c85682459f","T_NXBX 046-2025 社区老年人康养照护（中级）人员 从业技能","T_NXBX 046-2025 社区老年人康养照护（中级）人员 从业技能.pdf","15_公共衛生與健康服務\2025\T_NXBX 046-2025 社区老年人康养照护（中级）人员 从业技能.pdf","公共衛生與健康服務","（無）","UNKNOWN","2025","2025；2035；2023；2022；2020；2016","國家或地方標準","其他／待確認","","pdf","pdf_text_layer","94582c917dd332c66189438b82e442634859a208850e0b1b641346d2b5bcc5e6","487970","2025-05-30T02:28:42.000Z","needs_review","0.35"
"dc4399145844abb7","T_NXBX 047-2025 社区老年人康养照护（高级）人员 从业技能","T_NXBX 047-2025 社区老年人康养照护（高级）人员 从业技能.pdf","15_公共衛生與健康服務\2025\T_NXBX 047-2025 社区老年人康养照护（高级）人员 从业技能.pdf","公共衛生與健康服務","（無）","UNKNOWN","2025","2025；2035；2024；2022；2020；2016","國家或地方標準","其他／待確認","","pdf","pdf_text_layer","9526374f7f34186233dc2b679fd389afdcb688d11e3eb6d74f1eaaae68785234","428241","2025-05-30T02:28:36.000Z","needs_review","0.35"
"9ba26db1c9d252b6","WST 875—2026-20260318094756296老年人认知障碍预防干预技术标准","WST 875—2026-20260318094756296老年人认知障碍预防干预技术标准.pdf","15_公共衛生與健康服務\2026\WST 875—2026-20260318094756296老年人认知障碍预防干预技术标准.pdf","公共衛生與健康服務","（無）","UNKNOWN","2026","2026","國家或地方標準","其他／待確認","","pdf","pdf_text_layer","db74f1fc776c583b3e163745cd47dd956993b0ef27d4e518d7c640680e883c23","253352","2026-05-25T04:21:14.000Z","needs_review","0.35"
"6e58d555883b3e4c","WST 875—2026-20260318094756296老年人认知障碍预防干预技术标准（2）","WST 875—2026-20260318094756296老年人认知障碍预防干预技术标准（2）.pdf","15_公共衛生與健康服務\2026\WST 875—2026-20260318094756296老年人认知障碍预防干预技术标准（2）.pdf","公共衛生與健康服務","（無）","UNKNOWN","2026","2026","國家或地方標準","其他／待確認","","pdf","pdf_text_layer","db74f1fc776c583b3e163745cd47dd956993b0ef27d4e518d7c640680e883c23","253352","2026-05-25T04:21:14.000Z","needs_review","0.35"
"8abf4eae9226f8e2","WST 878—2026老年人失能预防服务标准","WST 878—2026老年人失能预防服务标准.pdf","15_公共衛生與健康服務\2026\WST 878—2026老年人失能预防服务标准.pdf","公共衛生與健康服務","（無）","UNKNOWN","2026","2026","國家或地方標準","其他／待確認","","pdf","pdf_text_layer","74573188e758f4c615d81536ed0a4e22000aa8b44c1e023a7c4300e6ec04e283","325108","2026-05-25T04:20:26.000Z","needs_review","0.35"
"1e042203e6ef42c7","WST 878—2026老年人失能预防服务标准（2）","WST 878—2026老年人失能预防服务标准（2）.pdf","15_公共衛生與健康服務\2026\WST 878—2026老年人失能预防服务标准（2）.pdf","公共衛生與健康服務","（無）","UNKNOWN","2026","2026","國家或地方標準","其他／待確認","","pdf","pdf_text_layer","74573188e758f4c615d81536ed0a4e22000aa8b44c1e023a7c4300e6ec04e283","325108","2026-05-25T04:20:26.000Z","needs_review","0.35"
"62ddc28011f6b7a6","WST 888—2026-20260318094913315医疗机构老年综合评估技术操作标准","WST 888—2026-20260318094913315医疗机构老年综合评估技术操作标准.pdf","15_公共衛生與健康服務\2026\WST 888—2026-20260318094913315医疗机构老年综合评估技术操作标准.pdf","公共衛生與健康服務","（無）","UNKNOWN","2026","2026","國家或地方標準","醫療治理與依法執業","","pdf","pdf_text_layer","c059292710448e41fce63a7048d18dd7c378a36c0ce4646cbfc14c3d1899c775","556811","2026-05-25T04:19:58.000Z","needs_review","0.35"
"a569adf813389a15","WST 888—2026-20260318094913315医疗机构老年综合评估技术操作标准（2）","WST 888—2026-20260318094913315医疗机构老年综合评估技术操作标准（2）.pdf","15_公共衛生與健康服務\2026\WST 888—2026-20260318094913315医疗机构老年综合评估技术操作标准（2）.pdf","公共衛生與健康服務","（無）","UNKNOWN","2026","2026","國家或地方標準","醫療治理與依法執業","","pdf","pdf_text_layer","c059292710448e41fce63a7048d18dd7c378a36c0ce4646cbfc14c3d1899c775","556811","2026-05-25T04:19:58.000Z","needs_review","0.35"
"8ae057ec2da0bea0","WST 889—2026老年医学特色综合医院基本标准","WST 889—2026老年医学特色综合医院基本标准.pdf","15_公共衛生與健康服務\2026\WST 889—2026老年医学特色综合医院基本标准.pdf","公共衛生與健康服務","（無）","UNKNOWN","2026","2026","國家或地方標準","其他／待確認","","pdf","pdf_text_layer","be620afb1005361d234e12493f6908b6d26d125d1d45d90e0a20e4cda811ca01","280328","2026-05-25T04:19:38.000Z","needs_review","0.35"
"d35b044184524f95","WST 889—2026老年医学特色综合医院基本标准（2）","WST 889—2026老年医学特色综合医院基本标准（2）.pdf","15_公共衛生與健康服務\2026\WST 889—2026老年医学特色综合医院基本标准（2）.pdf","公共衛生與健康服務","（無）","UNKNOWN","2026","2026","國家或地方標準","其他／待確認","","pdf","pdf_text_layer","be620afb1005361d234e12493f6908b6d26d125d1d45d90e0a20e4cda811ca01","280328","2026-05-25T04:19:38.000Z","needs_review","0.35"
"eca5eb1519e53d85","《国家卫生健康委办公厅关于提升老年医学医疗服务能力的通知》专家解读","《国家卫生健康委办公厅关于提升老年医学医疗服务能力的通知》专家解读.pdf","15_公共衛生與健康服務\未標示年份\《国家卫生健康委办公厅关于提升老年医学医疗服务能力的通知》专家解读.pdf","公共衛生與健康服務","（無）","UNKNOWN","未標示年份","","公告／通知／函釋","醫療治理與依法執業","","pdf","pdf_needs_ocr","5430d488ce7b4a87fc8f523398a9c93ec54b16a20c79dba67dab4d30d7a93493","1396135","2024-11-07T01:29:54.000Z","needs_review","0.35"
"6b5339469592c047","「ESG永續規劃師認證班_醫療專班」","「ESG永續規劃師認證班_醫療專班」.pdf","15_公共衛生與健康服務\未標示年份\「ESG永續規劃師認證班_醫療專班」.pdf","公共衛生與健康服務","（無）","UNKNOWN","未標示年份","","醫院評鑑／認證標準","醫院評鑑與醫療品質","環境、能源與醫療廢棄物","pdf","pdf_needs_ocr","1d88ee62f6f1a4c84a09bbe997c35a8d1bbc191c4aef126ee44f4e7dfe2a49e5","951623","2026-03-27T06:00:10.000Z","needs_review","0.35"
"6c76bca762585e80","中国健康老年人标准","中国健康老年人标准.pdf","15_公共衛生與健康服務\未標示年份\中国健康老年人标准.pdf","公共衛生與健康服務","（無）","CN","未標示年份","","國家或地方標準","其他／待確認","","pdf","pdf_text_layer","658f71b8e090b672fc0b2261204c40a5f922a1cd3ae07284c70dad7a411e33d2","281863","2026-01-29T02:51:28.000Z","needs_review","0.35"
"81f5141aa784d8f9","安宁疗护家庭会议专家共识","安宁疗护家庭会议专家共识.pdf","15_公共衛生與健康服務\未標示年份\安宁疗护家庭会议专家共识.pdf","公共衛生與健康服務","（無）","UNKNOWN","2023","2023","專家共識","其他／待確認","","pdf","pdf_text_layer","b9d020658e926f31dfb86ab6d8aac0b8cdc9222edc0863267c73213a84f07429","1225200","2024-08-19T01:19:46.000Z","needs_review","0.35"
"da2bc77ea9c69af7","老年人内在能力评估与维护指南","老年人内在能力评估与维护指南.pdf","15_公共衛生與健康服務\未標示年份\老年人内在能力评估与维护指南.pdf","公共衛生與健康服務","（無）","UNKNOWN","未標示年份","","技術規範／診療指南","其他／待確認","","pdf","pdf_text_layer","e3805b8a510520270e9195e164a0bfc16304f0831809e9eab3d8891edabac5f8","7889343","2025-04-02T05:31:26.000Z","needs_review","0.35"
"e2151c17212c1735","老年友善医疗机构评定技术规范","老年友善医疗机构评定技术规范.pdf","15_公共衛生與健康服務\未標示年份\老年友善医疗机构评定技术规范.pdf","公共衛生與健康服務","（無）","UNKNOWN","未標示年份","","技術規範／診療指南","醫療治理與依法執業","","pdf","pdf_needs_ocr","21fe3518d66ce36941ad532cb870d6462fdb636301ef81be790d78f265cefdaf","811298","2023-04-02T08:17:42.000Z","needs_review","0.35"
"717c5e0de19f6167","老年友善医疗机构评定技术规范（2）","老年友善医疗机构评定技术规范（2）.pdf","15_公共衛生與健康服務\未標示年份\老年友善医疗机构评定技术规范（2）.pdf","公共衛生與健康服務","（無）","UNKNOWN","未標示年份","","技術規範／診療指南","醫療治理與依法執業","","pdf","pdf_needs_ocr","21fe3518d66ce36941ad532cb870d6462fdb636301ef81be790d78f265cefdaf","811298","2023-04-02T08:17:42.000Z","needs_review","0.35"
"6ba72ba89cb091df","老年心肺功能减退全流程健康管理方案专家共识","老年心肺功能减退全流程健康管理方案专家共识.pdf","15_公共衛生與健康服務\未標示年份\老年心肺功能减退全流程健康管理方案专家共识.pdf","公共衛生與健康服務","（無）","UNKNOWN","未標示年份","","專家共識","其他／待確認","","pdf","pdf_needs_ocr","e553c0027daf70a94723a3f7749acd45dc882d2c574372aa776dfc475c4103aa","2514052","2025-06-03T03:58:54.000Z","needs_review","0.35"
"f14facbf4e5de4bb","老年安宁疗护病区设置标准","老年安宁疗护病区设置标准.pdf","15_公共衛生與健康服務\未標示年份\老年安宁疗护病区设置标准.pdf","公共衛生與健康服務","（無）","UNKNOWN","未標示年份","","國家或地方標準","其他／待確認","","pdf","pdf_text_layer","cb7fe5796f43af06edc9669736a0e394bbc1cf284a6392c750c1efd95c6b34ca","310971","2026-01-29T02:50:50.000Z","needs_review","0.35"
"2a98f12d1317ea0c","老年超重肥胖人群的体重管理策略及展望","老年超重肥胖人群的体重管理策略及展望.pdf","15_公共衛生與健康服務\未標示年份\老年超重肥胖人群的体重管理策略及展望.pdf","公共衛生與健康服務","（無）","UNKNOWN","未標示年份","","待確認或非規範文件","其他／待確認","","pdf","pdf_needs_ocr","e4311e053445387ea663ac309a5099e04ffce070e6493c5fb2bf69b24da2803a","1577049","2025-04-14T01:53:42.000Z","needs_review","0.35"
"a7c7e7be8e15261c","医疗和疾控机构后勤安全生产工作管理指南-国家卫生健康委员会","医疗和疾控机构后勤安全生产工作管理指南-国家卫生健康委员会.pdf","15_公共衛生與健康服務\未標示年份\医疗和疾控机构后勤安全生产工作管理指南-国家卫生健康委员会.pdf","公共衛生與健康服務","（無）","UNKNOWN","未標示年份","","技術規範／診療指南","醫療治理與依法執業","後勤、建築與設施安全","pdf","pdf_text_layer","958361ffbb47bd82068e0cb5186af6624aa61cdd2145c91fbf306630bbec3fbf","3468425","2021-06-17T08:41:00.000Z","needs_review","0.35"
"614013e758af35d6","医养结合机构内老年人在养老区和医疗区","医养结合机构内老年人在养老区和医疗区.pdf","15_公共衛生與健康服務\未標示年份\医养结合机构内老年人在养老区和医疗区.pdf","公共衛生與健康服務","（無）","UNKNOWN","未標示年份","","待確認或非規範文件","其他／待確認","","pdf","pdf_text_layer","fbca2c09fe8b0e2ff7901e5aec25921b83c07bcaf0245e4b8f4ec704e8f59a81","314033","2026-01-29T02:50:34.000Z","needs_review","0.35"
"806bcfd105566a71","国内外多重慢病健康服务整合研究进展","国内外多重慢病健康服务整合研究进展.pdf","15_公共衛生與健康服務\未標示年份\国内外多重慢病健康服务整合研究进展.pdf","公共衛生與健康服務","（無）","UNKNOWN","未標示年份","","研究論文／文獻","臨床研究與人體試驗","","pdf","pdf_needs_ocr","d49237cca45eed11f763bf1e6a287c0ae18b7949cf5a2b9fc375da183d805035","1766341","2024-08-24T08:37:28.000Z","needs_review","0.35"
"b6e7c9f651264be4","国家卫生健康委办公厅关于印发婴幼儿早期发展服务指南（试行）的通知","国家卫生健康委办公厅关于印发婴幼儿早期发展服务指南（试行）的通知.pdf","15_公共衛生與健康服務\未標示年份\国家卫生健康委办公厅关于印发婴幼儿早期发展服务指南（试行）的通知.pdf","公共衛生與健康服務","（無）","UNKNOWN","未標示年份","","技術規範／診療指南","醫療治理與依法執業","","pdf","pdf_needs_ocr","65226e92d7092005ba03b638da64fe61a0c4ae9d63297d188c8fbfcdd2faacaf","5551982","2025-04-14T00:35:52.000Z","needs_review","0.35"
"13edcc87c6dfee7b","国家卫生健康委办公厅关于印发婴幼儿早期发展服务指南（试行）的通知（2）","国家卫生健康委办公厅关于印发婴幼儿早期发展服务指南（试行）的通知（2）.pdf","15_公共衛生與健康服務\未標示年份\国家卫生健康委办公厅关于印发婴幼儿早期发展服务指南（试行）的通知（2）.pdf","公共衛生與健康服務","（無）","UNKNOWN","未標示年份","","技術規範／診療指南","醫療治理與依法執業","","pdf","pdf_needs_ocr","65226e92d7092005ba03b638da64fe61a0c4ae9d63297d188c8fbfcdd2faacaf","5551982","2025-04-14T00:35:52.000Z","needs_review","0.35"
"3732ec57b9683c23","国家卫生健康委办公厅关于提升老年医学医疗服务能力的通知","国家卫生健康委办公厅关于提升老年医学医疗服务能力的通知.pdf","15_公共衛生與健康服務\未標示年份\国家卫生健康委办公厅关于提升老年医学医疗服务能力的通知.pdf","公共衛生與健康服務","（無）","UNKNOWN","未標示年份","","公告／通知／函釋","醫療治理與依法執業","","pdf","pdf_needs_ocr","a840b824bddc13402dd85f11546b274b2c5ec627a94eee674ccbb8e345096cf0","1031160","2025-03-03T01:46:44.000Z","needs_review","0.35"
"1c496854a224f9bd","国家卫生健康委办公厅印发《婴幼儿早期发展服务指南(试行)》","国家卫生健康委办公厅印发《婴幼儿早期发展服务指南(试行)》.pdf","15_公共衛生與健康服務\未標示年份\国家卫生健康委办公厅印发《婴幼儿早期发展服务指南(试行)》.pdf","公共衛生與健康服務","（無）","UNKNOWN","未標示年份","","技術規範／診療指南","醫療治理與依法執業","","pdf","pdf_text_layer","b3e45ba935b0c2e58e9701fd1aca214f33ac2ff04a48fee9221adda37b9d47ee","1098750","2025-04-02T05:34:48.000Z","needs_review","0.35"
"393e594c2f085392","河北省老年友善医疗机构评价标准","河北省老年友善医疗机构评价标准.doc","15_公共衛生與健康服務\未標示年份\河北省老年友善医疗机构评价标准.doc","公共衛生與健康服務","（無）","UNKNOWN","未標示年份","","待確認或非規範文件","醫療治理與依法執業","","doc","filename_only","4997831a3dde16bccc55207edc174dffc4dffa38017891c9e7851484da56f13a","122880","2023-03-28T12:34:58.000Z","needs_review","0.35"
"818a187d47c65d1c","河北省老年友善医疗机构评价标准","河北省老年友善医疗机构评价标准.docx","15_公共衛生與健康服務\未標示年份\河北省老年友善医疗机构评价标准.docx","公共衛生與健康服務","（無）","UNKNOWN","未標示年份","","研究論文／文獻","醫療治理與依法執業","醫療人員與執業管理；護理管理；藥事與藥品管理；病歷、電子病歷與醫療資料；資訊安全與個人資料；臨床診療與醫療技術；急診與緊急醫療；臨床研究與人體試驗；醫療器材與設備；後勤、建築與設施安全；消防、治安與應急管理；環境、能源與醫療廢棄物；圖書、教育與文件管理","docx","office_xml","b21fc71c21190ed73133154858bf406f965e006a2c5187ba803beede517bebd2","39277","2024-11-04T02:44:30.000Z","needs_review","0.35"
"ef35b7cf0ba4a84f","建设项目放射性职业病危害评价报告编制标准","建设项目放射性职业病危害评价报告编制标准.pdf","15_公共衛生與健康服務\未標示年份\建设项目放射性职业病危害评价报告编制标准.pdf","公共衛生與健康服務","（無）","UNKNOWN","未標示年份","","國家或地方標準","職業安全與員工健康","","pdf","pdf_text_layer","a158557311de48d94729185d62c2ae7d3cb6368ac6806b3075a08f5055a09a5b","459066","2024-08-09T06:04:12.000Z","needs_review","0.35"
"16e33614f71fba91","建设项目放射性职业病危害评价报告编制标准（2）","建设项目放射性职业病危害评价报告编制标准（2）.pdf","15_公共衛生與健康服務\未標示年份\建设项目放射性职业病危害评价报告编制标准（2）.pdf","公共衛生與健康服務","（無）","UNKNOWN","未標示年份","","國家或地方標準","職業安全與員工健康","","pdf","pdf_text_layer","a158557311de48d94729185d62c2ae7d3cb6368ac6806b3075a08f5055a09a5b","459066","2024-08-09T06:04:12.000Z","needs_review","0.35"
"2cacdab3617ccd83","基于ESG理念的医院精益化管理与运行效能提升研究","基于ESG理念的医院精益化管理与运行效能提升研究.pdf","15_公共衛生與健康服務\未標示年份\基于ESG理念的医院精益化管理与运行效能提升研究.pdf","公共衛生與健康服務","（無）","UNKNOWN","未標示年份","","研究論文／文獻","臨床研究與人體試驗","環境、能源與醫療廢棄物","pdf","pdf_text_layer","b2cf5c61cd1e79f34b50c777dbed9e28dd249d95d8a979318eb27db4b48c190e","2446110","2026-03-28T08:18:26.000Z","needs_review","0.35"
"cac85b247146bdd7","婴幼儿营养喂养评估服务指南（试行）","婴幼儿营养喂养评估服务指南（试行）.pdf","15_公共衛生與健康服務\未標示年份\婴幼儿营养喂养评估服务指南（试行）.pdf","公共衛生與健康服務","（無）","UNKNOWN","未標示年份","","技術規範／診療指南","其他／待確認","","pdf","pdf_needs_ocr","68a4b5dc48db64e42052ef704d14158e76106e25b7fa275ee80fee29be730a9f","5079138","2025-04-14T00:35:02.000Z","needs_review","0.35"
"d66dad872a2c35f0","湖北省关于建立完善老年健康服务体系的实施意见","湖北省关于建立完善老年健康服务体系的实施意见.pdf","15_公共衛生與健康服務\未標示年份\湖北省关于建立完善老年健康服务体系的实施意见.pdf","公共衛生與健康服務","（無）","CN","未標示年份","","待確認或非規範文件","其他／待確認","","pdf","pdf_needs_ocr","229541888bf97da2609f9a948718d37613e48e7613a12d328250a283b3eabd5b","4249341","2025-03-03T03:03:10.000Z","needs_review","0.35"
"59aeaa2bf04c51b0","湖北省便利老年人就医10项举措","湖北省便利老年人就医10项举措.pdf","15_公共衛生與健康服務\未標示年份\湖北省便利老年人就医10项举措.pdf","公共衛生與健康服務","（無）","CN","未標示年份","","待確認或非規範文件","其他／待確認","","pdf","pdf_needs_ocr","3a75778ce402061a95ea8b6b066f2b6967712f6df7b8ea22dcdadd31d41699b0","1041033","2025-03-03T02:52:54.000Z","needs_review","0.35"
"86668eea6d48ddf7","疑似职业病界定标准","疑似职业病界定标准.pdf","15_公共衛生與健康服務\未標示年份\疑似职业病界定标准.pdf","公共衛生與健康服務","（無）","UNKNOWN","未標示年份","","國家或地方標準","職業安全與員工健康","","pdf","pdf_text_layer","4c4bbc2173b86b34a0a6bad6c008ba424139f9ec5cdee334be4363fe57c27397","238379","2022-08-26T08:25:16.000Z","needs_review","0.35"
"cc8bb0e2522a27a7","疑似职业病界定标准（2）","疑似职业病界定标准（2）.pdf","15_公共衛生與健康服務\未標示年份\疑似职业病界定标准（2）.pdf","公共衛生與健康服務","（無）","UNKNOWN","未標示年份","","國家或地方標準","職業安全與員工健康","","pdf","pdf_text_layer","4c4bbc2173b86b34a0a6bad6c008ba424139f9ec5cdee334be4363fe57c27397","238379","2022-08-26T08:25:16.000Z","needs_review","0.35"
"63b13c737f209a12","ESG 体系下公立医院内部审计建设研究","ESG 体系下公立医院内部审计建设研究.pdf","15_公共衛生與健康服務\未標示年份\ESG 体系下公立医院内部审计建设研究.pdf","公共衛生與健康服務","（無）","UNKNOWN","2021","2021；1991","研究論文／文獻","臨床研究與人體試驗","環境、能源與醫療廢棄物；財務、採購與內部稽核","pdf","pdf_text_layer","d19db7dcc2a82f0a0b2a15403713c0073ae62fa311d579724ec9a67ce0d88b25","383468","2026-03-26T08:20:32.000Z","needs_review","0.35"
"a3495e98214d684f","ESG 体系下公立医院内部审计建设研究（2）","ESG 体系下公立医院内部审计建设研究（2）.pdf","15_公共衛生與健康服務\未標示年份\ESG 体系下公立医院内部审计建设研究（2）.pdf","公共衛生與健康服務","（無）","UNKNOWN","2021","2021；1991","研究論文／文獻","臨床研究與人體試驗","環境、能源與醫療廢棄物；財務、採購與內部稽核","pdf","pdf_text_layer","d19db7dcc2a82f0a0b2a15403713c0073ae62fa311d579724ec9a67ce0d88b25","383468","2026-03-26T08:20:32.000Z","needs_review","0.35"
"14f2ab69186fe151","The inclusion of biodiversity into Environmental, Social, and Governance (ESG) framework A strategic integration of ecocentric extinction accounting.","The inclusion of biodiversity into Environmental, Social, and Governance (ESG) framework A strategic integration of ecocentric extinction accounting..pdf","15_公共衛生與健康服務\未標示年份\The inclusion of biodiversity into Environmental, Social, and Governance (ESG) framework A strategic integration of ecocentric extinction accounting..pdf","公共衛生與健康服務","（無）","UNKNOWN","未標示年份","","待確認或非規範文件","環境、能源與醫療廢棄物","","pdf","pdf_text_layer","f14488ac561948bee24ad04755b7b321bddb63769680b7441d3c228077b3c778","2329188","2026-03-28T02:39:20.000Z","needs_review","0.35"
"396fc32346d4ed95","2010病历书写基本规范","2010病历书写基本规范.pdf","16_病案資訊與個資\2010\2010病历书写基本规范.pdf","病案資訊與個資","（無）","UNKNOWN","2010","2010；2097；2002","國家或地方標準","病歷、電子病歷與醫療資料","資訊安全與個人資料","pdf","pdf_text_layer","4e87158cea7a01a4819b9a402d679de24c361f5a0253610857e30b644adef95c","384006","2022-09-07T13:38:28.000Z","needs_review","0.35"
"4a4e862adc207991","关于印发《医疗机构病历管理规定(2013年版）》的通知","关于印发《医疗机构病历管理规定(2013年版）》的通知.pdf","16_病案資訊與個資\2013\关于印发《医疗机构病历管理规定(2013年版）》的通知.pdf","病案資訊與個資","（無）","UNKNOWN","2013","2013","國家或地方標準","醫療治理與依法執業","病歷、電子病歷與醫療資料；資訊安全與個人資料","pdf","pdf_text_layer","28d3ae7733aa18d91ebb2c14e608d27145cd525560652197a19633b5f95d8144","288528","2022-07-12T08:38:02.000Z","needs_review","0.35"
"6ee43363e5c388a7","国家卫生计生委办公厅关于印发住院病案首页数据填写质量规范（暂行）和_br_住院病案首页数据质量管理与控制指标（2016版）的通知","国家卫生计生委办公厅关于印发住院病案首页数据填写质量规范（暂行）和_br_住院病案首页数据质量管理与控制指标（2016版）的通知.pdf","16_病案資訊與個資\2016\国家卫生计生委办公厅关于印发住院病案首页数据填写质量规范（暂行）和_br_住院病案首页数据质量管理与控制指标（2016版）的通知.pdf","病案資訊與個資","（無）","UNKNOWN","2016","2016","國家或地方標準","醫院評鑑與醫療品質","病歷、電子病歷與醫療資料；資訊安全與個人資料","pdf","pdf_text_layer","594184f766f22d1a11383d76e9eafd60a9dbbaac50af5adea72610f56b8e1692","297679","2022-07-12T08:36:00.000Z","needs_review","0.35"
"895754f6a6044216","GB_T 28181-2016 公共安全视频监控联网系统信息传输、交换、","GB_T 28181-2016 公共安全视频监控联网系统信息传输、交换、.pdf","16_病案資訊與個資\2016\GB_T 28181-2016 公共安全视频监控联网系统信息传输、交换、.pdf","病案資訊與個資","（無）","UNKNOWN","2016","2016","國家或地方標準","病歷、電子病歷與醫療資料","資訊安全與個人資料","pdf","pdf_text_layer","76e3aa691da2b95e866278ff968096df2565e5b7b53ee3d2fc49724b3ebd75ac","2743035","2026-04-12T12:49:12.000Z","needs_review","0.35"
"24e58bdf29ecf06a","GB_T 28181-2016 公共安全视频监控联网系统信息传输、交换、（2）","GB_T 28181-2016 公共安全视频监控联网系统信息传输、交换、（2）.pdf","16_病案資訊與個資\2016\GB_T 28181-2016 公共安全视频监控联网系统信息传输、交换、（2）.pdf","病案資訊與個資","（無）","UNKNOWN","2016","2016","國家或地方標準","病歷、電子病歷與醫療資料","資訊安全與個人資料","pdf","pdf_text_layer","76e3aa691da2b95e866278ff968096df2565e5b7b53ee3d2fc49724b3ebd75ac","2743035","2026-04-12T12:49:12.000Z","needs_review","0.35"
"10ef4a41e8178794","医院信息化建设应用技术指引（2017年）","医院信息化建设应用技术指引（2017年）.pdf","16_病案資訊與個資\2017\医院信息化建设应用技术指引（2017年）.pdf","病案資訊與個資","（無）","UNKNOWN","2017","2017","待確認或非規範文件","病歷、電子病歷與醫療資料","資訊安全與個人資料","pdf","pdf_text_layer","6d83d1c471cbc20d8efdd81b24499ec496e1087a5a38f86853fda71f6a6dbe08","3647214","2023-03-02T00:41:10.000Z","needs_review","0.35"
"42ed301f5a3539c6","医院信息化建设应用技术指引（2017年）（2）","医院信息化建设应用技术指引（2017年）（2）.pdf","16_病案資訊與個資\2017\医院信息化建设应用技术指引（2017年）（2）.pdf","病案資訊與個資","（無）","UNKNOWN","2017","2017","待確認或非規範文件","病歷、電子病歷與醫療資料","資訊安全與個人資料","pdf","pdf_text_layer","6d83d1c471cbc20d8efdd81b24499ec496e1087a5a38f86853fda71f6a6dbe08","3647214","2023-03-02T00:41:10.000Z","needs_review","0.35"
"c98734f15bbda8be","医院信息化建设应用技术指引（2017年版，试行）","医院信息化建设应用技术指引（2017年版，试行）.pdf","16_病案資訊與個資\2017\医院信息化建设应用技术指引（2017年版，试行）.pdf","病案資訊與個資","（無）","UNKNOWN","2017","2017","待確認或非規範文件","病歷、電子病歷與醫療資料","資訊安全與個人資料","pdf","pdf_text_layer","73e1a18d53193bb8c8e02630159c56d7436bd81c582344d5a6d2fd79b9427b3e","1496837","2022-08-31T05:22:06.000Z","needs_review","0.35"
"0f2b2b736515b6a7","GA_T 1400.2-2017 公安视频图像信息应用系统 第2部分：应","GA_T 1400.2-2017 公安视频图像信息应用系统 第2部分：应.pdf","16_病案資訊與個資\2017\GA_T 1400.2-2017 公安视频图像信息应用系统 第2部分：应.pdf","病案資訊與個資","（無）","UNKNOWN","2017","2017","待確認或非規範文件","病歷、電子病歷與醫療資料","資訊安全與個人資料","pdf","pdf_needs_ocr","bd3e91a4c2fdbae07bd2b1df3b44d6901530be798cd3c6e58212e49e5c97bc77","3803767","2026-04-12T12:51:44.000Z","needs_review","0.35"
"e187e1e0dfca1df5","GA_T 1400.2-2017 公安视频图像信息应用系统 第2部分：应（2）","GA_T 1400.2-2017 公安视频图像信息应用系统 第2部分：应（2）.pdf","16_病案資訊與個資\2017\GA_T 1400.2-2017 公安视频图像信息应用系统 第2部分：应（2）.pdf","病案資訊與個資","（無）","UNKNOWN","2017","2017","待確認或非規範文件","病歷、電子病歷與醫療資料","資訊安全與個人資料","pdf","pdf_needs_ocr","bd3e91a4c2fdbae07bd2b1df3b44d6901530be798cd3c6e58212e49e5c97bc77","3803767","2026-04-12T12:51:44.000Z","needs_review","0.35"
"4c71247d1082f517","DB11T 1599-2018 政务部门信息安全应急预案编制指南","DB11T 1599-2018 政务部门信息安全应急预案编制指南.pdf","16_病案資訊與個資\2018\DB11T 1599-2018 政务部门信息安全应急预案编制指南.pdf","病案資訊與個資","（無）","UNKNOWN","2018","2018；2098；2009","技術規範／診療指南","病歷、電子病歷與醫療資料","資訊安全與個人資料；急診與緊急醫療；消防、治安與應急管理","pdf","pdf_text_layer","549664ebbeff5a4012ec27b8f8733d478f2140895db3f90d1c05bb9456a782ed","349147","2025-03-30T08:23:52.000Z","needs_review","0.35"
"1389e2f7abb027ae","T_CACM 1323-2019 中医药临床研究数据监查技术规范","T_CACM 1323-2019 中医药临床研究数据监查技术规范.pdf","16_病案資訊與個資\2019\T_CACM 1323-2019 中医药临床研究数据监查技术规范.pdf","病案資訊與個資","（無）","UNKNOWN","2019","2019","研究論文／文獻","病歷、電子病歷與醫療資料","資訊安全與個人資料；臨床診療與醫療技術；臨床研究與人體試驗","pdf","pdf_needs_ocr","6ba30dcf65636adcf970711050f207207f5439742ba54c987810d97cac965d8d","14517193","2024-05-15T06:38:54.000Z","needs_review","0.35"
"63cc842532075c71","单病种质量监测信息项（2020 年版）","单病种质量监测信息项（2020 年版）.pdf","16_病案資訊與個資\2020\单病种质量监测信息项（2020 年版）.pdf","病案資訊與個資","（無）","UNKNOWN","2020","2020","國家或地方標準","病歷、電子病歷與醫療資料","資訊安全與個人資料","pdf","pdf_text_layer","6b7823c50091e78fa37fc286b1ae4959920cbcaf3a2eb8986132864907436d75","490365","2023-03-01T02:30:04.000Z","needs_review","0.35"
"d70caa8cc13858ed","2022年度运行病历质量考核方案","2022年度运行病历质量考核方案.pdf","16_病案資訊與個資\2022\2022年度运行病历质量考核方案.pdf","病案資訊與個資","（無）","UNKNOWN","2022","2022","待確認或非規範文件","病歷、電子病歷與醫療資料","資訊安全與個人資料","pdf","pdf_needs_ocr","7cc52ed8c633121a77bf4d98b03dfba19d575d16abeca16c208907e25119bb82","908783","2022-07-11T14:14:00.000Z","needs_review","0.35"
"2bfcadc04bd9c608","补充《危险化学品分类信息表》2022","补充《危险化学品分类信息表》2022.pdf","16_病案資訊與個資\2022\补充《危险化学品分类信息表》2022.pdf","病案資訊與個資","（無）","UNKNOWN","2022","2022","待確認或非規範文件","病歷、電子病歷與醫療資料","資訊安全與個人資料；環境、能源與醫療廢棄物","pdf","pdf_text_layer","ce6f28beff9c819b01a26a75ec8dd35c9f2919354aa2493695f504ca2afc6074","48364","2023-03-21T08:38:46.000Z","needs_review","0.35"
"b4dff25dd9ff4291","DB34_T 4304-2022 医院网络安全管理规范","DB34_T 4304-2022 医院网络安全管理规范.pdf","16_病案資訊與個資\2022\DB34_T 4304-2022 医院网络安全管理规范.pdf","病案資訊與個資","（無）","UNKNOWN","2022","2022","國家或地方標準","病歷、電子病歷與醫療資料","資訊安全與個人資料","pdf","pdf_text_layer","2229989e6de5d52db02422ae2b284882d446de36a977f120ad7948a45258685b","625735","2024-11-11T10:22:22.000Z","needs_review","0.35"
"a0e76f6ea4853adc","DB34_T 4304-2022 医院网络安全管理规范（2）","DB34_T 4304-2022 医院网络安全管理规范（2）.pdf","16_病案資訊與個資\2022\DB34_T 4304-2022 医院网络安全管理规范（2）.pdf","病案資訊與個資","（無）","UNKNOWN","2022","2022","國家或地方標準","病歷、電子病歷與醫療資料","資訊安全與個人資料","pdf","pdf_text_layer","2229989e6de5d52db02422ae2b284882d446de36a977f120ad7948a45258685b","625735","2024-11-11T10:22:22.000Z","needs_review","0.35"
"7c5a84a5d0043009","T_NAHIEM 66-2022 医院质量信息化建设标准","T_NAHIEM 66-2022 医院质量信息化建设标准.pdf","16_病案資訊與個資\2022\T_NAHIEM 66-2022 医院质量信息化建设标准.pdf","病案資訊與個資","（無）","UNKNOWN","2022","2022","待確認或非規範文件","病歷、電子病歷與醫療資料","資訊安全與個人資料","pdf","pdf_needs_ocr","8a6341d075e1fd16df3de3aa7ec5065634b04d2f113681e2256d52b98911cb08","13849411","2023-11-15T01:51:20.000Z","needs_review","0.35"
"655ccbda79c8a951","T_SIOT 323-2022 智慧健康养老 智慧养老院 数据规范","T_SIOT 323-2022 智慧健康养老 智慧养老院 数据规范.pdf","16_病案資訊與個資\2022\T_SIOT 323-2022 智慧健康养老 智慧养老院 数据规范.pdf","病案資訊與個資","（無）","UNKNOWN","2022","2022","待確認或非規範文件","病歷、電子病歷與醫療資料","資訊安全與個人資料","pdf","pdf_text_layer","b59d70360de7f9f4e4410bc5985b1bdc75430d8743e152c7765f2cc132ce0990","457488","2025-05-30T02:32:12.000Z","needs_review","0.35"
"6ec0a9778369bc9f","THENANPA 002-2022 住院患者药历书写基本规范","THENANPA 002-2022 住院患者药历书写基本规范.pdf","16_病案資訊與個資\2022\THENANPA 002-2022 住院患者药历书写基本规范.pdf","病案資訊與個資","（無）","UNKNOWN","2022","2022","待確認或非規範文件","病歷、電子病歷與醫療資料","資訊安全與個人資料","pdf","pdf_text_layer","b709fd87b7cfc0b3f851dcf71a4b86777d417efacc63b42e0db02112694278eb","1457510","2024-11-07T06:38:08.000Z","needs_review","0.35"
"7de946dbf2e89e0d","医疗机构死亡病例质控与管理指南（2023）","医疗机构死亡病例质控与管理指南（2023）.pdf","16_病案資訊與個資\2023\医疗机构死亡病例质控与管理指南（2023）.pdf","病案資訊與個資","（無）","UNKNOWN","2023","2023","技術規範／診療指南","醫療治理與依法執業","醫院評鑑與醫療品質；病歷、電子病歷與醫療資料；資訊安全與個人資料","pdf","pdf_needs_ocr","b58814e2166874e4d027ce64e3d74814b3be99d63dcfc5c1706fc936f594947d","2063434","2026-04-05T14:33:12.000Z","needs_review","0.35"
"4eb103fd934b8886","T_CHIA 36-2023 互联网医院医疗质量管理标准","T_CHIA 36-2023 互联网医院医疗质量管理标准.pdf","16_病案資訊與個資\2023\T_CHIA 36-2023 互联网医院医疗质量管理标准.pdf","病案資訊與個資","（無）","UNKNOWN","2023","2023","待確認或非規範文件","醫院評鑑與醫療品質","病歷、電子病歷與醫療資料；資訊安全與個人資料","pdf","pdf_text_layer","a7d91bd106741b2f845a90f17227ebe2eada3b4e0ebddd9957fa3259fb2075e3","211387","2025-02-28T01:23:30.000Z","needs_review","0.35"
"f4075903cc59650a","T_GDPHA 005-2023 互联网医院信息系统基本功能规范","T_GDPHA 005-2023 互联网医院信息系统基本功能规范.pdf","16_病案資訊與個資\2023\T_GDPHA 005-2023 互联网医院信息系统基本功能规范.pdf","病案資訊與個資","（無）","UNKNOWN","2023","2023","待確認或非規範文件","病歷、電子病歷與醫療資料","資訊安全與個人資料","pdf","pdf_text_layer","a7464875663ced7a9eea3196ac62fe354ea31d667dc262e8e76019179b4e7d4e","1015005","2024-06-21T01:17:40.000Z","needs_review","0.35"
"4d4f05d0f769fe7f","T_SISA 0001-2023 网络安全保险安全服务技术要求","T_SISA 0001-2023 网络安全保险安全服务技术要求.pdf","16_病案資訊與個資\2023\T_SISA 0001-2023 网络安全保险安全服务技术要求.pdf","病案資訊與個資","（無）","UNKNOWN","2023","2023；2022；2009","國家或地方標準","病歷、電子病歷與醫療資料","資訊安全與個人資料","pdf","pdf_text_layer","2fb0e5b6d02576f386875c6e654403543b7aed68c19a36854a50e1d68af15192","719954","2024-11-07T06:33:06.000Z","needs_review","0.35"
"0d116e20df14ce8d","DB31_T 1475-2024 医院门诊预问诊信息系统基本要求","DB31_T 1475-2024 医院门诊预问诊信息系统基本要求.pdf","16_病案資訊與個資\2024\DB31_T 1475-2024 医院门诊预问诊信息系统基本要求.pdf","病案資訊與個資","（無）","UNKNOWN","2024","2024","國家或地方標準","病歷、電子病歷與醫療資料","資訊安全與個人資料","pdf","pdf_needs_ocr","0c5f821029849d2f30d1bea3bc1f6427af1e9f3bc979403f889eed7bafcb2ddc","896268","2024-06-09T04:09:42.000Z","needs_review","0.35"
"7fa66bca0c422c4a","DB3205_T 1167-2024 医疗机构数据分类分级规范","DB3205_T 1167-2024 医疗机构数据分类分级规范.pdf","16_病案資訊與個資\2024\DB3205_T 1167-2024 医疗机构数据分类分级规范.pdf","病案資訊與個資","（無）","UNKNOWN","2024","2024","國家或地方標準","醫療治理與依法執業","病歷、電子病歷與醫療資料；資訊安全與個人資料","pdf","pdf_text_layer","97f0d41e1d5776db58c6f008374b8cfdbe32eb5ed25ce7103a4389334d76bed1","341967","2026-06-17T14:54:34.000Z","needs_review","0.35"
"8c95e9bf3b2b604c","DB3205_T 1167-2024 医疗机构数据分类分级规范（2）","DB3205_T 1167-2024 医疗机构数据分类分级规范（2）.pdf","16_病案資訊與個資\2024\DB3205_T 1167-2024 医疗机构数据分类分级规范（2）.pdf","病案資訊與個資","（無）","UNKNOWN","2024","2024","國家或地方標準","醫療治理與依法執業","病歷、電子病歷與醫療資料；資訊安全與個人資料","pdf","pdf_text_layer","97f0d41e1d5776db58c6f008374b8cfdbe32eb5ed25ce7103a4389334d76bed1","341967","2026-06-17T14:54:34.000Z","needs_review","0.35"
"61e615e25d64ffb5","DB3212_T 1157-2024 病案库房建设规范","DB3212_T 1157-2024 病案库房建设规范.pdf","16_病案資訊與個資\2024\DB3212_T 1157-2024 病案库房建设规范.pdf","病案資訊與個資","（無）","UNKNOWN","2024","2024","國家或地方標準","病歷、電子病歷與醫療資料","資訊安全與個人資料","pdf","pdf_text_layer","42ab85b67d83df9cbff8f431b056f7a81c1def3d683697375106f0ea67ba12c6","236686","2025-04-02T06:34:00.000Z","needs_review","0.35"
"7e69c15037565fa4","DB3212_T 1157-2024 病案库房建设规范（2）","DB3212_T 1157-2024 病案库房建设规范（2）.pdf","16_病案資訊與個資\2024\DB3212_T 1157-2024 病案库房建设规范（2）.pdf","病案資訊與個資","（無）","UNKNOWN","2024","2024","國家或地方標準","病歷、電子病歷與醫療資料","資訊安全與個人資料","pdf","pdf_text_layer","42ab85b67d83df9cbff8f431b056f7a81c1def3d683697375106f0ea67ba12c6","236686","2025-08-16T05:09:52.000Z","needs_review","0.35"
"f89ff7e7a927d516","DB34_T 4707-2024 手术视频数据处理规范","DB34_T 4707-2024 手术视频数据处理规范.pdf","16_病案資訊與個資\2024\DB34_T 4707-2024 手术视频数据处理规范.pdf","病案資訊與個資","（無）","UNKNOWN","2024","2024；2019；2017；2010","國家或地方標準","病歷、電子病歷與醫療資料","資訊安全與個人資料；手術、麻醉與疼痛管理","pdf","pdf_text_layer","06cb7752463784455e94d26744d43e54a3b2ab5eb709d93a6d85e2a46e41e2d9","335994","2025-07-03T05:16:56.000Z","needs_review","0.35"
"02106063e438f0e2","DB4403_T 513-2024 妇幼保健住院病历质量评价规范","DB4403_T 513-2024 妇幼保健住院病历质量评价规范.pdf","16_病案資訊與個資\2024\DB4403_T 513-2024 妇幼保健住院病历质量评价规范.pdf","病案資訊與個資","（無）","UNKNOWN","2024","2024","國家或地方標準","病歷、電子病歷與醫療資料","資訊安全與個人資料；生殖、婦幼與月子服務","pdf","pdf_text_layer","f0352810e6b988ac22601630825d68e7dedd2fc2b552b654450c6ce7876f996f","243315","2024-11-07T06:35:38.000Z","needs_review","0.35"
"2713721476b0b377","T_CCSA 001-2024 医疗领域大模型应用数据安全规范","T_CCSA 001-2024 医疗领域大模型应用数据安全规范.pdf","16_病案資訊與個資\2024\T_CCSA 001-2024 医疗领域大模型应用数据安全规范.pdf","病案資訊與個資","（無）","UNKNOWN","2024","2024","待確認或非規範文件","病歷、電子病歷與醫療資料","資訊安全與個人資料","pdf","pdf_text_layer","d29cc3ff59e725f1e11b72cb8d3ea24214c24669e6501049af5a0dd5f40db497","501263","2024-10-28T00:25:08.000Z","needs_review","0.35"
"7115cc534bc42b4b","T_CCSA 001-2024 医疗领域大模型应用数据安全规范（2）","T_CCSA 001-2024 医疗领域大模型应用数据安全规范（2）.pdf","16_病案資訊與個資\2024\T_CCSA 001-2024 医疗领域大模型应用数据安全规范（2）.pdf","病案資訊與個資","（無）","UNKNOWN","2024","2024","待確認或非規範文件","病歷、電子病歷與醫療資料","資訊安全與個人資料","pdf","pdf_text_layer","d29cc3ff59e725f1e11b72cb8d3ea24214c24669e6501049af5a0dd5f40db497","501263","2024-10-15T07:05:04.000Z","needs_review","0.35"
"22a91217ed8995fa","T_CITS 0115-2024 生物安全实验室备案信息指南","T_CITS 0115-2024 生物安全实验室备案信息指南.pdf","16_病案資訊與個資\2024\T_CITS 0115-2024 生物安全实验室备案信息指南.pdf","病案資訊與個資","（無）","UNKNOWN","2024","2024","技術規範／診療指南","病歷、電子病歷與醫療資料","資訊安全與個人資料；醫技、檢驗與病理","pdf","pdf_text_layer","71f9574f23ed588ef10753eda1bb0ffe777e0ccfb809a151d0193e29fa5540fc","307177","2025-08-04T02:20:40.000Z","needs_review","0.35"
"2fcfb930ea70b8ad","T_CMSS 0009-2024 中医医院智慧服务建设指南","T_CMSS 0009-2024 中医医院智慧服务建设指南.pdf","16_病案資訊與個資\2024\T_CMSS 0009-2024 中医医院智慧服务建设指南.pdf","病案資訊與個資","（無）","UNKNOWN","2024","2024","技術規範／診療指南","病歷、電子病歷與醫療資料","資訊安全與個人資料","pdf","pdf_text_layer","eb2772bbe8709c1e4808818ae2da7346509766920e609553aa1db1cec1cc5d8c","445853","2025-02-28T01:35:54.000Z","needs_review","0.35"
"c0386e20781f7010","T_GDSYXH 003-2024 互联网医院制度管理规范","T_GDSYXH 003-2024 互联网医院制度管理规范.pdf","16_病案資訊與個資\2024\T_GDSYXH 003-2024 互联网医院制度管理规范.pdf","病案資訊與個資","（無）","UNKNOWN","2024","2024","院內制度／SOP","病歷、電子病歷與醫療資料","資訊安全與個人資料","pdf","pdf_text_layer","2f644618c5291014bda52a86a08e326a7a1e5de63d862ccd102a163bcc1df852","521093","2025-02-28T01:23:16.000Z","needs_review","0.35"
"1e207c9c90fd97c7","T_GDWJ 021-2024 医疗机构智慧院区建设规范","T_GDWJ 021-2024 医疗机构智慧院区建设规范.pdf","16_病案資訊與個資\2024\T_GDWJ 021-2024 医疗机构智慧院区建设规范.pdf","病案資訊與個資","（無）","UNKNOWN","2024","2024","國家或地方標準","醫療治理與依法執業","病歷、電子病歷與醫療資料；資訊安全與個人資料","pdf","pdf_text_layer","d014d345f8d6b247cc32d7424657cb319c87aff82f24d8e173a2097d5768249f","760057","2024-06-09T02:41:30.000Z","needs_review","0.35"
"3dac4437bdad3cc7","T_GDWJ 022-2024 医疗业务系统数据效能评估规范","T_GDWJ 022-2024 医疗业务系统数据效能评估规范.pdf","16_病案資訊與個資\2024\T_GDWJ 022-2024 医疗业务系统数据效能评估规范.pdf","病案資訊與個資","（無）","UNKNOWN","2024","2024","國家或地方標準","病歷、電子病歷與醫療資料","資訊安全與個人資料","pdf","pdf_text_layer","ae1f75a74a6ae01807836138eaa9dfcdc0649b8fe5ce82c58cba21c5d50cea68","591816","2024-06-21T01:22:06.000Z","needs_review","0.35"
"201e5e469bc31832","YD_T 4900-2024 医疗健康大数据平台 质量管理技术要求和测试","YD_T 4900-2024 医疗健康大数据平台 质量管理技术要求和测试.pdf","16_病案資訊與個資\2024\YD_T 4900-2024 医疗健康大数据平台 质量管理技术要求和测试.pdf","病案資訊與個資","（無）","UNKNOWN","2024","2024","待確認或非規範文件","醫院評鑑與醫療品質","病歷、電子病歷與醫療資料；資訊安全與個人資料","pdf","pdf_needs_ocr","f203f0c0f8ebde9358d0de604b89e9c302b2b9c672e29c8c315069d9ca4e527b","4213773","2025-02-24T03:32:34.000Z","needs_review","0.35"
"aa29213089dcbc70","YD_T 4900-2024 医疗健康大数据平台 质量管理技术要求和测试（2）","YD_T 4900-2024 医疗健康大数据平台 质量管理技术要求和测试（2）.pdf","16_病案資訊與個資\2024\YD_T 4900-2024 医疗健康大数据平台 质量管理技术要求和测试（2）.pdf","病案資訊與個資","（無）","UNKNOWN","2024","2024","待確認或非規範文件","醫院評鑑與醫療品質","病歷、電子病歷與醫療資料；資訊安全與個人資料","pdf","pdf_needs_ocr","f203f0c0f8ebde9358d0de604b89e9c302b2b9c672e29c8c315069d9ca4e527b","4213773","2024-10-28T00:23:40.000Z","needs_review","0.35"
"ba054cd5ed850267","DB31_T 1570-2025 医疗机构门诊住院信息化系统自助终端基本","DB31_T 1570-2025 医疗机构门诊住院信息化系统自助终端基本.pdf","16_病案資訊與個資\2025\DB31_T 1570-2025 医疗机构门诊住院信息化系统自助终端基本.pdf","病案資訊與個資","（無）","UNKNOWN","2025","2025","國家或地方標準","醫療治理與依法執業","病歷、電子病歷與醫療資料；資訊安全與個人資料","pdf","pdf_text_layer","307c39d71dcc4e85a752d587381bc63f3b1d39bb96cfd08354094d1f99fb012f","4576856","2025-05-30T02:42:18.000Z","needs_review","0.35"
"3cffc5690df9594f","DB32_T 5065-2025 卫生健康非现场执法数据交换接口规范","DB32_T 5065-2025 卫生健康非现场执法数据交换接口规范.pdf","16_病案資訊與個資\2025\DB32_T 5065-2025 卫生健康非现场执法数据交换接口规范.pdf","病案資訊與個資","（無）","UNKNOWN","2025","2025","國家或地方標準","醫療治理與依法執業","病歷、電子病歷與醫療資料；資訊安全與個人資料","pdf","pdf_text_layer","1f694ae4bfd83e3edfa5a723eb8380e870be394909c349bf03fd7b9b4797efbe","754600","2025-07-11T13:19:22.000Z","needs_review","0.35"
"0ac1b0a8588c0d58","DB32_T 5065-2025 卫生健康非现场执法数据交换接口规范（2）","DB32_T 5065-2025 卫生健康非现场执法数据交换接口规范（2）.pdf","16_病案資訊與個資\2025\DB32_T 5065-2025 卫生健康非现场执法数据交换接口规范（2）.pdf","病案資訊與個資","（無）","UNKNOWN","2025","2025","國家或地方標準","醫療治理與依法執業","病歷、電子病歷與醫療資料；資訊安全與個人資料","pdf","pdf_text_layer","1f694ae4bfd83e3edfa5a723eb8380e870be394909c349bf03fd7b9b4797efbe","754600","2025-07-11T13:19:22.000Z","needs_review","0.35"
"cd71d67e84d9ac33","T_ZJHIA 18-2025 医院智慧安防基本要求","T_ZJHIA 18-2025 医院智慧安防基本要求.pdf","16_病案資訊與個資\2025\T_ZJHIA 18-2025 医院智慧安防基本要求.pdf","病案資訊與個資","（無）","UNKNOWN","2025","2025","國家或地方標準","病歷、電子病歷與醫療資料","資訊安全與個人資料","pdf","pdf_text_layer","4c9694dc2450a7607ccfe8a9f222f5e6810f0da1a7e5711b4a0689eb65dfb357","443449","2025-11-11T07:01:46.000Z","needs_review","0.35"
"183b6b21a9549410","WS_T 867-2025 医疗机构临床用血信息系统基本功能标准","WS_T 867-2025 医疗机构临床用血信息系统基本功能标准.pdf","16_病案資訊與個資\2025\WS_T 867-2025 医疗机构临床用血信息系统基本功能标准.pdf","病案資訊與個資","（無）","UNKNOWN","2025","2025","國家或地方標準","醫療治理與依法執業","病歷、電子病歷與醫療資料；資訊安全與個人資料；臨床診療與醫療技術","pdf","pdf_text_layer","53ca0ac5f928c822fd025162d23ae05a23034dcec2d7fed54d7ac1b416b0bb3e","244204","2025-07-23T12:49:30.000Z","needs_review","0.35"
"96cbda3f2ad15528","WS_T 867-2025 医疗机构临床用血信息系统基本功能标准（2）","WS_T 867-2025 医疗机构临床用血信息系统基本功能标准（2）.pdf","16_病案資訊與個資\2025\WS_T 867-2025 医疗机构临床用血信息系统基本功能标准（2）.pdf","病案資訊與個資","（無）","UNKNOWN","2025","2025","國家或地方標準","醫療治理與依法執業","病歷、電子病歷與醫療資料；資訊安全與個人資料；臨床診療與醫療技術","pdf","pdf_text_layer","53ca0ac5f928c822fd025162d23ae05a23034dcec2d7fed54d7ac1b416b0bb3e","244204","2025-07-23T12:49:30.000Z","needs_review","0.35"
"264ad109da521fff","WST 865—2025血站采供血基本数据集","WST 865—2025血站采供血基本数据集.pdf","16_病案資訊與個資\2025\WST 865—2025血站采供血基本数据集.pdf","病案資訊與個資","（無）","UNKNOWN","2025","2025","國家或地方標準","病歷、電子病歷與醫療資料","資訊安全與個人資料","pdf","pdf_text_layer","2f1e493d082dcaf65f241722c351801a42846cffca5bbe970f41e0db6e20a39e","307842","2026-01-29T02:46:56.000Z","needs_review","0.35"
"0a5c31371f3722fb","06-醫療資訊安全政策","06-醫療資訊安全政策.pdf","16_病案資訊與個資\未標示年份\06-醫療資訊安全政策.pdf","病案資訊與個資","（無）","UNKNOWN","2023","2023；2022；1990","國家或地方標準","病歷、電子病歷與醫療資料","資訊安全與個人資料","pdf","pdf_text_layer","b2e873b7058a1bec2db663fa7301cd13370efa606c25c98d1355968adf3fa09a","4430642","2023-07-27T12:29:24.000Z","needs_review","0.35"
"8ed0f3d9d4234555","人工生殖技術施術醫師資格審查病歷摘要","人工生殖技術施術醫師資格審查病歷摘要.pdf","16_病案資訊與個資\未標示年份\人工生殖技術施術醫師資格審查病歷摘要.pdf","病案資訊與個資","（無）","UNKNOWN","未標示年份","","待確認或非規範文件","醫療人員與執業管理","病歷、電子病歷與醫療資料；資訊安全與個人資料；生殖、婦幼與月子服務","pdf","pdf_text_layer","187aaf374a1eb31832bcaadf9e57c22b23aeec89e9fbd7a347bcc0b265958953","75217","2023-09-25T13:09:32.000Z","needs_review","0.35"
"fd4892cd589db797","人工智能医疗概述","人工智能医疗概述.pptx","16_病案資訊與個資\未標示年份\人工智能医疗概述.pptx","病案資訊與個資","（無）","UNKNOWN","未標示年份","","研究論文／文獻","醫療治理與依法執業","藥事與藥品管理；病歷、電子病歷與醫療資料；資訊安全與個人資料；臨床診療與醫療技術；手術、麻醉與疼痛管理；醫療器材與設備","pptx","office_xml","edac8932c8f01853c57ff0d6002cfe2e97f306f27a95521c72853b6fa54208d0","40888913","2025-08-20T08:29:56.000Z","needs_review","0.35"
"a9830b7f87da7fc0","人类辅助生殖技术应用规划参考数据","人类辅助生殖技术应用规划参考数据.doc","16_病案資訊與個資\未標示年份\人类辅助生殖技术应用规划参考数据.doc","病案資訊與個資","（無）","UNKNOWN","未標示年份","","教材／簡報／參考資料","病歷、電子病歷與醫療資料","資訊安全與個人資料；生殖、婦幼與月子服務","doc","filename_only","998c22fbe861bb18b14ea4d0fd4ebad815845a431fd4e94f39dcda81c7ab6ddf","57856","2023-09-25T12:54:32.000Z","needs_review","0.35"
"7564182708afb3e7","人类辅助生殖技术质量控制数据统计指标","人类辅助生殖技术质量控制数据统计指标.xlsx","16_病案資訊與個資\未標示年份\人类辅助生殖技术质量控制数据统计指标.xlsx","病案資訊與個資","（無）","UNKNOWN","未標示年份","","教材／簡報／參考資料","感染預防與控制","病歷、電子病歷與醫療資料；資訊安全與個人資料；臨床診療與醫療技術；手術、麻醉與疼痛管理；生殖、婦幼與月子服務","xlsx","office_xml","4519c94c7d1c8ef2929116167adbf088daa4a2ddf46620cc40f19db12bbf91b6","14406","2023-10-09T05:56:24.000Z","needs_review","0.35"
"e3e0ee34e8bd4665","卫生健康行业医疗机构场景密码应用与安全性评估实施指南","卫生健康行业医疗机构场景密码应用与安全性评估实施指南.pdf","16_病案資訊與個資\未標示年份\卫生健康行业医疗机构场景密码应用与安全性评估实施指南.pdf","病案資訊與個資","（無）","UNKNOWN","2022","2022；2021；2020；2018；2017","技術規範／診療指南","醫療治理與依法執業","病歷、電子病歷與醫療資料；資訊安全與個人資料","pdf","pdf_text_layer","f84a9ae4562c3135404e9174e40d46694e622a4912b6ecb92e78e776bc5a13bf","4551784","2026-03-03T08:09:30.000Z","needs_review","0.35"
"54d7e7ff5be59181","卫生部发布关于印发《病历书写基本规范》的通知","卫生部发布关于印发《病历书写基本规范》的通知.pdf","16_病案資訊與個資\未標示年份\卫生部发布关于印发《病历书写基本规范》的通知.pdf","病案資訊與個資","（無）","UNKNOWN","未標示年份","","國家或地方標準","病歷、電子病歷與醫療資料","資訊安全與個人資料","pdf","pdf_text_layer","f17a008b84d188d8501adbfe705329253cc68493022e962f1f9f9337543d83a3","912264","2022-09-07T10:12:52.000Z","needs_review","0.35"
"861df0e102101317","门（急）诊诊疗信息页质量管理规定（试行）__來源__2","门（急）诊诊疗信息页质量管理规定（试行）__來源__2.pdf","16_病案資訊與個資\未標示年份\门（急）诊诊疗信息页质量管理规定（试行）__來源__2.pdf","病案資訊與個資","（無）","UNKNOWN","未標示年份","","行政法規／條例","醫院評鑑與醫療品質","病歷、電子病歷與醫療資料；資訊安全與個人資料；臨床診療與醫療技術","pdf","pdf_needs_ocr","1575d9fc8f4a4b957a60dbda17220fb421a9f08104114cacdb4c380c2ab5e9ff","2629004","2024-10-16T02:41:04.000Z","needs_review","0.35"
"076eb2bbee8b3694","门（急）诊诊疗信息页质量管理规定（试行）","门（急）诊诊疗信息页质量管理规定（试行）.pdf","16_病案資訊與個資\未標示年份\门（急）诊诊疗信息页质量管理规定（试行）.pdf","病案資訊與個資","（無）","UNKNOWN","未標示年份","","行政法規／條例","醫院評鑑與醫療品質","病歷、電子病歷與醫療資料；資訊安全與個人資料；臨床診療與醫療技術","pdf","pdf_needs_ocr","1575d9fc8f4a4b957a60dbda17220fb421a9f08104114cacdb4c380c2ab5e9ff","2629004","2024-10-16T02:41:04.000Z","needs_review","0.35"
"3e424bf5bd6f0b1f","门（急）诊诊疗信息页质量管理规定（试行）（2）","门（急）诊诊疗信息页质量管理规定（试行）（2）.pdf","16_病案資訊與個資\未標示年份\门（急）诊诊疗信息页质量管理规定（试行）（2）.pdf","病案資訊與個資","（無）","UNKNOWN","未標示年份","","行政法規／條例","醫院評鑑與醫療品質","病歷、電子病歷與醫療資料；資訊安全與個人資料；臨床診療與醫療技術","pdf","pdf_needs_ocr","1575d9fc8f4a4b957a60dbda17220fb421a9f08104114cacdb4c380c2ab5e9ff","2629004","2024-10-16T02:41:04.000Z","needs_review","0.35"
"8d3b79269ea50997","公共安全视频图像信息系统管理条例 - 副本","公共安全视频图像信息系统管理条例 - 副本.pdf","16_病案資訊與個資\未標示年份\公共安全视频图像信息系统管理条例 - 副本.pdf","病案資訊與個資","（無）","UNKNOWN","未標示年份","","行政法規／條例","病歷、電子病歷與醫療資料","資訊安全與個人資料","pdf","pdf_needs_ocr","a4d8f8c98b728948ef41e427ee22910754509eff463409d6f912bb6acae00db9","2390974","2025-06-27T07:48:50.000Z","needs_review","0.35"
"188482c35253a803","公共安全视频图像信息系统管理条例","公共安全视频图像信息系统管理条例.pdf","16_病案資訊與個資\未標示年份\公共安全视频图像信息系统管理条例.pdf","病案資訊與個資","（無）","UNKNOWN","未標示年份","","行政法規／條例","病歷、電子病歷與醫療資料","資訊安全與個人資料","pdf","pdf_needs_ocr","a4d8f8c98b728948ef41e427ee22910754509eff463409d6f912bb6acae00db9","2390974","2025-06-27T07:48:50.000Z","needs_review","0.35"
"90d5498c3535d939","手術室期間涉及的患者隱私","手術室期間涉及的患者隱私.pdf","16_病案資訊與個資\未標示年份\手術室期間涉及的患者隱私.pdf","病案資訊與個資","（無）","UNKNOWN","未標示年份","","待確認或非規範文件","病歷、電子病歷與醫療資料","資訊安全與個人資料；手術、麻醉與疼痛管理","pdf","pdf_needs_ocr","00f0ec6923182cbdaee295b85323cd9c371c43a92cdfdd6250bb759436fb89a9","2909850","2025-06-27T08:37:02.000Z","needs_review","0.35"
"374d3486f52e76ac","日间诊疗病历书写基本规范","日间诊疗病历书写基本规范.docx","16_病案資訊與個資\未標示年份\日间诊疗病历书写基本规范.docx","病案資訊與個資","（無）","UNKNOWN","2016","2016；2010","院內制度／SOP","醫療治理與依法執業","醫療人員與執業管理；病歷、電子病歷與醫療資料；資訊安全與個人資料；醫技、檢驗與病理；臨床診療與醫療技術；手術、麻醉與疼痛管理；急診與緊急醫療；輸血與器官移植；消防、治安與應急管理","docx","office_xml","e1278babd53c8997f5bf557d687de720ed4e218dce733a2fc7688462de9faa9c","13895","2022-10-13T06:04:38.000Z","needs_review","0.35"
"991a094380160663","电子病历系统应用水平分级评价标准","电子病历系统应用水平分级评价标准.docx","16_病案資訊與個資\未標示年份\电子病历系统应用水平分级评价标准.docx","病案資訊與個資","（無）","UNKNOWN","未標示年份","","醫院評鑑／認證標準","醫療治理與依法執業","醫院評鑑與醫療品質；醫療人員與執業管理；護理管理；藥事與藥品管理；感染預防與控制；病歷、電子病歷與醫療資料；資訊安全與個人資料；醫技、檢驗與病理；臨床診療與醫療技術；手術、麻醉與疼痛管理；輸血與器官移植；臨床研究與人體試驗；醫療器材與設備；環境、能源與醫療廢棄物","docx","office_xml","36a04413974dbfeb3970a26a3c60bbc3682fe1263d0aab12c81810352022364b","183547","2022-09-01T06:49:18.000Z","needs_review","0.35"
"72ff1eec805b3a11","电子病历系统应用水平分级评价标准（2）","电子病历系统应用水平分级评价标准（2）.docx","16_病案資訊與個資\未標示年份\电子病历系统应用水平分级评价标准（2）.docx","病案資訊與個資","（無）","UNKNOWN","未標示年份","","醫院評鑑／認證標準","醫療治理與依法執業","醫院評鑑與醫療品質；醫療人員與執業管理；護理管理；藥事與藥品管理；感染預防與控制；病歷、電子病歷與醫療資料；資訊安全與個人資料；醫技、檢驗與病理；臨床診療與醫療技術；手術、麻醉與疼痛管理；輸血與器官移植；臨床研究與人體試驗；醫療器材與設備；環境、能源與醫療廢棄物","docx","office_xml","5dae9b2b2a36f3d449fbdfc4e1f1d012bfbeeeb590444d9a488e48539dea55dc","183294","2022-07-12T07:57:34.000Z","needs_review","0.35"
"91ddc04294e2774e","电子病历系统应用水平分级评价管理办法","电子病历系统应用水平分级评价管理办法.doc","16_病案資訊與個資\未標示年份\电子病历系统应用水平分级评价管理办法.doc","病案資訊與個資","（無）","UNKNOWN","未標示年份","","院內制度／SOP","病歷、電子病歷與醫療資料","資訊安全與個人資料","doc","filename_only","28d11bdee5d62bc5d02773bb08060ba8d03155a9303cfc493d959e96eb8362b4","14336","2022-07-12T07:56:26.000Z","needs_review","0.35"
"6f52d9093097d74d","电梯显示器-信息发布管理与安全性规范","电梯显示器-信息发布管理与安全性规范.pdf","16_病案資訊與個資\未標示年份\电梯显示器-信息发布管理与安全性规范.pdf","病案資訊與個資","（無）","UNKNOWN","2020","2020","國家或地方標準","病歷、電子病歷與醫療資料","資訊安全與個人資料","pdf","pdf_text_layer","7dd9921db3c686cf6da3b81a2ddcc93fcd1e97eeb01f84797c64e7649cd1a32f","526502","2023-03-31T12:58:08.000Z","needs_review","0.35"
"33310f7ae22de42d","全民健康信息平台密码应用与安全性评估实施指南","全民健康信息平台密码应用与安全性评估实施指南.pdf","16_病案資訊與個資\未標示年份\全民健康信息平台密码应用与安全性评估实施指南.pdf","病案資訊與個資","（無）","UNKNOWN","未標示年份","","技術規範／診療指南","病歷、電子病歷與醫療資料","資訊安全與個人資料","pdf","pdf_needs_ocr","8db348712de188ff67382c9012bd2cd1c4ded63398c8ce185b2302ed7bdcc815","51624642","2026-03-03T08:14:20.000Z","needs_review","0.35"
"85ae1519c10bd7d9","全国医院上报数据统计分析","全国医院上报数据统计分析.pdf","16_病案資訊與個資\未標示年份\全国医院上报数据统计分析.pdf","病案資訊與個資","（無）","UNKNOWN","未標示年份","","研究論文／文獻","病歷、電子病歷與醫療資料","資訊安全與個人資料","pdf","pdf_text_layer","051b589a92ca46b2344a75bd70d12e84c4e3959792ab54b85dc733bd4ab1327e","393430","2022-06-28T02:13:54.000Z","needs_review","0.35"
"e17159d38843ca1b","全国医院上报数据统计分析指标集（试行）","全国医院上报数据统计分析指标集（试行）.pdf","16_病案資訊與個資\未標示年份\全国医院上报数据统计分析指标集（试行）.pdf","病案資訊與個資","（無）","UNKNOWN","未標示年份","","研究論文／文獻","病歷、電子病歷與醫療資料","資訊安全與個人資料","pdf","pdf_text_layer","051b589a92ca46b2344a75bd70d12e84c4e3959792ab54b85dc733bd4ab1327e","393430","2023-03-02T00:48:50.000Z","needs_review","0.35"
"d65859846f5eb1fb","全国医院上报数据统计分析指标集（试行）（2）","全国医院上报数据统计分析指标集（试行）（2）.pdf","16_病案資訊與個資\未標示年份\全国医院上报数据统计分析指标集（试行）（2）.pdf","病案資訊與個資","（無）","UNKNOWN","未標示年份","","研究論文／文獻","病歷、電子病歷與醫療資料","資訊安全與個人資料","pdf","pdf_text_layer","051b589a92ca46b2344a75bd70d12e84c4e3959792ab54b85dc733bd4ab1327e","393430","2023-03-02T00:48:50.000Z","needs_review","0.35"
"a6a85dcedf3bb6a8","全国医院信息化建设标准与规范","全国医院信息化建设标准与规范.docx","16_病案資訊與個資\未標示年份\全国医院信息化建设标准与规范.docx","病案資訊與個資","（無）","UNKNOWN","1920","1920","醫院評鑑／認證標準","醫療治理與依法執業","醫院評鑑與醫療品質；醫療人員與執業管理；護理管理；藥事與藥品管理；感染預防與控制；病歷、電子病歷與醫療資料；資訊安全與個人資料；醫技、檢驗與病理；臨床診療與醫療技術；手術、麻醉與疼痛管理；急診與緊急醫療；輸血與器官移植；醫療保險與支付；醫療器材與設備；後勤、建築與設施安全；財務、採購與內部稽核","docx","office_xml","fafc22d3e71f8be3c8db893655d57fdb6a3da64e5059c377eca3460ffcfb3885","474934","2022-06-28T00:45:26.000Z","needs_review","0.35"
"36e38818f90dfa89","全国医院数据上报管理方案-医疗业务（试行","全国医院数据上报管理方案-医疗业务（试行.pdf","16_病案資訊與個資\未標示年份\全国医院数据上报管理方案-医疗业务（试行.pdf","病案資訊與個資","（無）","UNKNOWN","2016","2016；2014；2013；2012；2011；2009；2006；2003；2002；2000；1991","國家或地方標準","病歷、電子病歷與醫療資料","資訊安全與個人資料","pdf","pdf_text_layer","2d96f677209ddf264a9661cb17ca6d0790dad6d5c84729ef55da86f44297cb57","1705382","2023-03-02T00:42:52.000Z","needs_review","0.35"
"7986a6ee5c597495","全国医院数据上报管理方案-医疗数据字典（试行）","全国医院数据上报管理方案-医疗数据字典（试行）.pdf","16_病案資訊與個資\未標示年份\全国医院数据上报管理方案-医疗数据字典（试行）.pdf","病案資訊與個資","（無）","UNKNOWN","2017","2017；2016；2015；2007；2000；1995","國家或地方標準","病歷、電子病歷與醫療資料","資訊安全與個人資料","pdf","pdf_text_layer","eb1a62d015082bda0a94b18cf38a8a2324a04e8f10e73adef4fa04484f3f0865","2057193","2023-03-02T00:44:36.000Z","needs_review","0.35"
"0cf24349ccf4be5d","全国医院数据上报管理方案-运营业务","全国医院数据上报管理方案-运营业务.pdf","16_病案資訊與個資\未標示年份\全国医院数据上报管理方案-运营业务.pdf","病案資訊與個資","（無）","UNKNOWN","2019","2019","國家或地方標準","病歷、電子病歷與醫療資料","資訊安全與個人資料","pdf","pdf_text_layer","65cac34c0034081f140976d8dc1f0c7dfdeb9cce5a7bbd9d2912d259fde58542","617475","2022-06-28T02:11:10.000Z","needs_review","0.35"
"3492c6909f89d111","全国医院数据上报管理方案-运营业务（试行）","全国医院数据上报管理方案-运营业务（试行）.pdf","16_病案資訊與個資\未標示年份\全国医院数据上报管理方案-运营业务（试行）.pdf","病案資訊與個資","（無）","UNKNOWN","2019","2019","國家或地方標準","病歷、電子病歷與醫療資料","資訊安全與個人資料","pdf","pdf_text_layer","65cac34c0034081f140976d8dc1f0c7dfdeb9cce5a7bbd9d2912d259fde58542","617475","2023-03-02T00:43:40.000Z","needs_review","0.35"
"810883ad84e84ef8","全国医院数据上报管理方案-接口技术规范（试行）","全国医院数据上报管理方案-接口技术规范（试行）.pdf","16_病案資訊與個資\未標示年份\全国医院数据上报管理方案-接口技术规范（试行）.pdf","病案資訊與個資","（無）","UNKNOWN","未標示年份","","技術規範／診療指南","病歷、電子病歷與醫療資料","資訊安全與個人資料","pdf","pdf_text_layer","fa5c1aa9adaec4d1e9b8b4a7c78f3303bb4290efd471c843ec4a3ad6cb531042","901460","2023-03-02T00:44:04.000Z","needs_review","0.35"
"0177bebb67552a51","全国医院数据上报管理方案","全国医院数据上报管理方案.docx","16_病案資訊與個資\未標示年份\全国医院数据上报管理方案.docx","病案資訊與個資","（無）","UNKNOWN","2016","2016；2014；2013；2012；2011；2009；2006；2003；2002；2000；1995；1991","研究論文／文獻","醫療治理與依法執業","藥事與藥品管理；感染預防與控制；病歷、電子病歷與醫療資料；資訊安全與個人資料；醫技、檢驗與病理；臨床診療與醫療技術；手術、麻醉與疼痛管理；急診與緊急醫療；輸血與器官移植；醫療保險與支付；財務、採購與內部稽核","docx","office_xml","e334da2800ee12cbd3008aa8e4a76db18a9338a63bda0bb1141c229bd78d5956","84791","2022-06-28T02:38:58.000Z","needs_review","0.35"
"14aa12bd2df2e3e3","全国医院数据上报管理方案医疗业务","全国医院数据上报管理方案医疗业务.pdf","16_病案資訊與個資\未標示年份\全国医院数据上报管理方案医疗业务.pdf","病案資訊與個資","（無）","UNKNOWN","2016","2016；2014；2013；2012；2011；2009；2006；2003；2002；2000；1991","國家或地方標準","病歷、電子病歷與醫療資料","資訊安全與個人資料","pdf","pdf_text_layer","2d96f677209ddf264a9661cb17ca6d0790dad6d5c84729ef55da86f44297cb57","1705382","2022-06-28T02:10:38.000Z","needs_review","0.35"
"f2d72e0f5e2ca116","全国基层医疗卫生机构信息化","全国基层医疗卫生机构信息化.pdf","16_病案資訊與個資\未標示年份\全国基层医疗卫生机构信息化.pdf","病案資訊與個資","（無）","UNKNOWN","未標示年份","","待確認或非規範文件","病歷、電子病歷與醫療資料","資訊安全與個人資料","pdf","pdf_text_layer","9c6012c4d27adf46739f82aec5ef595c81b16c8555ae346c1205e544ddbfe539","3137783","2022-08-29T12:54:52.000Z","needs_review","0.35"
"4fd774cc967ceea7","关于印发电子病历应用管理规范（试行）的通知","关于印发电子病历应用管理规范（试行）的通知.pdf","16_病案資訊與個資\未標示年份\关于印发电子病历应用管理规范（试行）的通知.pdf","病案資訊與個資","（無）","UNKNOWN","未標示年份","","國家或地方標準","病歷、電子病歷與醫療資料","資訊安全與個人資料","pdf","pdf_text_layer","7be31760bed6839e0091974315b500e6fc5cc180b4c2330061063ae7de01a54e","343237","2022-06-01T04:58:18.000Z","needs_review","0.35"
"0d8515d87563b3b5","关于印发医疗卫生机构亡故患者全流程服务管理规定的通知","关于印发医疗卫生机构亡故患者全流程服务管理规定的通知.pdf","16_病案資訊與個資\未標示年份\关于印发医疗卫生机构亡故患者全流程服务管理规定的通知.pdf","病案資訊與個資","（無）","UNKNOWN","未標示年份","","公告／通知／函釋","病歷、電子病歷與醫療資料","資訊安全與個人資料","pdf","pdf_needs_ocr","1a2c7ccd3393b28030de8cf68c2de4824ec3142f47d71ea9cd9b37b810061164","1548986","2026-05-07T00:11:08.000Z","needs_review","0.35"
"f297d7260b6c8a6e","关于印发医疗卫生机构网络安全管理办法的通知","关于印发医疗卫生机构网络安全管理办法的通知.pdf","16_病案資訊與個資\未標示年份\关于印发医疗卫生机构网络安全管理办法的通知.pdf","病案資訊與個資","（無）","UNKNOWN","未標示年份","","公告／通知／函釋","病歷、電子病歷與醫療資料","資訊安全與個人資料","pdf","pdf_needs_ocr","4206159aefe6014b0ef437e46aee3ab6579d1e3e467e006094e6a992f54a4902","2692844","2026-02-02T03:16:04.000Z","needs_review","0.35"
"ac64bf624ac5a602","关于印发医疗卫生机构网络安全管理办法的通知（2）","关于印发医疗卫生机构网络安全管理办法的通知（2）.pdf","16_病案資訊與個資\未標示年份\关于印发医疗卫生机构网络安全管理办法的通知（2）.pdf","病案資訊與個資","（無）","UNKNOWN","未標示年份","","公告／通知／函釋","病歷、電子病歷與醫療資料","資訊安全與個人資料","pdf","pdf_needs_ocr","4206159aefe6014b0ef437e46aee3ab6579d1e3e467e006094e6a992f54a4902","2692844","2026-02-02T03:16:04.000Z","needs_review","0.35"
"6879a3e48a76ae6b","关于进一步加强医疗机构电子病历信息使用管理的通知》","关于进一步加强医疗机构电子病历信息使用管理的通知》.pdf","16_病案資訊與個資\未標示年份\关于进一步加强医疗机构电子病历信息使用管理的通知》.pdf","病案資訊與個資","（無）","UNKNOWN","未標示年份","","公告／通知／函釋","醫療治理與依法執業","病歷、電子病歷與醫療資料；資訊安全與個人資料","pdf","pdf_needs_ocr","77d770ab4f7078874325d4d2283fcb8f4c7404125e20e2d0ef7bbf05459ef315","974241","2025-07-26T14:03:10.000Z","needs_review","0.35"
"3ad779ed1c3e305e","关于进一步推进安全风险分级管控和隐患排查治理双重预防机制建设的通知-公共卫生-基本医疗卫生-重点领域信息公开-政务公开-泉州市丰泽区人民政府","关于进一步推进安全风险分级管控和隐患排查治理双重预防机制建设的通知-公共卫生-基本医疗卫生-重点领域信息公开-政务公开-泉州市丰泽区人民政府.pdf","16_病案資訊與個資\未標示年份\关于进一步推进安全风险分级管控和隐患排查治理双重预防机制建设的通知-公共卫生-基本医疗卫生-重点领域信息公开-政务公开-泉州市丰泽区人民政府.pdf","病案資訊與個資","（無）","UNKNOWN","未標示年份","","公告／通知／函釋","病歷、電子病歷與醫療資料","資訊安全與個人資料","pdf","pdf_text_layer","259be3ab1c379f2b04a12e4044e8ccda01ef6f838b1848b99a5695305fab8820","692384","2022-08-27T13:16:40.000Z","needs_review","0.35"
"5cb12813fed15c95","危险化学品分类信息表","危险化学品分类信息表.doc","16_病案資訊與個資\未標示年份\危险化学品分类信息表.doc","病案資訊與個資","（無）","UNKNOWN","未標示年份","","待確認或非規範文件","病歷、電子病歷與醫療資料","資訊安全與個人資料；環境、能源與醫療廢棄物","doc","filename_only","96a4093da39f70579be1571f965811c9f04af3a9074e3272f80f812e1d127dee","5557248","2022-07-07T11:30:36.000Z","needs_review","0.35"
"304d33eee8b7713b","医疗卫生机构亡故患者全流程服务管理规定","医疗卫生机构亡故患者全流程服务管理规定.pdf","16_病案資訊與個資\未標示年份\医疗卫生机构亡故患者全流程服务管理规定.pdf","病案資訊與個資","（無）","UNKNOWN","未標示年份","","院內制度／SOP","病歷、電子病歷與醫療資料","資訊安全與個人資料","pdf","pdf_needs_ocr","3551bebc0ec1834db2b09e9b3e8c6a444978c6618b6cc867c615573a3f9ff4d1","1548986","2026-02-01T11:59:22.000Z","needs_review","0.35"
"89acbca9f7acd8ae","医疗机构网络安全事件应急处置规范","医疗机构网络安全事件应急处置规范.pdf","16_病案資訊與個資\未標示年份\医疗机构网络安全事件应急处置规范.pdf","病案資訊與個資","（無）","UNKNOWN","未標示年份","","國家或地方標準","醫療治理與依法執業","病歷、電子病歷與醫療資料；資訊安全與個人資料；急診與緊急醫療；消防、治安與應急管理","pdf","pdf_text_layer","db6a4eeb4e46a6899d2dd4c7b0014af435be3920f19f1d87a5bd9c7b3893a068","920420","2023-07-13T03:34:30.000Z","needs_review","0.35"
"2f3d16bc3ef957d9","医疗机构病历管理规定","医疗机构病历管理规定.pdf","16_病案資訊與個資\未標示年份\医疗机构病历管理规定.pdf","病案資訊與個資","（無）","UNKNOWN","未標示年份","","國家或地方標準","醫療治理與依法執業","病歷、電子病歷與醫療資料；資訊安全與個人資料","pdf","pdf_text_layer","f29e8e16ae128ff164c977f38fdb0e4916f67a409f902fc6505d39c76ea49d35","262195","2022-06-01T04:54:56.000Z","needs_review","0.35"
"22be8a41536c3c7c","医疗数据全生命周期安全防护建设与探讨","医疗数据全生命周期安全防护建设与探讨.pdf","16_病案資訊與個資\未標示年份\医疗数据全生命周期安全防护建设与探讨.pdf","病案資訊與個資","（無）","UNKNOWN","未標示年份","","研究論文／文獻","病歷、電子病歷與醫療資料","資訊安全與個人資料","pdf","pdf_needs_ocr","a60858b6b170c20e8291ad029169cc8e827eccd9a82b5f1a3ca6e71a9f75f16a","1590664","2025-07-27T12:24:12.000Z","needs_review","0.35"
"50221444299513ca","医院信息平台应用功能指引","医院信息平台应用功能指引.pdf","16_病案資訊與個資\未標示年份\医院信息平台应用功能指引.pdf","病案資訊與個資","（無）","UNKNOWN","2016","2016；2014","國家或地方標準","病歷、電子病歷與醫療資料","資訊安全與個人資料","pdf","pdf_text_layer","5edc2f2dad1d560b1215c7e63d601101c032bd5651c5a8d1a2d1c6e20552207e","14825223","2023-03-02T00:40:46.000Z","needs_review","0.35"
"bc6afcc6391904c1","医院信息平台应用功能指引（2）","医院信息平台应用功能指引（2）.pdf","16_病案資訊與個資\未標示年份\医院信息平台应用功能指引（2）.pdf","病案資訊與個資","（無）","UNKNOWN","2016","2016；2014","國家或地方標準","病歷、電子病歷與醫療資料","資訊安全與個人資料","pdf","pdf_text_layer","5edc2f2dad1d560b1215c7e63d601101c032bd5651c5a8d1a2d1c6e20552207e","14825223","2023-03-02T00:40:46.000Z","needs_review","0.35"
"bd2136d18bd73529","医院信息系统管理要求","医院信息系统管理要求.pdf","16_病案資訊與個資\未標示年份\医院信息系统管理要求.pdf","病案資訊與個資","（無）","UNKNOWN","未標示年份","","待確認或非規範文件","病歷、電子病歷與醫療資料","資訊安全與個人資料","pdf","pdf_needs_ocr","9c53e89b411b8c1695d6aec0567a69f39b3e5f5fa2a5d36e48d541cf036e9e8c","3243805","2023-04-09T13:36:42.000Z","needs_review","0.35"
"d6274832ed3739bb","医院监控安全管理制度","医院监控安全管理制度.docx","16_病案資訊與個資\未標示年份\医院监控安全管理制度.docx","病案資訊與個資","（無）","UNKNOWN","未標示年份","","院內制度／SOP","醫療人員與執業管理","病歷、電子病歷與醫療資料；資訊安全與個人資料；手術、麻醉與疼痛管理；醫療器材與設備","docx","office_xml","765b8d74791148d53e52d5f0cccf96cafd655604733a84017cdf771e54e27662","38103","2026-04-12T13:51:34.000Z","needs_review","0.35"
"13d981784f929e37","县医院电子病历系统应用水平分级评价情况","县医院电子病历系统应用水平分级评价情况.pdf","16_病案資訊與個資\未標示年份\县医院电子病历系统应用水平分级评价情况.pdf","病案資訊與個資","（無）","UNKNOWN","未標示年份","","待確認或非規範文件","病歷、電子病歷與醫療資料","資訊安全與個人資料","pdf","pdf_text_layer","301ce91994386c3650a55950a45229de2ef89b61a6b6373b4544c0591510e9f8","108927","2024-07-30T11:05:24.000Z","needs_review","0.35"
"844f9e6133ed72fb","图像类医疗大数据隐私加密技术方案及政策立法的协同策略研究","图像类医疗大数据隐私加密技术方案及政策立法的协同策略研究.pdf","16_病案資訊與個資\未標示年份\图像类医疗大数据隐私加密技术方案及政策立法的协同策略研究.pdf","病案資訊與個資","（無）","UNKNOWN","未標示年份","","研究論文／文獻","病歷、電子病歷與醫療資料","資訊安全與個人資料；臨床研究與人體試驗","pdf","pdf_needs_ocr","795f6e80a0f2727acfd809c5a6ffe49f9e5e75ef1f44796d09dd93a2fad8982f","1339397","2025-07-27T12:25:48.000Z","needs_review","0.35"
"5dded57971beb216","运营管理信息化","运营管理信息化.doc","16_病案資訊與個資\未標示年份\运营管理信息化.doc","病案資訊與個資","（無）","UNKNOWN","未標示年份","","待確認或非規範文件","病歷、電子病歷與醫療資料","資訊安全與個人資料","doc","filename_only","a9d84f67e6891b8792af916f383259abaa2c431febd803ad9959363bba4b3aa7","811233","2022-07-01T06:26:28.000Z","needs_review","0.35"
"e6ddbf097b017e83","远程医疗服务管理规范（试行）","远程医疗服务管理规范（试行）.docx","16_病案資訊與個資\未標示年份\远程医疗服务管理规范（试行）.docx","病案資訊與個資","（無）","UNKNOWN","2018","2018","研究論文／文獻","醫療治理與依法執業","醫院評鑑與醫療品質；醫療人員與執業管理；護理管理；感染預防與控制；病歷、電子病歷與醫療資料；資訊安全與個人資料；醫技、檢驗與病理；臨床診療與醫療技術；急診與緊急醫療；醫療器材與設備；消防、治安與應急管理；財務、採購與內部稽核；圖書、教育與文件管理","docx","office_xml","a6844893916a2438872e453782a0f0ade56e393c73e8f7572b8abe05d2434459","16074","2022-06-28T06:11:16.000Z","needs_review","0.35"
"1da96805f7eb5ac0","临床科研中的数据安全管理方法探讨","临床科研中的数据安全管理方法探讨.pdf","16_病案資訊與個資\未標示年份\临床科研中的数据安全管理方法探讨.pdf","病案資訊與個資","（無）","UNKNOWN","未標示年份","","研究論文／文獻","病歷、電子病歷與醫療資料","資訊安全與個人資料；臨床診療與醫療技術；臨床研究與人體試驗","pdf","pdf_needs_ocr","4f31bdf59100dc13510b3002a834630d1ba3b9a1531f96551fefe70ebc3a7951","1330797","2025-07-27T12:33:42.000Z","needs_review","0.35"
"b68e18d44315b11f","政府信息公开 医疗卫生 关于建立居民电子健康档案和慢性病患者健康管理信息化的通知","政府信息公开 医疗卫生 关于建立居民电子健康档案和慢性病患者健康管理信息化的通知.pdf","16_病案資訊與個資\未標示年份\政府信息公开 医疗卫生 关于建立居民电子健康档案和慢性病患者健康管理信息化的通知.pdf","病案資訊與個資","（無）","UNKNOWN","未標示年份","","國家或地方標準","病歷、電子病歷與醫療資料","資訊安全與個人資料","pdf","pdf_text_layer","bef6a3387ec1ffb5b8a1aca08fa5a591e7ec9c5dd88f8fc56d331fbf660ff78b","259365","2022-08-29T12:56:16.000Z","needs_review","0.35"
"8a6e001a35331fdc","突发公共卫生事件与传染病疫情监测信息报告管理办法","突发公共卫生事件与传染病疫情监测信息报告管理办法.doc","16_病案資訊與個資\未標示年份\突发公共卫生事件与传染病疫情监测信息报告管理办法.doc","病案資訊與個資","（無）","UNKNOWN","未標示年份","","院內制度／SOP","感染預防與控制","病歷、電子病歷與醫療資料；資訊安全與個人資料；急診與緊急醫療","doc","filename_only","06a4b43a617de2d4e1104ddb7fe39e724b072c8653753d127f26d9edafbc453a","56320","2022-10-08T05:40:00.000Z","needs_review","0.35"
"787172c31ea5e04b","病原微生物实验室生物安全信息系统的构建与应用研究","病原微生物实验室生物安全信息系统的构建与应用研究.pdf","16_病案資訊與個資\未標示年份\病原微生物实验室生物安全信息系统的构建与应用研究.pdf","病案資訊與個資","（無）","UNKNOWN","未標示年份","","研究論文／文獻","病歷、電子病歷與醫療資料","資訊安全與個人資料；醫技、檢驗與病理；臨床研究與人體試驗","pdf","pdf_needs_ocr","b4ba1acef5368d3d4e4561b78da536ccde21734b2e467431ec24e9fe8ec37207","1701533","2026-03-28T08:18:02.000Z","needs_review","0.35"
"8bd98efe82db3442","商用密码管理条例","商用密码管理条例.pdf","16_病案資訊與個資\未標示年份\商用密码管理条例.pdf","病案資訊與個資","（無）","UNKNOWN","未標示年份","","行政法規／條例","病歷、電子病歷與醫療資料","資訊安全與個人資料","pdf","pdf_needs_ocr","e50e1f7675a80d9128e7abdd89d614c00ea696f02176641d6acdaff2ed5a37aa","4274105","2024-06-25T07:35:04.000Z","needs_review","0.35"
"f89605a4731301d0","基于护理信息平台的护理关键质控点干预对护理质量管理的影响","基于护理信息平台的护理关键质控点干预对护理质量管理的影响.pdf","16_病案資訊與個資\未標示年份\基于护理信息平台的护理关键质控点干预对护理质量管理的影响.pdf","病案資訊與個資","（無）","UNKNOWN","未標示年份","","待確認或非規範文件","醫院評鑑與醫療品質","護理管理；病歷、電子病歷與醫療資料；資訊安全與個人資料","pdf","pdf_needs_ocr","d9a4b037352baed3a3ad42f4978d1d6077b5c8d477b0ee7c7d1df2a7ced0a1a8","6281224","2025-04-02T05:25:24.000Z","needs_review","0.35"
"e1439f18ab0342c8","数据驱动的DRG-DIP-临床路径多维融合分析评价","数据驱动的DRG-DIP-临床路径多维融合分析评价.pdf","16_病案資訊與個資\未標示年份\数据驱动的DRG-DIP-临床路径多维融合分析评价.pdf","病案資訊與個資","（無）","UNKNOWN","未標示年份","","研究論文／文獻","病歷、電子病歷與醫療資料","資訊安全與個人資料；臨床診療與醫療技術；醫療保險與支付","pdf","pdf_needs_ocr","b77ce4f5b376e476718ccfa4baf33680400bf07f1346b9f7bc16db1cc65e8ba6","1611840","2024-08-22T06:52:30.000Z","needs_review","0.35"
"b4f589d56a6c1658","滅火救援信息","滅火救援信息.pdf","16_病案資訊與個資\未標示年份\滅火救援信息.pdf","病案資訊與個資","（無）","UNKNOWN","未標示年份","","待確認或非規範文件","病歷、電子病歷與醫療資料","資訊安全與個人資料","pdf","pdf_needs_ocr","5771720cb6c38d3dbc508eb35b7bdfd3c83c34f88a364095acb30a24c91a0740","7557348","2022-08-26T08:19:02.000Z","needs_review","0.35"
"06344e18e2fcdda4","POCT信息化共識","POCT信息化共識.pdf","16_病案資訊與個資\未標示年份\POCT信息化共識.pdf","病案資訊與個資","（無）","UNKNOWN","未標示年份","","待確認或非規範文件","病歷、電子病歷與醫療資料","資訊安全與個人資料","pdf","pdf_needs_ocr","8a3ac6e839192539656306b8fc900df10a5cbcd9cb43c9880ec83698b138da3b","1816968","2024-04-18T05:40:48.000Z","needs_review","0.35"
"a792e8429bbba568","GB 19217-2003 医疗废物转运车技术要求(试行)","GB 19217-2003 医疗废物转运车技术要求(试行).pdf","17_醫工設備與環境\01_醫療廢棄物與污水\2003\GB 19217-2003 医疗废物转运车技术要求(试行).pdf","醫工設備與環境","醫療廢棄物與污水","UNKNOWN","2003","2003；1921","國家或地方標準","醫療器材與設備","環境、能源與醫療廢棄物","pdf","pdf_text_layer","d89fefaac6fe6d5051db4319ecd498abad3130e7dde55d0d21e925935a696c9b","423833","2008-10-16T12:52:54.000Z","needs_review","0.35"
"ff3c7296885c3b15","HJ_T 421-2008 医疗废物专用包装袋、容器和警示标志标准","HJ_T 421-2008 医疗废物专用包装袋、容器和警示标志标准.pdf","17_醫工設備與環境\01_醫療廢棄物與污水\2008\HJ_T 421-2008 医疗废物专用包装袋、容器和警示标志标准.pdf","醫工設備與環境","醫療廢棄物與污水","UNKNOWN","2008","2008；2003","國家或地方標準","醫療器材與設備","環境、能源與醫療廢棄物","pdf","pdf_text_layer","ecfde795452349f9df414875674420b5dbcdfb0f9758f942d919e46c955e252f","160285","2023-07-01T05:44:00.000Z","needs_review","0.35"
"da7fa9bdd4f59c0a","GB 5085.7-2019 危险废物鉴别标准 通则","GB 5085.7-2019 危险废物鉴别标准 通则.pdf","17_醫工設備與環境\01_醫療廢棄物與污水\2019\GB 5085.7-2019 危险废物鉴别标准 通则.pdf","醫工設備與環境","醫療廢棄物與污水","UNKNOWN","2019","2019","國家或地方標準","醫療器材與設備","環境、能源與醫療廢棄物","pdf","pdf_needs_ocr","7668a9f3fa4a9f93b724ae50aca17056d7087b542eeaf1f7deef06858894c8c5","215424","2023-07-01T05:16:54.000Z","needs_review","0.35"
"485478c6337db5f3","T_SHWSHQ 04-2019 医院生活垃圾分类及收集规范","T_SHWSHQ 04-2019 医院生活垃圾分类及收集规范.pdf","17_醫工設備與環境\01_醫療廢棄物與污水\2019\T_SHWSHQ 04-2019 医院生活垃圾分类及收集规范.pdf","醫工設備與環境","醫療廢棄物與污水","UNKNOWN","2019","2019","待確認或非規範文件","醫療器材與設備","環境、能源與醫療廢棄物","pdf","pdf_needs_ocr","095b788a7651e5477a77999b8584799807add693af45a41bbcfff7ce0c8b281a","4382478","2023-02-12T09:17:34.000Z","needs_review","0.35"
"348a2dfa9e701fee","T_SHWSHQ 04-2019 医院生活垃圾分类及收集规范（2）","T_SHWSHQ 04-2019 医院生活垃圾分类及收集规范（2）.pdf","17_醫工設備與環境\01_醫療廢棄物與污水\2019\T_SHWSHQ 04-2019 医院生活垃圾分类及收集规范（2）.pdf","醫工設備與環境","醫療廢棄物與污水","UNKNOWN","2019","2019","待確認或非規範文件","醫療器材與設備","環境、能源與醫療廢棄物","pdf","pdf_needs_ocr","095b788a7651e5477a77999b8584799807add693af45a41bbcfff7ce0c8b281a","4382478","2023-02-12T09:09:00.000Z","needs_review","0.35"
"dc679192083c0370","关于印发《池州市医疗废物中转站及暂存间设置标准》的通知（池卫健﹝2020﹞103号）","关于印发《池州市医疗废物中转站及暂存间设置标准》的通知（池卫健﹝2020﹞103号）.pdf","17_醫工設備與環境\01_醫療廢棄物與污水\2020\关于印发《池州市医疗废物中转站及暂存间设置标准》的通知（池卫健﹝2020﹞103号）.pdf","醫工設備與環境","醫療廢棄物與污水","UNKNOWN","2020","2020","國家或地方標準","醫療器材與設備","環境、能源與醫療廢棄物","pdf","pdf_text_layer","329168183cbb613ff945eb430fe0f9961ca0a2c34bb8d5f0c965be69f7d0a040","393191","2023-03-30T03:41:10.000Z","needs_review","0.35"
"54cadc50ce17c0c7","关于印发医疗废物分类目录（2021年版）的通知国卫医函〔2021〕238 号2021.12.1","关于印发医疗废物分类目录（2021年版）的通知国卫医函〔2021〕238 号2021.12.1.pdf","17_醫工設備與環境\01_醫療廢棄物與污水\2021\关于印发医疗废物分类目录（2021年版）的通知国卫医函〔2021〕238 号2021.12.1.pdf","醫工設備與環境","醫療廢棄物與污水","UNKNOWN","2021","2021","公告／通知／函釋","醫療器材與設備","環境、能源與醫療廢棄物","pdf","pdf_text_layer","34b7f174d1ef10023697c4d167ca53ef32a0424a86f2281f29554738bd5ff637","309464","2021-12-01T11:17:30.000Z","needs_review","0.35"
"6a7289794520aca7","读懂《危险废物识别标志设置技术规范》（HJ 1276-2022）","读懂《危险废物识别标志设置技术规范》（HJ 1276-2022）.pdf","17_醫工設備與環境\01_醫療廢棄物與污水\2022\读懂《危险废物识别标志设置技术规范》（HJ 1276-2022）.pdf","醫工設備與環境","醫療廢棄物與污水","UNKNOWN","2022","2022","技術規範／診療指南","醫療器材與設備","環境、能源與醫療廢棄物","pdf","pdf_needs_ocr","5c26f8a73aa9cf1e786098bbe94c18545fc582b984aa44867c9007fc1a08ef41","4499585","2023-07-01T05:22:50.000Z","needs_review","0.35"
"42b25eefa05601a9","DB21_T 3886-2023 医疗废物中转贮存设施设备管理规范","DB21_T 3886-2023 医疗废物中转贮存设施设备管理规范.pdf","17_醫工設備與環境\01_醫療廢棄物與污水\2023\DB21_T 3886-2023 医疗废物中转贮存设施设备管理规范.pdf","醫工設備與環境","醫療廢棄物與污水","UNKNOWN","2023","2023","國家或地方標準","醫療器材與設備","環境、能源與醫療廢棄物","pdf","pdf_text_layer","3f302cf0c95760d4a1114473343291d8229ed144b31d69dc783ad95620f2802f","888966","2025-03-31T06:23:04.000Z","needs_review","0.35"
"c0a717925cf3f5fa","DB3311_T 237-2023 医疗机构医疗废物收集暂存规范","DB3311_T 237-2023 医疗机构医疗废物收集暂存规范.pdf","17_醫工設備與環境\01_醫療廢棄物與污水\2023\DB3311_T 237-2023 医疗机构医疗废物收集暂存规范.pdf","醫工設備與環境","醫療廢棄物與污水","UNKNOWN","2023","2023","國家或地方標準","醫療治理與依法執業","醫療器材與設備；環境、能源與醫療廢棄物","pdf","pdf_text_layer","164a8fac85a0a99cec68c3a162e4b55bfdf34ff82498de50ab5148d7d20c7016","300925","2023-07-01T05:42:44.000Z","needs_review","0.35"
"773709a318fc2e01","DB4403_T 395-2023 医疗废物安全收运处置技术规范","DB4403_T 395-2023 医疗废物安全收运处置技术规范.pdf","17_醫工設備與環境\01_醫療廢棄物與污水\2023\DB4403_T 395-2023 医疗废物安全收运处置技术规范.pdf","醫工設備與環境","醫療廢棄物與污水","UNKNOWN","2023","2023","技術規範／診療指南","醫療器材與設備","環境、能源與醫療廢棄物","pdf","pdf_text_layer","5582da0a7bc6930c2d250229c3afe7289ec5a8854b7225a1e2f594cd8c4572b1","968246","2024-06-10T09:47:20.000Z","needs_review","0.35"
"cf7f35f81fefdf7d","HJ 1284-2023 医疗废物消毒处理设施运行管理技术规范","HJ 1284-2023 医疗废物消毒处理设施运行管理技术规范.pdf","17_醫工設備與環境\01_醫療廢棄物與污水\2023\HJ 1284-2023 医疗废物消毒处理设施运行管理技术规范.pdf","醫工設備與環境","醫療廢棄物與污水","UNKNOWN","2023","2023","技術規範／診療指南","感染預防與控制","醫療器材與設備；環境、能源與醫療廢棄物","pdf","pdf_text_layer","7dbeecc3a4f10f221d0bc090399ce0bbe9af4bb6df4a803046dbd96bb40956fc","680447","2024-06-10T09:47:48.000Z","needs_review","0.35"
"c55252d067300347","DB4406_T 45-2024 中药废弃物无害化处理规范","DB4406_T 45-2024 中药废弃物无害化处理规范.pdf","17_醫工設備與環境\01_醫療廢棄物與污水\2024\DB4406_T 45-2024 中药废弃物无害化处理规范.pdf","醫工設備與環境","醫療廢棄物與污水","UNKNOWN","2024","2024","國家或地方標準","醫療器材與設備","環境、能源與醫療廢棄物","pdf","pdf_text_layer","83f4d9b28f7f1188952569bd8306322503707ba999f33db99f0477c210b9a12a","524298","2024-10-28T00:33:56.000Z","needs_review","0.35"
"183f9286716881df","GB 51459-2024 医疗机构污水处理工程技术标准","GB 51459-2024 医疗机构污水处理工程技术标准.pdf","17_醫工設備與環境\01_醫療廢棄物與污水\2024\GB 51459-2024 医疗机构污水处理工程技术标准.pdf","醫工設備與環境","醫療廢棄物與污水","UNKNOWN","2024","2024","國家或地方標準","醫療治理與依法執業","醫療器材與設備；環境、能源與醫療廢棄物","pdf","pdf_needs_ocr","d2fb2c088043af93f49e7a2cdaa2de8bacbaa02efcf24a45c304b5386359358e","17733842","2024-06-21T01:13:26.000Z","needs_review","0.35"
"130f7305a65c8831","DB12_T 597-2025 医疗卫生机构医疗废物处理规范","DB12_T 597-2025 医疗卫生机构医疗废物处理规范.pdf","17_醫工設備與環境\01_醫療廢棄物與污水\2025\DB12_T 597-2025 医疗卫生机构医疗废物处理规范.pdf","醫工設備與環境","醫療廢棄物與污水","UNKNOWN","2025","2025；2015","國家或地方標準","醫療器材與設備","環境、能源與醫療廢棄物","pdf","pdf_text_layer","91d24b8cc98be95792258bf21f3d4404591b86b640b5b49ef1501513eb1a976a","347055","2025-07-23T12:50:24.000Z","needs_review","0.35"
"e68911046f12a979","DB12_T 597-2025 医疗卫生机构医疗废物处理规范（2）","DB12_T 597-2025 医疗卫生机构医疗废物处理规范（2）.pdf","17_醫工設備與環境\01_醫療廢棄物與污水\2025\DB12_T 597-2025 医疗卫生机构医疗废物处理规范（2）.pdf","醫工設備與環境","醫療廢棄物與污水","UNKNOWN","2025","2025；2015","國家或地方標準","醫療器材與設備","環境、能源與醫療廢棄物","pdf","pdf_text_layer","91d24b8cc98be95792258bf21f3d4404591b86b640b5b49ef1501513eb1a976a","347055","2025-07-23T12:50:24.000Z","needs_review","0.35"
"debf18a786c666ee","DB31_T 1641-2025 医疗废物分级分类收运技术规范","DB31_T 1641-2025 医疗废物分级分类收运技术规范.pdf","17_醫工設備與環境\01_醫療廢棄物與污水\2025\DB31_T 1641-2025 医疗废物分级分类收运技术规范.pdf","醫工設備與環境","醫療廢棄物與污水","UNKNOWN","2025","2025","技術規範／診療指南","醫療器材與設備","環境、能源與醫療廢棄物","pdf","pdf_text_layer","276c4eed8f4c25dabceea50d1f3ccf40fb618a52dc2d379e71ec84435eec3fdc","749202","2026-04-01T00:58:14.000Z","needs_review","0.35"
"908daa6f5bccd56b","T_SHWSHQ 04-2025 医院生活垃圾分类及收集规范","T_SHWSHQ 04-2025 医院生活垃圾分类及收集规范.pdf","17_醫工設備與環境\01_醫療廢棄物與污水\2025\T_SHWSHQ 04-2025 医院生活垃圾分类及收集规范.pdf","醫工設備與環境","醫療廢棄物與污水","UNKNOWN","2025","2025","國家或地方標準","醫療器材與設備","環境、能源與醫療廢棄物","pdf","pdf_text_layer","84f7b09b73e88459ed8a74824638c160d46978bc846ae7bac8c77235715bf325","276977","2025-04-02T06:08:14.000Z","needs_review","0.35"
"87bc3026e8e8e6ae","关于印发医疗机构废弃物综合治理工作方案的通知","关于印发医疗机构废弃物综合治理工作方案的通知.pdf","17_醫工設備與環境\01_醫療廢棄物與污水\未標示年份\关于印发医疗机构废弃物综合治理工作方案的通知.pdf","醫工設備與環境","醫療廢棄物與污水","UNKNOWN","未標示年份","","國家或地方標準","醫療治理與依法執業","醫療器材與設備；環境、能源與醫療廢棄物","pdf","pdf_text_layer","6b125583124c1ffa90a66586f4fd70cf4860e35499fc8a5aaf9fe5636572ecc6","242069","2022-07-27T14:07:28.000Z","needs_review","0.35"
"1a9f30c446de0480","危险废物识别标志设置技术规范","危险废物识别标志设置技术规范.pdf","17_醫工設備與環境\01_醫療廢棄物與污水\未標示年份\危险废物识别标志设置技术规范.pdf","醫工設備與環境","醫療廢棄物與污水","UNKNOWN","未標示年份","","技術規範／診療指南","醫療器材與設備","環境、能源與醫療廢棄物","pdf","pdf_text_layer","3e32c7e38f08dc2983ad5953b8fa9f994df375d016252bcacdfef55a4da681e8","1334362","2023-05-26T03:35:44.000Z","needs_review","0.35"
"275c1f169db7bcf7","污水中新型冠状病毒富集浓缩和核酸检测方法标准","污水中新型冠状病毒富集浓缩和核酸检测方法标准.pdf","17_醫工設備與環境\01_醫療廢棄物與污水\未標示年份\污水中新型冠状病毒富集浓缩和核酸检测方法标准.pdf","醫工設備與環境","醫療廢棄物與污水","UNKNOWN","2022","2022","國家或地方標準","醫療器材與設備","環境、能源與醫療廢棄物","pdf","pdf_text_layer","ef9424a269fc1b86c343371b4801a854072e6a7fc87123aabda9dc8da5358b2d","441589","2022-09-04T05:34:06.000Z","needs_review","0.35"
"c634fc8488945de5","医疗机构污水处理设施运行管理技术规范","医疗机构污水处理设施运行管理技术规范.pdf","17_醫工設備與環境\01_醫療廢棄物與污水\未標示年份\医疗机构污水处理设施运行管理技术规范.pdf","醫工設備與環境","醫療廢棄物與污水","UNKNOWN","未標示年份","","技術規範／診療指南","醫療治理與依法執業","醫療器材與設備；環境、能源與醫療廢棄物","pdf","pdf_text_layer","8369f7caad459f002e463e34c7c46dad5b458f9ab32a14aeaf7f42476fa7fec4","556483","2023-07-13T03:32:00.000Z","needs_review","0.35"
"1401439e90218c45","医疗机构医疗废物暂存处规范设置(建设)标准","医疗机构医疗废物暂存处规范设置(建设)标准.pdf","17_醫工設備與環境\01_醫療廢棄物與污水\未標示年份\医疗机构医疗废物暂存处规范设置(建设)标准.pdf","醫工設備與環境","醫療廢棄物與污水","UNKNOWN","未標示年份","","國家或地方標準","醫療治理與依法執業","醫療器材與設備；環境、能源與醫療廢棄物","pdf","pdf_text_layer","f5dd400c5e99c8b1d7a7e9f369655b870a25f848c03ebf3e5bc242fde436b7c2","600197","2022-08-04T10:26:38.000Z","needs_review","0.35"
"4c6d27e5fd956fc2","医疗废物专用包装袋、容器和警示标志标准","医疗废物专用包装袋、容器和警示标志标准.pdf","17_醫工設備與環境\01_醫療廢棄物與污水\未標示年份\医疗废物专用包装袋、容器和警示标志标准.pdf","醫工設備與環境","醫療廢棄物與污水","UNKNOWN","2008","2008；2003","國家或地方標準","醫療器材與設備","環境、能源與醫療廢棄物","pdf","pdf_text_layer","b1e87d6a29d402e97e1c3b334aaa937c3d0f8fc4f10f2ab8969c3e650441d049","161864","2020-06-29T15:52:44.000Z","needs_review","0.35"
"74dcdf6cc3d7f9ed","医疗废物处理处置污染控制标准","医疗废物处理处置污染控制标准.pdf","17_醫工設備與環境\01_醫療廢棄物與污水\未標示年份\医疗废物处理处置污染控制标准.pdf","醫工設備與環境","醫療廢棄物與污水","UNKNOWN","未標示年份","","國家或地方標準","醫療器材與設備","環境、能源與醫療廢棄物","pdf","pdf_text_layer","df53eea77eb5518ea66d7cbacd7e371e0312ed28eedc2cea800690f4b5e292b9","548251","2022-08-17T07:15:34.000Z","needs_review","0.35"
"3db05c00799f87cf","医院危险化学品使用和废弃物处置管理策略","医院危险化学品使用和废弃物处置管理策略.pdf","17_醫工設備與環境\01_醫療廢棄物與污水\未標示年份\医院危险化学品使用和废弃物处置管理策略.pdf","醫工設備與環境","醫療廢棄物與污水","UNKNOWN","未標示年份","","國家或地方標準","醫療器材與設備","環境、能源與醫療廢棄物","pdf","pdf_text_layer","56d1c61a90b3f05e51a031380829a108d5529ffccb9f7235ecbea0219c5b0d30","1183350","2026-04-06T04:23:06.000Z","needs_review","0.35"
"3a992f43965536b5","東平縣医疗废物暂存间设置要求及相关管理制度","東平縣医疗废物暂存间设置要求及相关管理制度.pdf","17_醫工設備與環境\01_醫療廢棄物與污水\未標示年份\東平縣医疗废物暂存间设置要求及相关管理制度.pdf","醫工設備與環境","醫療廢棄物與污水","UNKNOWN","未標示年份","","院內制度／SOP","醫療器材與設備","環境、能源與醫療廢棄物","pdf","pdf_needs_ocr","3d1c8e6ad055f2eb44ac8a114a73cdd1bb9dfd5eff6b45e312b79fa7f0e8fd81","7050","2023-03-30T03:47:52.000Z","needs_review","0.35"
"13f22e45590bfa88","醫療廢物暫存間衛生管理規範","醫療廢物暫存間衛生管理規範.pdf","17_醫工設備與環境\01_醫療廢棄物與污水\未標示年份\醫療廢物暫存間衛生管理規範.pdf","醫工設備與環境","醫療廢棄物與污水","UNKNOWN","未標示年份","","待確認或非規範文件","醫療器材與設備","環境、能源與醫療廢棄物","pdf","pdf_needs_ocr","7796c10e2bad135fa62497d805f75439ff2e7c0824a43444fe242d829aa9be53","1198913","2022-08-17T07:06:50.000Z","needs_review","0.35"
"ce9119396742a935","GB 30077-2013 危险化学品单位应急救援物资配备要求","GB 30077-2013 危险化学品单位应急救援物资配备要求.pdf","17_醫工設備與環境\02_危險化學品\2013\GB 30077-2013 危险化学品单位应急救援物资配备要求.pdf","醫工設備與環境","危險化學品","UNKNOWN","2013","2013","國家或地方標準","急診與緊急醫療","醫療器材與設備；消防、治安與應急管理；環境、能源與醫療廢棄物","pdf","pdf_needs_ocr","be57aec8e8639370a3afd1b735e107d8867512a23d596beafaf5dbd86c0232b7","4689937","2023-11-15T12:23:14.000Z","needs_review","0.35"
"05424c067434bb59","5GB 18218-2018 危险化学品重大危险源辨识國家","5GB 18218-2018 危险化学品重大危险源辨识國家.pdf","17_醫工設備與環境\02_危險化學品\2018\5GB 18218-2018 危险化学品重大危险源辨识國家.pdf","醫工設備與環境","危險化學品","UNKNOWN","2018","2018","國家或地方標準","醫療器材與設備","環境、能源與醫療廢棄物","pdf","pdf_needs_ocr","c15a2b608310514d838f8d2f59520ae4d53ca1ba705c5d1ef31c3fd7b0f4430d","3031832","2022-09-18T12:28:10.000Z","needs_review","0.35"
"40477e88566493a2","征求意见稿20_WD_2018102203_危险化学品单位应急救援物资配备要求國家","征求意见稿20_WD_2018102203_危险化学品单位应急救援物资配备要求國家.pdf","17_醫工設備與環境\02_危險化學品\2018\征求意见稿20_WD_2018102203_危险化学品单位应急救援物资配备要求國家.pdf","醫工設備與環境","危險化學品","UNKNOWN","2018","2018","國家或地方標準","急診與緊急醫療","醫療器材與設備；消防、治安與應急管理；環境、能源與醫療廢棄物","pdf","pdf_text_layer","97ed22d30d94b9625941b5da734cfd52b198c2fd3745482174cb880de6332a90","375202","2022-03-05T04:42:06.000Z","needs_review","0.35"
"17f8ddb93d564567","20200724--山西省危险化学品安全生产风险监测预警系统管理运行机制（试行）","20200724--山西省危险化学品安全生产风险监测预警系统管理运行机制（试行）.pdf","17_醫工設備與環境\02_危險化學品\2020\20200724--山西省危险化学品安全生产风险监测预警系统管理运行机制（试行）.pdf","醫工設備與環境","危險化學品","UNKNOWN","2020","2020","國家或地方標準","醫療器材與設備","環境、能源與醫療廢棄物","pdf","pdf_text_layer","0120ec5b253efd6248ecdc8a98a1a2d0b7d8e086517a459d9e3ec344cf78164d","281765","2022-09-18T12:15:28.000Z","needs_review","0.35"
"fc282b111966beb2","DB4403T 79—2020危险化学品储存柜安全技术要求及管理","DB4403T 79—2020危险化学品储存柜安全技术要求及管理.docx","17_醫工設備與環境\02_危險化學品\2020\DB4403T 79—2020危险化学品储存柜安全技术要求及管理.docx","醫工設備與環境","危險化學品","UNKNOWN","2020","2020；2017；2016；2015；2014；2009；2006；2004","研究論文／文獻","資訊安全與個人資料","醫技、檢驗與病理；急診與緊急醫療；臨床研究與人體試驗；醫療器材與設備；後勤、建築與設施安全；消防、治安與應急管理；環境、能源與醫療廢棄物","docx","office_xml","d61c2019e9364f311a80bb855470d93b40c1c317c336954697efe2f4f3311ab8","499730","2025-07-28T03:47:12.000Z","needs_review","0.35"
"3f942a54e2eb80da","DB4403T 79—2020危险化学品储存柜安全技术要求及管理规范深圳","DB4403T 79—2020危险化学品储存柜安全技术要求及管理规范深圳.pdf","17_醫工設備與環境\02_危險化學品\2020\DB4403T 79—2020危险化学品储存柜安全技术要求及管理规范深圳.pdf","醫工設備與環境","危險化學品","UNKNOWN","2020","2020","國家或地方標準","醫療器材與設備","環境、能源與醫療廢棄物","pdf","pdf_text_layer","e164af58dad32eedb6802075e09af7daf8b44e2ae9e0a0a68836c28feee5616b","1502036","2021-10-22T05:36:44.000Z","needs_review","0.35"
"7239891ef93808a1","DB4403T 80—2020危险化学品中间仓库安全管理规范深圳","DB4403T 80—2020危险化学品中间仓库安全管理规范深圳.pdf","17_醫工設備與環境\02_危險化學品\2020\DB4403T 80—2020危险化学品中间仓库安全管理规范深圳.pdf","醫工設備與環境","危險化學品","UNKNOWN","2020","2020","國家或地方標準","醫療器材與設備","環境、能源與醫療廢棄物","pdf","pdf_text_layer","be62e676542a5d01044278ce0cb8c69340a33ee7cc9abca0b98fb128a66bb177","623031","2021-10-22T05:37:14.000Z","needs_review","0.35"
"0f169a30554f91e3","DB4401T 105.13-2021第 13 部分：危险化学品场所","DB4401T 105.13-2021第 13 部分：危险化学品场所.pdf","17_醫工設備與環境\02_危險化學品\2021\DB4401T 105.13-2021第 13 部分：危险化学品场所.pdf","醫工設備與環境","危險化學品","UNKNOWN","2021","2021","國家或地方標準","醫療器材與設備","環境、能源與醫療廢棄物","pdf","pdf_text_layer","98f7da02e02e4242bfbe92696e9d5b24566565b94f9e726043e3e4f31182b966","1437967","2023-05-26T06:14:18.000Z","needs_review","0.35"
"0ad3ebe416a229f1","2022 危险化学品企业應急演練規範","2022 危险化学品企业應急演練規範.pdf","17_醫工設備與環境\02_危險化學品\2022\2022 危险化学品企业應急演練規範.pdf","醫工設備與環境","危險化學品","UNKNOWN","2022","2022","待確認或非規範文件","急診與緊急醫療","醫療器材與設備；消防、治安與應急管理；環境、能源與醫療廢棄物","pdf","pdf_needs_ocr","dea3292997daf46255af7cd5751ee80d5dfcc7d6a65a039f12c3274ae79c29ca","1321480","2023-03-16T15:59:18.000Z","needs_review","0.35"
"540b484721aacad6","820220610--危险化学品生产建设项目安全风险防控指南（试行）（应急〔2022〕52号）國家","820220610--危险化学品生产建设项目安全风险防控指南（试行）（应急〔2022〕52号）國家.pdf","17_醫工設備與環境\02_危險化學品\2022\820220610--危险化学品生产建设项目安全风险防控指南（试行）（应急〔2022〕52号）國家.pdf","醫工設備與環境","危險化學品","UNKNOWN","2022","2022","技術規範／診療指南","急診與緊急醫療","醫療器材與設備；消防、治安與應急管理；環境、能源與醫療廢棄物","pdf","pdf_text_layer","2f19b34c7eb4ed6a6f65a37be7e2240ff1c1f52311fb0c8257a4bce3f81a53fd","447684","2022-09-18T12:12:00.000Z","needs_review","0.35"
"ae81a6a1078caaa1","铜卫〔2022〕18号：关于印发铜陵市卫生健康系统危险化学品安全风险集中治理实施方案的通知","铜卫〔2022〕18号：关于印发铜陵市卫生健康系统危险化学品安全风险集中治理实施方案的通知.pdf","17_醫工設備與環境\02_危險化學品\2022\铜卫〔2022〕18号：关于印发铜陵市卫生健康系统危险化学品安全风险集中治理实施方案的通知.pdf","醫工設備與環境","危險化學品","UNKNOWN","2022","2022","國家或地方標準","醫療治理與依法執業","醫療器材與設備；環境、能源與醫療廢棄物","pdf","pdf_text_layer","8264a07b5136bb9f1fe32fe3c1f50fdf17301341f70e36be165aba0bb75a71a8","405782","2026-04-06T02:35:14.000Z","needs_review","0.35"
"232e76df29a3d835","铜卫〔2022〕18号：关于印发铜陵市卫生健康系统危险化学品安全风险集中治理实施方案的通知（2）","铜卫〔2022〕18号：关于印发铜陵市卫生健康系统危险化学品安全风险集中治理实施方案的通知（2）.pdf","17_醫工設備與環境\02_危險化學品\2022\铜卫〔2022〕18号：关于印发铜陵市卫生健康系统危险化学品安全风险集中治理实施方案的通知（2）.pdf","醫工設備與環境","危險化學品","UNKNOWN","2022","2022","國家或地方標準","醫療治理與依法執業","醫療器材與設備；環境、能源與醫療廢棄物","pdf","pdf_text_layer","8264a07b5136bb9f1fe32fe3c1f50fdf17301341f70e36be165aba0bb75a71a8","405782","2025-09-09T01:51:42.000Z","needs_review","0.35"
"0092d6e05a51dabe","DB37_T 997-2022 危险化学品作业场所警示标志标识规范","DB37_T 997-2022 危险化学品作业场所警示标志标识规范.pdf","17_醫工設備與環境\02_危險化學品\2022\DB37_T 997-2022 危险化学品作业场所警示标志标识规范.pdf","醫工設備與環境","危險化學品","UNKNOWN","2022","2022","國家或地方標準","醫療器材與設備","環境、能源與醫療廢棄物","pdf","pdf_text_layer","e232dcb3f34e51d118de7138be23258a0715945cb74eca7427efc1b72f472094","744172","2023-09-24T06:25:58.000Z","needs_review","0.35"
"d99d926323e3efd9","DB41T 2251-2022危险化学品安全生产风险监测预警系统","DB41T 2251-2022危险化学品安全生产风险监测预警系统.pdf","17_醫工設備與環境\02_危險化學品\2022\DB41T 2251-2022危险化学品安全生产风险监测预警系统.pdf","醫工設備與環境","危險化學品","UNKNOWN","2022","2022","國家或地方標準","醫療器材與設備","環境、能源與醫療廢棄物","pdf","pdf_text_layer","60f670ea863e9426e851c5679a41d74037bd2610b6fc654e9eb2d1dcc596602f","2018577","2023-05-26T06:11:26.000Z","needs_review","0.35"
"627ff52855bb81f5","GB 30871-2022 危险化学品企业特殊作业安全规范","GB 30871-2022 危险化学品企业特殊作业安全规范.pdf","17_醫工設備與環境\02_危險化學品\2022\GB 30871-2022 危险化学品企业特殊作业安全规范.pdf","醫工設備與環境","危險化學品","UNKNOWN","2022","2022","國家或地方標準","醫療器材與設備","環境、能源與醫療廢棄物","pdf","pdf_text_layer","b45eea5ea4d09950dda14e795b6d68d0a5a691b2a68d690b13bc6b252c5382f2","2558546","2022-09-20T05:17:16.000Z","needs_review","0.35"
"8e57ee07418bf121","GB 30077-2023 危险化学品单位应急救援物资配备要求","GB 30077-2023 危险化学品单位应急救援物资配备要求.pdf","17_醫工設備與環境\02_危險化學品\2023\GB 30077-2023 危险化学品单位应急救援物资配备要求.pdf","醫工設備與環境","危險化學品","UNKNOWN","2023","2023","國家或地方標準","急診與緊急醫療","醫療器材與設備；消防、治安與應急管理；環境、能源與醫療廢棄物","pdf","pdf_text_layer","65562ef17a042e72f046bbc0f029754073c70abbf0791f6858e3d6325c30f9c8","381680","2024-11-28T13:12:56.000Z","needs_review","0.35"
"5639dc3860b81919","T_CAWS 0016-2023 危险化学品使用场所“六定”安全管理规范","T_CAWS 0016-2023 危险化学品使用场所“六定”安全管理规范.pdf","17_醫工設備與環境\02_危險化學品\2023\T_CAWS 0016-2023 危险化学品使用场所“六定”安全管理规范.pdf","醫工設備與環境","危險化學品","UNKNOWN","2023","2023","待確認或非規範文件","醫療器材與設備","環境、能源與醫療廢棄物","pdf","pdf_text_layer","b393adfdc74444770f618be5f8ed837e7582de85c3b99de4d5487eaa8ca26618","827542","2024-06-21T01:43:00.000Z","needs_review","0.35"
"25d47c5713235566","DB11_T 1191.3-2024 实验室危险化学品安全管理要求 第3","DB11_T 1191.3-2024 实验室危险化学品安全管理要求 第3.pdf","17_醫工設備與環境\02_危險化學品\2024\DB11_T 1191.3-2024 实验室危险化学品安全管理要求 第3.pdf","醫工設備與環境","危險化學品","UNKNOWN","2024","2024","國家或地方標準","醫技、檢驗與病理","醫療器材與設備；環境、能源與醫療廢棄物","pdf","pdf_text_layer","46e904b7785685aa49416959360102212c70e357cbada77aea64c7ab82ab06fe","247691","2025-05-30T02:48:32.000Z","needs_review","0.35"
"dfba82cb9c3ddbe6","DB11T 1191.3—2024实验室危险化学品安全管理要求","DB11T 1191.3—2024实验室危险化学品安全管理要求.pdf","17_醫工設備與環境\02_危險化學品\2024\DB11T 1191.3—2024实验室危险化学品安全管理要求.pdf","醫工設備與環境","危險化學品","UNKNOWN","2024","2024","國家或地方標準","醫技、檢驗與病理","醫療器材與設備；環境、能源與醫療廢棄物","pdf","pdf_text_layer","90f5d1b0b050d198b44dea8643680705efeb12580e9a6e72c91cb14d7ca8fd94","249414","2026-01-18T08:48:40.000Z","needs_review","0.35"
"dfc0220021d135e6","DB32_T 4664-2024 涉危险化学品生产企业特种设备双重预防机","DB32_T 4664-2024 涉危险化学品生产企业特种设备双重预防机.pdf","17_醫工設備與環境\02_危險化學品\2024\DB32_T 4664-2024 涉危险化学品生产企业特种设备双重预防机.pdf","醫工設備與環境","危險化學品","UNKNOWN","2024","2024","國家或地方標準","醫療器材與設備","環境、能源與醫療廢棄物","pdf","pdf_text_layer","7aa3919221897f39c49d59578e33c39c758a4643070ea36ed8f81615a0a348ec","7295756","2024-06-21T01:43:22.000Z","needs_review","0.35"
"66a4ff5e035afb23","DB37_T 4695-2024 危险化学品储存企业安全生产风险管控和隐","DB37_T 4695-2024 危险化学品储存企业安全生产风险管控和隐.pdf","17_醫工設備與環境\02_危險化學品\2024\DB37_T 4695-2024 危险化学品储存企业安全生产风险管控和隐.pdf","醫工設備與環境","危險化學品","UNKNOWN","2024","2024","國家或地方標準","醫療器材與設備","環境、能源與醫療廢棄物","pdf","pdf_text_layer","43c7a889965997aa193cf90773f4cf0ebb427c0ba275dfd60823fc62994f404e","367973","2024-11-28T13:12:20.000Z","needs_review","0.35"
"2b4b6597180466bf","T_LNEMA 013-2024 实验室危险化学品贮存管理技术规范","T_LNEMA 013-2024 实验室危险化学品贮存管理技术规范.pdf","17_醫工設備與環境\02_危險化學品\2024\T_LNEMA 013-2024 实验室危险化学品贮存管理技术规范.pdf","醫工設備與環境","危險化學品","UNKNOWN","2024","2024","技術規範／診療指南","醫技、檢驗與病理","醫療器材與設備；環境、能源與醫療廢棄物","pdf","pdf_text_layer","681b25c3e07199f4b8f62e5e8d5bf5a355e8ccd25d0244b11b13be41fcc6ddc9","431261","2024-11-28T13:10:32.000Z","needs_review","0.35"
"574b1706be0a2c44","T_LNEMA 030-2024 危险化学品储存柜安全管理规范","T_LNEMA 030-2024 危险化学品储存柜安全管理规范.docx","17_醫工設備與環境\02_危險化學品\2024\T_LNEMA 030-2024 危险化学品储存柜安全管理规范.docx","醫工設備與環境","危險化學品","UNKNOWN","2024","2024；2025；2022；2020；2019；2016","研究論文／文獻","資訊安全與個人資料","醫技、檢驗與病理；急診與緊急醫療；臨床研究與人體試驗；醫療器材與設備；後勤、建築與設施安全；消防、治安與應急管理；環境、能源與醫療廢棄物；圖書、教育與文件管理","docx","office_xml","40686e6de88cfe49d07171c238ff47af81423f77f634dbc84f367a3b8df3fca6","102640","2025-07-28T03:45:02.000Z","needs_review","0.35"
"606db55b18eb88c0","T_LNEMA 030-2024 危险化学品储存柜安全管理规范","T_LNEMA 030-2024 危险化学品储存柜安全管理规范.pdf","17_醫工設備與環境\02_危險化學品\2024\T_LNEMA 030-2024 危险化学品储存柜安全管理规范.pdf","醫工設備與環境","危險化學品","UNKNOWN","2024","2024","國家或地方標準","醫療器材與設備","環境、能源與醫療廢棄物","pdf","pdf_text_layer","1d679706c9bb927447394b0be4bc48dac4d2620ce4f94b910d8533a74fd4cf53","449085","2025-05-30T02:49:00.000Z","needs_review","0.35"
"00af8f26606996a5","DB44_T 2647-2025 危险化学品储存装置安全使用技术规范","DB44_T 2647-2025 危险化学品储存装置安全使用技术规范 (1).pdf","17_醫工設備與環境\02_危險化學品\2025\DB44_T 2647-2025 危险化学品储存装置安全使用技术规范 (1).pdf","醫工設備與環境","危險化學品","UNKNOWN","2025","2025；2022","技術規範／診療指南","醫療器材與設備","環境、能源與醫療廢棄物","pdf","pdf_text_layer","ee325bda220f59a951762a99fbb90d5e4c3c3f83f4887ca50fed8a3f77a0c17a","871822","2025-07-22T08:01:04.000Z","needs_review","0.35"
"b313593b1e9e061b","DB44_T 2647-2025 危险化学品储存装置安全使用技术规范","DB44_T 2647-2025 危险化学品储存装置安全使用技术规范.pdf","17_醫工設備與環境\02_危險化學品\2025\DB44_T 2647-2025 危险化学品储存装置安全使用技术规范.pdf","醫工設備與環境","危險化學品","UNKNOWN","2025","2025；2022","技術規範／診療指南","醫療器材與設備","環境、能源與醫療廢棄物","pdf","pdf_text_layer","ee325bda220f59a951762a99fbb90d5e4c3c3f83f4887ca50fed8a3f77a0c17a","871822","2025-06-16T09:02:20.000Z","needs_review","0.35"
"fe380d746b5aeb78","DB4403_T 642-2025 零散使用危险化学品场所安全管理规范","DB4403_T 642-2025 零散使用危险化学品场所安全管理规范.pdf","17_醫工設備與環境\02_危險化學品\2025\DB4403_T 642-2025 零散使用危险化学品场所安全管理规范.pdf","醫工設備與環境","危險化學品","UNKNOWN","2025","2025","國家或地方標準","醫療器材與設備","環境、能源與醫療廢棄物","pdf","pdf_text_layer","ac881a8a3a08baf16557eb63c06bd060b37aa0eccdb2b9599a834333765489d6","278213","2025-07-22T07:59:50.000Z","needs_review","0.35"
"39aab820bb69b8e3","YJ_T 31-2025 危险化学品应急救援队伍训练大纲及考核要求","YJ_T 31-2025 危险化学品应急救援队伍训练大纲及考核要求.pdf","17_醫工設備與環境\02_危險化學品\2025\YJ_T 31-2025 危险化学品应急救援队伍训练大纲及考核要求.pdf","醫工設備與環境","危險化學品","UNKNOWN","2025","2025","待確認或非規範文件","急診與緊急醫療","醫療器材與設備；消防、治安與應急管理；環境、能源與醫療廢棄物","pdf","pdf_needs_ocr","fae88918699f0877e2617078079a9f8766b50c58d927fb70e0d893caeaa74b28","4460545","2025-05-30T02:48:00.000Z","needs_review","0.35"
"fdd3616d863e8f15","3危险化学品企业可查验防护措施管理规范海南","3危险化学品企业可查验防护措施管理规范海南.pdf","17_醫工設備與環境\02_危險化學品\未標示年份\3危险化学品企业可查验防护措施管理规范海南.pdf","醫工設備與環境","危險化學品","UNKNOWN","2018","2018；2012；2009","國家或地方標準","醫療器材與設備","環境、能源與醫療廢棄物","pdf","pdf_text_layer","d5a321cb2f7ae8ec80c6124e383c9bedc05a38bcb60263cea7c901b56b213ac0","1144104","2022-03-05T04:49:06.000Z","needs_review","0.35"
"b6519234a18407da","广州市危险化学品安全管理规定","广州市危险化学品安全管理规定.pdf","17_醫工設備與環境\02_危險化學品\未標示年份\广州市危险化学品安全管理规定.pdf","醫工設備與環境","危險化學品","UNKNOWN","未標示年份","","行政法規／條例","醫療器材與設備","環境、能源與醫療廢棄物","pdf","pdf_needs_ocr","f2c4a004c2783f457018881123b576b499572f9bc70f41c2515334b9c3ad7bfb","4830407","2023-03-21T08:46:46.000Z","needs_review","0.35"
"454f9e3fc516b8fe","龙泉市医疗卫生机构危险化学品安全管理制度","龙泉市医疗卫生机构危险化学品安全管理制度.pdf","17_醫工設備與環境\02_危險化學品\未標示年份\龙泉市医疗卫生机构危险化学品安全管理制度.pdf","醫工設備與環境","危險化學品","UNKNOWN","未標示年份","","院內制度／SOP","醫療器材與設備","環境、能源與醫療廢棄物","pdf","pdf_needs_ocr","b897801738ecd25349858832b277f22c45970960d67fcc50495a6b68db1eed71","834659","2025-09-09T01:52:34.000Z","needs_review","0.35"
"e5e29d6883b7abb1","危险化学品中间仓库安全管理规范深圳","危险化学品中间仓库安全管理规范深圳.docx","17_醫工設備與環境\02_危險化學品\未標示年份\危险化学品中间仓库安全管理规范深圳.docx","醫工設備與環境","危險化學品","UNKNOWN","2028","2028；2020；2009；1956","研究論文／文獻","感染預防與控制","醫技、檢驗與病理；急診與緊急醫療；臨床研究與人體試驗；醫療器材與設備；後勤、建築與設施安全；消防、治安與應急管理；環境、能源與醫療廢棄物；圖書、教育與文件管理","docx","office_xml","d3016a9fab1cc33b3055c76ae315aa1190e568e2a95ae9bbf4a5d83bb9795565","293883","2022-07-07T11:11:02.000Z","needs_review","0.35"
"c7b0639feb82b54e","危险化学品企业安全风险隐患排查治理导则","危险化学品企业安全风险隐患排查治理导则.pdf","17_醫工設備與環境\02_危險化學品\未標示年份\危险化学品企业安全风险隐患排查治理导则.pdf","醫工設備與環境","危險化學品","UNKNOWN","未標示年份","","待確認或非規範文件","醫療器材與設備","環境、能源與醫療廢棄物","pdf","pdf_text_layer","8cd5d4a1c05b58a3dd20d1e009a5158746cfc4e6d61d10fe5bf473d370b03b49","681358","2025-09-09T01:53:54.000Z","needs_review","0.35"
"71ea57acc05a9799","危险化学品安全管理条例","危险化学品安全管理条例.doc","17_醫工設備與環境\02_危險化學品\未標示年份\危险化学品安全管理条例.doc","醫工設備與環境","危險化學品","UNKNOWN","未標示年份","","行政法規／條例","醫療器材與設備","環境、能源與醫療廢棄物","doc","filename_only","5153acd74a1b9a9b9a3053c585bbe521ded4430bde379170a571a64695445985","76800","2022-06-22T05:40:58.000Z","needs_review","0.35"
"4360c53e27050acf","危险化学品安全管理条例","危险化学品安全管理条例.pdf","17_醫工設備與環境\02_危險化學品\未標示年份\危险化学品安全管理条例.pdf","醫工設備與環境","危險化學品","UNKNOWN","未標示年份","","行政法規／條例","醫療器材與設備","環境、能源與醫療廢棄物","pdf","pdf_needs_ocr","bd603e116391b46a50f4076ce259dbbb4c98d7ca588ce0864eb1ffdc0829b6ef","5736836","2023-03-21T08:33:58.000Z","needs_review","0.35"
"eec095a80cf175ee","危险化学品泄露事故处置行动要则","危险化学品泄露事故处置行动要则.pdf","17_醫工設備與環境\02_危險化學品\未標示年份\危险化学品泄露事故处置行动要则.pdf","醫工設備與環境","危險化學品","UNKNOWN","未標示年份","","待確認或非規範文件","醫療器材與設備","環境、能源與醫療廢棄物","pdf","pdf_needs_ocr","fb2283c5bd0423b4866cff1898d28d100359154f44a978204f46b7339508679f","27591972","2023-04-02T08:32:52.000Z","needs_review","0.35"
"ead2168b94736c18","危险化学品重大危险源分级方法","危险化学品重大危险源分级方法.pdf","17_醫工設備與環境\02_危險化學品\未標示年份\危险化学品重大危险源分级方法.pdf","醫工設備與環境","危險化學品","UNKNOWN","未標示年份","","待確認或非規範文件","醫療器材與設備","環境、能源與醫療廢棄物","pdf","pdf_text_layer","2776a1f93346ef276f48e7ce234caa5a9b368fe9700e4929904baa03dbe58a82","180338","2022-08-01T04:06:12.000Z","needs_review","0.35"
"184f752421f38324","危险化学品储存柜安全技术要求及管理","危险化学品储存柜安全技术要求及管理.docx","17_醫工設備與環境\02_危險化學品\未標示年份\危险化学品储存柜安全技术要求及管理.docx","醫工設備與環境","危險化學品","UNKNOWN","2020","2020；2017；2016；2015；2014；2009；2006；2004","研究論文／文獻","資訊安全與個人資料","醫技、檢驗與病理；急診與緊急醫療；臨床研究與人體試驗；醫療器材與設備；後勤、建築與設施安全；消防、治安與應急管理；環境、能源與醫療廢棄物","docx","office_xml","d61c2019e9364f311a80bb855470d93b40c1c317c336954697efe2f4f3311ab8","499730","2025-07-28T03:47:12.000Z","needs_review","0.35"
"cf7644f9ecac70ca","危险化学品储存柜安全技术要求及管理规范常州","危险化学品储存柜安全技术要求及管理规范常州.pdf","17_醫工設備與環境\02_危險化學品\未標示年份\危险化学品储存柜安全技术要求及管理规范常州.pdf","醫工設備與環境","危險化學品","UNKNOWN","未標示年份","","待確認或非規範文件","醫療器材與設備","環境、能源與醫療廢棄物","pdf","pdf_needs_ocr","a2b36372c80f0998327d9956d3e1421c7aee554680a3479a8c6baa3584e611e9","2290912","2023-03-16T16:00:52.000Z","needs_review","0.35"
"42f287ec64c28582","危险化学品储存柜安全技术要求及管理规范深圳","危险化学品储存柜安全技术要求及管理规范深圳.docx","17_醫工設備與環境\02_危險化學品\未標示年份\危险化学品储存柜安全技术要求及管理规范深圳.docx","醫工設備與環境","危險化學品","UNKNOWN","2020","2020；2017；2016；2015；2014；2009；2006；2004","研究論文／文獻","資訊安全與個人資料","醫技、檢驗與病理；急診與緊急醫療；臨床研究與人體試驗；醫療器材與設備；後勤、建築與設施安全；消防、治安與應急管理；環境、能源與醫療廢棄物","docx","office_xml","809a81027e8cefc29168857a2fec0340e4cad20cd803bf22fe45ded3b0ddec1a","1187817","2025-09-10T09:09:16.000Z","needs_review","0.35"
"9a1302600e454682","危险化学品储存装置 室内安全柜","危险化学品储存装置 室内安全柜.pdf","17_醫工設備與環境\02_危險化學品\未標示年份\危险化学品储存装置 室内安全柜.pdf","醫工設備與環境","危險化學品","UNKNOWN","2021","2021","國家或地方標準","醫療器材與設備","環境、能源與醫療廢棄物","pdf","pdf_text_layer","a7cfeec90626d7726952857f39fdbe6bd4920294b212aa37b19cdc46a90a4e2b","599665","2023-03-21T08:54:26.000Z","needs_review","0.35"
"d3e318176526f207","医院危险化学品管理制度","医院危险化学品管理制度.doc","17_醫工設備與環境\02_危險化學品\未標示年份\医院危险化学品管理制度.doc","醫工設備與環境","危險化學品","UNKNOWN","未標示年份","","院內制度／SOP","醫療器材與設備","環境、能源與醫療廢棄物","doc","filename_only","6a4bd492554f0b266c7195153a27acb05950e7078fc87e6655edccdd3f05c565","40488","2026-04-06T08:22:02.000Z","needs_review","0.35"
"16cd864ff8bae195","医院后勤危险化学品安全管理问题与对策——评《化学药品对照品图谱集——总谱》","医院后勤危险化学品安全管理问题与对策——评《化学药品对照品图谱集——总谱》.pdf","17_醫工設備與環境\02_危險化學品\未標示年份\医院后勤危险化学品安全管理问题与对策——评《化学药品对照品图谱集——总谱》.pdf","醫工設備與環境","危險化學品","UNKNOWN","未標示年份","","國家或地方標準","藥事與藥品管理","醫療器材與設備；後勤、建築與設施安全；環境、能源與醫療廢棄物","pdf","pdf_text_layer","26637af4eed7b9a124bb9c630caf444faa193fb25b574562083756520c8e6b31","676670","2026-04-06T05:12:34.000Z","needs_review","0.35"
"2ce1aa829e9c38da","医院后勤危险化学品安全管理问题与对策——评《化学药品对照品图谱集——总谱》（2）","医院后勤危险化学品安全管理问题与对策——评《化学药品对照品图谱集——总谱》（2）.pdf","17_醫工設備與環境\02_危險化學品\未標示年份\医院后勤危险化学品安全管理问题与对策——评《化学药品对照品图谱集——总谱》（2）.pdf","醫工設備與環境","危險化學品","UNKNOWN","未標示年份","","國家或地方標準","藥事與藥品管理","醫療器材與設備；後勤、建築與設施安全；環境、能源與醫療廢棄物","pdf","pdf_text_layer","26637af4eed7b9a124bb9c630caf444faa193fb25b574562083756520c8e6b31","676670","2026-04-06T11:06:34.000Z","needs_review","0.35"
"1c2745d4c99f96b5","医院后勤危险化学品安全管理问题与对策","医院后勤危险化学品安全管理问题与对策.pdf","17_醫工設備與環境\02_危險化學品\未標示年份\医院后勤危险化学品安全管理问题与对策.pdf","醫工設備與環境","危險化學品","UNKNOWN","2015","2015；2005","國家或地方標準","醫療器材與設備","後勤、建築與設施安全；環境、能源與醫療廢棄物","pdf","pdf_text_layer","6497f87b7ab612403614ee0026089d618647c14a49f9da3c8077dadbdb0b328d","729804","2026-04-06T04:23:10.000Z","needs_review","0.35"
"7764414f8dcd14d3","征求意见稿危险化学品储存通则","征求意见稿危险化学品储存通则.pdf","17_醫工設備與環境\02_危險化學品\未標示年份\征求意见稿危险化学品储存通则.pdf","醫工設備與環境","危險化學品","UNKNOWN","2009","2009；1995","國家或地方標準","醫療器材與設備","環境、能源與醫療廢棄物","pdf","pdf_text_layer","e408ef6e7f3724f6c272743a1249c18fea1d59a22b4b6de956c9203d68ff1f79","1080574","2021-11-03T05:49:00.000Z","needs_review","0.35"
"74b3370b81741c01","河北省人民政府办公厅关于印发河北省危险化学品生产安全事故应急预案的通知","河北省人民政府办公厅关于印发河北省危险化学品生产安全事故应急预案的通知.pdf","17_醫工設備與環境\02_危險化學品\未標示年份\河北省人民政府办公厅关于印发河北省危险化学品生产安全事故应急预案的通知.pdf","醫工設備與環境","危險化學品","UNKNOWN","未標示年份","","公告／通知／函釋","急診與緊急醫療","醫療器材與設備；消防、治安與應急管理；環境、能源與醫療廢棄物","pdf","pdf_text_layer","163a88e06ced601f55c16885d0012be197e93b314ff5ce51648028f1dcd9700e","392990","2022-09-18T11:36:36.000Z","needs_review","0.35"
"77095b04a3be389c","苏州市危险化学品中间仓库安全管理指南","苏州市危险化学品中间仓库安全管理指南.pdf","17_醫工設備與環境\02_危險化學品\未標示年份\苏州市危险化学品中间仓库安全管理指南.pdf","醫工設備與環境","危險化學品","UNKNOWN","2000","2000","技術規範／診療指南","醫療器材與設備","環境、能源與醫療廢棄物","pdf","pdf_text_layer","1b35d51b2d440c94d328c2b553d9792c6db732f1709480fa4372cfa5817791ac","581828","2022-07-28T11:54:02.000Z","needs_review","0.35"
"c8690d48c00d4cef","病理实验室危险化学品安全使用及规范管理专家共识","病理实验室危险化学品安全使用及规范管理专家共识.pdf","17_醫工設備與環境\02_危險化學品\未標示年份\病理实验室危险化学品安全使用及规范管理专家共识.pdf","醫工設備與環境","危險化學品","UNKNOWN","未標示年份","","專家共識","醫技、檢驗與病理","醫療器材與設備；環境、能源與醫療廢棄物","pdf","pdf_text_layer","4271b145bb4112cdf25a00b1cd2f78012d6db5e08cdbbb1a6104d718bac7ffc0","864156","2026-01-18T09:43:18.000Z","needs_review","0.35"
"2f285f5291fd7ffc","病理实验室危险化学品安全使用及规范管理专家共识（2）","病理实验室危险化学品安全使用及规范管理专家共识（2）.pdf","17_醫工設備與環境\02_危險化學品\未標示年份\病理实验室危险化学品安全使用及规范管理专家共识（2）.pdf","醫工設備與環境","危險化學品","UNKNOWN","未標示年份","","專家共識","醫技、檢驗與病理","醫療器材與設備；環境、能源與醫療廢棄物","pdf","pdf_text_layer","4271b145bb4112cdf25a00b1cd2f78012d6db5e08cdbbb1a6104d718bac7ffc0","864156","2026-01-18T09:43:18.000Z","needs_review","0.35"
"4570560451cff637","DB3201T XXXX-20XX南京市医疗卫生机构危险化学品安全管理规范","DB3201T XXXX-20XX南京市医疗卫生机构危险化学品安全管理规范.pdf","17_醫工設備與環境\02_危險化學品\未標示年份\DB3201T XXXX-20XX南京市医疗卫生机构危险化学品安全管理规范.pdf","醫工設備與環境","危險化學品","UNKNOWN","未標示年份","","國家或地方標準","醫療器材與設備","環境、能源與醫療廢棄物","pdf","pdf_text_layer","76bf2e1299cdbe1a72fa374ceb7a8f87b9f193f398e4237cdf6d1de661a5d769","408657","2025-09-09T01:46:18.000Z","needs_review","0.35"
"c46d38ce04341c3d","2013医院电力系统运行管理","2013医院电力系统运行管理.pdf","17_醫工設備與環境\03_配電與電氣\2013\2013医院电力系统运行管理.pdf","醫工設備與環境","配電與電氣","UNKNOWN","2013","2013","待確認或非規範文件","醫療器材與設備","環境、能源與醫療廢棄物","pdf","pdf_needs_ocr","ae973e5f3eb86b2673a3999693966b9de805b33dc83daf5537d61492d8dd17f7","5927589","2022-08-17T06:39:22.000Z","needs_review","0.35"
"d3081a3b9860a87f","YY 9706.241-2020 医用电气设备 第2-41部分：手术无影","YY 9706.241-2020 医用电气设备 第2-41部分：手术无影.pdf","17_醫工設備與環境\03_配電與電氣\2020\YY 9706.241-2020 医用电气设备 第2-41部分：手术无影.pdf","醫工設備與環境","配電與電氣","UNKNOWN","2020","2020","待確認或非規範文件","手術、麻醉與疼痛管理","醫療器材與設備；環境、能源與醫療廢棄物","pdf","pdf_needs_ocr","4a44c8744c4724ebc925504f1ebbc77d09d38684a469a86ae1cc91e48d26d7aa","10164004","2022-08-26T08:16:32.000Z","needs_review","0.35"
"0d4fc61d0c4c0a9c","YY 9706.250-2021 医用电气设备 第2-50部分：婴儿光治","YY 9706.250-2021 医用电气设备 第2-50部分：婴儿光治.pdf","17_醫工設備與環境\03_配電與電氣\2021\YY 9706.250-2021 医用电气设备 第2-50部分：婴儿光治.pdf","醫工設備與環境","配電與電氣","UNKNOWN","2021","2021","待確認或非規範文件","醫療器材與設備","環境、能源與醫療廢棄物","pdf","pdf_needs_ocr","8016b6a835ad5fa9890540a3f24b38eefacf8626b7de9774018fa6ac5d14bbd3","8803180","2022-08-26T08:15:08.000Z","needs_review","0.35"
"7523ca9f52c3805e","YY 9706.274-2022 医用电气设备 第2-74部分：呼吸湿化","YY 9706.274-2022 医用电气设备 第2-74部分：呼吸湿化.pdf","17_醫工設備與環境\03_配電與電氣\2022\YY 9706.274-2022 医用电气设备 第2-74部分：呼吸湿化.pdf","醫工設備與環境","配電與電氣","UNKNOWN","2022","2022","待確認或非規範文件","醫療器材與設備","環境、能源與醫療廢棄物","pdf","pdf_needs_ocr","34d5a724d7ccfc8ac1acd5b1fd69c5519f9cedd46ec21caeae84871e761f99e7","29865253","2022-08-26T08:10:00.000Z","needs_review","0.35"
"c47537d4924d3507","WS_T 820-2023 医院电力系统消防安全管理标准","WS_T 820-2023 医院电力系统消防安全管理标准.pdf","17_醫工設備與環境\03_配電與電氣\2023\WS_T 820-2023 医院电力系统消防安全管理标准.pdf","醫工設備與環境","配電與電氣","UNKNOWN","2023","2023","國家或地方標準","醫療器材與設備","消防、治安與應急管理；環境、能源與醫療廢棄物","pdf","pdf_text_layer","daefa9fddca80007a10659c4baf177f1d6e418d3f233f41f4385cfe3a63d699e","304534","2025-09-14T12:03:00.000Z","needs_review","0.35"
"5c8335731f63b163","WS_T 820-2023 医院电力系统消防安全管理标准（2）","WS_T 820-2023 医院电力系统消防安全管理标准（2）.pdf","17_醫工設備與環境\03_配電與電氣\2023\WS_T 820-2023 医院电力系统消防安全管理标准（2）.pdf","醫工設備與環境","配電與電氣","UNKNOWN","2023","2023","國家或地方標準","醫療器材與設備","消防、治安與應急管理；環境、能源與醫療廢棄物","pdf","pdf_text_layer","daefa9fddca80007a10659c4baf177f1d6e418d3f233f41f4385cfe3a63d699e","304534","2026-02-03T03:17:22.000Z","needs_review","0.35"
"fb12550fa5308c18","WST 820—2023医院电力系统消防安全管理标准","WST 820—2023医院电力系统消防安全管理标准.pdf","17_醫工設備與環境\03_配電與電氣\2023\WST 820—2023医院电力系统消防安全管理标准.pdf","醫工設備與環境","配電與電氣","UNKNOWN","2023","2023","國家或地方標準","醫療器材與設備","消防、治安與應急管理；環境、能源與醫療廢棄物","pdf","pdf_text_layer","9af03e1b375e71750a97739ffda5305bbd3e9f5532f3de0592c6f222c6abd73d","305740","2024-08-09T06:09:40.000Z","needs_review","0.35"
"84c713b0c5d6fa8f","T_CEA 0028-2025 医用电梯技术规范","T_CEA 0028-2025 医用电梯技术规范.pdf","17_醫工設備與環境\03_配電與電氣\2025\T_CEA 0028-2025 医用电梯技术规范.pdf","醫工設備與環境","配電與電氣","UNKNOWN","2025","2025","技術規範／診療指南","醫療器材與設備","環境、能源與醫療廢棄物","pdf","pdf_text_layer","a3174d921fb8a1cb3b7e5ee257c73188ef60a02a94e8c1e23ad3932b03d77268","422834","2025-09-12T12:10:10.000Z","needs_review","0.35"
"5269b0a5e087944c","电力安全工具试验规程","电力安全工具试验规程.pdf","17_醫工設備與環境\03_配電與電氣\未標示年份\电力安全工具试验规程.pdf","醫工設備與環境","配電與電氣","UNKNOWN","未標示年份","","院內制度／SOP","醫療器材與設備","環境、能源與醫療廢棄物","pdf","pdf_needs_ocr","f8b1d85d2703f716aea8cd981a798779dc314089c87a6567ac49e9fe60bc9db2","718683","2023-06-02T23:14:36.000Z","needs_review","0.35"
"9137e7e3e872e5dd","电力安全工具要求","电力安全工具要求.pdf","17_醫工設備與環境\03_配電與電氣\未標示年份\电力安全工具要求.pdf","醫工設備與環境","配電與電氣","UNKNOWN","未標示年份","","待確認或非規範文件","醫療器材與設備","環境、能源與醫療廢棄物","pdf","pdf_needs_ocr","d727539795b3fb97500ccced9caf71491c7f7152727e216ec06f91dbbde362e9","320801","2023-06-02T23:13:10.000Z","needs_review","0.35"
"efbbbd834640a6c8","在用电梯安全风险评估规范","在用电梯安全风险评估规范.pdf","17_醫工設備與環境\03_配電與電氣\未標示年份\在用电梯安全风险评估规范.pdf","醫工設備與環境","配電與電氣","UNKNOWN","未標示年份","","待確認或非規範文件","醫療器材與設備","環境、能源與醫療廢棄物","pdf","pdf_needs_ocr","d021ec878a24192f3af99a4716a38d6c3ea09cfff0cc6db7e54812d2b18f5a7a","4068314","2023-03-31T13:00:40.000Z","needs_review","0.35"
"a13adb41a5acb681","医院用电安全及管理指导手册","医院用电安全及管理指导手册.pdf","17_醫工設備與環境\03_配電與電氣\未標示年份\医院用电安全及管理指导手册.pdf","醫工設備與環境","配電與電氣","UNKNOWN","2009","2009；2000；1973；1970；1950","國家或地方標準","醫療器材與設備","環境、能源與醫療廢棄物","pdf","pdf_text_layer","cecfc7e26e68a54917933df33b29e781fd8edf6b45befbb56f10bf78e89edaaf","8645933","2023-07-10T04:43:20.000Z","needs_review","0.35"
"2069733b2d2fe563","医院电力系统消防安全管理标准","医院电力系统消防安全管理标准.pdf","17_醫工設備與環境\03_配電與電氣\未標示年份\医院电力系统消防安全管理标准.pdf","醫工設備與環境","配電與電氣","UNKNOWN","未標示年份","","國家或地方標準","醫療器材與設備","消防、治安與應急管理；環境、能源與醫療廢棄物","pdf","pdf_text_layer","9af03e1b375e71750a97739ffda5305bbd3e9f5532f3de0592c6f222c6abd73d","305740","2026-01-29T02:32:02.000Z","needs_review","0.35"
"e228ffb927228311","GB 50045-1995 (2005年版)高层民用建筑设计防火规范 附条文说明","GB 50045-1995 (2005年版)高层民用建筑设计防火规范 附条文说明.pdf","17_醫工設備與環境\04_消防與防火\2005\GB 50045-1995 (2005年版)高层民用建筑设计防火规范 附条文说明.pdf","醫工設備與環境","消防與防火","UNKNOWN","2005","2005；1995","國家或地方標準","醫療器材與設備","後勤、建築與設施安全；消防、治安與應急管理；環境、能源與醫療廢棄物","pdf","pdf_needs_ocr","b862fedfac9515f9c2584d336d79cde827be49d946a10c34f5462b96f3764206","35546938","2011-03-04T11:13:06.000Z","needs_review","0.35"
"cbac4152893a5e38","GB 50045-1995 (2005年版)高层民用建筑设计防火规范 附条文说明（2）","GB 50045-1995 (2005年版)高层民用建筑设计防火规范 附条文说明（2）.pdf","17_醫工設備與環境\04_消防與防火\2005\GB 50045-1995 (2005年版)高层民用建筑设计防火规范 附条文说明（2）.pdf","醫工設備與環境","消防與防火","UNKNOWN","2005","2005；1995","國家或地方標準","醫療器材與設備","後勤、建築與設施安全；消防、治安與應急管理；環境、能源與醫療廢棄物","pdf","pdf_text_layer","f77aa874cd93ea3727f6a0d2ba304914a6f19007fab2356903a7e7b58cef2a10","35365280","2024-11-07T06:50:32.000Z","needs_review","0.35"
"0a1193d1c5c0659b","《建筑灭火器配置验收及检查规范》GB+50444-2008","《建筑灭火器配置验收及检查规范》GB+50444-2008.pdf","17_醫工設備與環境\04_消防與防火\2008\《建筑灭火器配置验收及检查规范》GB+50444-2008.pdf","醫工設備與環境","消防與防火","UNKNOWN","2008","2008","國家或地方標準","醫療器材與設備","後勤、建築與設施安全；消防、治安與應急管理；環境、能源與醫療廢棄物","pdf","pdf_needs_ocr","b1d1810e872f78ce3ca4333626f6e95ff5f8efed42bce7da39208c72e51662b9","4197099","2022-11-07T05:29:52.000Z","needs_review","0.35"
"df80ac2a2527342c","GA 1131-2014 仓储场所消防安全管理通则","GA 1131-2014 仓储场所消防安全管理通则.pdf","17_醫工設備與環境\04_消防與防火\2014\GA 1131-2014 仓储场所消防安全管理通则.pdf","醫工設備與環境","消防與防火","UNKNOWN","2014","2014","待確認或非規範文件","醫療器材與設備","消防、治安與應急管理；環境、能源與醫療廢棄物","pdf","pdf_needs_ocr","7e3dbd5ddec1e36e13cb4ea057ef83e6cd2ed61cb034c23c7333cd6b1b21087f","8009411","2025-08-16T05:08:32.000Z","needs_review","0.35"
"6fd83bdfc2b5669a","灭火器维修XF95-2015","灭火器维修XF95-2015.pdf","17_醫工設備與環境\04_消防與防火\2015\灭火器维修XF95-2015.pdf","醫工設備與環境","消防與防火","UNKNOWN","2015","2015；2014","國家或地方標準","醫療器材與設備","消防、治安與應急管理；環境、能源與醫療廢棄物","pdf","pdf_text_layer","f6ec3e4f1d561686e132b4e3150d6e89a3470c816387e6f8c4b789cfb7d27d13","650201","2022-11-07T05:30:34.000Z","needs_review","0.35"
"9bc9566e7b422c73","GA 95-2015 灭火器维修","GA 95-2015 灭火器维修.pdf","17_醫工設備與環境\04_消防與防火\2015\GA 95-2015 灭火器维修.pdf","醫工設備與環境","消防與防火","UNKNOWN","2015","2015","待確認或非規範文件","醫療器材與設備","消防、治安與應急管理；環境、能源與醫療廢棄物","pdf","pdf_needs_ocr","eb11a27b1ada00e8b751bc92aa2893099b4cb333ab5f962fcce3bdea90b76c6e","5779145","2023-02-16T14:04:20.000Z","needs_review","0.35"
"83443854aa4420a1","GA 95-2015 灭火器维修（2）","GA 95-2015 灭火器维修（2）.pdf","17_醫工設備與環境\04_消防與防火\2015\GA 95-2015 灭火器维修（2）.pdf","醫工設備與環境","消防與防火","UNKNOWN","2015","2015","待確認或非規範文件","醫療器材與設備","消防、治安與應急管理；環境、能源與醫療廢棄物","pdf","pdf_needs_ocr","eb11a27b1ada00e8b751bc92aa2893099b4cb333ab5f962fcce3bdea90b76c6e","5779145","2025-07-24T12:20:00.000Z","needs_review","0.35"
"61d302528c975bbf","TBJXF 006-2016 应急物资储备仓库消防管理规范","TBJXF 006-2016 应急物资储备仓库消防管理规范.pdf","17_醫工設備與環境\04_消防與防火\2016\TBJXF 006-2016 应急物资储备仓库消防管理规范.pdf","醫工設備與環境","消防與防火","UNKNOWN","2016","2016","待確認或非規範文件","急診與緊急醫療","醫療器材與設備；消防、治安與應急管理；環境、能源與醫療廢棄物","pdf","pdf_text_layer","f3e399978f098cf068a4c3eec6748f603e8a883327bbceb8b9a2ff01df3b7a75","383444","2025-08-16T05:12:24.000Z","needs_review","0.35"
"c4cb567e5fe70d47","2020医疗机构消防安全管理","2020医疗机构消防安全管理.pdf","17_醫工設備與環境\04_消防與防火\2020\2020医疗机构消防安全管理.pdf","醫工設備與環境","消防與防火","UNKNOWN","2020","2020；2009","國家或地方標準","醫療治理與依法執業","醫療器材與設備；消防、治安與應急管理；環境、能源與醫療廢棄物","pdf","pdf_text_layer","6bbb460b88633e3e9ba0f7b968358ad1383869dc402d845f360b8617ee6452bf","439673","2023-09-24T07:32:36.000Z","needs_review","0.35"
"b8f44665ad0f3012","关于印发医疗机构消防安全管理九项规定（2020年版）的通知","关于印发医疗机构消防安全管理九项规定（2020年版）的通知.pdf","17_醫工設備與環境\04_消防與防火\2020\关于印发医疗机构消防安全管理九项规定（2020年版）的通知.pdf","醫工設備與環境","消防與防火","UNKNOWN","2020","2020","國家或地方標準","醫療治理與依法執業","醫療器材與設備；消防、治安與應急管理；環境、能源與醫療廢棄物","pdf","pdf_text_layer","5ddc9f799306e81be360519d02388ba77ddc17b5c5be7791b9a26e1401483319","280115","2022-08-24T01:45:18.000Z","needs_review","0.35"
"704a5e21d1b4da6e","GB_T 40248-2021 人员密集场所消防安全管理","GB_T 40248-2021 人员密集场所消防安全管理.pdf","17_醫工設備與環境\04_消防與防火\2021\GB_T 40248-2021 人员密集场所消防安全管理.pdf","醫工設備與環境","消防與防火","UNKNOWN","2021","2021","國家或地方標準","醫療器材與設備","消防、治安與應急管理；環境、能源與醫療廢棄物","pdf","pdf_needs_ocr","fd3f88b8c24e1f1262d8cd2b427869aa2c3643cb16634d38b61ed1219af0d8db","9841954","2023-11-05T10:30:30.000Z","needs_review","0.35"
"48a92a704ac4557c","GB_T 40248-2021 人员密集场所消防安全管理（2）","GB_T 40248-2021 人员密集场所消防安全管理（2）.pdf","17_醫工設備與環境\04_消防與防火\2021\GB_T 40248-2021 人员密集场所消防安全管理（2）.pdf","醫工設備與環境","消防與防火","UNKNOWN","2021","2021","國家或地方標準","醫療器材與設備","消防、治安與應急管理；環境、能源與醫療廢棄物","pdf","pdf_needs_ocr","fd3f88b8c24e1f1262d8cd2b427869aa2c3643cb16634d38b61ed1219af0d8db","9841954","2023-11-05T10:30:30.000Z","needs_review","0.35"
"9e36e4926dcc8e17","医疗和疾控机构消防安全生产工作管理指南(2023 年版)","医疗和疾控机构消防安全生产工作管理指南(2023 年版).pdf","17_醫工設備與環境\04_消防與防火\2023\医疗和疾控机构消防安全生产工作管理指南(2023 年版).pdf","醫工設備與環境","消防與防火","UNKNOWN","2023","2023","技術規範／診療指南","醫療器材與設備","消防、治安與應急管理；環境、能源與醫療廢棄物","pdf","pdf_text_layer","86ed3f85dedc6b9f2e1bccbaa32a04c9b308b03050c454559f4c69470e92c869","1972537","2023-11-24T02:11:48.000Z","needs_review","0.35"
"61fe2327b8a4d11d","附件1：医疗和疾控机构消防安全生产工作管理指南（2023年版）","附件1：医疗和疾控机构消防安全生产工作管理指南（2023年版）(2).pdf","17_醫工設備與環境\04_消防與防火\2023\附件1：医疗和疾控机构消防安全生产工作管理指南（2023年版）(2).pdf","醫工設備與環境","消防與防火","UNKNOWN","2023","2023","技術規範／診療指南","醫療器材與設備","消防、治安與應急管理；環境、能源與醫療廢棄物","pdf","pdf_text_layer","061b31559aa2b6555c26ab37ff755705ec4d1c5d27e4de42c54390e8d947b78f","452015","2023-09-21T00:51:50.000Z","needs_review","0.35"
"e862228664707324","DB11T 2104—2023消防控制室火警处置规范","DB11T 2104—2023消防控制室火警处置规范.pdf","17_醫工設備與環境\04_消防與防火\2023\DB11T 2104—2023消防控制室火警处置规范.pdf","醫工設備與環境","消防與防火","UNKNOWN","2023","2023","國家或地方標準","醫療器材與設備","消防、治安與應急管理；環境、能源與醫療廢棄物","pdf","pdf_text_layer","5cd33553eb1205b1a98897fafc25c59ea741e7492ef5f3a24f75a05e207ce863","391351","2026-02-23T06:29:52.000Z","needs_review","0.35"
"ef65ebd567d0db0b","DB36_T 806-2023 医院消防安全管理规范","DB36_T 806-2023 医院消防安全管理规范.pdf","17_醫工設備與環境\04_消防與防火\2023\DB36_T 806-2023 医院消防安全管理规范.pdf","醫工設備與環境","消防與防火","UNKNOWN","2023","2023","國家或地方標準","醫療器材與設備","消防、治安與應急管理；環境、能源與醫療廢棄物","pdf","pdf_text_layer","e8111c2e0306e13944fdf71ed726df866de0eb9de94a23a8f2e9fffee3255890","4191469","2023-09-24T06:27:18.000Z","needs_review","0.35"
"2c2b8f77f537e114","DB36_T 806-2023 医院消防安全管理规范（2）","DB36_T 806-2023 医院消防安全管理规范（2）.pdf","17_醫工設備與環境\04_消防與防火\2023\DB36_T 806-2023 医院消防安全管理规范（2）.pdf","醫工設備與環境","消防與防火","UNKNOWN","2023","2023","國家或地方標準","醫療器材與設備","消防、治安與應急管理；環境、能源與醫療廢棄物","pdf","pdf_text_layer","e8111c2e0306e13944fdf71ed726df866de0eb9de94a23a8f2e9fffee3255890","4191469","2023-09-24T06:27:18.000Z","needs_review","0.35"
"e36c77fb36336f55","GB 4351-2023 手提式灭火器","GB 4351-2023 手提式灭火器.pdf","17_醫工設備與環境\04_消防與防火\2023\GB 4351-2023 手提式灭火器.pdf","醫工設備與環境","消防與防火","UNKNOWN","2023","2023","國家或地方標準","醫療器材與設備","消防、治安與應急管理；環境、能源與醫療廢棄物","pdf","pdf_text_layer","f5892733d25a3021c2c8f555267fa144dfbb500fb893f4d10f219188fa95a61a","1744164","2025-07-24T12:10:38.000Z","needs_review","0.35"
"1f6f687376ec779e","DB12_T 1340-2024 高层住宅建筑灭火和应急疏散预案编制及演","DB12_T 1340-2024 高层住宅建筑灭火和应急疏散预案编制及演.pdf","17_醫工設備與環境\04_消防與防火\2024\DB12_T 1340-2024 高层住宅建筑灭火和应急疏散预案编制及演.pdf","醫工設備與環境","消防與防火","UNKNOWN","2024","2024","國家或地方標準","急診與緊急醫療","醫療器材與設備；後勤、建築與設施安全；消防、治安與應急管理；環境、能源與醫療廢棄物","pdf","pdf_text_layer","da293429f77f9e6752bbb53d4979776d6bfd0bf9f0b24710003126483e95750c","725919","2024-10-10T14:41:18.000Z","needs_review","0.35"
"94f6e53be83a92b0","DB12_T 1340-2024 高层住宅建筑灭火和应急疏散预案编制及演（2）","DB12_T 1340-2024 高层住宅建筑灭火和应急疏散预案编制及演（2）.pdf","17_醫工設備與環境\04_消防與防火\2024\DB12_T 1340-2024 高层住宅建筑灭火和应急疏散预案编制及演（2）.pdf","醫工設備與環境","消防與防火","UNKNOWN","2024","2024","國家或地方標準","急診與緊急醫療","醫療器材與設備；後勤、建築與設施安全；消防、治安與應急管理；環境、能源與醫療廢棄物","pdf","pdf_text_layer","da293429f77f9e6752bbb53d4979776d6bfd0bf9f0b24710003126483e95750c","725919","2024-11-06T08:16:12.000Z","needs_review","0.35"
"fb95b6b749e3e0a7","GB 12955-2024 防火门","GB 12955-2024 防火门.pdf","17_醫工設備與環境\04_消防與防火\2024\GB 12955-2024 防火门.pdf","醫工設備與環境","消防與防火","UNKNOWN","2024","2024","國家或地方標準","醫療器材與設備","消防、治安與應急管理；環境、能源與醫療廢棄物","pdf","pdf_text_layer","6a2082bd808bab9b421b20734a1db7553b8851e9a6c62fd64ee38434d301183b","516627","2025-11-12T03:45:58.000Z","needs_review","0.35"
"1b93ec3e85016668","DB32_T 5053-2025 消防电梯的使用管理与维护保养规则","DB32_T 5053-2025 消防电梯的使用管理与维护保养规则.pdf","17_醫工設備與環境\04_消防與防火\2025\DB32_T 5053-2025 消防电梯的使用管理与维护保养规则.pdf","醫工設備與環境","消防與防火","UNKNOWN","2025","2025","國家或地方標準","醫療器材與設備","消防、治安與應急管理；環境、能源與醫療廢棄物","pdf","pdf_text_layer","8b3832607d6cd38f090060bdd07c38b94738e240b757856c9ff820b519464c9b","627284","2025-05-16T01:36:58.000Z","needs_review","0.35"
"912ebfd8a53ed6a6","T_ZZB 1612-2025 钢质入户防火门","T_ZZB 1612-2025 钢质入户防火门.pdf","17_醫工設備與環境\04_消防與防火\2025\T_ZZB 1612-2025 钢质入户防火门.pdf","醫工設備與環境","消防與防火","UNKNOWN","2025","2025；2028；2022；2014；2008","國家或地方標準","醫療器材與設備","消防、治安與應急管理；環境、能源與醫療廢棄物","pdf","pdf_text_layer","ad4da97637887fa1576cb83ef9822b07c728a41c08fa537f58cc67a09bf19c63","993969","2025-11-12T03:45:24.000Z","needs_review","0.35"
"57e3b21772f62b82","T_ZZB 1708-2025 木质防火门","T_ZZB 1708-2025 木质防火门.pdf","17_醫工設備與環境\04_消防與防火\2025\T_ZZB 1708-2025 木质防火门.pdf","醫工設備與環境","消防與防火","UNKNOWN","2025","2025；2028；2014；2012；2005；1927","國家或地方標準","醫療器材與設備","消防、治安與應急管理；環境、能源與醫療廢棄物","pdf","pdf_text_layer","7232d27c2166ff62a25faa2188571379bd029f2f76e5ae60968ccee29e77be20","772662","2025-11-12T03:45:16.000Z","needs_review","0.35"
"90be822ec69f1bc8","WS T 870-2025托育机构消防安全标准","WS T 870-2025托育机构消防安全标准.pdf","17_醫工設備與環境\04_消防與防火\2025\WS T 870-2025托育机构消防安全标准.pdf","醫工設備與環境","消防與防火","UNKNOWN","2025","2025","國家或地方標準","醫療器材與設備","消防、治安與應急管理；環境、能源與醫療廢棄物","pdf","pdf_text_layer","e14a418e2567fbfd63ff3fb8250389cc332284ff76e02bd9032f749e1dc1dee7","338421","2026-01-29T02:52:46.000Z","needs_review","0.35"
"0408ce2739714b2f","《消防安全重大风险隐患排查指引（试行）》","《消防安全重大风险隐患排查指引（试行）》.pdf","17_醫工設備與環境\04_消防與防火\未標示年份\《消防安全重大风险隐患排查指引（试行）》.pdf","醫工設備與環境","消防與防火","UNKNOWN","未標示年份","","國家或地方標準","醫療器材與設備","消防、治安與應急管理；環境、能源與醫療廢棄物","pdf","pdf_text_layer","23709565ef9366cce57ac320c45eeaf8680ba66d719958391c3d1c4d5fd35f5f","376533","2024-11-12T09:36:20.000Z","needs_review","0.35"
"95e6f00e56feaebe","全省卫生健康系统高层建筑重大火灾风险","全省卫生健康系统高层建筑重大火灾风险.doc","17_醫工設備與環境\04_消防與防火\未標示年份\全省卫生健康系统高层建筑重大火灾风险.doc","醫工設備與環境","消防與防火","UNKNOWN","未標示年份","","待確認或非規範文件","醫療治理與依法執業","醫療器材與設備；後勤、建築與設施安全；消防、治安與應急管理；環境、能源與醫療廢棄物","doc","filename_only","45b9b3a8f8753b27192a1129ef9182501d609bad2009f414bb62c742812fccd0","105984","2022-08-27T05:48:14.000Z","needs_review","0.35"
"862025707bdd7283","医疗机构消防安全管理","医疗机构消防安全管理.pdf","17_醫工設備與環境\04_消防與防火\未標示年份\医疗机构消防安全管理.pdf","醫工設備與環境","消防與防火","UNKNOWN","2009","2009","國家或地方標準","醫療治理與依法執業","醫療器材與設備；消防、治安與應急管理；環境、能源與醫療廢棄物","pdf","pdf_text_layer","9dae828f6816ed44e1c9c07e34fdd64dc6f1050b94508af7987cc4906c70a833","557516","2020-06-13T11:20:58.000Z","needs_review","0.35"
"fa410c1485f74699","医疗机构消防安全管理（2）","医疗机构消防安全管理（2）.pdf","17_醫工設備與環境\04_消防與防火\未標示年份\医疗机构消防安全管理（2）.pdf","醫工設備與環境","消防與防火","UNKNOWN","2009","2009","國家或地方標準","醫療治理與依法執業","醫療器材與設備；消防、治安與應急管理；環境、能源與醫療廢棄物","pdf","pdf_text_layer","6bbb460b88633e3e9ba0f7b968358ad1383869dc402d845f360b8617ee6452bf","439673","2022-07-06T13:23:02.000Z","needs_review","0.35"
"49bcc84b03d04220","医疗机构消防安全管理九项规定","医疗机构消防安全管理九项规定.docx","17_醫工設備與環境\04_消防與防火\未標示年份\医疗机构消防安全管理九项规定.docx","醫工設備與環境","消防與防火","UNKNOWN","2020","2020；2015","研究論文／文獻","醫療治理與依法執業","資訊安全與個人資料；醫技、檢驗與病理；手術、麻醉與疼痛管理；急診與緊急醫療；臨床研究與人體試驗；職業安全與員工健康；醫療器材與設備；後勤、建築與設施安全；消防、治安與應急管理；環境、能源與醫療廢棄物；圖書、教育與文件管理","docx","office_xml","4c2eea3b0956127e03c808e322a898590f458af1f22636dc458ca524047d81a8","22522","2022-08-25T08:18:00.000Z","needs_review","0.35"
"73b2cda719c74d1a","医疗和疾控机构消防安全生产工作管理指南-国家卫生健康委员会","医疗和疾控机构消防安全生产工作管理指南-国家卫生健康委员会.pdf","17_醫工設備與環境\04_消防與防火\未標示年份\医疗和疾控机构消防安全生产工作管理指南-国家卫生健康委员会.pdf","醫工設備與環境","消防與防火","UNKNOWN","未標示年份","","技術規範／診療指南","醫療治理與依法執業","醫療器材與設備；消防、治安與應急管理；環境、能源與醫療廢棄物","pdf","pdf_text_layer","4c7d76dc83f186721aad315e648a7b6c24d3783896dcc2ae172aec981177095c","423895","2021-11-18T08:43:16.000Z","needs_review","0.35"
"3310265cf0944acb","消防安全重點","消防安全重點.pdf","17_醫工設備與環境\04_消防與防火\未標示年份\消防安全重點.pdf","醫工設備與環境","消防與防火","UNKNOWN","未標示年份","","待確認或非規範文件","醫療器材與設備","消防、治安與應急管理；環境、能源與醫療廢棄物","pdf","pdf_needs_ocr","8cb368836e8689174558da3dc942409424834a89a71f9766ef6c3bcdaea8674f","3777854","2022-08-26T08:19:40.000Z","needs_review","0.35"
"7c63d09ac1b3ff93","消防安全評估","消防安全評估.pdf","17_醫工設備與環境\04_消防與防火\未標示年份\消防安全評估.pdf","醫工設備與環境","消防與防火","UNKNOWN","未標示年份","","待確認或非規範文件","醫療器材與設備","消防、治安與應急管理；環境、能源與醫療廢棄物","pdf","pdf_needs_ocr","ce617da86713e9c915c7be6b3feb3bd32758533c8e8a2f64058821b8a9a3e36c","85497415","2022-08-26T08:21:26.000Z","needs_review","0.35"
"055df2b1e1e5bfed","消防裝備","消防裝備.pdf","17_醫工設備與環境\04_消防與防火\未標示年份\消防裝備.pdf","醫工設備與環境","消防與防火","UNKNOWN","未標示年份","","待確認或非規範文件","醫療器材與設備","消防、治安與應急管理；環境、能源與醫療廢棄物","pdf","pdf_needs_ocr","f5c6b4275fab798cd3d7ccc33b22abeff08b4165e2774ee642f2339067b4b187","4004233","2022-08-26T08:19:26.000Z","needs_review","0.35"
"cb1b71120da93e65","高层民用建筑消防安全管理规定","高层民用建筑消防安全管理规定.doc","17_醫工設備與環境\04_消防與防火\未標示年份\高层民用建筑消防安全管理规定.doc","醫工設備與環境","消防與防火","UNKNOWN","未標示年份","","行政法規／條例","醫療器材與設備","後勤、建築與設施安全；消防、治安與應急管理；環境、能源與醫療廢棄物","doc","filename_only","d1d98112f9609b7a38faaa500692ab412b72f04cb0f65c595fd56e109c057649","65536","2024-11-12T09:35:00.000Z","needs_review","0.35"
"4592ac19f6561160","高层建筑发生火灾，自救知识","高层建筑发生火灾，自救知识.pdf","17_醫工設備與環境\04_消防與防火\未標示年份\高层建筑发生火灾，自救知识.pdf","醫工設備與環境","消防與防火","UNKNOWN","未標示年份","","待確認或非規範文件","醫療器材與設備","後勤、建築與設施安全；消防、治安與應急管理；環境、能源與醫療廢棄物","pdf","pdf_needs_ocr","448277ce460d58251fdb64a5d3d093b1a146abf9cc625845b205dbd8223c752a","1934024","2024-11-12T09:53:18.000Z","needs_review","0.35"
"237af31791aaa92f","第一教學大樓起火樓層自衛消防編組啟動演練劇本v2","第一教學大樓起火樓層自衛消防編組啟動演練劇本v2.pdf","17_醫工設備與環境\04_消防與防火\未標示年份\第一教學大樓起火樓層自衛消防編組啟動演練劇本v2.pdf","醫工設備與環境","消防與防火","UNKNOWN","未標示年份","","國家或地方標準","醫療器材與設備","消防、治安與應急管理；環境、能源與醫療廢棄物","pdf","pdf_text_layer","c0360db3a2e753d64997778b36b987a85ef7ece24f7e856e5c762ca3094da403","194607","2024-10-06T01:51:38.000Z","needs_review","0.35"
"7db1431e23b7c303","GB 50118-2010 民用建筑隔声设计规范","GB 50118-2010 民用建筑隔声设计规范.pdf","17_醫工設備與環境\05_建築與空間\2010\GB 50118-2010 民用建筑隔声设计规范.pdf","醫工設備與環境","建築與空間","UNKNOWN","2010","2010","國家或地方標準","醫療器材與設備","後勤、建築與設施安全；環境、能源與醫療廢棄物","pdf","pdf_text_layer","cea40d9b423c91098808f1d7a5ad8b285a876f6e10f33d415c631ae721ab6af9","4740632","2022-12-13T05:57:54.000Z","needs_review","0.35"
"7c2e92b13de062ea","T_SHWSHQ 02-2019 医院建筑合理用能评价导则","T_SHWSHQ 02-2019 医院建筑合理用能评价导则.pdf","17_醫工設備與環境\05_建築與空間\2019\T_SHWSHQ 02-2019 医院建筑合理用能评价导则.pdf","醫工設備與環境","建築與空間","UNKNOWN","2019","2019","待確認或非規範文件","醫療器材與設備","後勤、建築與設施安全；環境、能源與醫療廢棄物","pdf","pdf_needs_ocr","c5a7e32e097d95d4527f8abf0aff247f2a23aebda566dc025f76c8f6198700f2","4002724","2023-10-07T04:15:40.000Z","needs_review","0.35"
"a4b18dc9bb8a36f9","T_SHWSHQ 03-2019 医院厕所服务规范","T_SHWSHQ 03-2019 医院厕所服务规范.pdf","17_醫工設備與環境\05_建築與空間\2019\T_SHWSHQ 03-2019 医院厕所服务规范.pdf","醫工設備與環境","建築與空間","UNKNOWN","2019","2019","待確認或非規範文件","醫療器材與設備","後勤、建築與設施安全；環境、能源與醫療廢棄物","pdf","pdf_needs_ocr","2b2cc409502d312c5a2703819ceaec6de8a69bf71d67c9c46277e16f1d1a955d","4327646","2025-07-16T10:28:08.000Z","needs_review","0.35"
"4a9cd205a52309b3","DB33T 1210-2020 城市公共厕所建设与管理标准","DB33T 1210-2020 城市公共厕所建设与管理标准.pdf","17_醫工設備與環境\05_建築與空間\2020\DB33T 1210-2020 城市公共厕所建设与管理标准.pdf","醫工設備與環境","建築與空間","UNKNOWN","2020","2020","國家或地方標準","醫療器材與設備","後勤、建築與設施安全；環境、能源與醫療廢棄物","pdf","pdf_text_layer","108872b9d296569867033148bc00bea3bd536afb5ef6bf52e7405d3e6a00ecf3","12403621","2022-09-03T08:58:12.000Z","needs_review","0.35"
"5c8f67bc954aba73","DBJ50 052-2020 公共建筑节能(绿色建筑)设计标准","DBJ50 052-2020 公共建筑节能(绿色建筑)设计标准.pdf","17_醫工設備與環境\05_建築與空間\2020\DBJ50 052-2020 公共建筑节能(绿色建筑)设计标准.pdf","醫工設備與環境","建築與空間","UNKNOWN","2020","2020","待確認或非規範文件","醫療器材與設備","後勤、建築與設施安全；環境、能源與醫療廢棄物","pdf","pdf_needs_ocr","6231fc9877a8cde4aff5472e338961acccd1242380b56f5e5eb889925a181952","4635575","2023-07-10T05:10:20.000Z","needs_review","0.35"
"b974e395242e7193","《公共建筑节能设计标准》DB33-1036-2021","《公共建筑节能设计标准》DB33-1036-2021.pdf","17_醫工設備與環境\05_建築與空間\2021\《公共建筑节能设计标准》DB33-1036-2021.pdf","醫工設備與環境","建築與空間","UNKNOWN","2021","2021","國家或地方標準","醫療器材與設備","後勤、建築與設施安全；環境、能源與醫療廢棄物","pdf","pdf_text_layer","ff62daf75fa64abe4dc8deaebbd7283e9befbbf3cd34184add7eb7eded28398e","25169256","2023-07-10T05:07:32.000Z","needs_review","0.35"
"c2b0f7a60a5eda51","综合医院建设标准2021","综合医院建设标准2021.pdf","17_醫工設備與環境\05_建築與空間\2021\综合医院建设标准2021.pdf","醫工設備與環境","建築與空間","UNKNOWN","2021","2021","待確認或非規範文件","醫療器材與設備","後勤、建築與設施安全；環境、能源與醫療廢棄物","pdf","pdf_needs_ocr","fb7ad727396e6f525b9020e2f26ec7edeb10806c5ef9be888c11d2170069aff6","4615343","2021-07-15T05:32:24.000Z","needs_review","0.35"
"c4caa642041a3567","DB13(J)_T 8506-2022 超低能耗公共建筑节能设计标准","DB13(J)_T 8506-2022 超低能耗公共建筑节能设计标准.pdf","17_醫工設備與環境\05_建築與空間\2022\DB13(J)_T 8506-2022 超低能耗公共建筑节能设计标准.pdf","醫工設備與環境","建築與空間","UNKNOWN","2022","2022","國家或地方標準","醫療器材與設備","後勤、建築與設施安全；環境、能源與醫療廢棄物","pdf","pdf_text_layer","3c572be6e0c114ac94c5b11a7f3b9c9b80d3213200d5f58fd72e0ede31bf289c","3375018","2023-07-10T05:06:32.000Z","needs_review","0.35"
"057dd19bf7f4e984","DB1306_T 261-2024 儿童友好医院环境建设标准","DB1306_T 261-2024 儿童友好医院环境建设标准.pdf","17_醫工設備與環境\05_建築與空間\2024\DB1306_T 261-2024 儿童友好医院环境建设标准.pdf","醫工設備與環境","建築與空間","UNKNOWN","2024","2024","國家或地方標準","醫療器材與設備","後勤、建築與設施安全；環境、能源與醫療廢棄物","pdf","pdf_text_layer","27aadd251b7f96ddfb73a0f229c5078346187eeeeab47dacd9f41854028f0b65","511246","2024-10-15T06:40:30.000Z","needs_review","0.35"
"5bcaeace0a587138","GB_T 51457-2024 医院洁净护理与隔离单元建筑技术标准","GB_T 51457-2024 医院洁净护理与隔离单元建筑技术标准.pdf","17_醫工設備與環境\05_建築與空間\2024\GB_T 51457-2024 医院洁净护理与隔离单元建筑技术标准.pdf","醫工設備與環境","建築與空間","UNKNOWN","2024","2024","國家或地方標準","護理管理","感染預防與控制；醫療器材與設備；後勤、建築與設施安全；環境、能源與醫療廢棄物","pdf","pdf_needs_ocr","ca1d38900182ae6d2c4b3db1beb4e93ec85e6999e07fb3066dfc31b8eca588a4","16946982","2024-09-27T03:25:56.000Z","needs_review","0.35"
"7f4ee5d86b64e85c","T_GMIAAC 002-2024 医疗建筑综合能源管理规程","T_GMIAAC 002-2024 医疗建筑综合能源管理规程.pdf","17_醫工設備與環境\05_建築與空間\2024\T_GMIAAC 002-2024 医疗建筑综合能源管理规程.pdf","醫工設備與環境","建築與空間","UNKNOWN","2024","2024","院內制度／SOP","醫療器材與設備","後勤、建築與設施安全；環境、能源與醫療廢棄物","pdf","pdf_text_layer","99372dcac2f0dc84bed348bcaacf36572616826c9df1556c18dd20fa0f6e1373","1996906","2024-07-19T08:38:02.000Z","needs_review","0.35"
"c17fcb8bf458ac62","T_NAHIEM 124-2024 医院机房环境建设标准","T_NAHIEM 124-2024 医院机房环境建设标准.pdf","17_醫工設備與環境\05_建築與空間\2024\T_NAHIEM 124-2024 医院机房环境建设标准.pdf","醫工設備與環境","建築與空間","UNKNOWN","2024","2024","待確認或非規範文件","醫療器材與設備","後勤、建築與設施安全；環境、能源與醫療廢棄物","pdf","pdf_text_layer","f04c68a24044fb350054417851536b445e89a48baea39fd4892c012ba86834bd","654627","2025-02-28T01:33:36.000Z","needs_review","0.35"
"e2fdfa2019b4e099","T_NJYJ 005-2024 医疗机构既有建筑安全风险管控与隐患排查治","T_NJYJ 005-2024 医疗机构既有建筑安全风险管控与隐患排查治.pdf","17_醫工設備與環境\05_建築與空間\2024\T_NJYJ 005-2024 医疗机构既有建筑安全风险管控与隐患排查治.pdf","醫工設備與環境","建築與空間","UNKNOWN","2024","2024","待確認或非規範文件","醫療治理與依法執業","醫療器材與設備；後勤、建築與設施安全；環境、能源與醫療廢棄物","pdf","pdf_text_layer","7ca2137ee8e5bff1c96e1d5d4e2fe05066d38e7d17fb16107db3969ce7f48c24","556031","2025-06-10T03:54:32.000Z","needs_review","0.35"
"e49f9d4ebec5381e","T_SZSA 030.1-2024 医院及医疗机构建筑空间照明技术规范","T_SZSA 030.1-2024 医院及医疗机构建筑空间照明技术规范.pdf","17_醫工設備與環境\05_建築與空間\2024\T_SZSA 030.1-2024 医院及医疗机构建筑空间照明技术规范.pdf","醫工設備與環境","建築與空間","UNKNOWN","2024","2024；2002","技術規範／診療指南","醫療治理與依法執業","醫療器材與設備；後勤、建築與設施安全；環境、能源與醫療廢棄物","pdf","pdf_text_layer","0b18415324af5b2fa1acaed71b5545e0fe74d0b2cd27939234661935cb205a05","4135687","2025-02-28T01:24:28.000Z","needs_review","0.35"
"8661536e186edbae","综合医院建筑设计标准2025","综合医院建筑设计标准2025.pdf","17_醫工設備與環境\05_建築與空間\2025\综合医院建筑设计标准2025.pdf","醫工設備與環境","建築與空間","UNKNOWN","2025","2025","待確認或非規範文件","醫療器材與設備","後勤、建築與設施安全；環境、能源與醫療廢棄物","pdf","pdf_needs_ocr","ebd66abac5f20d4de2c66083b02b54317b53423189bbe32627fbbef4fb09dd20","33717362","2024-11-26T09:22:54.000Z","needs_review","0.35"
"b9848e7fc51c4b02","T_HZHX 001-2025 城市公共厕所保洁安全作业规范","T_HZHX 001-2025 城市公共厕所保洁安全作业规范.pdf","17_醫工設備與環境\05_建築與空間\2025\T_HZHX 001-2025 城市公共厕所保洁安全作业规范.pdf","醫工設備與環境","建築與空間","UNKNOWN","2025","2025","待確認或非規範文件","醫療器材與設備","後勤、建築與設施安全；環境、能源與醫療廢棄物","pdf","pdf_text_layer","4a87118242525e6d3a0310686d42413b6c34b6ae1f24ac7c507e4c9ebd7e8189","231335","2025-07-16T10:31:28.000Z","needs_review","0.35"
"4f88bbf855fdbd01","T_SZSA 030.1-2025 医院及医疗机构建筑空间照明技术规范","T_SZSA 030.1-2025 医院及医疗机构建筑空间照明技术规范.pdf","17_醫工設備與環境\05_建築與空間\2025\T_SZSA 030.1-2025 医院及医疗机构建筑空间照明技术规范.pdf","醫工設備與環境","建築與空間","UNKNOWN","2025","2025；2002","技術規範／診療指南","醫療治理與依法執業","醫療器材與設備；後勤、建築與設施安全；環境、能源與醫療廢棄物","pdf","pdf_text_layer","c078e409438bd75f155d08ebc0c7c4cf112394173459b9edab3a217ead713708","4143894","2026-02-05T04:35:52.000Z","needs_review","0.35"
"5727f096b5e53b72","T_SZSA 030.1-2025 医院及医疗机构建筑空间照明技术规范（2）","T_SZSA 030.1-2025 医院及医疗机构建筑空间照明技术规范（2）.pdf","17_醫工設備與環境\05_建築與空間\2025\T_SZSA 030.1-2025 医院及医疗机构建筑空间照明技术规范（2）.pdf","醫工設備與環境","建築與空間","UNKNOWN","2025","2025；2002","技術規範／診療指南","醫療治理與依法執業","醫療器材與設備；後勤、建築與設施安全；環境、能源與醫療廢棄物","pdf","pdf_text_layer","c078e409438bd75f155d08ebc0c7c4cf112394173459b9edab3a217ead713708","4143894","2026-02-05T04:35:52.000Z","needs_review","0.35"
"98772d0c06057fa8","《绿色建筑评价标准》","《绿色建筑评价标准》.pdf","17_醫工設備與環境\05_建築與空間\未標示年份\《绿色建筑评价标准》.pdf","醫工設備與環境","建築與空間","UNKNOWN","未標示年份","","待確認或非規範文件","醫療器材與設備","後勤、建築與設施安全；環境、能源與醫療廢棄物","pdf","pdf_text_layer","fbeb014cc4eb6c9c59234bea7ba6c44a31d779f3871bcafc062b56585a4bdee6","4069066","2026-03-26T08:25:08.000Z","needs_review","0.35"
"e047d01b0ae8d608","民用建筑隔声设计规范（征求意见稿）","民用建筑隔声设计规范（征求意见稿）.doc","17_醫工設備與環境\05_建築與空間\未標示年份\民用建筑隔声设计规范（征求意见稿）.doc","醫工設備與環境","建築與空間","UNKNOWN","未標示年份","","待確認或非規範文件","醫療器材與設備","後勤、建築與設施安全；環境、能源與醫療廢棄物","doc","filename_only","6494dd61ab5d521965ad5fdb0113cad8f77504412e267796c66d659aab62860d","967588","2022-12-13T05:40:24.000Z","needs_review","0.35"
"d2d6defc0de82d49","关于开展医疗卫生机构厕所整洁专项行动的通知","关于开展医疗卫生机构厕所整洁专项行动的通知.pdf","17_醫工設備與環境\05_建築與空間\未標示年份\关于开展医疗卫生机构厕所整洁专项行动的通知.pdf","醫工設備與環境","建築與空間","UNKNOWN","未標示年份","","國家或地方標準","醫療器材與設備","後勤、建築與設施安全；環境、能源與醫療廢棄物","pdf","pdf_text_layer","de993b1c42d50bfde4753cf964dcb1541de8fd61df3d3a531e34d6b01382563a","211810","2022-09-03T08:41:12.000Z","needs_review","0.35"
"68ef81ec28fd12bc","关于印发医疗卫生机构检验实验室建筑技术导则（试行）的通知","关于印发医疗卫生机构检验实验室建筑技术导则（试行）的通知.pdf","17_醫工設備與環境\05_建築與空間\未標示年份\关于印发医疗卫生机构检验实验室建筑技术导则（试行）的通知.pdf","醫工設備與環境","建築與空間","UNKNOWN","未標示年份","","國家或地方標準","醫技、檢驗與病理","醫療器材與設備；後勤、建築與設施安全；環境、能源與醫療廢棄物","pdf","pdf_text_layer","7567f8b2b4d1e23e93fc5a99b7b371328b08bd616a4c1d76c9349e719ebda56e","305762","2022-08-24T01:44:48.000Z","needs_review","0.35"
"384bdce2baa53ef2","医院及医疗机构建筑空间照明技术规范 第1部分：总规范","医院及医疗机构建筑空间照明技术规范 第1部分：总规范.pdf","17_醫工設備與環境\05_建築與空間\未標示年份\医院及医疗机构建筑空间照明技术规范 第1部分：总规范.pdf","醫工設備與環境","建築與空間","UNKNOWN","2021","2021","技術規範／診療指南","醫療治理與依法執業","醫療器材與設備；後勤、建築與設施安全；環境、能源與醫療廢棄物","pdf","pdf_text_layer","ab787dafa2455832dd5e70ab78f1cbeecdbbf6fb501ee220d19b1181a4140699","5301712","2023-04-09T14:22:16.000Z","needs_review","0.35"
"884501b192450c51","医院建筑噪声与振动控制设计标准","医院建筑噪声与振动控制设计标准.pdf","17_醫工設備與環境\05_建築與空間\未標示年份\医院建筑噪声与振动控制设计标准.pdf","醫工設備與環境","建築與空間","UNKNOWN","2018","2018；2005；2000","國家或地方標準","醫療器材與設備","後勤、建築與設施安全；環境、能源與醫療廢棄物","pdf","pdf_text_layer","b0dcde42701116b72278ef634d483b4105f68dc59f7ef1345dcc590f1a74dc54","852685","2023-05-31T09:25:14.000Z","needs_review","0.35"
"2a4b446930fe3f17","河北省有限空间作业安全管理规定","河北省有限空间作业安全管理规定.pdf","17_醫工設備與環境\05_建築與空間\未標示年份\河北省有限空间作业安全管理规定.pdf","醫工設備與環境","建築與空間","UNKNOWN","未標示年份","","行政法規／條例","醫療器材與設備","後勤、建築與設施安全；環境、能源與醫療廢棄物","pdf","pdf_needs_ocr","fdd7282d4c1ea6b760944b589236ea4ee57779dce2114374b7ae9a5f2b68fad7","1763342","2023-04-09T13:16:14.000Z","needs_review","0.35"
"8b769000b6e9eb7f","病区照明管理暂行规定","病区照明管理暂行规定.doc","17_醫工設備與環境\05_建築與空間\未標示年份\病区照明管理暂行规定.doc","醫工設備與環境","建築與空間","UNKNOWN","未標示年份","","行政法規／條例","醫療器材與設備","後勤、建築與設施安全；環境、能源與醫療廢棄物","doc","filename_only","9bcedf9b178737959094d26b946676558f4a246c25c389239e10e37fdf7eb5b6","52224","2023-08-13T07:20:58.000Z","needs_review","0.35"
"8f27d81d71510332","综合医院建设标准","综合医院建设标准.pdf","17_醫工設備與環境\05_建築與空間\未標示年份\综合医院建设标准.pdf","醫工設備與環境","建築與空間","UNKNOWN","未標示年份","","待確認或非規範文件","醫療器材與設備","後勤、建築與設施安全；環境、能源與醫療廢棄物","pdf","pdf_needs_ocr","fb7ad727396e6f525b9020e2f26ec7edeb10806c5ef9be888c11d2170069aff6","4615343","2023-04-16T03:46:02.000Z","needs_review","0.35"
"37f2bd71b8616f74","绿色医院建筑评价标准","绿色医院建筑评价标准.pdf","17_醫工設備與環境\05_建築與空間\未標示年份\绿色医院建筑评价标准.pdf","醫工設備與環境","建築與空間","UNKNOWN","未標示年份","","待確認或非規範文件","醫療器材與設備","後勤、建築與設施安全；環境、能源與醫療廢棄物","pdf","pdf_needs_ocr","40b9235e74058cccf60ecb8222590af5be526ce46b1e15f7927355757fe40db4","21500970","2024-03-08T15:55:40.000Z","needs_review","0.35"
"d31f9145aab3a1c8","照明系統節能技術手冊","照明系統節能技術手冊.pdf","17_醫工設備與環境\05_建築與空間\未標示年份\照明系統節能技術手冊.pdf","醫工設備與環境","建築與空間","UNKNOWN","未標示年份","","國家或地方標準","醫療器材與設備","後勤、建築與設施安全；環境、能源與醫療廢棄物","pdf","pdf_text_layer","fb8a3bacc6e9384c7ca5e363516a34f049baddf0580e95033d1d69d2fbb05e73","9716838","2023-08-13T07:50:42.000Z","needs_review","0.35"
"aa420721076e95cf","公共場所通風系統衛生規範2012","公共場所通風系統衛生規範2012.pdf","17_醫工設備與環境\06_空調通風與給排水\2012\公共場所通風系統衛生規範2012.pdf","醫工設備與環境","空調通風與給排水","UNKNOWN","2012","2012","待確認或非規範文件","醫療器材與設備","環境、能源與醫療廢棄物","pdf","pdf_needs_ocr","cd25732f622783262a0234bcd4af48f09bddacf4527eebf3c1ed37fff2ea1bbb","10184935","2022-09-04T07:42:28.000Z","needs_review","0.35"
"5fc289f211262486","2013公共場所空調清洗消毒規範","2013公共場所空調清洗消毒規範.pdf","17_醫工設備與環境\06_空調通風與給排水\2013\2013公共場所空調清洗消毒規範.pdf","醫工設備與環境","空調通風與給排水","UNKNOWN","2013","2013","待確認或非規範文件","感染預防與控制","醫療器材與設備；環境、能源與醫療廢棄物","pdf","pdf_needs_ocr","9dc5ceb391330c0717459000a30e88f2e74031541b2e22f416c4dd50438d279d","829262","2022-09-04T08:09:48.000Z","needs_review","0.35"
"981b087336d04c83","卫生行业标准WS488-2016《医院中央空调系统运行管理》","卫生行业标准WS488-2016《医院中央空调系统运行管理》.pdf","17_醫工設備與環境\06_空調通風與給排水\2016\卫生行业标准WS488-2016《医院中央空调系统运行管理》.pdf","醫工設備與環境","空調通風與給排水","UNKNOWN","2016","2016","國家或地方標準","醫療器材與設備","環境、能源與醫療廢棄物","pdf","pdf_text_layer","ee5247f4667ad2fe70ef536e273225cb0c53f531888a11dcebe2d691e7a7900f","825454","2022-08-17T12:36:38.000Z","needs_review","0.35"
"e033e6a6d29f0180","空调通风系统运行管理标准 GB50365-2019","空调通风系统运行管理标准 GB50365-2019.pdf","17_醫工設備與環境\06_空調通風與給排水\2019\空调通风系统运行管理标准 GB50365-2019.pdf","醫工設備與環境","空調通風與給排水","UNKNOWN","2019","2019","國家或地方標準","醫療器材與設備","環境、能源與醫療廢棄物","pdf","pdf_text_layer","f2289e06df1487d1fefab3d586318167ee91cebe991019bfa9bd0901ab2f361d","5266862","2022-09-04T07:42:40.000Z","needs_review","0.35"
"c1dfc25aa17c2f28","DB11_T 936.8-2022 节水评价规范 第8部分：医院","DB11_T 936.8-2022 节水评价规范 第8部分：医院.pdf","17_醫工設備與環境\06_空調通風與給排水\2022\DB11_T 936.8-2022 节水评价规范 第8部分：医院.pdf","醫工設備與環境","空調通風與給排水","UNKNOWN","2022","2022；2017","國家或地方標準","醫療器材與設備","環境、能源與醫療廢棄物","pdf","pdf_text_layer","44d7d4c8388c843f33e042f9e8851fc49d28aa2d8ae4325ac60c53a5d8d99280","177156","2023-02-12T08:43:02.000Z","needs_review","0.35"
"eddbe9b8416dcaec","WS_T 10004-2023 公共场所集中空调通风系统卫生学评价规范","WS_T 10004-2023 公共场所集中空调通风系统卫生学评价规范.pdf","17_醫工設備與環境\06_空調通風與給排水\2023\WS_T 10004-2023 公共场所集中空调通风系统卫生学评价规范.pdf","醫工設備與環境","空調通風與給排水","UNKNOWN","2023","2023","國家或地方標準","醫療器材與設備","環境、能源與醫療廢棄物","pdf","pdf_text_layer","ddd015414406f1669e4e09aec4d082bf9e0070e9f4c7132ba53c76773ba72970","568360","2024-07-02T04:18:50.000Z","needs_review","0.35"
"379d9f8392bfd43a","WS_T 10005-2023 公共场所集中空调通风系统清洗消毒规范","WS_T 10005-2023 公共场所集中空调通风系统清洗消毒规范.pdf","17_醫工設備與環境\06_空調通風與給排水\2023\WS_T 10005-2023 公共场所集中空调通风系统清洗消毒规范.pdf","醫工設備與環境","空調通風與給排水","UNKNOWN","2023","2023","國家或地方標準","感染預防與控制","醫療器材與設備；環境、能源與醫療廢棄物","pdf","pdf_text_layer","d442a16dfea7e95433980729f5425032f793d4c637e88c0eb3ce6c20ee3480ac","502685","2024-07-02T04:19:26.000Z","needs_review","0.35"
"b3159215a438ed77","DB31_T 1572-2025 医疗机构集中空调通风系统卫生规范","DB31_T 1572-2025 医疗机构集中空调通风系统卫生规范.pdf","17_醫工設備與環境\06_空調通風與給排水\2025\DB31_T 1572-2025 医疗机构集中空调通风系统卫生规范.pdf","醫工設備與環境","空調通風與給排水","UNKNOWN","2025","2025","國家或地方標準","醫療治理與依法執業","醫療器材與設備；環境、能源與醫療廢棄物","pdf","pdf_text_layer","b8bd512052db438c64fb684539f9e2c98429930cf599de11c6322d53f3e6d675","799651","2025-05-30T02:42:00.000Z","needs_review","0.35"
"e3a97b59f3f9b52e","DB4403_T 643.5-2025 节水载体评价规范 第5部分：医院","DB4403_T 643.5-2025 节水载体评价规范 第5部分：医院.pdf","17_醫工設備與環境\06_空調通風與給排水\2025\DB4403_T 643.5-2025 节水载体评价规范 第5部分：医院.pdf","醫工設備與環境","空調通風與給排水","UNKNOWN","2025","2025","國家或地方標準","醫療器材與設備","環境、能源與醫療廢棄物","pdf","pdf_text_layer","8f300e3ef1c271e9c04cb0fd8c104f9c028e9e89f2fbaf90ecfd21a003e2bc37","1274418","2025-07-16T02:27:58.000Z","needs_review","0.35"
"20f1519bd8c6f4b4","T_KT SYL2402-2025 医疗机构集中空调通风系统清洗消毒技术","T_KT SYL2402-2025 医疗机构集中空调通风系统清洗消毒技术.pdf","17_醫工設備與環境\06_空調通風與給排水\2025\T_KT SYL2402-2025 医疗机构集中空调通风系统清洗消毒技术.pdf","醫工設備與環境","空調通風與給排水","UNKNOWN","2025","2025","待確認或非規範文件","醫療治理與依法執業","感染預防與控制；醫療器材與設備；環境、能源與醫療廢棄物","pdf","pdf_needs_ocr","11d40161e72a5e190306e921957ca8d774493ab3cb88cb2f94ee30cacc266a1c","843231","2025-04-02T06:38:14.000Z","needs_review","0.35"
"155f7e291c68b0bd","二次供水運行管理","二次供水運行管理.pdf","17_醫工設備與環境\06_空調通風與給排水\未標示年份\二次供水運行管理.pdf","醫工設備與環境","空調通風與給排水","UNKNOWN","未標示年份","","待確認或非規範文件","醫療器材與設備","環境、能源與醫療廢棄物","pdf","pdf_needs_ocr","928fc97d1fdfb1f3451afb55c3b7faeab871b214629a9d72e85fdebd9f20bb09","4903427","2022-08-17T06:42:40.000Z","needs_review","0.35"
"10721be431c0f222","公共场所集中空调通风系统清洗消毒规范","公共场所集中空调通风系统清洗消毒规范.pdf","17_醫工設備與環境\06_空調通風與給排水\未標示年份\公共场所集中空调通风系统清洗消毒规范.pdf","醫工設備與環境","空調通風與給排水","UNKNOWN","2013","2013；2012；2009；2006","國家或地方標準","感染預防與控制","醫療器材與設備；環境、能源與醫療廢棄物","pdf","pdf_text_layer","5abd1213bdc9beaa95ff0268f4666e2e3d9f5b64eaf98445430046444e89e356","184594","2022-09-04T07:43:20.000Z","needs_review","0.35"
"6aa2f694c0150d4b","节水评价规范 第 8 部分：医院","节水评价规范 第 8 部分：医院.pdf","17_醫工設備與環境\06_空調通風與給排水\未標示年份\节水评价规范 第 8 部分：医院.pdf","醫工設備與環境","空調通風與給排水","UNKNOWN","2017","2017","國家或地方標準","醫療器材與設備","環境、能源與醫療廢棄物","pdf","pdf_text_layer","2776d8d0f5b75847dff5a00ddcbb6ac6bd85b39a38d49a591ce3cadcecc35fd0","178727","2023-04-02T08:24:42.000Z","needs_review","0.35"
"e230c535408ddfda","空调通风系统运行管理卫生规范","空调通风系统运行管理卫生规范.pdf","17_醫工設備與環境\06_空調通風與給排水\未標示年份\空调通风系统运行管理卫生规范.pdf","醫工設備與環境","空調通風與給排水","UNKNOWN","未標示年份","","國家或地方標準","醫療器材與設備","環境、能源與醫療廢棄物","pdf","pdf_text_layer","8c24598830e73bd9fd718ecccafdb40828cdce4b3680f57f51df820b1e8c63a2","266097","2022-09-04T08:06:18.000Z","needs_review","0.35"
"5c1ff6ee3e19b15a","DB14_T 772-2013 医用氧舱设备操作规程","DB14_T 772-2013 医用氧舱设备操作规程.pdf","17_醫工設備與環境\07_醫用氣體\2013\DB14_T 772-2013 医用氧舱设备操作规程.pdf","醫工設備與環境","醫用氣體","UNKNOWN","2013","2013","國家或地方標準","醫療器材與設備","環境、能源與醫療廢棄物","pdf","pdf_text_layer","84742c3e78deecd6b9524384a72f00ed5bd998868a47c9e00e0975dca91796af","230548","2024-11-22T01:16:00.000Z","needs_review","0.35"
"9dd5c171c79a1bc9","DB14_T 773-2013 医用氧舱设备安全管理规范","DB14_T 773-2013 医用氧舱设备安全管理规范.pdf","17_醫工設備與環境\07_醫用氣體\2013\DB14_T 773-2013 医用氧舱设备安全管理规范.pdf","醫工設備與環境","醫用氣體","UNKNOWN","2013","2013","國家或地方標準","醫療器材與設備","環境、能源與醫療廢棄物","pdf","pdf_text_layer","d11580d2560ddfa12e3653e43312ab0902a2b6cb60bf565c54f8531d4c44ba25","277663","2024-11-22T01:15:52.000Z","needs_review","0.35"
"5773759d42775bdb","T_GDMDMA 0012.16-2022 医用气体系统使用管理","T_GDMDMA 0012.16-2022 医用气体系统使用管理.pdf","17_醫工設備與環境\07_醫用氣體\2022\T_GDMDMA 0012.16-2022 医用气体系统使用管理.pdf","醫工設備與環境","醫用氣體","UNKNOWN","2022","2022","國家或地方標準","醫療器材與設備","環境、能源與醫療廢棄物","pdf","pdf_text_layer","f4a90b8b3456ff4b29c0067dc80f2d182e2d9c2f20e1eb7a132151bee30bf525","288836","2024-11-22T01:11:36.000Z","needs_review","0.35"
"21c5d9ef79f8c607","醫院氣體系統運行管理","醫院氣體系統運行管理.pdf","17_醫工設備與環境\07_醫用氣體\未標示年份\醫院氣體系統運行管理.pdf","醫工設備與環境","醫用氣體","UNKNOWN","未標示年份","","待確認或非規範文件","醫療器材與設備","環境、能源與醫療廢棄物","pdf","pdf_needs_ocr","a21dbf4a1bcdb9a5f1e139b96e2fd910a239773858c5b3a4ceefc7b3eb36c9bb","6726303","2022-08-17T06:41:02.000Z","needs_review","0.35"
"73a886ff6abb3d19","GB_T 20154-2014 低温保存箱","GB_T 20154-2014 低温保存箱.pdf","17_醫工設備與環境\08_醫療設備與耗材\2014\GB_T 20154-2014 低温保存箱.pdf","醫工設備與環境","醫療設備與耗材","UNKNOWN","2014","2014；2015","國家或地方標準","醫療器材與設備","環境、能源與醫療廢棄物","pdf","pdf_needs_ocr","cd9f3d1f412ee6185767fb48fa0a5c16fb4b306fbf20ee1e5fc8f7f919041e4a","4942495","2025-08-19T09:45:50.000Z","needs_review","0.35"
"d624dd881c741a52","YY_T 0938-2014 B型超声诊断设备核查指南","YY_T 0938-2014 B型超声诊断设备核查指南.pdf","17_醫工設備與環境\08_醫療設備與耗材\2014\YY_T 0938-2014 B型超声诊断设备核查指南.pdf","醫工設備與環境","醫療設備與耗材","UNKNOWN","2014","2014","技術規範／診療指南","醫療器材與設備","環境、能源與醫療廢棄物","pdf","pdf_needs_ocr","7f06e9bfe67689b93d139acbdb745f812f639fc28aed9b786a57190f7097e953","4236590","2023-08-11T08:59:00.000Z","needs_review","0.35"
"80080e441ff5483f","3WST654—2019医疗器械安全管理","3WST654—2019医疗器械安全管理.pdf","17_醫工設備與環境\08_醫療設備與耗材\2019\3WST654—2019医疗器械安全管理.pdf","醫工設備與環境","醫療設備與耗材","UNKNOWN","2019","2019","國家或地方標準","醫療器材與設備","環境、能源與醫療廢棄物","pdf","pdf_text_layer","1580292a096b77b00fd7b5ae8bc94e1301f444eb4d4ffd22e2e440bd67e0b17a","1286598","2020-07-12T16:03:18.000Z","needs_review","0.35"
"9000064485434974","DB35T 1828-2019 电梯困人应急处置规范","DB35T 1828-2019 电梯困人应急处置规范.pdf","17_醫工設備與環境\08_醫療設備與耗材\2019\DB35T 1828-2019 电梯困人应急处置规范.pdf","醫工設備與環境","醫療設備與耗材","UNKNOWN","2019","2019","國家或地方標準","急診與緊急醫療","醫療器材與設備；消防、治安與應急管理；環境、能源與醫療廢棄物","pdf","pdf_needs_ocr","c10f5bc3f1b23908c9296b4817566949a892b54000a2ca353cbe1883f1e6ec99","2875805","2024-10-11T05:19:28.000Z","needs_review","0.35"
"b4f888e26f01436e","TSJZPMA 001-2021 医院电梯运行管理规范","TSJZPMA 001-2021 医院电梯运行管理规范.pdf","17_醫工設備與環境\08_醫療設備與耗材\2021\TSJZPMA 001-2021 医院电梯运行管理规范.pdf","醫工設備與環境","醫療設備與耗材","UNKNOWN","2021","2021","待確認或非規範文件","醫療器材與設備","環境、能源與醫療廢棄物","pdf","pdf_text_layer","41cabf6b8787da1d5432e8484bc766677339be5f3b8c26ad8bcd238dd4ee3c0a","244179","2025-05-11T11:37:04.000Z","needs_review","0.35"
"2bbf3a1b777f23b2","DB34_T 4242-2022 智慧医院医用耗材SPD建设指南","DB34_T 4242-2022 智慧医院医用耗材SPD建设指南.pdf","17_醫工設備與環境\08_醫療設備與耗材\2022\DB34_T 4242-2022 智慧医院医用耗材SPD建设指南.pdf","醫工設備與環境","醫療設備與耗材","UNKNOWN","2022","2022；2021","技術規範／診療指南","醫療器材與設備","環境、能源與醫療廢棄物","pdf","pdf_text_layer","0e5b4018507169bb9f63ad9218697af5533117984cc516f63b74a51b1d8dd769","408734","2026-04-14T05:03:56.000Z","needs_review","0.35"
"e4b45461ea72e47c","T_GDMDMA 0012.12-2022 医院医疗设备管理规范 第12","T_GDMDMA 0012.12-2022 医院医疗设备管理规范 第12 (1).pdf","17_醫工設備與環境\08_醫療設備與耗材\2022\T_GDMDMA 0012.12-2022 医院医疗设备管理规范 第12 (1).pdf","醫工設備與環境","醫療設備與耗材","UNKNOWN","2022","2022；2020；2018；2011","國家或地方標準","醫療器材與設備","環境、能源與醫療廢棄物","pdf","pdf_text_layer","057ab7c104c7453ef534c12e2a39cb7946312187b19aa35bc9a666c2059d6ccc","293504","2026-02-02T08:30:24.000Z","needs_review","0.35"
"9b7efc645bb67708","T_GDMDMA 0012.12-2022 医院医疗设备管理规范 第12","T_GDMDMA 0012.12-2022 医院医疗设备管理规范 第12.pdf","17_醫工設備與環境\08_醫療設備與耗材\2022\T_GDMDMA 0012.12-2022 医院医疗设备管理规范 第12.pdf","醫工設備與環境","醫療設備與耗材","UNKNOWN","2022","2022；2020；2018；2011","國家或地方標準","醫療器材與設備","環境、能源與醫療廢棄物","pdf","pdf_text_layer","057ab7c104c7453ef534c12e2a39cb7946312187b19aa35bc9a666c2059d6ccc","293504","2026-02-02T08:01:08.000Z","needs_review","0.35"
"04bb6ff490ea25ae","电梯维保工作质量评价规范2023","电梯维保工作质量评价规范2023.pdf","17_醫工設備與環境\08_醫療設備與耗材\2023\电梯维保工作质量评价规范2023.pdf","醫工設備與環境","醫療設備與耗材","UNKNOWN","2023","2023","待確認或非規範文件","醫療器材與設備","環境、能源與醫療廢棄物","pdf","pdf_needs_ocr","8db3132f434d13554857873c9b9c7e8476038ce9c15d06b726a5ed72308fd595","1060218","2023-07-13T02:49:46.000Z","needs_review","0.35"
"b8a444a76429a24d","DB54_T 0297-2023 乘客电梯困人救援规范","DB54_T 0297-2023 乘客电梯困人救援规范.pdf","17_醫工設備與環境\08_醫療設備與耗材\2023\DB54_T 0297-2023 乘客电梯困人救援规范.pdf","醫工設備與環境","醫療設備與耗材","UNKNOWN","2023","2023","國家或地方標準","醫療器材與設備","環境、能源與醫療廢棄物","pdf","pdf_text_layer","79de3ebfa35515769ed395251456d2e0d0354935e79639e0e7ae85be13bc115d","624925","2024-10-11T05:19:04.000Z","needs_review","0.35"
"eb7888614f30192c","T_GDNS 012-2023 医疗设备安全规范","T_GDNS 012-2023 医疗设备安全规范.pdf","17_醫工設備與環境\08_醫療設備與耗材\2023\T_GDNS 012-2023 医疗设备安全规范.pdf","醫工設備與環境","醫療設備與耗材","UNKNOWN","2023","2023","國家或地方標準","醫療器材與設備","環境、能源與醫療廢棄物","pdf","pdf_text_layer","14e209f4857099e73e95a77cf7b6cd6c2f6c9d26b7b2d9d79818575822cdccc7","263295","2026-02-02T07:58:16.000Z","needs_review","0.35"
"15dd21b52894b5e0","DB2301_T 185-2024 电梯涉水情况下安全操作规范","DB2301_T 185-2024 电梯涉水情况下安全操作规范.pdf","17_醫工設備與環境\08_醫療設備與耗材\2024\DB2301_T 185-2024 电梯涉水情况下安全操作规范.pdf","醫工設備與環境","醫療設備與耗材","UNKNOWN","2024","2024","國家或地方標準","醫療器材與設備","環境、能源與醫療廢棄物","pdf","pdf_text_layer","11f79c540e4dbe64fd55b970dedb177c36b6fd628b3a7bdb6b5ad2729e992032","847432","2025-05-16T01:49:14.000Z","needs_review","0.35"
"7ee664b989e21d40","DB3302_T 2201-2024 电梯应急救援服务规范","DB3302_T 2201-2024 电梯应急救援服务规范.pdf","17_醫工設備與環境\08_醫療設備與耗材\2024\DB3302_T 2201-2024 电梯应急救援服务规范.pdf","醫工設備與環境","醫療設備與耗材","UNKNOWN","2024","2024；2023","國家或地方標準","急診與緊急醫療","醫療器材與設備；消防、治安與應急管理；環境、能源與醫療廢棄物","pdf","pdf_text_layer","2e166c00123576e25e950612af9a6e57316f376f31b21e7fe3b71e3560663891","848029","2025-05-16T01:50:02.000Z","needs_review","0.35"
"9320a9f7259912f1","DB4401_T 277.1-2024 医疗设备预防性维护管理规范 第1","DB4401_T 277.1-2024 医疗设备预防性维护管理规范 第1.pdf","17_醫工設備與環境\08_醫療設備與耗材\2024\DB4401_T 277.1-2024 医疗设备预防性维护管理规范 第1.pdf","醫工設備與環境","醫療設備與耗材","UNKNOWN","2024","2024","國家或地方標準","醫療器材與設備","環境、能源與醫療廢棄物","pdf","pdf_text_layer","51f31774ef1e5bc22af7f280bc5233a42f3e6a455826ed5144ecbce63c426ba6","342691","2024-10-28T00:15:08.000Z","needs_review","0.35"
"25722460c498c5d1","DB4401_T 277.1-2024 医疗设备预防性维护管理规范 第1（2）","DB4401_T 277.1-2024 医疗设备预防性维护管理规范 第1（2）.pdf","17_醫工設備與環境\08_醫療設備與耗材\2024\DB4401_T 277.1-2024 医疗设备预防性维护管理规范 第1（2）.pdf","醫工設備與環境","醫療設備與耗材","UNKNOWN","2024","2024","國家或地方標準","醫療器材與設備","環境、能源與醫療廢棄物","pdf","pdf_text_layer","51f31774ef1e5bc22af7f280bc5233a42f3e6a455826ed5144ecbce63c426ba6","342691","2024-10-28T00:15:08.000Z","needs_review","0.35"
"e0132e1c805f0e6f","T_GPMII 01-2024 电梯使用安全管理规范","T_GPMII 01-2024 电梯使用安全管理规范.pdf","17_醫工設備與環境\08_醫療設備與耗材\2024\T_GPMII 01-2024 电梯使用安全管理规范.pdf","醫工設備與環境","醫療設備與耗材","UNKNOWN","2024","2024","待確認或非規範文件","醫療器材與設備","環境、能源與醫療廢棄物","pdf","pdf_text_layer","a7a76e2db3328a43fe8f3c42cf1ecc50305b32512733de351cc7a3b8b982f5b1","538920","2025-05-11T11:42:28.000Z","needs_review","0.35"
"0c5133c3f67b82d0","T_YQDT 02-2024 曳引驱动电梯维护保养操作安全规范","T_YQDT 02-2024 曳引驱动电梯维护保养操作安全规范.pdf","17_醫工設備與環境\08_醫療設備與耗材\2024\T_YQDT 02-2024 曳引驱动电梯维护保养操作安全规范.pdf","醫工設備與環境","醫療設備與耗材","UNKNOWN","2024","2024","待確認或非規範文件","醫療器材與設備","環境、能源與醫療廢棄物","pdf","pdf_text_layer","f1b6d5f87c807207c16f46aa03b3d42ad69c6f83b6318310d91d4492bcec3a9a","269861","2025-05-16T02:38:00.000Z","needs_review","0.35"
"8e28f5a94955d333","DB1311_T 082-2025 电梯安全使用管理规范","DB1311_T 082-2025 电梯安全使用管理规范.pdf","17_醫工設備與環境\08_醫療設備與耗材\2025\DB1311_T 082-2025 电梯安全使用管理规范.pdf","醫工設備與環境","醫療設備與耗材","UNKNOWN","2025","2025","國家或地方標準","醫療器材與設備","環境、能源與醫療廢棄物","pdf","pdf_text_layer","f140ccef43a2d142967d08497b1af42eacaa17f49fff5cd792af5467093af027","243143","2025-05-16T01:36:30.000Z","needs_review","0.35"
"cca9d9f68df03c55","DB14_T 1664-2025 曳引驱动电梯自检规范","DB14_T 1664-2025 曳引驱动电梯自检规范.pdf","17_醫工設備與環境\08_醫療設備與耗材\2025\DB14_T 1664-2025 曳引驱动电梯自检规范.pdf","醫工設備與環境","醫療設備與耗材","UNKNOWN","2025","2025；2023","國家或地方標準","醫療器材與設備","環境、能源與醫療廢棄物","pdf","pdf_text_layer","4922700a8d53bddcb00d1f766e89909652e94c590197a77aecf6311e50255b21","1343952","2025-05-16T01:36:48.000Z","needs_review","0.35"
"0dd8c04964910246","DB32_T 5041-2025 呼吸道传染病突发公共卫生事件中电梯作业","DB32_T 5041-2025 呼吸道传染病突发公共卫生事件中电梯作业.pdf","17_醫工設備與環境\08_醫療設備與耗材\2025\DB32_T 5041-2025 呼吸道传染病突发公共卫生事件中电梯作业.pdf","醫工設備與環境","醫療設備與耗材","UNKNOWN","2025","2025","國家或地方標準","感染預防與控制","急診與緊急醫療；醫療器材與設備；環境、能源與醫療廢棄物","pdf","pdf_text_layer","19f9f5c543bf047828851f7296dbbc43bf7bb188577dc86adcb4be5f7f6a4159","615812","2025-05-16T01:37:20.000Z","needs_review","0.35"
"724eafc6ad6d5efb","DB3207_T 2036-2025 电梯应急处置热线服务规范","DB3207_T 2036-2025 电梯应急处置热线服务规范.pdf","17_醫工設備與環境\08_醫療設備與耗材\2025\DB3207_T 2036-2025 电梯应急处置热线服务规范.pdf","醫工設備與環境","醫療設備與耗材","UNKNOWN","2025","2025；2036","國家或地方標準","急診與緊急醫療","醫療器材與設備；消防、治安與應急管理；環境、能源與醫療廢棄物","pdf","pdf_text_layer","53f9e974e81080786620ae745e4ae462ded4ccbca8709974a0cf2165912ef039","313197","2025-05-16T01:49:00.000Z","needs_review","0.35"
"7889268dad448f4c","DB3213_T 1078-2025 电梯维护保养工作安全管理规范","DB3213_T 1078-2025 电梯维护保养工作安全管理规范.pdf","17_醫工設備與環境\08_醫療設備與耗材\2025\DB3213_T 1078-2025 电梯维护保养工作安全管理规范.pdf","醫工設備與環境","醫療設備與耗材","UNKNOWN","2025","2025","國家或地方標準","醫療器材與設備","環境、能源與醫療廢棄物","pdf","pdf_text_layer","c8c490c7920f772e201b1573683960be1271a0b94172668550aa9ca4f0ad62cf","270417","2025-05-16T01:36:16.000Z","needs_review","0.35"
"92b247b35fa9a169","DB37_T 4825.3-2025 药品、医疗器械、化妆品企业日常监督","DB37_T 4825.3-2025 药品、医疗器械、化妆品企业日常监督.pdf","17_醫工設備與環境\08_醫療設備與耗材\2025\DB37_T 4825.3-2025 药品、医疗器械、化妆品企业日常监督.pdf","醫工設備與環境","醫療設備與耗材","UNKNOWN","2025","2025","國家或地方標準","藥事與藥品管理","醫療器材與設備；環境、能源與醫療廢棄物","pdf","pdf_text_layer","a5e079100205d91d13dcacdd7402a6a428d4203ef692e6634dce739bacc107f4","364440","2025-04-02T06:36:42.000Z","needs_review","0.35"
"7963c2f34173076a","DB37_T 4825.4-2025 药品、医疗器械、化妆品企业日常监督","DB37_T 4825.4-2025 药品、医疗器械、化妆品企业日常监督.pdf","17_醫工設備與環境\08_醫療設備與耗材\2025\DB37_T 4825.4-2025 药品、医疗器械、化妆品企业日常监督.pdf","醫工設備與環境","醫療設備與耗材","UNKNOWN","2025","2025","國家或地方標準","藥事與藥品管理","醫療器材與設備；環境、能源與醫療廢棄物","pdf","pdf_text_layer","c37fd2da2f2c52784f9ddd5a01d3b8e932a826dc417443b99d9d07291b0519f4","226780","2025-04-02T06:36:58.000Z","needs_review","0.35"
"398004587153c3a1","DB41_T 2845-2025 电梯困人应急救援作业规程","DB41_T 2845-2025 电梯困人应急救援作业规程.pdf","17_醫工設備與環境\08_醫療設備與耗材\2025\DB41_T 2845-2025 电梯困人应急救援作业规程.pdf","醫工設備與環境","醫療設備與耗材","UNKNOWN","2025","2025","國家或地方標準","急診與緊急醫療","醫療器材與設備；消防、治安與應急管理；環境、能源與醫療廢棄物","pdf","pdf_text_layer","62201dc8447dbc4c8d80fab62ab29fc813f131fc5288b101ab291ae105c2ff30","275598","2025-09-12T12:11:28.000Z","needs_review","0.35"
"30f8e232c861e5a2","3058-医疗保障 医疗设备","3058-医疗保障 医疗设备.pdf","17_醫工設備與環境\08_醫療設備與耗材\未標示年份\3058-医疗保障 医疗设备.pdf","醫工設備與環境","醫療設備與耗材","UNKNOWN","未標示年份","","待確認或非規範文件","醫療器材與設備","環境、能源與醫療廢棄物","pdf","pdf_text_layer","cdf3168b6f323782d4c139f6fd39059381555c674e70a25b153452a01c482743","1518555","2022-06-20T04:02:40.000Z","needs_review","0.35"
"77b6527a8484e1c0","3058-医疗保障 医疗设备（2）","3058-医疗保障 医疗设备（2）.pdf","17_醫工設備與環境\08_醫療設備與耗材\未標示年份\3058-医疗保障 医疗设备（2）.pdf","醫工設備與環境","醫療設備與耗材","UNKNOWN","未標示年份","","待確認或非規範文件","醫療器材與設備","環境、能源與醫療廢棄物","pdf","pdf_text_layer","cdf3168b6f323782d4c139f6fd39059381555c674e70a25b153452a01c482743","1518555","2022-06-20T04:02:40.000Z","needs_review","0.35"
"248209f78adfaccf","公众聚集场所电梯风险源辨识和分级规范","公众聚集场所电梯风险源辨识和分级规范.pdf","17_醫工設備與環境\08_醫療設備與耗材\未標示年份\公众聚集场所电梯风险源辨识和分级规范.pdf","醫工設備與環境","醫療設備與耗材","UNKNOWN","未標示年份","","待確認或非規範文件","醫療器材與設備","環境、能源與醫療廢棄物","pdf","pdf_needs_ocr","a18ae74c02d41c7585d488fc721a7423ed1edf3b50f4dfc6b7cc2b400255acf7","695365","2023-03-31T13:01:12.000Z","needs_review","0.35"
"19f614debd71fb6d","手术室医用高值耗材_1+3_管理模块的设计与应用","手术室医用高值耗材_1+3_管理模块的设计与应用.pdf","17_醫工設備與環境\08_醫療設備與耗材\未標示年份\手术室医用高值耗材_1+3_管理模块的设计与应用.pdf","醫工設備與環境","醫療設備與耗材","UNKNOWN","未標示年份","","待確認或非規範文件","手術、麻醉與疼痛管理","醫療器材與設備；環境、能源與醫療廢棄物","pdf","pdf_needs_ocr","3fd4326515133c0eb5f498b3cfb7b96f4e1d7de4694742babf3f7f704f81d508","1288780","2026-04-14T04:49:00.000Z","needs_review","0.35"
"d35d352df3281ba3","手术室高值耗材使用中的常见问题与应对措施","手术室高值耗材使用中的常见问题与应对措施.pdf","17_醫工設備與環境\08_醫療設備與耗材\未標示年份\手术室高值耗材使用中的常见问题与应对措施.pdf","醫工設備與環境","醫療設備與耗材","UNKNOWN","未標示年份","","待確認或非規範文件","手術、麻醉與疼痛管理","醫療器材與設備；環境、能源與醫療廢棄物","pdf","pdf_needs_ocr","2cf27991ae2567d036b96e76e06c544e77197a06f2c7c3a200b539318c92eebf","1337408","2026-04-14T04:49:46.000Z","needs_review","0.35"
"705f62f065ab15b4","电梯安全风险评估规范","电梯安全风险评估规范.pdf","17_醫工設備與環境\08_醫療設備與耗材\未標示年份\电梯安全风险评估规范.pdf","醫工設備與環境","醫療設備與耗材","UNKNOWN","未標示年份","","待確認或非規範文件","醫療器材與設備","環境、能源與醫療廢棄物","pdf","pdf_needs_ocr","d11064449ef85ceed61b8fbd9ea7009f2694464b902f6e5de45659c7f257d4be","3264738","2023-03-31T13:03:54.000Z","needs_review","0.35"
"8f80a5db8bba3658","电梯机房安全技术规范徵詢","电梯机房安全技术规范徵詢.pdf","17_醫工設備與環境\08_醫療設備與耗材\未標示年份\电梯机房安全技术规范徵詢.pdf","醫工設備與環境","醫療設備與耗材","UNKNOWN","未標示年份","","技術規範／診療指南","醫療器材與設備","環境、能源與醫療廢棄物","pdf","pdf_text_layer","4094658ddf81fcb9017a213a0e096b0cdce59fea0aa4d1e2045012df3c860951","540041","2023-03-10T11:57:42.000Z","needs_review","0.35"
"6ae95483ff598233","电梯自行检测规则","电梯自行检测规则.pdf","17_醫工設備與環境\08_醫療設備與耗材\未標示年份\电梯自行检测规则.pdf","醫工設備與環境","醫療設備與耗材","UNKNOWN","2023","2023","待確認或非規範文件","醫療器材與設備","環境、能源與醫療廢棄物","pdf","pdf_text_layer","b6f3bb44a447a2ba2d24aba8dd14472453b73f962cb1bb41a8fa3ba47c3c50d7","18076173","2023-04-07T10:39:32.000Z","needs_review","0.35"
"ff80817e8e834d3b","电梯使用安全标志与标识","电梯使用安全标志与标识.pdf","17_醫工設備與環境\08_醫療設備與耗材\未標示年份\电梯使用安全标志与标识.pdf","醫工設備與環境","醫療設備與耗材","UNKNOWN","未標示年份","","待確認或非規範文件","醫療器材與設備","環境、能源與醫療廢棄物","pdf","pdf_needs_ocr","877eb5d9fe03319b71506ecacdb475e3577c371dbc1ec5f23fd43b1a5be8cf27","1977499","2023-03-31T13:05:10.000Z","needs_review","0.35"
"a8f020f5dafc4dfc","电梯监督检验和定期检验规则","电梯监督检验和定期检验规则.pdf","17_醫工設備與環境\08_醫療設備與耗材\未標示年份\电梯监督检验和定期检验规则.pdf","醫工設備與環境","醫療設備與耗材","UNKNOWN","2023","2023","待確認或非規範文件","醫技、檢驗與病理","醫療器材與設備；環境、能源與醫療廢棄物","pdf","pdf_text_layer","41497ef7a7c928d48b5b279ee98d25ff11bc4535d3f3a18e11fe1dde976255dd","34186750","2023-04-07T10:39:34.000Z","needs_review","0.35"
"a1dad6980bc48480","电梯维护保养与运行质量抽查技术准则","电梯维护保养与运行质量抽查技术准则.pdf","17_醫工設備與環境\08_醫療設備與耗材\未標示年份\电梯维护保养与运行质量抽查技术准则.pdf","醫工設備與環境","醫療設備與耗材","UNKNOWN","未標示年份","","待確認或非規範文件","醫療器材與設備","環境、能源與醫療廢棄物","pdf","pdf_needs_ocr","f429de9a46f8ccc10eb6315ec5dacb63360d173fbb8e383e3a4b1bc3eba625f2","975072","2023-03-31T12:59:36.000Z","needs_review","0.35"
"582691c9d2de3fa0","医用耗材精细化管理的政策要求及评价指标体系研究进展","医用耗材精细化管理的政策要求及评价指标体系研究进展 (1).pdf","17_醫工設備與環境\08_醫療設備與耗材\未標示年份\医用耗材精细化管理的政策要求及评价指标体系研究进展 (1).pdf","醫工設備與環境","醫療設備與耗材","UNKNOWN","未標示年份","","研究論文／文獻","臨床研究與人體試驗","醫療器材與設備；環境、能源與醫療廢棄物","pdf","pdf_text_layer","09194a6cffd2215101c1d890ae6e2a133e59af846f93ef1fa52d9508786ca052","2418880","2026-04-14T05:20:46.000Z","needs_review","0.35"
"fe69e2733810b715","医用耗材精细化管理的政策要求及评价指标体系研究进展","医用耗材精细化管理的政策要求及评价指标体系研究进展 (2).pdf","17_醫工設備與環境\08_醫療設備與耗材\未標示年份\医用耗材精细化管理的政策要求及评价指标体系研究进展 (2).pdf","醫工設備與環境","醫療設備與耗材","UNKNOWN","未標示年份","","研究論文／文獻","臨床研究與人體試驗","醫療器材與設備；環境、能源與醫療廢棄物","pdf","pdf_text_layer","09194a6cffd2215101c1d890ae6e2a133e59af846f93ef1fa52d9508786ca052","2418880","2026-04-14T05:38:10.000Z","needs_review","0.35"
"ec70c6e47dee113d","医用耗材精细化管理的政策要求及评价指标体系研究进展","医用耗材精细化管理的政策要求及评价指标体系研究进展.pdf","17_醫工設備與環境\08_醫療設備與耗材\未標示年份\医用耗材精细化管理的政策要求及评价指标体系研究进展.pdf","醫工設備與環境","醫療設備與耗材","UNKNOWN","未標示年份","","研究論文／文獻","臨床研究與人體試驗","醫療器材與設備；環境、能源與醫療廢棄物","pdf","pdf_text_layer","09194a6cffd2215101c1d890ae6e2a133e59af846f93ef1fa52d9508786ca052","2418880","2026-04-14T05:38:00.000Z","needs_review","0.35"
"9cf5a68750a79d2e","医疗器械安全管理","医疗器械安全管理.pdf","17_醫工設備與環境\08_醫療設備與耗材\未標示年份\医疗器械安全管理.pdf","醫工設備與環境","醫療設備與耗材","UNKNOWN","未標示年份","","國家或地方標準","醫療器材與設備","環境、能源與醫療廢棄物","pdf","pdf_text_layer","9df9eb6bb8c275dcfb73e766ff2baf6c5b761d83f48f900e39fd87e22d757a37","615085","2020-06-13T11:21:02.000Z","needs_review","0.35"
"a9896d2f2e333f6f","医保 DGRS 改革下高值医用耗材管理新模式","医保 DGRS 改革下高值医用耗材管理新模式 (1).pdf","17_醫工設備與環境\08_醫療設備與耗材\未標示年份\医保 DGRS 改革下高值医用耗材管理新模式 (1).pdf","醫工設備與環境","醫療設備與耗材","UNKNOWN","2024","2024","國家或地方標準","醫療保險與支付","醫療器材與設備；環境、能源與醫療廢棄物","pdf","pdf_text_layer","1b992674e257151ac4203770d62679abc9a24edbcd9ac99f0560a23d85a758dc","979095","2026-04-14T05:21:54.000Z","needs_review","0.35"
"9151c418fd2335e2","医保 DGRS 改革下高值医用耗材管理新模式","医保 DGRS 改革下高值医用耗材管理新模式.pdf","17_醫工設備與環境\08_醫療設備與耗材\未標示年份\医保 DGRS 改革下高值医用耗材管理新模式.pdf","醫工設備與環境","醫療設備與耗材","UNKNOWN","2024","2024","國家或地方標準","醫療保險與支付","醫療器材與設備；環境、能源與醫療廢棄物","pdf","pdf_text_layer","1b992674e257151ac4203770d62679abc9a24edbcd9ac99f0560a23d85a758dc","979095","2026-04-14T05:20:24.000Z","needs_review","0.35"
"0191af9bb10b90b2","国务院办公厅关于加强电梯质量安全工作的意见","国务院办公厅关于加强电梯质量安全工作的意见.pdf","17_醫工設備與環境\08_醫療設備與耗材\未標示年份\国务院办公厅关于加强电梯质量安全工作的意见.pdf","醫工設備與環境","醫療設備與耗材","UNKNOWN","未標示年份","","國家或地方標準","醫療器材與設備","環境、能源與醫療廢棄物","pdf","pdf_text_layer","638de6666e05554d2d46d18b485940451a83e933a43ac56995b44e57cece8941","359603","2022-09-04T14:27:28.000Z","needs_review","0.35"
"ffc07293cbbeaede","某三甲医院高值医用耗材临床使用点评规","某三甲医院高值医用耗材临床使用点评规.pdf","17_醫工設備與環境\08_醫療設備與耗材\未標示年份\某三甲医院高值医用耗材临床使用点评规.pdf","醫工設備與環境","醫療設備與耗材","UNKNOWN","2024","2024；2023；2022；2021；2020；2019；1963","國家或地方標準","臨床診療與醫療技術","醫療器材與設備；環境、能源與醫療廢棄物","pdf","pdf_text_layer","c9b9f1f644ab6797b1eb7127725e3dd91de42644b5f6be2f15501028e2c20298","2031354","2026-04-14T05:49:16.000Z","needs_review","0.35"
"01b188bf3bbd7a5a","乘客电梯困人救援规范","乘客电梯困人救援规范.pdf","17_醫工設備與環境\08_醫療設備與耗材\未標示年份\乘客电梯困人救援规范.pdf","醫工設備與環境","醫療設備與耗材","UNKNOWN","未標示年份","","待確認或非規範文件","醫療器材與設備","環境、能源與醫療廢棄物","pdf","pdf_needs_ocr","2818577b9a911b1b153d2afad922e7dcb9345978856dff35650d345763c97a5e","1054158","2023-03-31T13:01:44.000Z","needs_review","0.35"
"39bcbeeaed278db1","高值医用耗材改革方案的通知","高值医用耗材改革方案的通知.pdf","17_醫工設備與環境\08_醫療設備與耗材\未標示年份\高值医用耗材改革方案的通知.pdf","醫工設備與環境","醫療設備與耗材","UNKNOWN","未標示年份","","公告／通知／函釋","醫療器材與設備","環境、能源與醫療廢棄物","pdf","pdf_needs_ocr","01da93d97e258b193a653e4684fc0d9f6dd509db4abb0fdfa69d1147cf0f0120","2521243","2026-04-14T04:56:18.000Z","needs_review","0.35"
"c378ff68539c1f04","高值医用耗材使用监测体系的构建及应用","高值医用耗材使用监测体系的构建及应用.pdf","17_醫工設備與環境\08_醫療設備與耗材\未標示年份\高值医用耗材使用监测体系的构建及应用.pdf","醫工設備與環境","醫療設備與耗材","UNKNOWN","2061","2061；2019；2015；2010；2000；1956","國家或地方標準","醫療器材與設備","環境、能源與醫療廢棄物","pdf","pdf_text_layer","29041b1bff4bd03722f2a0db8dfa07549c939405fb48c8402efe1d3bdaf2d398","1485138","2026-04-14T05:49:08.000Z","needs_review","0.35"
"f666a1ddb4fbd28a","健康电梯技术规范","健康电梯技术规范.pdf","17_醫工設備與環境\08_醫療設備與耗材\未標示年份\健康电梯技术规范.pdf","醫工設備與環境","醫療設備與耗材","UNKNOWN","2019","2019","技術規範／診療指南","醫療器材與設備","環境、能源與醫療廢棄物","pdf","pdf_text_layer","4ef22458641736a39989992b0342a3659ff743e266ab9ebb8b89be01c4908213","630436","2023-03-31T12:55:20.000Z","needs_review","0.35"
"50067695cf2fe232","基于价值医疗和循证管理模式的高值医用耗材准入管理","基于价值医疗和循证管理模式的高值医用耗材准入管理 (1).pdf","17_醫工設備與環境\08_醫療設備與耗材\未標示年份\基于价值医疗和循证管理模式的高值医用耗材准入管理 (1).pdf","醫工設備與環境","醫療設備與耗材","UNKNOWN","未標示年份","","國家或地方標準","醫療器材與設備","環境、能源與醫療廢棄物","pdf","pdf_text_layer","af3d35233eb7a112639e692a320d0ccf39e37d0d2056b567e1e9cfb520644a84","1012608","2026-04-14T05:21:22.000Z","needs_review","0.35"
"d8983a2d94eb1aff","基于价值医疗和循证管理模式的高值医用耗材准入管理","基于价值医疗和循证管理模式的高值医用耗材准入管理 (2).pdf","17_醫工設備與環境\08_醫療設備與耗材\未標示年份\基于价值医疗和循证管理模式的高值医用耗材准入管理 (2).pdf","醫工設備與環境","醫療設備與耗材","UNKNOWN","未標示年份","","國家或地方標準","醫療器材與設備","環境、能源與醫療廢棄物","pdf","pdf_text_layer","af3d35233eb7a112639e692a320d0ccf39e37d0d2056b567e1e9cfb520644a84","1012608","2026-04-14T05:21:30.000Z","needs_review","0.35"
"4f54b78188d87d49","基于价值医疗和循证管理模式的高值医用耗材准入管理","基于价值医疗和循证管理模式的高值医用耗材准入管理 (3).pdf","17_醫工設備與環境\08_醫療設備與耗材\未標示年份\基于价值医疗和循证管理模式的高值医用耗材准入管理 (3).pdf","醫工設備與環境","醫療設備與耗材","UNKNOWN","未標示年份","","國家或地方標準","醫療器材與設備","環境、能源與醫療廢棄物","pdf","pdf_text_layer","af3d35233eb7a112639e692a320d0ccf39e37d0d2056b567e1e9cfb520644a84","1012608","2026-04-14T05:21:44.000Z","needs_review","0.35"
"63933df004a91040","基于价值医疗和循证管理模式的高值医用耗材准入管理","基于价值医疗和循证管理模式的高值医用耗材准入管理.pdf","17_醫工設備與環境\08_醫療設備與耗材\未標示年份\基于价值医疗和循证管理模式的高值医用耗材准入管理.pdf","醫工設備與環境","醫療設備與耗材","UNKNOWN","未標示年份","","國家或地方標準","醫療器材與設備","環境、能源與醫療廢棄物","pdf","pdf_text_layer","af3d35233eb7a112639e692a320d0ccf39e37d0d2056b567e1e9cfb520644a84","1012608","2026-04-14T05:21:10.000Z","needs_review","0.35"
"06c0e430a5c5bb45","清河县人民政府办公室关于印发清河县药品（疫苗）和医疗器械安全突发事件应急预案的通知-清河县人民政府","清河县人民政府办公室关于印发清河县药品（疫苗）和医疗器械安全突发事件应急预案的通知-清河县人民政府.pdf","17_醫工設備與環境\08_醫療設備與耗材\未標示年份\清河县人民政府办公室关于印发清河县药品（疫苗）和医疗器械安全突发事件应急预案的通知-清河县人民政府.pdf","醫工設備與環境","醫療設備與耗材","UNKNOWN","未標示年份","","公告／通知／函釋","藥事與藥品管理","急診與緊急醫療；生殖、婦幼與月子服務；醫療器材與設備；消防、治安與應急管理；環境、能源與醫療廢棄物","pdf","pdf_text_layer","e6b01c1847be845e78acc8775abc756f76f4bf288a92c0f1bb0199aae3f71e0d","297226","2022-09-18T11:27:28.000Z","needs_review","0.35"
"6e4602be51377850","清河县人民政府办公室关于印发清河县药品（疫苗）和医疗器械安全突发事件应急预案的通知-清河县人民政府（2）","清河县人民政府办公室关于印发清河县药品（疫苗）和医疗器械安全突发事件应急预案的通知-清河县人民政府（2）.pdf","17_醫工設備與環境\08_醫療設備與耗材\未標示年份\清河县人民政府办公室关于印发清河县药品（疫苗）和医疗器械安全突发事件应急预案的通知-清河县人民政府（2）.pdf","醫工設備與環境","醫療設備與耗材","UNKNOWN","未標示年份","","公告／通知／函釋","藥事與藥品管理","急診與緊急醫療；生殖、婦幼與月子服務；醫療器材與設備；消防、治安與應急管理；環境、能源與醫療廢棄物","pdf","pdf_text_layer","e6b01c1847be845e78acc8775abc756f76f4bf288a92c0f1bb0199aae3f71e0d","297226","2022-09-18T11:27:28.000Z","needs_review","0.35"
"e11c297a978485ef","放射性药品管理办法","放射性药品管理办法.pdf","17_醫工設備與環境\09_輻射與放射安全\未標示年份\放射性药品管理办法.pdf","醫工設備與環境","輻射與放射安全","UNKNOWN","未標示年份","","國家或地方標準","藥事與藥品管理","醫療器材與設備；環境、能源與醫療廢棄物","pdf","pdf_text_layer","543e24417dd0a70f6d48a7da7345059d1bb29dff336f66d247bd810f04fcadb2","280957","2022-06-20T08:48:08.000Z","needs_review","0.35"
"d68987f6441b5cbf","放射科设备日常检查、校正、检测及安全管理制度","放射科设备日常检查、校正、检测及安全管理制度.doc","17_醫工設備與環境\09_輻射與放射安全\未標示年份\放射科设备日常检查、校正、检测及安全管理制度.doc","醫工設備與環境","輻射與放射安全","UNKNOWN","未標示年份","","院內制度／SOP","醫療器材與設備","環境、能源與醫療廢棄物","doc","filename_only","001e5e2e79211a486e118e3422b18965870497231c3e2e0d9ea48263300965bb","26632","2022-05-13T06:33:24.000Z","needs_review","0.35"
"ebe7641e3cb78a34","T_CAS 887-2024 输血医学实验室生物安全防控技术规范","T_CAS 887-2024 输血医学实验室生物安全防控技术规范.pdf","17_醫工設備與環境\10_實驗室與生物安全\2024\T_CAS 887-2024 输血医学实验室生物安全防控技术规范.pdf","醫工設備與環境","實驗室與生物安全","UNKNOWN","2024","2024","技術規範／診療指南","醫技、檢驗與病理","輸血與器官移植；醫療器材與設備；環境、能源與醫療廢棄物","pdf","pdf_text_layer","41140a05c39a22730069fff94c663eba38e6ff218c98448e81545af4ee234f48","559912","2026-03-30T03:58:40.000Z","needs_review","0.35"
"aec8eb879147916b","T_GDSX 002-2025 实验室应急喷淋和洗眼设备技术规范","T_GDSX 002-2025 实验室应急喷淋和洗眼设备技术规范.pdf","17_醫工設備與環境\10_實驗室與生物安全\2025\T_GDSX 002-2025 实验室应急喷淋和洗眼设备技术规范.pdf","醫工設備與環境","實驗室與生物安全","UNKNOWN","2025","2025","技術規範／診療指南","醫技、檢驗與病理","急診與緊急醫療；醫療器材與設備；消防、治安與應急管理；環境、能源與醫療廢棄物","pdf","pdf_text_layer","bebf46189d692242646a1e16efda501a1e3ec7cc73dfac17259a89c030f69c3b","1378949","2025-03-30T08:21:00.000Z","needs_review","0.35"
"5f061388dea10f58","T_GDSX 002-2025 实验室应急喷淋和洗眼设备技术规范（2）","T_GDSX 002-2025 实验室应急喷淋和洗眼设备技术规范（2）.pdf","17_醫工設備與環境\10_實驗室與生物安全\2025\T_GDSX 002-2025 实验室应急喷淋和洗眼设备技术规范（2）.pdf","醫工設備與環境","實驗室與生物安全","UNKNOWN","2025","2025","技術規範／診療指南","醫技、檢驗與病理","急診與緊急醫療；醫療器材與設備；消防、治安與應急管理；環境、能源與醫療廢棄物","pdf","pdf_text_layer","bebf46189d692242646a1e16efda501a1e3ec7cc73dfac17259a89c030f69c3b","1378949","2025-03-30T08:21:00.000Z","needs_review","0.35"
"585755797e34237f","T_SIPAQLHH 0004-2025 生物医药研发企业实验室安全管理","T_SIPAQLHH 0004-2025 生物医药研发企业实验室安全管理.pdf","17_醫工設備與環境\10_實驗室與生物安全\2025\T_SIPAQLHH 0004-2025 生物医药研发企业实验室安全管理.pdf","醫工設備與環境","實驗室與生物安全","UNKNOWN","2025","2025；2021；2016；2015；2008","國家或地方標準","醫技、檢驗與病理","醫療器材與設備；環境、能源與醫療廢棄物","pdf","pdf_text_layer","a08181f757603d61072c23cb8124e454e2a1d37f4f419a262ca736d824abf6e5","592112","2026-03-24T07:51:44.000Z","needs_review","0.35"
"6701013bd7ab7465","GB_T 24915-2010 合同能源管理技术通则","GB_T 24915-2010 合同能源管理技术通则.pdf","17_醫工設備與環境\11_節能與綠色醫院\2010\GB_T 24915-2010 合同能源管理技术通则.pdf","醫工設備與環境","節能與綠色醫院","UNKNOWN","2010","2010","國家或地方標準","醫療器材與設備","環境、能源與醫療廢棄物","pdf","pdf_needs_ocr","67482a33ac2a85bb6475b6777e8c14340aa0f85ba33fff1ab7abe398e77c1698","4224945","2026-03-15T03:45:38.000Z","needs_review","0.35"
"44c3caf16581b055","2023 版医药行业节能诊断服务指南","2023 版医药行业节能诊断服务指南.pdf","17_醫工設備與環境\11_節能與綠色醫院\2023\2023 版医药行业节能诊断服务指南.pdf","醫工設備與環境","節能與綠色醫院","UNKNOWN","2023","2023","技術規範／診療指南","醫療器材與設備","環境、能源與醫療廢棄物","pdf","pdf_text_layer","47056e1d793267d88337e161202190e11c25da080214a6bd3e8fc8aa08252883","952886","2024-03-08T15:51:14.000Z","needs_review","0.35"
"c8812e5e01f02128","DB4403_T 374-2023 绿色医院评价规范","DB4403_T 374-2023 绿色医院评价规范.pdf","17_醫工設備與環境\11_節能與綠色醫院\2023\DB4403_T 374-2023 绿色医院评价规范.pdf","醫工設備與環境","節能與綠色醫院","UNKNOWN","2023","2023","國家或地方標準","醫療器材與設備","環境、能源與醫療廢棄物","pdf","pdf_text_layer","77430aa2d27b6d867fb008771028ae5eab93325becf2b9bbee5af02719d193eb","332617","2023-11-15T01:51:44.000Z","needs_review","0.35"
"330541ce3b753409","DB4403_T 374-2023 绿色医院评价规范（2）","DB4403_T 374-2023 绿色医院评价规范（2）.pdf","17_醫工設備與環境\11_節能與綠色醫院\2023\DB4403_T 374-2023 绿色医院评价规范（2）.pdf","醫工設備與環境","節能與綠色醫院","UNKNOWN","2023","2023","國家或地方標準","醫療器材與設備","環境、能源與醫療廢棄物","pdf","pdf_text_layer","77430aa2d27b6d867fb008771028ae5eab93325becf2b9bbee5af02719d193eb","332617","2026-03-26T07:11:20.000Z","needs_review","0.35"
"81c16a5b1fb5475c","DB5308_T 75-2024 绿色医院评价规范","DB5308_T 75-2024 绿色医院评价规范.pdf","17_醫工設備與環境\11_節能與綠色醫院\2024\DB5308_T 75-2024 绿色医院评价规范.pdf","醫工設備與環境","節能與綠色醫院","UNKNOWN","2024","2024","國家或地方標準","醫療器材與設備","環境、能源與醫療廢棄物","pdf","pdf_text_layer","0d747819722cb00eb2895860a5f68deb7c55701b9fa492fdd6fe0cd4eef06bb8","843540","2026-03-26T07:11:08.000Z","needs_review","0.35"
"c1825e660c803332","DB22_T 3629.3-2025 公共机构能耗定额 第3部分：卫生医","DB22_T 3629.3-2025 公共机构能耗定额 第3部分：卫生医.pdf","17_醫工設備與環境\11_節能與綠色醫院\2025\DB22_T 3629.3-2025 公共机构能耗定额 第3部分：卫生医.pdf","醫工設備與環境","節能與綠色醫院","UNKNOWN","2025","2025","國家或地方標準","醫療器材與設備","環境、能源與醫療廢棄物","pdf","pdf_text_layer","e20a7ac93eea154b7c0005857bed4e5347a00a910218cc07787cac95e8f082b9","1171592","2025-04-02T06:35:18.000Z","needs_review","0.35"
"23c28d01aad3cc26","DB43_T 3450-2025 公共机构能源费用托管服务实施规范","DB43_T 3450-2025 公共机构能源费用托管服务实施规范.pdf","17_醫工設備與環境\11_節能與綠色醫院\2025\DB43_T 3450-2025 公共机构能源费用托管服务实施规范.pdf","醫工設備與環境","節能與綠色醫院","UNKNOWN","2025","2025","國家或地方標準","醫療器材與設備","環境、能源與醫療廢棄物","pdf","pdf_needs_ocr","e0847a2403932f074bd11553cdc3bccf537d6a13837e29c83df0a9b0d9e4b974","4676398","2026-03-15T03:45:10.000Z","needs_review","0.35"
"6982fd9f45212116","T_CQAEPI 002-2025 医院绿色低碳建设与运营技术指南","T_CQAEPI 002-2025 医院绿色低碳建设与运营技术指南.pdf","17_醫工設備與環境\11_節能與綠色醫院\2025\T_CQAEPI 002-2025 医院绿色低碳建设与运营技术指南.pdf","醫工設備與環境","節能與綠色醫院","UNKNOWN","2025","2025","技術規範／診療指南","醫療器材與設備","環境、能源與醫療廢棄物","pdf","pdf_text_layer","5863469bb8f198dfee3fc1c3bb14811019efbbbb77f7c111867cb53a96799e46","263602","2025-11-11T06:57:40.000Z","needs_review","0.35"
"b306e9d707e8ee87","《碳达峰碳中和综合评价考核办法》","《碳达峰碳中和综合评价考核办法》.pdf","17_醫工設備與環境\11_節能與綠色醫院\未標示年份\《碳达峰碳中和综合评价考核办法》.pdf","醫工設備與環境","節能與綠色醫院","UNKNOWN","未標示年份","","行政法規／條例","醫療器材與設備","環境、能源與醫療廢棄物","pdf","pdf_needs_ocr","d8ceac508d0f930705568f692afd9bf78fa05cf220a67725d855e68064b932f9","1544259","2026-05-07T09:48:44.000Z","needs_review","0.35"
"1c76f45abcf6b510","10902410绿色医院评价规范","10902410绿色医院评价规范.pdf","17_醫工設備與環境\11_節能與綠色醫院\未標示年份\10902410绿色医院评价规范.pdf","醫工設備與環境","節能與綠色醫院","UNKNOWN","未標示年份","","待確認或非規範文件","醫療器材與設備","環境、能源與醫療廢棄物","pdf","pdf_text_layer","a50f45903824d3d6084d04bdca8071729a26486d80c452d7d26f29f296449efb","333853","2024-03-08T15:54:24.000Z","needs_review","0.35"
"e569398a18acdbba","国务院办公厅关于更高水平更高质量做好节能降碳工作的意见","国务院办公厅关于更高水平更高质量做好节能降碳工作的意见.pdf","17_醫工設備與環境\11_節能與綠色醫院\未標示年份\国务院办公厅关于更高水平更高质量做好节能降碳工作的意见.pdf","醫工設備與環境","節能與綠色醫院","UNKNOWN","未標示年份","","待確認或非規範文件","醫療器材與設備","環境、能源與醫療廢棄物","pdf","pdf_needs_ocr","c921f88f1a12d8def9b0eaddef67a9508e337fb705829c7c95ccc579c65aa741","1937778","2026-05-07T09:49:10.000Z","needs_review","0.35"
"67a815be24cc1e93","青岛大学附属医院绿色低碳智慧改造项目","青岛大学附属医院绿色低碳智慧改造项目.pdf","17_醫工設備與環境\11_節能與綠色醫院\未標示年份\青岛大学附属医院绿色低碳智慧改造项目.pdf","醫工設備與環境","節能與綠色醫院","UNKNOWN","未標示年份","","國家或地方標準","醫療器材與設備","環境、能源與醫療廢棄物","pdf","pdf_text_layer","f71be2a5a44ec14fc691a27dd985787cc206a1f2b8f247e800ab0a6f013ad5dd","2346883","2026-03-26T08:20:10.000Z","needs_review","0.35"
"5cd76a6f3bcd68d5","青岛大学附属医院绿色低碳智慧改造项目（2）","青岛大学附属医院绿色低碳智慧改造项目（2）.pdf","17_醫工設備與環境\11_節能與綠色醫院\未標示年份\青岛大学附属医院绿色低碳智慧改造项目（2）.pdf","醫工設備與環境","節能與綠色醫院","UNKNOWN","未標示年份","","國家或地方標準","醫療器材與設備","環境、能源與醫療廢棄物","pdf","pdf_text_layer","f71be2a5a44ec14fc691a27dd985787cc206a1f2b8f247e800ab0a6f013ad5dd","2346883","2026-03-26T08:20:10.000Z","needs_review","0.35"
"7c1b4a2692e4885c","基于循证设计的高密度老城区绿色医院设计","基于循证设计的高密度老城区绿色医院设计.pdf","17_醫工設備與環境\11_節能與綠色醫院\未標示年份\基于循证设计的高密度老城区绿色医院设计.pdf","醫工設備與環境","節能與綠色醫院","UNKNOWN","未標示年份","","國家或地方標準","醫療器材與設備","環境、能源與醫療廢棄物","pdf","pdf_text_layer","0752acd0e7e13fed082e952f3ad0dc2d365d6642faa1da968b17652ba0d42e20","20667524","2026-03-26T08:20:02.000Z","needs_review","0.35"
"3db07c18f446f80d","基于循证设计的高密度老城区绿色医院设计（2）","基于循证设计的高密度老城区绿色医院设计（2）.pdf","17_醫工設備與環境\11_節能與綠色醫院\未標示年份\基于循证设计的高密度老城区绿色医院设计（2）.pdf","醫工設備與環境","節能與綠色醫院","UNKNOWN","未標示年份","","國家或地方標準","醫療器材與設備","環境、能源與醫療廢棄物","pdf","pdf_text_layer","0752acd0e7e13fed082e952f3ad0dc2d365d6642faa1da968b17652ba0d42e20","20667524","2026-03-26T08:20:02.000Z","needs_review","0.35"
"9d96d437cf10a52c","GB 50395-2007 视频安防监控系统工程设计规范","GB 50395-2007 视频安防监控系统工程设计规范.pdf","17_醫工設備與環境\12_後勤物流與保全\2007\GB 50395-2007 视频安防监控系统工程设计规范.pdf","醫工設備與環境","後勤物流與保全","UNKNOWN","2007","2007","國家或地方標準","醫療器材與設備","後勤、建築與設施安全；消防、治安與應急管理；環境、能源與醫療廢棄物","pdf","pdf_needs_ocr","5d5ce0c3d8fa84db65501eb7fe21335d1c3a9b3c1e977725f90d9439b28c246a","1871843","2022-08-24T11:29:40.000Z","needs_review","0.35"
"8dca9499582bba09","GB 50395-2007 视频安防监控系统工程设计规范（2）","GB 50395-2007 视频安防监控系统工程设计规范（2）.pdf","17_醫工設備與環境\12_後勤物流與保全\2007\GB 50395-2007 视频安防监控系统工程设计规范（2）.pdf","醫工設備與環境","後勤物流與保全","UNKNOWN","2007","2007","國家或地方標準","醫療器材與設備","後勤、建築與設施安全；消防、治安與應急管理；環境、能源與醫療廢棄物","pdf","pdf_needs_ocr","5d5ce0c3d8fa84db65501eb7fe21335d1c3a9b3c1e977725f90d9439b28c246a","1871843","2022-08-24T11:29:40.000Z","needs_review","0.35"
"2dde14cf30a1aafb","DB22T 1959-2013 药品库房温湿度管理要求","DB22T 1959-2013 药品库房温湿度管理要求.pdf","17_醫工設備與環境\12_後勤物流與保全\2013\DB22T 1959-2013 药品库房温湿度管理要求.pdf","醫工設備與環境","後勤物流與保全","UNKNOWN","2013","2013；2014；1959","國家或地方標準","藥事與藥品管理","醫療器材與設備；後勤、建築與設施安全；消防、治安與應急管理；環境、能源與醫療廢棄物","pdf","pdf_text_layer","90cf38f36fc4e5c0451d7787237047fbd8a36ef5ca1a9f0e7a86f4391db9f8ef","170425","2025-08-16T05:09:30.000Z","needs_review","0.35"
"0853e3b785f5f0b2","GB 50348-2018 安全防范工程技术标准","GB 50348-2018 安全防范工程技术标准.pdf","17_醫工設備與環境\12_後勤物流與保全\2018\GB 50348-2018 安全防范工程技术标准.pdf","醫工設備與環境","後勤物流與保全","UNKNOWN","2018","2018","國家或地方標準","醫療器材與設備","後勤、建築與設施安全；消防、治安與應急管理；環境、能源與醫療廢棄物","pdf","pdf_needs_ocr","c4bbc124b29ed7e7d5965a18213f4af790f7b35c0f8e216f7ae95cc532d38834","12433700","2026-04-12T12:51:24.000Z","needs_review","0.35"
"c73024e84e5f810f","GB 50348-2018 安全防范工程技术标准（2）","GB 50348-2018 安全防范工程技术标准（2）.pdf","17_醫工設備與環境\12_後勤物流與保全\2018\GB 50348-2018 安全防范工程技术标准（2）.pdf","醫工設備與環境","後勤物流與保全","UNKNOWN","2018","2018","國家或地方標準","醫療器材與設備","後勤、建築與設施安全；消防、治安與應急管理；環境、能源與醫療廢棄物","pdf","pdf_needs_ocr","c4bbc124b29ed7e7d5965a18213f4af790f7b35c0f8e216f7ae95cc532d38834","12433700","2026-04-12T12:51:24.000Z","needs_review","0.35"
"dfef17a0bf6796fd","TCFLP 0023-2019 医药产品医院院内物流服务规范","TCFLP 0023-2019 医药产品医院院内物流服务规范.pdf","17_醫工設備與環境\12_後勤物流與保全\2019\TCFLP 0023-2019 医药产品医院院内物流服务规范.pdf","醫工設備與環境","後勤物流與保全","UNKNOWN","2019","2019","待確認或非規範文件","醫療器材與設備","後勤、建築與設施安全；消防、治安與應急管理；環境、能源與醫療廢棄物","pdf","pdf_needs_ocr","dede37f04cb4e4fbff53f45a1561baeef23fd5fac2c28fa335192ecdd25ce30f","2672394","2022-08-24T02:24:04.000Z","needs_review","0.35"
"218fd81c65b2d38e","TCFLP 0023-2019 医药产品医院院内物流服务规范（2）","TCFLP 0023-2019 医药产品医院院内物流服务规范（2）.pdf","17_醫工設備與環境\12_後勤物流與保全\2019\TCFLP 0023-2019 医药产品医院院内物流服务规范（2）.pdf","醫工設備與環境","後勤物流與保全","UNKNOWN","2019","2019","待確認或非規範文件","醫療器材與設備","後勤、建築與設施安全；消防、治安與應急管理；環境、能源與醫療廢棄物","pdf","pdf_needs_ocr","dede37f04cb4e4fbff53f45a1561baeef23fd5fac2c28fa335192ecdd25ce30f","2672394","2022-08-24T02:24:04.000Z","needs_review","0.35"
"899ee8f692fda2d8","DB34T 4024—2021医院保安服务规范","DB34T 4024—2021医院保安服务规范.pdf","17_醫工設備與環境\12_後勤物流與保全\2021\DB34T 4024—2021医院保安服务规范.pdf","醫工設備與環境","後勤物流與保全","UNKNOWN","2021","2021","國家或地方標準","醫療器材與設備","後勤、建築與設施安全；消防、治安與應急管理；環境、能源與醫療廢棄物","pdf","pdf_text_layer","c4f85d5ef5bb825f897d8f0401ce513a3565c64e7ead92ede7b9fe30ace0e93d","455702","2023-05-28T05:22:48.000Z","needs_review","0.35"
"0d856370b3d46712","DB34T 4024—2021医院保安服务规范（2）","DB34T 4024—2021医院保安服务规范（2）.pdf","17_醫工設備與環境\12_後勤物流與保全\2021\DB34T 4024—2021医院保安服务规范（2）.pdf","醫工設備與環境","後勤物流與保全","UNKNOWN","2021","2021","國家或地方標準","醫療器材與設備","後勤、建築與設施安全；消防、治安與應急管理；環境、能源與醫療廢棄物","pdf","pdf_text_layer","c4f85d5ef5bb825f897d8f0401ce513a3565c64e7ead92ede7b9fe30ace0e93d","455702","2023-05-28T05:22:48.000Z","needs_review","0.35"
"5989fa1eca30e530","DB4401T 105.11-2021单位内部安全防范要求 第 11 部分：医院","DB4401T 105.11-2021单位内部安全防范要求 第 11 部分：医院.docx","17_醫工設備與環境\12_後勤物流與保全\2021\DB4401T 105.11-2021单位内部安全防范要求 第 11 部分：医院.docx","醫工設備與環境","後勤物流與保全","UNKNOWN","2021","2021；2081；2020；2019；2018；2013；2011；2010；2000","研究論文／文獻","醫療治理與依法執業","感染預防與控制；病歷、電子病歷與醫療資料；資訊安全與個人資料；醫技、檢驗與病理；臨床診療與醫療技術；手術、麻醉與疼痛管理；急診與緊急醫療；臨床研究與人體試驗；醫療器材與設備；後勤、建築與設施安全；消防、治安與應急管理；環境、能源與醫療廢棄物；財務、採購與內部稽核；圖書、教育與文件管理","docx","office_xml","51f59913dd99c36f813727fd23cf4f7346cf5aed3613fbdf29d898db89bec36b","228346","2023-05-27T01:58:50.000Z","needs_review","0.35"
"90554bfbd1e49de9","DB4401T 105.11-2021单位内部安全防范要求 第 11 部分：医院","DB4401T 105.11-2021单位内部安全防范要求 第 11 部分：医院.pdf","17_醫工設備與環境\12_後勤物流與保全\2021\DB4401T 105.11-2021单位内部安全防范要求 第 11 部分：医院.pdf","醫工設備與環境","後勤物流與保全","UNKNOWN","2021","2021；1953","國家或地方標準","醫療器材與設備","後勤、建築與設施安全；消防、治安與應急管理；環境、能源與醫療廢棄物","pdf","pdf_text_layer","b8adb7e1380e6e39d5e5fac47654ffbfbf72caccc0a7d027973dbe1292cb5483","1575506","2023-05-26T06:15:32.000Z","needs_review","0.35"
"227305dc0751b99f","GB_T 28842-2021 药品冷链物流运作规范","GB_T 28842-2021 药品冷链物流运作规范.pdf","17_醫工設備與環境\12_後勤物流與保全\2021\GB_T 28842-2021 药品冷链物流运作规范.pdf","醫工設備與環境","後勤物流與保全","UNKNOWN","2021","2021","國家或地方標準","藥事與藥品管理","醫療器材與設備；後勤、建築與設施安全；消防、治安與應急管理；環境、能源與醫療廢棄物","pdf","pdf_text_layer","8da2b9fa507238cf7ed111cb313370d7f22d6cadac07ec8f00aa9fbfe9d86d7e","601178","2023-12-03T06:44:32.000Z","needs_review","0.35"
"8de221e0f6d51455","DB3201T 1105-2022 公共安全视频监控系统建设规范","DB3201T 1105-2022 公共安全视频监控系统建设规范.pdf","17_醫工設備與環境\12_後勤物流與保全\2022\DB3201T 1105-2022 公共安全视频监控系统建设规范.pdf","醫工設備與環境","後勤物流與保全","UNKNOWN","2022","2022；2018；2016","國家或地方標準","醫療器材與設備","後勤、建築與設施安全；消防、治安與應急管理；環境、能源與醫療廢棄物","pdf","pdf_text_layer","9d488638a732f985b3132fd0b1f2e3cbf4c6fe5b1d65fdfb5120f87a1c1bbc6b","596438","2024-11-11T10:24:10.000Z","needs_review","0.35"
"15bcb10ad484e8ea","DB3201T 1105-2022 公共安全视频监控系统建设规范（2）","DB3201T 1105-2022 公共安全视频监控系统建设规范（2）.pdf","17_醫工設備與環境\12_後勤物流與保全\2022\DB3201T 1105-2022 公共安全视频监控系统建设规范（2）.pdf","醫工設備與環境","後勤物流與保全","UNKNOWN","2022","2022；2018；2016","國家或地方標準","醫療器材與設備","後勤、建築與設施安全；消防、治安與應急管理；環境、能源與醫療廢棄物","pdf","pdf_text_layer","9d488638a732f985b3132fd0b1f2e3cbf4c6fe5b1d65fdfb5120f87a1c1bbc6b","596438","2024-11-11T10:24:10.000Z","needs_review","0.35"
"031cae63d0293bac","T_CAME 43-2022 医院后勤运营管理评价","T_CAME 43-2022 医院后勤运营管理评价.pdf","17_醫工設備與環境\12_後勤物流與保全\2022\T_CAME 43-2022 医院后勤运营管理评价.pdf","醫工設備與環境","後勤物流與保全","UNKNOWN","2022","2022","待確認或非規範文件","醫療器材與設備","後勤、建築與設施安全；消防、治安與應急管理；環境、能源與醫療廢棄物","pdf","pdf_needs_ocr","66888d76f03d2d987cbcebb339670b02cbaddb52bba63cd9bf82c02d11fac3a5","2978120","2023-02-12T08:45:26.000Z","needs_review","0.35"
"f14795cf0d415c14","T_CAME 43-2022 医院后勤运营管理评价（2）","T_CAME 43-2022 医院后勤运营管理评价（2）.pdf","17_醫工設備與環境\12_後勤物流與保全\2022\T_CAME 43-2022 医院后勤运营管理评价（2）.pdf","醫工設備與環境","後勤物流與保全","UNKNOWN","2022","2022","待確認或非規範文件","醫療器材與設備","後勤、建築與設施安全；消防、治安與應急管理；環境、能源與醫療廢棄物","pdf","pdf_needs_ocr","66888d76f03d2d987cbcebb339670b02cbaddb52bba63cd9bf82c02d11fac3a5","2978120","2023-02-12T08:46:20.000Z","needs_review","0.35"
"d4929669a6b93744","WB_T 1142-2024 医院院内物流服务规范","WB_T 1142-2024 医院院内物流服务规范.pdf","17_醫工設備與環境\12_後勤物流與保全\2024\WB_T 1142-2024 医院院内物流服务规范.pdf","醫工設備與環境","後勤物流與保全","UNKNOWN","2024","2024","待確認或非規範文件","醫療器材與設備","後勤、建築與設施安全；消防、治安與應急管理；環境、能源與醫療廢棄物","pdf","pdf_needs_ocr","8750188ddc0f36aa2ed19b83c1d587ea78c8d4c22317735adcaafa3c72e03901","1063531","2025-02-28T01:22:50.000Z","needs_review","0.35"
"2578a39743fba3f6","安全防范工程技术标准","安全防范工程技术标准.pdf","17_醫工設備與環境\12_後勤物流與保全\未標示年份\安全防范工程技术标准.pdf","醫工設備與環境","後勤物流與保全","UNKNOWN","未標示年份","","待確認或非規範文件","醫療器材與設備","後勤、建築與設施安全；消防、治安與應急管理；環境、能源與醫療廢棄物","pdf","pdf_needs_ocr","2a781910fda6a606e3d7ce6082450c40febd9fecd4ee5b501c90c707f2cd1e00","76539133","2022-07-06T14:58:06.000Z","needs_review","0.35"
"4ede7cc8d1633c1d","安全防范工程技术标准（2）","安全防范工程技术标准（2）.pdf","17_醫工設備與環境\12_後勤物流與保全\未標示年份\安全防范工程技术标准（2）.pdf","醫工設備與環境","後勤物流與保全","UNKNOWN","未標示年份","","待確認或非規範文件","醫療器材與設備","後勤、建築與設施安全；消防、治安與應急管理；環境、能源與醫療廢棄物","pdf","pdf_needs_ocr","2a781910fda6a606e3d7ce6082450c40febd9fecd4ee5b501c90c707f2cd1e00","76539133","2022-07-06T14:58:06.000Z","needs_review","0.35"
"b6933954f52f5a38","安全防范工程通用规范","安全防范工程通用规范 (1).pdf","17_醫工設備與環境\12_後勤物流與保全\未標示年份\安全防范工程通用规范 (1).pdf","醫工設備與環境","後勤物流與保全","UNKNOWN","未標示年份","","待確認或非規範文件","醫療器材與設備","後勤、建築與設施安全；消防、治安與應急管理；環境、能源與醫療廢棄物","pdf","pdf_needs_ocr","37243be578de1c491f1c7cf2ae0251067ff71cc3763198f64a2ea9b08935f369","5307998","2022-07-06T14:58:52.000Z","needs_review","0.35"
"4e8d262f68e3ad5b","安全防范工程通用规范 (1)（2）","安全防范工程通用规范 (1)（2）.pdf","17_醫工設備與環境\12_後勤物流與保全\未標示年份\安全防范工程通用规范 (1)（2）.pdf","醫工設備與環境","後勤物流與保全","UNKNOWN","未標示年份","","待確認或非規範文件","醫療器材與設備","後勤、建築與設施安全；消防、治安與應急管理；環境、能源與醫療廢棄物","pdf","pdf_needs_ocr","37243be578de1c491f1c7cf2ae0251067ff71cc3763198f64a2ea9b08935f369","5307998","2022-07-06T14:58:52.000Z","needs_review","0.35"
"2e7716b2411b0901","安全防范工程通用规范","安全防范工程通用规范.pdf","17_醫工設備與環境\12_後勤物流與保全\未標示年份\安全防范工程通用规范.pdf","醫工設備與環境","後勤物流與保全","UNKNOWN","未標示年份","","待確認或非規範文件","醫療器材與設備","後勤、建築與設施安全；消防、治安與應急管理；環境、能源與醫療廢棄物","pdf","pdf_needs_ocr","37243be578de1c491f1c7cf2ae0251067ff71cc3763198f64a2ea9b08935f369","5307998","2022-07-06T14:21:30.000Z","needs_review","0.35"
"4396162d8ce88da0","安全防范工程通用规范（2）","安全防范工程通用规范（2）.pdf","17_醫工設備與環境\12_後勤物流與保全\未標示年份\安全防范工程通用规范（2）.pdf","醫工設備與環境","後勤物流與保全","UNKNOWN","未標示年份","","待確認或非規範文件","醫療器材與設備","後勤、建築與設施安全；消防、治安與應急管理；環境、能源與醫療廢棄物","pdf","pdf_needs_ocr","37243be578de1c491f1c7cf2ae0251067ff71cc3763198f64a2ea9b08935f369","5307998","2022-07-06T14:21:30.000Z","needs_review","0.35"
"5a61c09ff15932e0","国家卫生计生委 公安部印发关于加强医院安全防范系统建设指导意见","国家卫生计生委 公安部印发关于加强医院安全防范系统建设指导意见.docx","17_醫工設備與環境\12_後勤物流與保全\未標示年份\国家卫生计生委 公安部印发关于加强医院安全防范系统建设指导意见.docx","醫工設備與環境","後勤物流與保全","UNKNOWN","2019","2019；2013；2007；2006；2004","研究論文／文獻","醫療治理與依法執業","藥事與藥品管理；病歷、電子病歷與醫療資料；資訊安全與個人資料；臨床診療與醫療技術；手術、麻醉與疼痛管理；急診與緊急醫療；臨床研究與人體試驗；醫療器材與設備；後勤、建築與設施安全；消防、治安與應急管理；環境、能源與醫療廢棄物；財務、採購與內部稽核；圖書、教育與文件管理","docx","office_xml","44468ef497bc816884ede5b202153e6905f52b8bc8da1c100cec225c736cd14f","17519","2022-08-27T13:06:22.000Z","needs_review","0.35"
"82d8ac031243070f","国家卫生计生委办公厅公安部办公厅关于加强医院安全防范系统建设的指导意见","国家卫生计生委办公厅公安部办公厅关于加强医院安全防范系统建设的指导意见.pdf","17_醫工設備與環境\12_後勤物流與保全\未標示年份\国家卫生计生委办公厅公安部办公厅关于加强医院安全防范系统建设的指导意见.pdf","醫工設備與環境","後勤物流與保全","UNKNOWN","未標示年份","","待確認或非規範文件","醫療器材與設備","後勤、建築與設施安全；消防、治安與應急管理；環境、能源與醫療廢棄物","pdf","pdf_needs_ocr","501416ec41cedbd90889ce1766e098b2c354a00d3772b1d4b118c8794894d859","2294400","2026-04-08T05:41:42.000Z","needs_review","0.35"
"a985d32616bef6de","国家卫生计生委办公厅公安部办公厅关于加强医院安全防范系统建设的指导意见（2）","国家卫生计生委办公厅公安部办公厅关于加强医院安全防范系统建设的指导意见（2）.pdf","17_醫工設備與環境\12_後勤物流與保全\未標示年份\国家卫生计生委办公厅公安部办公厅关于加强医院安全防范系统建设的指导意见（2）.pdf","醫工設備與環境","後勤物流與保全","UNKNOWN","未標示年份","","待確認或非規範文件","醫療器材與設備","後勤、建築與設施安全；消防、治安與應急管理；環境、能源與醫療廢棄物","pdf","pdf_needs_ocr","501416ec41cedbd90889ce1766e098b2c354a00d3772b1d4b118c8794894d859","2294400","2026-04-08T05:41:42.000Z","needs_review","0.35"
"8ea09ba73d19ac37","保安服务规范 医院","保安服务规范 医院.pdf","17_醫工設備與環境\12_後勤物流與保全\未標示年份\保安服务规范 医院.pdf","醫工設備與環境","後勤物流與保全","UNKNOWN","未標示年份","","國家或地方標準","醫療器材與設備","後勤、建築與設施安全；消防、治安與應急管理；環境、能源與醫療廢棄物","pdf","pdf_text_layer","d74b477def4c9fa83c735008dcaf552338fefeee0186e0cd0c4c010fcc153249","160593","2026-04-08T07:17:54.000Z","needs_review","0.35"
"c043a46103df2a98","保安服务规范 医院（2）","保安服务规范 医院（2）.pdf","17_醫工設備與環境\12_後勤物流與保全\未標示年份\保安服务规范 医院（2）.pdf","醫工設備與環境","後勤物流與保全","UNKNOWN","未標示年份","","國家或地方標準","醫療器材與設備","後勤、建築與設施安全；消防、治安與應急管理；環境、能源與醫療廢棄物","pdf","pdf_text_layer","d74b477def4c9fa83c735008dcaf552338fefeee0186e0cd0c4c010fcc153249","160593","2026-04-08T07:17:54.000Z","needs_review","0.35"
"46705d9e0b18bf8c","基于三级甲等综合医院复评的药事质量与安全监控体系构建","基于三级甲等综合医院复评的药事质量与安全监控体系构建.pdf","17_醫工設備與環境\12_後勤物流與保全\未標示年份\基于三级甲等综合医院复评的药事质量与安全监控体系构建.pdf","醫工設備與環境","後勤物流與保全","UNKNOWN","未標示年份","","待確認或非規範文件","藥事與藥品管理","醫療器材與設備；後勤、建築與設施安全；消防、治安與應急管理；環境、能源與醫療廢棄物","pdf","pdf_needs_ocr","d66217dd8a1cce99cbbf1d2b77da55fab9f7590bc5f813cdb8cc4a134606d172","1324906","2024-08-24T08:42:54.000Z","needs_review","0.35"
"4cd0b65e2685bc29","GB安全防范工程技术规范","GB安全防范工程技术规范.docx","17_醫工設備與環境\12_後勤物流與保全\未標示年份\GB安全防范工程技术规范.docx","醫工設備與環境","後勤物流與保全","UNKNOWN","2004","2004；2000","醫院評鑑／認證標準","感染預防與控制","資訊安全與個人資料；醫技、檢驗與病理；急診與緊急醫療；醫療器材與設備；後勤、建築與設施安全；消防、治安與應急管理；環境、能源與醫療廢棄物","docx","office_xml","88bbcaffdebdd63a6ce24694c73c6b68d5e1b690c1ac958e86eac1f2ce6671fc","75395","2022-07-06T14:41:08.000Z","needs_review","0.35"
"9923ca9943897ff1","GB安全防范工程技术规范（2）","GB安全防范工程技术规范（2）.docx","17_醫工設備與環境\12_後勤物流與保全\未標示年份\GB安全防范工程技术规范（2）.docx","醫工設備與環境","後勤物流與保全","UNKNOWN","2004","2004；2000","醫院評鑑／認證標準","感染預防與控制","資訊安全與個人資料；醫技、檢驗與病理；急診與緊急醫療；醫療器材與設備；後勤、建築與設施安全；消防、治安與應急管理；環境、能源與醫療廢棄物","docx","office_xml","88bbcaffdebdd63a6ce24694c73c6b68d5e1b690c1ac958e86eac1f2ce6671fc","75395","2022-07-06T14:41:08.000Z","needs_review","0.35"
"1429004ff1d91e44","DB11_T 1322.2-2017 安全生产等级评定技术规范 第2部分：安全生产通用要求","DB11_T 1322.2-2017 安全生产等级评定技术规范 第2部分：安全生产通用要求.pdf","17_醫工設備與環境\13_職業安全與應急\2017\DB11_T 1322.2-2017 安全生产等级评定技术规范 第2部分：安全生产通用要求.pdf","醫工設備與環境","職業安全與應急","UNKNOWN","2017","2017","技術規範／診療指南","急診與緊急醫療","職業安全與員工健康；醫療器材與設備；消防、治安與應急管理；環境、能源與醫療廢棄物","pdf","pdf_text_layer","9641452847f84b06dfff15e814eee89fbbbd5bbe53f57f2c5774ec2ea6aec68e","598342","2025-06-16T09:27:40.000Z","needs_review","0.35"
"ea4abf3c14098050","DB37T 3954-2020医疗卫生机构安全事故隐患排查治理体系","DB37T 3954-2020医疗卫生机构安全事故隐患排查治理体系.pdf","17_醫工設備與環境\13_職業安全與應急\2020\DB37T 3954-2020医疗卫生机构安全事故隐患排查治理体系.pdf","醫工設備與環境","職業安全與應急","UNKNOWN","2020","2020","國家或地方標準","急診與緊急醫療","職業安全與員工健康；醫療器材與設備；消防、治安與應急管理；環境、能源與醫療廢棄物","pdf","pdf_text_layer","9a835bd99d1d6e23cd48285a2444d1ca732e7e72902510d352acd54863da988a","884360","2022-08-27T13:20:52.000Z","needs_review","0.35"
"35c088ecd633eef1","YJ_T 26-2024 应急避难场所 设施设备及物资配置","YJ_T 26-2024 应急避难场所 设施设备及物资配置.pdf","17_醫工設備與環境\13_職業安全與應急\2024\YJ_T 26-2024 应急避难场所 设施设备及物资配置.pdf","醫工設備與環境","職業安全與應急","UNKNOWN","2024","2024","待確認或非規範文件","急診與緊急醫療","職業安全與員工健康；醫療器材與設備；消防、治安與應急管理；環境、能源與醫療廢棄物","pdf","pdf_needs_ocr","bc3c2777c45a632afdcde6816bd745013d11a44656f080c3bf1cfd2961f34eac","5346140","2024-11-07T08:05:44.000Z","needs_review","0.35"
"deeee419997e6e4e","T_CPHARMA 008-2025 突发事件应急保障药品目录编制规范","T_CPHARMA 008-2025 突发事件应急保障药品目录编制规范.pdf","17_醫工設備與環境\13_職業安全與應急\2025\T_CPHARMA 008-2025 突发事件应急保障药品目录编制规范.pdf","醫工設備與環境","職業安全與應急","UNKNOWN","2025","2025","國家或地方標準","藥事與藥品管理","急診與緊急醫療；職業安全與員工健康；醫療器材與設備；消防、治安與應急管理；環境、能源與醫療廢棄物","pdf","pdf_text_layer","e8c8e07bd435c5daa61659f42b7aaa73149bf69e1f87d8953547acb338f40fb4","359657","2026-02-23T04:57:48.000Z","needs_review","0.35"
"30ac30469ddb9336","医疗卫生机构安全生产标准化规范","医疗卫生机构安全生产标准化规范.pdf","17_醫工設備與環境\13_職業安全與應急\未標示年份\医疗卫生机构安全生产标准化规范.pdf","醫工設備與環境","職業安全與應急","UNKNOWN","未標示年份","","待確認或非規範文件","急診與緊急醫療","職業安全與員工健康；醫療器材與設備；消防、治安與應急管理；環境、能源與醫療廢棄物","pdf","pdf_needs_ocr","0f9b0fb1c5ff81fcad5036edb701640bf53cc9e7d8e2a05d45720656fdcc22dd","1107471","2023-07-13T03:38:14.000Z","needs_review","0.35"
"b70eedc6d6356cfa","河北省特种设备安全风险分级管控隐患排查治理指导手册","河北省特种设备安全风险分级管控隐患排查治理指导手册.pdf","17_醫工設備與環境\13_職業安全與應急\未標示年份\河北省特种设备安全风险分级管控隐患排查治理指导手册.pdf","醫工設備與環境","職業安全與應急","UNKNOWN","2018","2018","國家或地方標準","急診與緊急醫療","職業安全與員工健康；醫療器材與設備；消防、治安與應急管理；環境、能源與醫療廢棄物","pdf","pdf_text_layer","95963f0e106d04208aa8dc6a14b44910b98e11de4efc57dd9f739c76a4517b75","2524851","2023-04-09T13:22:16.000Z","needs_review","0.35"
"4018ccd535cfeec2","河北省特种设备安全风险分级管控隐患排查治理指导手册（2）","河北省特种设备安全风险分级管控隐患排查治理指导手册（2）.pdf","17_醫工設備與環境\13_職業安全與應急\未標示年份\河北省特种设备安全风险分级管控隐患排查治理指导手册（2）.pdf","醫工設備與環境","職業安全與應急","UNKNOWN","2018","2018","國家或地方標準","急診與緊急醫療","職業安全與員工健康；醫療器材與設備；消防、治安與應急管理；環境、能源與醫療廢棄物","pdf","pdf_text_layer","95963f0e106d04208aa8dc6a14b44910b98e11de4efc57dd9f739c76a4517b75","2524851","2023-04-09T13:22:16.000Z","needs_review","0.35"
"ecb16e0878fe6499","河北省特种设备事故应急预案","河北省特种设备事故应急预案.pdf","17_醫工設備與環境\13_職業安全與應急\未標示年份\河北省特种设备事故应急预案.pdf","醫工設備與環境","職業安全與應急","UNKNOWN","未標示年份","","待確認或非規範文件","急診與緊急醫療","職業安全與員工健康；醫療器材與設備；消防、治安與應急管理；環境、能源與醫療廢棄物","pdf","pdf_needs_ocr","417ddb8c803b7b8bb4978f59b8a6107f2b8539e376b9bac90b8e14972e0bf471","1667837","2023-04-09T13:24:14.000Z","needs_review","0.35"
"6486adcf1dfc97c8","河北省特种设备事故应急预案（2）","河北省特种设备事故应急预案（2）.pdf","17_醫工設備與環境\13_職業安全與應急\未標示年份\河北省特种设备事故应急预案（2）.pdf","醫工設備與環境","職業安全與應急","UNKNOWN","未標示年份","","待確認或非規範文件","急診與緊急醫療","職業安全與員工健康；醫療器材與設備；消防、治安與應急管理；環境、能源與醫療廢棄物","pdf","pdf_needs_ocr","417ddb8c803b7b8bb4978f59b8a6107f2b8539e376b9bac90b8e14972e0bf471","1667837","2023-04-09T13:24:14.000Z","needs_review","0.35"
"0f61819d60b7c650","河北省特种设备事故应急预案（2）（3）","河北省特种设备事故应急预案（2）（3）.pdf","17_醫工設備與環境\13_職業安全與應急\未標示年份\河北省特种设备事故应急预案（2）（3）.pdf","醫工設備與環境","職業安全與應急","UNKNOWN","未標示年份","","待確認或非規範文件","急診與緊急醫療","職業安全與員工健康；醫療器材與設備；消防、治安與應急管理；環境、能源與醫療廢棄物","pdf","pdf_needs_ocr","417ddb8c803b7b8bb4978f59b8a6107f2b8539e376b9bac90b8e14972e0bf471","1667837","2023-04-09T13:24:14.000Z","needs_review","0.35"
"7f27084baac6ed6a","WS 399—2023血液储存标准（代替WS 399—2012）","WS 399—2023血液储存标准（代替WS 399—2012）.pdf","17_醫工設備與環境\90_其他後勤\2012\WS 399—2023血液储存标准（代替WS 399—2012）.pdf","醫工設備與環境","其他後勤","UNKNOWN","2012","2012；2023","國家或地方標準","醫療器材與設備","後勤、建築與設施安全；環境、能源與醫療廢棄物","pdf","pdf_text_layer","b7afa5cec4523b2662d9ce75c98f8ff5d04cf2496e23eefbfd91e5783a811a6a","234438","2023-10-10T01:28:58.000Z","needs_review","0.35"
"4c99f42c61707705","WS 400-2023血液运输标准（代替WST 400-2012）","WS 400-2023血液运输标准（代替WST 400-2012）.pdf","17_醫工設備與環境\90_其他後勤\2012\WS 400-2023血液运输标准（代替WST 400-2012）.pdf","醫工設備與環境","其他後勤","UNKNOWN","2012","2012；2023","國家或地方標準","醫療器材與設備","後勤、建築與設施安全；環境、能源與醫療廢棄物","pdf","pdf_text_layer","4ace95837a2f96a20137f4a2ad5dfdc0c26a33121ac033c72aca7123a7cc59cb","218709","2023-10-10T01:29:48.000Z","needs_review","0.35"
"44f61ef80d1a48b7","WST 401—2023 献血场所配置标准（代替WST 401-2012）","WST 401—2023 献血场所配置标准（代替WST 401-2012）.pdf","17_醫工設備與環境\90_其他後勤\2012\WST 401—2023 献血场所配置标准（代替WST 401-2012）.pdf","醫工設備與環境","其他後勤","UNKNOWN","2012","2012；2023","國家或地方標準","輸血與器官移植","醫療器材與設備；後勤、建築與設施安全；環境、能源與醫療廢棄物","pdf","pdf_text_layer","5185ff484c9d1d0d4022cb0a9bbd82f12834e426fe8dd869c14eb7a88cd1d102","233465","2023-10-10T01:30:44.000Z","needs_review","0.35"
"4eca6fcb88593d87","GB_T 31458-2015 医院安全技术防范系统要求","GB_T 31458-2015 医院安全技术防范系统要求.pdf","17_醫工設備與環境\90_其他後勤\2015\GB_T 31458-2015 医院安全技术防范系统要求.pdf","醫工設備與環境","其他後勤","UNKNOWN","2015","2015","國家或地方標準","醫療器材與設備","後勤、建築與設施安全；環境、能源與醫療廢棄物","pdf","pdf_needs_ocr","d55205c83d9969672e1cddac69b818552785b22aebdb5dc4153d70e5167beb3f","3637578","2024-11-11T10:20:28.000Z","needs_review","0.35"
"bb8f1529e5e4af1e","GB_T 31458-2015 医院安全技术防范系统要求（2）","GB_T 31458-2015 医院安全技术防范系统要求（2）.pdf","17_醫工設備與環境\90_其他後勤\2015\GB_T 31458-2015 医院安全技术防范系统要求（2）.pdf","醫工設備與環境","其他後勤","UNKNOWN","2015","2015","國家或地方標準","醫療器材與設備","後勤、建築與設施安全；環境、能源與醫療廢棄物","pdf","pdf_needs_ocr","d55205c83d9969672e1cddac69b818552785b22aebdb5dc4153d70e5167beb3f","3637578","2024-11-11T10:20:28.000Z","needs_review","0.35"
"22a366fb81f5bd26","GB_T 32581-2016 入侵和紧急报警系统技术要求","GB_T 32581-2016 入侵和紧急报警系统技术要求.pdf","17_醫工設備與環境\90_其他後勤\2016\GB_T 32581-2016 入侵和紧急报警系统技术要求.pdf","醫工設備與環境","其他後勤","UNKNOWN","2016","2016","國家或地方標準","醫療器材與設備","後勤、建築與設施安全；環境、能源與醫療廢棄物","pdf","pdf_needs_ocr","caf123846285dbaa37c12e940a0f83f3f353619b0d752a16fa33bb4f8ffc3fee","11002380","2026-04-12T12:53:34.000Z","needs_review","0.35"
"3637af14f52f9423","GB_T 32581-2016 入侵和紧急报警系统技术要求（2）","GB_T 32581-2016 入侵和紧急报警系统技术要求（2）.pdf","17_醫工設備與環境\90_其他後勤\2016\GB_T 32581-2016 入侵和紧急报警系统技术要求（2）.pdf","醫工設備與環境","其他後勤","UNKNOWN","2016","2016","國家或地方標準","醫療器材與設備","後勤、建築與設施安全；環境、能源與醫療廢棄物","pdf","pdf_needs_ocr","caf123846285dbaa37c12e940a0f83f3f353619b0d752a16fa33bb4f8ffc3fee","11002380","2026-04-12T12:53:34.000Z","needs_review","0.35"
"74794307bf3473df","YY_T 1420-2016 医用超声设备环境要求及试验方法","YY_T 1420-2016 医用超声设备环境要求及试验方法.pdf","17_醫工設備與環境\90_其他後勤\2016\YY_T 1420-2016 医用超声设备环境要求及试验方法.pdf","醫工設備與環境","其他後勤","UNKNOWN","2016","2016","待確認或非規範文件","醫療器材與設備","後勤、建築與設施安全；環境、能源與醫療廢棄物","pdf","pdf_needs_ocr","5075080ad44b54aeb6c6433ef076e82dbc185f9359efe5bd60512a04bd93553b","2462566","2023-08-11T08:58:14.000Z","needs_review","0.35"
"f06537c95e50ee17","2017年3月1日《国务院城市綠化條例","2017年3月1日《国务院城市綠化條例.pdf","17_醫工設備與環境\90_其他後勤\2017\2017年3月1日《国务院城市綠化條例.pdf","醫工設備與環境","其他後勤","UNKNOWN","2017","2017","國家或地方標準","醫療器材與設備","後勤、建築與設施安全；環境、能源與醫療廢棄物","pdf","pdf_text_layer","cabadf116797855ce93af50ba54ed5b2720047a0eabc9d6548229b3a4d3409c7","297792","2023-03-10T05:25:34.000Z","needs_review","0.35"
"61cba508c6cbf4c5","细菌耐药现状2017","细菌耐药现状2017.pdf","17_醫工設備與環境\90_其他後勤\2017\细菌耐药现状2017.pdf","醫工設備與環境","其他後勤","UNKNOWN","2017","2017","待確認或非規範文件","醫療器材與設備","後勤、建築與設施安全；環境、能源與醫療廢棄物","pdf","pdf_text_layer","3d6760493b35202a96aa1e0f8dbe8a2780e9e61e937f398a7f49d61de6dcb267","2418672","2023-09-14T03:24:50.000Z","needs_review","0.35"
"40e4529bbed3c4c6","CJJ_T 85-2017 城市绿地分类标准","CJJ_T 85-2017 城市绿地分类标准.pdf","17_醫工設備與環境\90_其他後勤\2017\CJJ_T 85-2017 城市绿地分类标准.pdf","醫工設備與環境","其他後勤","UNKNOWN","2017","2017","待確認或非規範文件","醫療器材與設備","後勤、建築與設施安全；環境、能源與醫療廢棄物","pdf","pdf_needs_ocr","df152162cab6eb0afa5840c8bcf79550421808ecd3ea4b4149447d886ce380d8","1249544","2023-02-12T07:55:14.000Z","needs_review","0.35"
"3db83d9706326774","DB12_T 751-2017 医疗机构输血科（血库）建设规范","DB12_T 751-2017 医疗机构输血科（血库）建设规范.pdf","17_醫工設備與環境\90_其他後勤\2017\DB12_T 751-2017 医疗机构输血科（血库）建设规范.pdf","醫工設備與環境","其他後勤","UNKNOWN","2017","2017；2012","國家或地方標準","醫療治理與依法執業","輸血與器官移植；醫療器材與設備；後勤、建築與設施安全；環境、能源與醫療廢棄物","pdf","pdf_text_layer","097e6d6533bac14f9bbecafd6a67949d7f23b24f0502e1b85f9748d208b78b29","337876","2024-11-07T08:15:18.000Z","needs_review","0.35"
"4ead3192d9e1f550","GBT1576-2018工业锅炉水质","GBT1576-2018工业锅炉水质.pdf","17_醫工設備與環境\90_其他後勤\2018\GBT1576-2018工业锅炉水质.pdf","醫工設備與環境","其他後勤","UNKNOWN","2018","2018","國家或地方標準","醫療器材與設備","後勤、建築與設施安全；環境、能源與醫療廢棄物","pdf","pdf_needs_ocr","3cf3accfe835f06f5bd92879627245507b9b8c99fdddc0dcbee67e9d4a09a5d2","6412068","2022-08-17T06:52:04.000Z","needs_review","0.35"
"ece9df7028f9ac1c","2019年第48号实施强制管理的计量器具目录的公告","2019年第48号实施强制管理的计量器具目录的公告.pdf","17_醫工設備與環境\90_其他後勤\2019\2019年第48号实施强制管理的计量器具目录的公告.pdf","醫工設備與環境","其他後勤","UNKNOWN","2019","2019","公告／通知／函釋","醫療器材與設備","後勤、建築與設施安全；環境、能源與醫療廢棄物","pdf","pdf_needs_ocr","881e63203561c3c1e52782897a399408bec5d29602da805217eb9c112d9a4e5d","457128","2022-09-06T04:26:06.000Z","needs_review","0.35"
"c8b93831e43c3372","医疗机构临床用血管理办法（2019年修订版）","医疗机构临床用血管理办法（2019年修订版）.doc","17_醫工設備與環境\90_其他後勤\2019\医疗机构临床用血管理办法（2019年修订版）.doc","醫工設備與環境","其他後勤","UNKNOWN","2019","2019","院內制度／SOP","醫療治理與依法執業","臨床診療與醫療技術；醫療器材與設備；後勤、建築與設施安全；環境、能源與醫療廢棄物","doc","filename_only","68a2a22532f6eb817e00a758a27b761d917d89956acf10929a6159ef2d8d4d51","59392","2022-11-29T02:32:06.000Z","needs_review","0.35"
"ec2de8a57402c7c5","DB31_T 329.11-2019 重点单位重要部位安全技术防范系统-医院","DB31_T 329.11-2019 重点单位重要部位安全技术防范系统-医院.pdf","17_醫工設備與環境\90_其他後勤\2019\DB31_T 329.11-2019 重点单位重要部位安全技术防范系统-医院.pdf","醫工設備與環境","其他後勤","UNKNOWN","2019","2019","國家或地方標準","醫療器材與設備","後勤、建築與設施安全；環境、能源與醫療廢棄物","pdf","pdf_needs_ocr","01f6e49a92ac3da8062e31b89036f0c02a4968daa86f7372bde670b43090833d","7617662","2024-11-11T10:28:04.000Z","needs_review","0.35"
"43895f690fbfa9a1","DB31_T 329.11-2019 重点单位重要部位安全技术防范系统-医院（2）","DB31_T 329.11-2019 重点单位重要部位安全技术防范系统-医院（2）.pdf","17_醫工設備與環境\90_其他後勤\2019\DB31_T 329.11-2019 重点单位重要部位安全技术防范系统-医院（2）.pdf","醫工設備與環境","其他後勤","UNKNOWN","2019","2019","國家或地方標準","醫療器材與設備","後勤、建築與設施安全；環境、能源與醫療廢棄物","pdf","pdf_needs_ocr","01f6e49a92ac3da8062e31b89036f0c02a4968daa86f7372bde670b43090833d","7617662","2024-11-11T10:28:04.000Z","needs_review","0.35"
"332a8c82c7486c40","GB 37489.1-2019 公共场所卫生设计规范 第1部分：总则","GB 37489.1-2019 公共场所卫生设计规范 第1部分：总则.pdf","17_醫工設備與環境\90_其他後勤\2019\GB 37489.1-2019 公共场所卫生设计规范 第1部分：总则.pdf","醫工設備與環境","其他後勤","UNKNOWN","2019","2019","國家或地方標準","醫療器材與設備","後勤、建築與設施安全；環境、能源與醫療廢棄物","pdf","pdf_needs_ocr","a16ad5b7390b7a4a99fc8d0ffbf78da661ddc108047db34d547184018065cc2f","1750536","2023-10-06T12:24:52.000Z","needs_review","0.35"
"b2426d88f0684d2e","GB 37489.1-2019 公共场所卫生设计规范 第1部分：总则（2）","GB 37489.1-2019 公共场所卫生设计规范 第1部分：总则（2）.pdf","17_醫工設備與環境\90_其他後勤\2019\GB 37489.1-2019 公共场所卫生设计规范 第1部分：总则（2）.pdf","醫工設備與環境","其他後勤","UNKNOWN","2019","2019","國家或地方標準","醫療器材與設備","後勤、建築與設施安全；環境、能源與醫療廢棄物","pdf","pdf_needs_ocr","a16ad5b7390b7a4a99fc8d0ffbf78da661ddc108047db34d547184018065cc2f","1750536","2023-10-06T12:24:52.000Z","needs_review","0.35"
"665141f11b2b16c6","T_CNAS 05-2019 化疗药物外渗预防及处理","T_CNAS 05-2019 化疗药物外渗预防及处理.pdf","17_醫工設備與環境\90_其他後勤\2019\T_CNAS 05-2019 化疗药物外渗预防及处理.pdf","醫工設備與環境","其他後勤","UNKNOWN","2019","2019；2009；2000","國家或地方標準","醫療器材與設備","後勤、建築與設施安全；環境、能源與醫療廢棄物","pdf","pdf_text_layer","700437821a4ba906b9245cc08787fa26f95c47652d5176720b5cf651c9397224","328583","2024-02-20T14:50:02.000Z","needs_review","0.35"
"894be0b3cb80c1eb","T_CNAS 06-2019 认知障碍老年人激越行为非药物管理","T_CNAS 06-2019 认知障碍老年人激越行为非药物管理.pdf","17_醫工設備與環境\90_其他後勤\2019\T_CNAS 06-2019 认知障碍老年人激越行为非药物管理.pdf","醫工設備與環境","其他後勤","UNKNOWN","2019","2019；2009","國家或地方標準","醫療器材與設備","後勤、建築與設施安全；環境、能源與醫療廢棄物","pdf","pdf_text_layer","185075a177b9bfb6eafb0e5c8a6247d20376f05a3a604b246bfc754ddfb79afc","420952","2024-02-20T14:50:14.000Z","needs_review","0.35"
"0635d57b6e3eef5e","TCHAS 10-3-2-2019医疗保障 药品保障","TCHAS 10-3-2-2019医疗保障 药品保障.pdf","17_醫工設備與環境\90_其他後勤\2019\TCHAS 10-3-2-2019医疗保障 药品保障.pdf","醫工設備與環境","其他後勤","UNKNOWN","2019","2019","待確認或非規範文件","藥事與藥品管理","醫療器材與設備；後勤、建築與設施安全；環境、能源與醫療廢棄物","pdf","pdf_text_layer","68e9d15e3648b79fca75071048ee2468a640d080cf25ad64ab1c5f7edca92fdf","695625","2023-11-15T01:50:14.000Z","needs_review","0.35"
"ab97a34bb0690683","DB31_T 1227-2020 医疗机构输血科室设置规范","DB31_T 1227-2020 医疗机构输血科室设置规范.pdf","17_醫工設備與環境\90_其他後勤\2020\DB31_T 1227-2020 医疗机构输血科室设置规范.pdf","醫工設備與環境","其他後勤","UNKNOWN","2020","2020","國家或地方標準","醫療治理與依法執業","輸血與器官移植；醫療器材與設備；後勤、建築與設施安全；環境、能源與醫療廢棄物","pdf","pdf_needs_ocr","7b7768c10d0cbf99b38750b05c6b3b8ffe4990c2ceb41ee4658801e8f85891c5","3205566","2024-11-07T08:14:58.000Z","needs_review","0.35"
"2ba6e85a49ff589d","TCHAS 10-3-9-2020医疗保障 环境设施保障","TCHAS 10-3-9-2020医疗保障 环境设施保障.pdf","17_醫工設備與環境\90_其他後勤\2020\TCHAS 10-3-9-2020医疗保障 环境设施保障.pdf","醫工設備與環境","其他後勤","UNKNOWN","2020","2020","待確認或非規範文件","醫療器材與設備","後勤、建築與設施安全；環境、能源與醫療廢棄物","pdf","pdf_text_layer","fb482b86e4a5d6c07bfda63565e5a65450f34cbaa839260d7421aa6cdd9292b6","1322076","2023-11-15T01:49:36.000Z","needs_review","0.35"
"648052e0520e4c03","T_CNAS 22-2021 血管活性药物静脉输注护理","T_CNAS 22-2021 血管活性药物静脉输注护理.pdf","17_醫工設備與環境\90_其他後勤\2021\T_CNAS 22-2021 血管活性药物静脉输注护理.pdf","醫工設備與環境","其他後勤","UNKNOWN","2021","2021","國家或地方標準","護理管理","醫療器材與設備；後勤、建築與設施安全；環境、能源與醫療廢棄物","pdf","pdf_text_layer","483c28ceb2d8ebacfe117521643d5f394ad9d625168281105a42f380357ca412","546900","2024-02-20T14:36:26.000Z","needs_review","0.35"
"d40bce347c1ff4eb","TGDMDMA 0012.2-2021","TGDMDMA 0012.2-2021.pdf","17_醫工設備與環境\90_其他後勤\2021\TGDMDMA 0012.2-2021.pdf","醫工設備與環境","其他後勤","UNKNOWN","2021","2021","國家或地方標準","醫療器材與設備","後勤、建築與設施安全；環境、能源與醫療廢棄物","pdf","pdf_text_layer","209855ff6e65e77e02cb27f2e0988490e4a5a90fcddf97f4b47f935f34dbdb17","374369","2023-06-25T03:51:38.000Z","needs_review","0.35"
"928db5f74ce356ce","TGDMDMA 0012.2-2021调配中心运行管理","TGDMDMA 0012.2-2021调配中心运行管理.pdf","17_醫工設備與環境\90_其他後勤\2021\TGDMDMA 0012.2-2021调配中心运行管理.pdf","醫工設備與環境","其他後勤","UNKNOWN","2021","2021","國家或地方標準","醫療器材與設備","後勤、建築與設施安全；環境、能源與醫療廢棄物","pdf","pdf_text_layer","209855ff6e65e77e02cb27f2e0988490e4a5a90fcddf97f4b47f935f34dbdb17","374369","2023-06-25T03:51:52.000Z","needs_review","0.35"
"77b55c7af549abe0","2022输血相容性检测标准","2022输血相容性检测标准.pdf","17_醫工設備與環境\90_其他後勤\2022\2022输血相容性检测标准.pdf","醫工設備與環境","其他後勤","UNKNOWN","2022","2022","國家或地方標準","輸血與器官移植","醫療器材與設備；後勤、建築與設施安全；環境、能源與醫療廢棄物","pdf","pdf_text_layer","106132190f8f3c1168a78587a2b99b5d10b5a3ca7cdab7b76fd7c8bfc1c2f98b","305744","2022-02-25T06:58:40.000Z","needs_review","0.35"
"e35157a2795cf1fe","DB41_T 2319-2022 医疗机构药品不良反应报告和监测工作规范","DB41_T 2319-2022 医疗机构药品不良反应报告和监测工作规范.pdf","17_醫工設備與環境\90_其他後勤\2022\DB41_T 2319-2022 医疗机构药品不良反应报告和监测工作规范.pdf","醫工設備與環境","其他後勤","UNKNOWN","2022","2022","國家或地方標準","醫療治理與依法執業","藥事與藥品管理；醫療器材與設備；後勤、建築與設施安全；環境、能源與醫療廢棄物","pdf","pdf_text_layer","1b78dd27ba604a94a1f1274c2ab92dc8e4befd9630f684193d445d7dff6f14ff","658220","2023-12-03T06:53:26.000Z","needs_review","0.35"
"05c8dd0d5967ec47","T_CHAS 20-4-2-2022 医疗机构药事管理与药学服务 第 4","T_CHAS 20-4-2-2022 医疗机构药事管理与药学服务 第 4.pdf","17_醫工設備與環境\90_其他後勤\2022\T_CHAS 20-4-2-2022 医疗机构药事管理与药学服务 第 4.pdf","醫工設備與環境","其他後勤","UNKNOWN","2022","2022；2020；2016","待確認或非規範文件","醫療治理與依法執業","藥事與藥品管理；醫療器材與設備；後勤、建築與設施安全；環境、能源與醫療廢棄物","pdf","pdf_text_layer","8fd36d83256572f272799d5cdeaf3c0f0f79b1ab6d9010e330d484e30cbdfc76","1059177","2023-12-03T06:51:06.000Z","needs_review","0.35"
"aa1dc044eca0d313","T_HBSYYXH T_HBSYYXH0001-2022 医院智慧后勤建","T_HBSYYXH T_HBSYYXH0001-2022 医院智慧后勤建.pdf","17_醫工設備與環境\90_其他後勤\2022\T_HBSYYXH T_HBSYYXH0001-2022 医院智慧后勤建.pdf","醫工設備與環境","其他後勤","UNKNOWN","2022","2022","國家或地方標準","醫療器材與設備","後勤、建築與設施安全；環境、能源與醫療廢棄物","pdf","pdf_text_layer","98ed418760c96c5e3541f797a23f62d5547ba7c7f97aa45833bdaa25d02c3afd","17586506","2023-09-24T06:27:54.000Z","needs_review","0.35"
"9a4f7d6596de9645","T_SZSMDA 003-2022 深圳市医疗机构输血科设置规范","T_SZSMDA 003-2022 深圳市医疗机构输血科设置规范.pdf","17_醫工設備與環境\90_其他後勤\2022\T_SZSMDA 003-2022 深圳市医疗机构输血科设置规范.pdf","醫工設備與環境","其他後勤","UNKNOWN","2022","2022","待確認或非規範文件","醫療治理與依法執業","輸血與器官移植；醫療器材與設備；後勤、建築與設施安全；環境、能源與醫療廢棄物","pdf","pdf_text_layer","b802c0686865b652f47e606d3d3564c854c2ce4a60fc7973ffb8278d7dcbbd8e","330924","2026-04-22T10:26:10.000Z","needs_review","0.35"
"1d0e374951b0b4e7","T_YAIMH 001-2022 互联网医院高警示药品管理规范（试行）","T_YAIMH 001-2022 互联网医院高警示药品管理规范（试行）.pdf","17_醫工設備與環境\90_其他後勤\2022\T_YAIMH 001-2022 互联网医院高警示药品管理规范（试行）.pdf","醫工設備與環境","其他後勤","UNKNOWN","2022","2022","待確認或非規範文件","藥事與藥品管理","醫療器材與設備；後勤、建築與設施安全；環境、能源與醫療廢棄物","pdf","pdf_text_layer","148af2cee140a76699ea61106bbac3d50f7831f7edb587e7e08ab968714f55d7","319804","2023-12-03T06:54:18.000Z","needs_review","0.35"
"81ad9cc5d6fef24e","WST795—2022儿科输血指南","WST795—2022儿科输血指南.pdf","17_醫工設備與環境\90_其他後勤\2022\WST795—2022儿科输血指南.pdf","醫工設備與環境","其他後勤","UNKNOWN","2022","2022","技術規範／診療指南","輸血與器官移植","醫療器材與設備；後勤、建築與設施安全；環境、能源與醫療廢棄物","pdf","pdf_text_layer","578479578a7db87d457a3505790648a3b006de528c6c49f3da5b5b8948e5871a","415845","2022-02-25T06:38:50.000Z","needs_review","0.35"
"2a051387c3ae381d","WST795—2022儿科输血指南（2）","WST795—2022儿科输血指南（2）.pdf","17_醫工設備與環境\90_其他後勤\2022\WST795—2022儿科输血指南（2）.pdf","醫工設備與環境","其他後勤","UNKNOWN","2022","2022","技術規範／診療指南","輸血與器官移植","醫療器材與設備；後勤、建築與設施安全；環境、能源與醫療廢棄物","pdf","pdf_text_layer","578479578a7db87d457a3505790648a3b006de528c6c49f3da5b5b8948e5871a","415845","2022-02-25T06:38:50.000Z","needs_review","0.35"
"c81b4089e4d4111a","关于发布《血液储存标准》等4项卫生行业标准的通告(国卫通〔2023〕10号)","关于发布《血液储存标准》等4项卫生行业标准的通告(国卫通〔2023〕10号).pdf","17_醫工設備與環境\90_其他後勤\2023\关于发布《血液储存标准》等4项卫生行业标准的通告(国卫通〔2023〕10号).pdf","醫工設備與環境","其他後勤","UNKNOWN","2023","2023","待確認或非規範文件","醫療器材與設備","後勤、建築與設施安全；環境、能源與醫療廢棄物","pdf","pdf_needs_ocr","606a59df0fba8c55a630818986f29d3d432b66630e1782deafbc91ed0fcd19a5","513907","2023-10-10T01:26:52.000Z","needs_review","0.35"
"14595afb3d52ce86","医疗机构高警示药品风险管理规范-发布稿_20230928_140345","医疗机构高警示药品风险管理规范-发布稿_20230928_140345.pdf","17_醫工設備與環境\90_其他後勤\2023\医疗机构高警示药品风险管理规范-发布稿_20230928_140345.pdf","醫工設備與環境","其他後勤","UNKNOWN","2023","2023","國家或地方標準","醫療治理與依法執業","藥事與藥品管理；醫療器材與設備；後勤、建築與設施安全；環境、能源與醫療廢棄物","pdf","pdf_text_layer","d9ee8aa91dec93f9ce5dbaa3b6e7ec65f8a7858a4d4afd8a513e5ec6be0e2cd5","363849","2024-03-03T07:50:22.000Z","needs_review","0.35"
"f6b1e00fe073fed6","城市園林綠化養護規範惠州2023","城市園林綠化養護規範惠州2023.pdf","17_醫工設備與環境\90_其他後勤\2023\城市園林綠化養護規範惠州2023.pdf","醫工設備與環境","其他後勤","UNKNOWN","2023","2023","待確認或非規範文件","醫療器材與設備","後勤、建築與設施安全；環境、能源與醫療廢棄物","pdf","pdf_needs_ocr","263a68c3611953a895e98b558ff7bcd0f6c7035878c8596a6e0869ed35183579","1422164","2023-07-13T03:27:40.000Z","needs_review","0.35"
"26752dc7ec8b550e","糖皮质激素类药物临床应用指导原则（2023版）","糖皮质激素类药物临床应用指导原则（2023版）.pdf","17_醫工設備與環境\90_其他後勤\2023\糖皮质激素类药物临床应用指导原则（2023版）.pdf","醫工設備與環境","其他後勤","UNKNOWN","2023","2023","待確認或非規範文件","臨床診療與醫療技術","醫療器材與設備；後勤、建築與設施安全；環境、能源與醫療廢棄物","pdf","pdf_needs_ocr","d51d90a010cf50ebb690d070abae3e3abb1e4190c30310fb59d3a2d6f0bedc9c","1626711","2023-11-26T05:13:58.000Z","needs_review","0.35"
"0a9123a47ed56d69","豫卫医〔2023〕24号关于进一步强化医院安全秩序管理工作的通知","豫卫医〔2023〕24号关于进一步强化医院安全秩序管理工作的通知.pdf","17_醫工設備與環境\90_其他後勤\2023\豫卫医〔2023〕24号关于进一步强化医院安全秩序管理工作的通知.pdf","醫工設備與環境","其他後勤","UNKNOWN","2023","2023","公告／通知／函釋","醫療器材與設備","後勤、建築與設施安全；環境、能源與醫療廢棄物","pdf","pdf_needs_ocr","1e29adf07aeba38447e31ac9fc0c9d9c5859a5fb057daa7d5c2e3af4b7a832f8","1688566","2026-04-08T07:31:22.000Z","needs_review","0.35"
"21e2bb2c087d5f98","豫卫医〔2023〕24号关于进一步强化医院安全秩序管理工作的通知（2）","豫卫医〔2023〕24号关于进一步强化医院安全秩序管理工作的通知（2）.pdf","17_醫工設備與環境\90_其他後勤\2023\豫卫医〔2023〕24号关于进一步强化医院安全秩序管理工作的通知（2）.pdf","醫工設備與環境","其他後勤","UNKNOWN","2023","2023","公告／通知／函釋","醫療器材與設備","後勤、建築與設施安全；環境、能源與醫療廢棄物","pdf","pdf_needs_ocr","1e29adf07aeba38447e31ac9fc0c9d9c5859a5fb057daa7d5c2e3af4b7a832f8","1688566","2026-04-08T07:31:22.000Z","needs_review","0.35"
"5b37aeb1f7779e6d","DB32_T 4451.10-2023 医用影像设备临床使用管理与质量控","DB32_T 4451.10-2023 医用影像设备临床使用管理与质量控.pdf","17_醫工設備與環境\90_其他後勤\2023\DB32_T 4451.10-2023 医用影像设备临床使用管理与质量控.pdf","醫工設備與環境","其他後勤","UNKNOWN","2023","2023","國家或地方標準","臨床診療與醫療技術","醫療器材與設備；後勤、建築與設施安全；環境、能源與醫療廢棄物","pdf","pdf_text_layer","006fdba45d3f788b5befc065637f758610c460e8f5b6f12f63710aebc5e676db","815031","2023-10-25T04:14:16.000Z","needs_review","0.35"
"3753e1557de20fae","DB32_T 4624-2023 医疗机构中成药临床应用评价与品种遴选技","DB32_T 4624-2023 医疗机构中成药临床应用评价与品种遴选技.pdf","17_醫工設備與環境\90_其他後勤\2023\DB32_T 4624-2023 医疗机构中成药临床应用评价与品种遴选技.pdf","醫工設備與環境","其他後勤","UNKNOWN","2023","2023","國家或地方標準","醫療治理與依法執業","臨床診療與醫療技術；醫療器材與設備；後勤、建築與設施安全；環境、能源與醫療廢棄物","pdf","pdf_text_layer","17b44a1949913a1eb4b6844828b725a2e4c4a59163f3546b8a7710e5cf77b3b0","761256","2024-05-15T06:33:18.000Z","needs_review","0.35"
"7f7341649d829fae","DB3209_T 1240-2023 医疗机构药物警戒工作指南","DB3209_T 1240-2023 医疗机构药物警戒工作指南 (1).pdf","17_醫工設備與環境\90_其他後勤\2023\DB3209_T 1240-2023 医疗机构药物警戒工作指南 (1).pdf","醫工設備與環境","其他後勤","UNKNOWN","2023","2023；2018","技術規範／診療指南","醫療治理與依法執業","醫療器材與設備；後勤、建築與設施安全；環境、能源與醫療廢棄物","pdf","pdf_text_layer","4ee0e3cf929bce98b46bf7664b9cb97928911a33c2ccc5dc293af0145ffd8a84","700242","2023-08-11T09:08:38.000Z","needs_review","0.35"
"bf05fa56b10f5833","DB3209_T 1240-2023 医疗机构药物警戒工作指南","DB3209_T 1240-2023 医疗机构药物警戒工作指南.pdf","17_醫工設備與環境\90_其他後勤\2023\DB3209_T 1240-2023 医疗机构药物警戒工作指南.pdf","醫工設備與環境","其他後勤","UNKNOWN","2023","2023；2018","技術規範／診療指南","醫療治理與依法執業","醫療器材與設備；後勤、建築與設施安全；環境、能源與醫療廢棄物","pdf","pdf_text_layer","4ee0e3cf929bce98b46bf7664b9cb97928911a33c2ccc5dc293af0145ffd8a84","700242","2023-08-11T09:08:26.000Z","needs_review","0.35"
"b495e971ea2c4385","DB41_T 2399-2023 药品不良反应聚集性事件调查工作指南","DB41_T 2399-2023 药品不良反应聚集性事件调查工作指南.pdf","17_醫工設備與環境\90_其他後勤\2023\DB41_T 2399-2023 药品不良反应聚集性事件调查工作指南.pdf","醫工設備與環境","其他後勤","UNKNOWN","2023","2023","技術規範／診療指南","藥事與藥品管理","醫療器材與設備；後勤、建築與設施安全；環境、能源與醫療廢棄物","pdf","pdf_text_layer","2f24c20cbfb1ea762d4818dab29188dbbafb5620d1b3445a4b1198f7a7d30960","720548","2023-12-03T06:52:18.000Z","needs_review","0.35"
"f54a913a5df646c3","DB41_T 2402-2023 医疗机构医用分子筛制氧设备使用管理规范","DB41_T 2402-2023 医疗机构医用分子筛制氧设备使用管理规范.pdf","17_醫工設備與環境\90_其他後勤\2023\DB41_T 2402-2023 医疗机构医用分子筛制氧设备使用管理规范.pdf","醫工設備與環境","其他後勤","UNKNOWN","2023","2023","國家或地方標準","醫療治理與依法執業","醫療器材與設備；後勤、建築與設施安全；環境、能源與醫療廢棄物","pdf","pdf_text_layer","652e06bc5602cf83c3ab20daa0da64ce8af304a20f9da285c0a64f5d81acf616","561544","2023-08-11T09:11:04.000Z","needs_review","0.35"
"5c79bd05c6666397","DB61_T 1798-2023 医院保洁服务规范","DB61_T 1798-2023 医院保洁服务规范.pdf","17_醫工設備與環境\90_其他後勤\2023\DB61_T 1798-2023 医院保洁服务规范.pdf","醫工設備與環境","其他後勤","UNKNOWN","2023","2023","國家或地方標準","醫療器材與設備","後勤、建築與設施安全；環境、能源與醫療廢棄物","pdf","pdf_text_layer","ec5563690ea49086da8f78c5175cf648b289cebd2437785020d549c4358136f9","473794","2024-02-19T08:22:48.000Z","needs_review","0.35"
"1aeb16fb967286bc","T_CAME 60-2023 重症监护病房建设与设备配置标准","T_CAME 60-2023 重症监护病房建设与设备配置标准.pdf","17_醫工設備與環境\90_其他後勤\2023\T_CAME 60-2023 重症监护病房建设与设备配置标准.pdf","醫工設備與環境","其他後勤","UNKNOWN","2023","2023","國家或地方標準","醫療器材與設備","後勤、建築與設施安全；環境、能源與醫療廢棄物","pdf","pdf_text_layer","f53f2697fde5f44af74c046a9197369747f73d85302829e2967cf90e05b81582","1291669","2025-04-02T06:34:10.000Z","needs_review","0.35"
"2c0d5a417a4ac725","T_CHAS 20-3-7-1-2023 高警示药品标准分册","T_CHAS 20-3-7-1-2023 高警示药品标准分册.pdf","17_醫工設備與環境\90_其他後勤\2023\T_CHAS 20-3-7-1-2023 高警示药品标准分册.pdf","醫工設備與環境","其他後勤","UNKNOWN","2023","2023；2018；2017；2009","國家或地方標準","藥事與藥品管理","醫療器材與設備；後勤、建築與設施安全；環境、能源與醫療廢棄物","pdf","pdf_text_layer","46955b1523fe2b73f7de98c147ec16e5f51d0ec418d51f80e97e49a7b54eae2e","333204","2024-03-03T07:49:18.000Z","needs_review","0.35"
"b40e34a52c658b56","T_CNAS 20-3-7-1-2023药学保障服务 重点药品管理高警示药品","T_CNAS 20-3-7-1-2023药学保障服务 重点药品管理高警示药品.pdf","17_醫工設備與環境\90_其他後勤\2023\T_CNAS 20-3-7-1-2023药学保障服务 重点药品管理高警示药品.pdf","醫工設備與環境","其他後勤","UNKNOWN","2023","2023；2018；2017；2009","國家或地方標準","藥事與藥品管理","醫療器材與設備；後勤、建築與設施安全；環境、能源與醫療廢棄物","pdf","pdf_text_layer","adbf4da9024d1de73e43bf964b6b458ba92340a09a9ebeb7b630159bd9afb5d2","742469","2024-03-06T16:10:12.000Z","needs_review","0.35"
"c9577dcfc075b76d","T_CNAS 33-2023 植入式静脉给药装置护理技术","T_CNAS 33-2023 植入式静脉给药装置护理技术.pdf","17_醫工設備與環境\90_其他後勤\2023\T_CNAS 33-2023 植入式静脉给药装置护理技术.pdf","醫工設備與環境","其他後勤","UNKNOWN","2023","2023","國家或地方標準","護理管理","醫療器材與設備；後勤、建築與設施安全；環境、能源與醫療廢棄物","pdf","pdf_text_layer","af04c31305596d9fb3534eadda796ad9ac6b40c9ef9b27ce2e916bdf1d8fb4de","271906","2024-02-20T14:27:58.000Z","needs_review","0.35"
"00634711e7ac20f3","T_HENANPA 010-2023 医疗机构他汀类药品评价指标体系","T_HENANPA 010-2023 医疗机构他汀类药品评价指标体系.pdf","17_醫工設備與環境\90_其他後勤\2023\T_HENANPA 010-2023 医疗机构他汀类药品评价指标体系.pdf","醫工設備與環境","其他後勤","UNKNOWN","2023","2023","待確認或非規範文件","醫療治理與依法執業","藥事與藥品管理；醫療器材與設備；後勤、建築與設施安全；環境、能源與醫療廢棄物","pdf","pdf_text_layer","1fe44b48c96382b513d4c7f6cfafa531c4805fded5ce843ee724bc103cf34b82","765081","2023-12-03T06:48:02.000Z","needs_review","0.35"
"6a8ac6497da87317","T_NAHIEM 101-2023 急诊科建设与设备配置标准","T_NAHIEM 101-2023 急诊科建设与设备配置标准.pdf","17_醫工設備與環境\90_其他後勤\2023\T_NAHIEM 101-2023 急诊科建设与设备配置标准.pdf","醫工設備與環境","其他後勤","UNKNOWN","2023","2023","待確認或非規範文件","急診與緊急醫療","醫療器材與設備；後勤、建築與設施安全；環境、能源與醫療廢棄物","pdf","pdf_text_layer","57862972e769142f37e3e56243359f4a2869a1c7d4b4354ba66e800277216dc2","763298","2025-04-21T00:58:14.000Z","needs_review","0.35"
"c4a78df645a565e3","T_NAHIEM 87-2023 新生儿病房建设与设备配置标准","T_NAHIEM 87-2023 新生儿病房建设与设备配置标准.pdf","17_醫工設備與環境\90_其他後勤\2023\T_NAHIEM 87-2023 新生儿病房建设与设备配置标准.pdf","醫工設備與環境","其他後勤","UNKNOWN","2023","2023","待確認或非規範文件","醫療器材與設備","後勤、建築與設施安全；環境、能源與醫療廢棄物","pdf","pdf_text_layer","e00769353357a50241e09673a2f924445fe8f85b78af29ce9a717fc6febe56b2","799126","2025-08-06T04:28:08.000Z","needs_review","0.35"
"e2e55ff0efa07501","T_NAHIEM 87-2023 新生儿病房建设与设备配置标准（2）","T_NAHIEM 87-2023 新生儿病房建设与设备配置标准（2）.pdf","17_醫工設備與環境\90_其他後勤\2023\T_NAHIEM 87-2023 新生儿病房建设与设备配置标准（2）.pdf","醫工設備與環境","其他後勤","UNKNOWN","2023","2023","待確認或非規範文件","醫療器材與設備","後勤、建築與設施安全；環境、能源與醫療廢棄物","pdf","pdf_text_layer","e00769353357a50241e09673a2f924445fe8f85b78af29ce9a717fc6febe56b2","799126","2025-08-06T04:28:08.000Z","needs_review","0.35"
"ff792528c1d3df66","T_SBX 082-2023 冰箱温度计校准规范","T_SBX 082-2023 冰箱温度计校准规范.pdf","17_醫工設備與環境\90_其他後勤\2023\T_SBX 082-2023 冰箱温度计校准规范.pdf","醫工設備與環境","其他後勤","UNKNOWN","2023","2023；2011；2005；1908","國家或地方標準","醫療器材與設備","後勤、建築與設施安全；環境、能源與醫療廢棄物","pdf","pdf_text_layer","1cf9b1c05bf4caaa06b96209ee8dd47f47f5735a076e2b07a994718a972785a2","554677","2025-09-08T06:00:58.000Z","needs_review","0.35"
"955392c7938b22c5","T_SPM 008-2023 医院物业管理服务规范","T_SPM 008-2023 医院物业管理服务规范.pdf","17_醫工設備與環境\90_其他後勤\2023\T_SPM 008-2023 医院物业管理服务规范.pdf","醫工設備與環境","其他後勤","UNKNOWN","2023","2023","國家或地方標準","醫療器材與設備","後勤、建築與設施安全；環境、能源與醫療廢棄物","pdf","pdf_text_layer","005c6e2339cb64d001d9adde49c51f936641e8d6bb12549eca65ec1179a7ae2a","734963","2025-02-28T01:23:58.000Z","needs_review","0.35"
"51ca91ca3261c333","T_XMYXH 0003-2023 厦门市医疗机构静脉药物调配中心建设规","T_XMYXH 0003-2023 厦门市医疗机构静脉药物调配中心建设规.pdf","17_醫工設備與環境\90_其他後勤\2023\T_XMYXH 0003-2023 厦门市医疗机构静脉药物调配中心建设规.pdf","醫工設備與環境","其他後勤","UNKNOWN","2023","2023","待確認或非規範文件","醫療治理與依法執業","醫療器材與設備；後勤、建築與設施安全；環境、能源與醫療廢棄物","pdf","pdf_text_layer","bcd55f5f930bcc088ac33a9334c2db04884e2823ea84f4d573e8869e88f8473e","444624","2024-05-15T06:33:44.000Z","needs_review","0.35"
"b1d79082ca37a967","T_ZCHSP 004-2023 药品分剂量操作规范","T_ZCHSP 004-2023 药品分剂量操作规范.pdf","17_醫工設備與環境\90_其他後勤\2023\T_ZCHSP 004-2023 药品分剂量操作规范.pdf","醫工設備與環境","其他後勤","UNKNOWN","2023","2023","國家或地方標準","藥事與藥品管理","醫療器材與設備；後勤、建築與設施安全；環境、能源與醫療廢棄物","pdf","pdf_text_layer","18545d7a1d48da48ca73b438c77ea0457580f61dcb876604e1af1e3db05d0fe1","1597454","2023-12-03T06:47:08.000Z","needs_review","0.35"
"36bdcd8ca866fb5c","WS 399-2023 血液储存标准","WS 399-2023 血液储存标准.pdf","17_醫工設備與環境\90_其他後勤\2023\WS 399-2023 血液储存标准.pdf","醫工設備與環境","其他後勤","UNKNOWN","2023","2023","國家或地方標準","醫療器材與設備","後勤、建築與設施安全；環境、能源與醫療廢棄物","pdf","pdf_text_layer","6786309a3f815b7626b78ba88e4a847f1b0913565cbb68d4612532ff570d11fe","225331","2025-08-19T09:52:10.000Z","needs_review","0.35"
"eab5f05f3ae1e9db","WS_T 819-2023 县级综合医院设备配置标准","WS_T 819-2023 县级综合医院设备配置标准.pdf","17_醫工設備與環境\90_其他後勤\2023\WS_T 819-2023 县级综合医院设备配置标准.pdf","醫工設備與環境","其他後勤","UNKNOWN","2023","2023","國家或地方標準","醫療器材與設備","後勤、建築與設施安全；環境、能源與醫療廢棄物","pdf","pdf_text_layer","366a2e3e11d3d0f9b2de3d459b5519c0752475b2bb9f576d237b238e9128db12","1911484","2023-08-11T09:00:50.000Z","needs_review","0.35"
"dd30775ea3b79daa","WS_T 819-2023 县级综合医院设备配置标准（2）","WS_T 819-2023 县级综合医院设备配置标准（2）.pdf","17_醫工設備與環境\90_其他後勤\2023\WS_T 819-2023 县级综合医院设备配置标准（2）.pdf","醫工設備與環境","其他後勤","UNKNOWN","2023","2023","國家或地方標準","醫療器材與設備","後勤、建築與設施安全；環境、能源與醫療廢棄物","pdf","pdf_text_layer","366a2e3e11d3d0f9b2de3d459b5519c0752475b2bb9f576d237b238e9128db12","1911484","2023-08-11T09:00:54.000Z","needs_review","0.35"
"d523a0fed87392ac","WST 825-2023 血站业务场所命名标准","WST 825-2023 血站业务场所命名标准.pdf","17_醫工設備與環境\90_其他後勤\2023\WST 825-2023 血站业务场所命名标准.pdf","醫工設備與環境","其他後勤","UNKNOWN","2023","2023","國家或地方標準","醫療器材與設備","後勤、建築與設施安全；環境、能源與醫療廢棄物","pdf","pdf_text_layer","4ace95837a2f96a20137f4a2ad5dfdc0c26a33121ac033c72aca7123a7cc59cb","218709","2023-10-10T01:31:22.000Z","needs_review","0.35"
"567cdd9d634a350d","肥胖患者的长期体重管理及药物临床应用指南(2024版)","肥胖患者的长期体重管理及药物临床应用指南(2024版).pdf","17_醫工設備與環境\90_其他後勤\2024\肥胖患者的长期体重管理及药物临床应用指南(2024版).pdf","醫工設備與環境","其他後勤","UNKNOWN","2024","2024","技術規範／診療指南","臨床診療與醫療技術","醫療器材與設備；後勤、建築與設施安全；環境、能源與醫療廢棄物","pdf","pdf_needs_ocr","d6a8d266c324f4ff9b8814fb8cb32a2b56606381acb02b9507bb9c19dcf9242f","3199629","2025-04-14T01:52:32.000Z","needs_review","0.35"
"0ca52590aae5dca9","静脉铁剂的临床应用和药学监护专家共识（2024）","静脉铁剂的临床应用和药学监护专家共识（2024）.pdf","17_醫工設備與環境\90_其他後勤\2024\静脉铁剂的临床应用和药学监护专家共识（2024）.pdf","醫工設備與環境","其他後勤","UNKNOWN","2024","2024","專家共識","藥事與藥品管理","臨床診療與醫療技術；醫療器材與設備；後勤、建築與設施安全；環境、能源與醫療廢棄物","pdf","pdf_needs_ocr","32f854e3db8a6917217adaf0c604e8a857aa58d622ef41a74e3e81cf0bc06db0","2344734","2025-04-02T05:53:02.000Z","needs_review","0.35"
"6e2878eb41001162","DB14_T 3133-2024 药品质量管理标准体系","DB14_T 3133-2024 药品质量管理标准体系.pdf","17_醫工設備與環境\90_其他後勤\2024\DB14_T 3133-2024 药品质量管理标准体系.pdf","醫工設備與環境","其他後勤","UNKNOWN","2024","2024","國家或地方標準","醫院評鑑與醫療品質","藥事與藥品管理；醫療器材與設備；後勤、建築與設施安全；環境、能源與醫療廢棄物","pdf","pdf_text_layer","a592489e2fdc4fd6688a77282e3686f8c44fd398825659e3638ba1161eb11ef5","2402140","2024-10-28T00:34:54.000Z","needs_review","0.35"
"747dcde9059e98d2","DB15_T 972-2024 医疗机构物业管理服务规范","DB15_T 972-2024 医疗机构物业管理服务规范.pdf","17_醫工設備與環境\90_其他後勤\2024\DB15_T 972-2024 医疗机构物业管理服务规范.pdf","醫工設備與環境","其他後勤","UNKNOWN","2024","2024；2016","國家或地方標準","醫療治理與依法執業","醫療器材與設備；後勤、建築與設施安全；環境、能源與醫療廢棄物","pdf","pdf_text_layer","99628787cdda18deec1fb1a444af2dd7f4872402edb9537fb837f29b9edd2508","1417348","2024-10-15T06:44:04.000Z","needs_review","0.35"
"e0635322aa6b64d0","DB33_T 768.2-2024 安全技术防范系统建设技术规范 第2部危险物品存放场所","DB33_T 768.2-2024 安全技术防范系统建设技术规范 第2部危险物品存放场所.pdf","17_醫工設備與環境\90_其他後勤\2024\DB33_T 768.2-2024 安全技术防范系统建设技术规范 第2部危险物品存放场所.pdf","醫工設備與環境","其他後勤","UNKNOWN","2024","2024","技術規範／診療指南","醫療器材與設備","後勤、建築與設施安全；環境、能源與醫療廢棄物","pdf","pdf_text_layer","0f433a7da1f678893bd6bec4021f4c25969529e7dc16e17d949230ee7581bdb2","330543","2024-11-11T10:26:16.000Z","needs_review","0.35"
"8be2875c4b09f9a3","DB33_T 768.2-2024 安全技术防范系统建设技术规范 第2部危险物品存放场所（2）","DB33_T 768.2-2024 安全技术防范系统建设技术规范 第2部危险物品存放场所（2）.pdf","17_醫工設備與環境\90_其他後勤\2024\DB33_T 768.2-2024 安全技术防范系统建设技术规范 第2部危险物品存放场所（2）.pdf","醫工設備與環境","其他後勤","UNKNOWN","2024","2024","技術規範／診療指南","醫療器材與設備","後勤、建築與設施安全；環境、能源與醫療廢棄物","pdf","pdf_text_layer","0f433a7da1f678893bd6bec4021f4c25969529e7dc16e17d949230ee7581bdb2","330543","2024-11-11T10:26:16.000Z","needs_review","0.35"
"4039fea096244598","DB33_T 768.6-2024 安全技术防范系统建设技术规范 第6部","DB33_T 768.6-2024 安全技术防范系统建设技术规范 第6部.pdf","17_醫工設備與環境\90_其他後勤\2024\DB33_T 768.6-2024 安全技术防范系统建设技术规范 第6部.pdf","醫工設備與環境","其他後勤","UNKNOWN","2024","2024","技術規範／診療指南","醫療器材與設備","後勤、建築與設施安全；環境、能源與醫療廢棄物","pdf","pdf_text_layer","916020a7ca5067ed4e1d7178f64f78dab92b2bd63b51b1da218a8c2b2ec65915","336717","2024-11-07T06:25:24.000Z","needs_review","0.35"
"9b94d360a50d33cf","DB3301_T 0222-2024 国际化医院建设规范","DB3301_T 0222-2024 国际化医院建设规范.pdf","17_醫工設備與環境\90_其他後勤\2024\DB3301_T 0222-2024 国际化医院建设规范.pdf","醫工設備與環境","其他後勤","UNKNOWN","2024","2024；2018；2017","國家或地方標準","醫療器材與設備","後勤、建築與設施安全；環境、能源與醫療廢棄物","pdf","pdf_text_layer","c2386d5716883a6780ec1a48ba6502179cbbfa12f174ff6f319ec5d4eab06b53","378156","2025-02-28T01:36:14.000Z","needs_review","0.35"
"f0d04914567c152d","DB34_T 4795-2024 医疗机构药物基因检测指导个体化药学服务","DB34_T 4795-2024 医疗机构药物基因检测指导个体化药学服务.pdf","17_醫工設備與環境\90_其他後勤\2024\DB34_T 4795-2024 医疗机构药物基因检测指导个体化药学服务.pdf","醫工設備與環境","其他後勤","UNKNOWN","2024","2024；2022；2021；2020；2015","國家或地方標準","醫療治理與依法執業","藥事與藥品管理；醫療器材與設備；後勤、建築與設施安全；環境、能源與醫療廢棄物","pdf","pdf_text_layer","d649dcade998f2d8526a3e88c5133aba05191340109bc41651b398619a779c71","618860","2024-06-21T01:18:02.000Z","needs_review","0.35"
"299799ce36748e7d","DB52_T 1845-2024 医疗机构药物重整管理规范","DB52_T 1845-2024 医疗机构药物重整管理规范.pdf","17_醫工設備與環境\90_其他後勤\2024\DB52_T 1845-2024 医疗机构药物重整管理规范.pdf","醫工設備與環境","其他後勤","UNKNOWN","2024","2024；2021；2013","國家或地方標準","醫療治理與依法執業","醫療器材與設備；後勤、建築與設施安全；環境、能源與醫療廢棄物","pdf","pdf_text_layer","6aebe78a98cf129a732a28a11722bd66d70f6359797ab1b6e73d60baa5bfae66","469717","2024-10-28T00:33:22.000Z","needs_review","0.35"
"74575c91f4410885","DB6101_T 3194-2024 急抢救药品配送服务规范","DB6101_T 3194-2024 急抢救药品配送服务规范.pdf","17_醫工設備與環境\90_其他後勤\2024\DB6101_T 3194-2024 急抢救药品配送服务规范.pdf","醫工設備與環境","其他後勤","UNKNOWN","2024","2024","國家或地方標準","藥事與藥品管理","醫療器材與設備；後勤、建築與設施安全；環境、能源與醫療廢棄物","pdf","pdf_text_layer","2088de87bcb33d9ca25bf4be03aef34a62c141add7a251c678e71eb3a3178a95","223886","2024-09-22T02:09:16.000Z","needs_review","0.35"
"d41369e5b6c18a12","GB 1588-2024 医用玻璃体温计","GB 1588-2024 医用玻璃体温计.pdf","17_醫工設備與環境\90_其他後勤\2024\GB 1588-2024 医用玻璃体温计.pdf","醫工設備與環境","其他後勤","UNKNOWN","2024","2024","國家或地方標準","醫療器材與設備","後勤、建築與設施安全；環境、能源與醫療廢棄物","pdf","pdf_text_layer","0f7fea4ec66d3eaea91e6f877a31d665f8691ea4668b94c8d05bf3d646c532c7","1024288","2024-10-15T07:06:40.000Z","needs_review","0.35"
"f0ec24e8e3d3b095","T_CACM 1563.2-2024 医疗机构中药药物警戒体系建设指南","T_CACM 1563.2-2024 医疗机构中药药物警戒体系建设指南.pdf","17_醫工設備與環境\90_其他後勤\2024\T_CACM 1563.2-2024 医疗机构中药药物警戒体系建设指南.pdf","醫工設備與環境","其他後勤","UNKNOWN","2024","2024；2023；2020；2010","技術規範／診療指南","醫療治理與依法執業","醫療器材與設備；後勤、建築與設施安全；環境、能源與醫療廢棄物","pdf","pdf_text_layer","824230d7a869ba8f320ab7f400e678638d61c29c3d35915820bd183b6cb76a06","665134","2024-03-18T05:12:00.000Z","needs_review","0.35"
"b4ee42fd0aa76a19","T_CACM 1579-2024 医疗机构中药饮片验收规范","T_CACM 1579-2024 医疗机构中药饮片验收规范.pdf","17_醫工設備與環境\90_其他後勤\2024\T_CACM 1579-2024 医疗机构中药饮片验收规范.pdf","醫工設備與環境","其他後勤","UNKNOWN","2024","2024；2008","國家或地方標準","醫療治理與依法執業","醫療器材與設備；後勤、建築與設施安全；環境、能源與醫療廢棄物","pdf","pdf_text_layer","c930c0f1e6be8c2b4c48f07186a06b9634285106b4bc82312f719d11828c6a02","675852","2024-06-09T02:43:00.000Z","needs_review","0.35"
"92c94e56885de73d","T_CHAS 20-3-7-2-2024 医疗机构药事管理与药学服务 易混淆药品","T_CHAS 20-3-7-2-2024 医疗机构药事管理与药学服务 易混淆药品.pdf","17_醫工設備與環境\90_其他後勤\2024\T_CHAS 20-3-7-2-2024 医疗机构药事管理与药学服务 易混淆药品.pdf","醫工設備與環境","其他後勤","UNKNOWN","2024","2024","國家或地方標準","醫療治理與依法執業","藥事與藥品管理；醫療器材與設備；後勤、建築與設施安全；環境、能源與醫療廢棄物","pdf","pdf_text_layer","6d59fcbc6beffcb20bf3b3cb21d8708d56a6131794a2b3f73fcd93d6495f512d","392725","2024-09-22T02:10:20.000Z","needs_review","0.35"
"29dbf4be324c8209","T_CHAS 20-3-7-2-2024 医疗机构药事管理与药学服务 第","T_CHAS 20-3-7-2-2024 医疗机构药事管理与药学服务 第.pdf","17_醫工設備與環境\90_其他後勤\2024\T_CHAS 20-3-7-2-2024 医疗机构药事管理与药学服务 第.pdf","醫工設備與環境","其他後勤","UNKNOWN","2024","2024","國家或地方標準","醫療治理與依法執業","藥事與藥品管理；醫療器材與設備；後勤、建築與設施安全；環境、能源與醫療廢棄物","pdf","pdf_text_layer","6d59fcbc6beffcb20bf3b3cb21d8708d56a6131794a2b3f73fcd93d6495f512d","392725","2024-09-22T02:10:20.000Z","needs_review","0.35"
"6b0c579f7b8bf902","T_CHAS 20-3-7-3-2024 医疗机构药事管理与药学服务 第","T_CHAS 20-3-7-3-2024 医疗机构药事管理与药学服务 第.pdf","17_醫工設備與環境\90_其他後勤\2024\T_CHAS 20-3-7-3-2024 医疗机构药事管理与药学服务 第.pdf","醫工設備與環境","其他後勤","UNKNOWN","2024","2024","待確認或非規範文件","醫療治理與依法執業","藥事與藥品管理；醫療器材與設備；後勤、建築與設施安全；環境、能源與醫療廢棄物","pdf","pdf_text_layer","ff5b5e3a51b92e09280c8e2f88f3485a9b77045ebb3f97a3990b322e7c1dbb7f","296567","2024-09-22T02:07:14.000Z","needs_review","0.35"
"2709540b6758f7f4","T_CHAS 20-3-7-3-2024 医疗机构药事管理与药学服务 第（2）","T_CHAS 20-3-7-3-2024 医疗机构药事管理与药学服务 第（2）.pdf","17_醫工設備與環境\90_其他後勤\2024\T_CHAS 20-3-7-3-2024 医疗机构药事管理与药学服务 第（2）.pdf","醫工設備與環境","其他後勤","UNKNOWN","2024","2024","待確認或非規範文件","醫療治理與依法執業","藥事與藥品管理；醫療器材與設備；後勤、建築與設施安全；環境、能源與醫療廢棄物","pdf","pdf_text_layer","ff5b5e3a51b92e09280c8e2f88f3485a9b77045ebb3f97a3990b322e7c1dbb7f","296567","2026-03-16T05:29:12.000Z","needs_review","0.35"
"9ef56b1dbc512222","T_CHAS 20-3-7-3-2024 抢救车与基数药品","T_CHAS 20-3-7-3-2024 抢救车与基数药品.pdf","17_醫工設備與環境\90_其他後勤\2024\T_CHAS 20-3-7-3-2024 抢救车与基数药品.pdf","醫工設備與環境","其他後勤","UNKNOWN","2024","2024","待確認或非規範文件","藥事與藥品管理","醫療器材與設備；後勤、建築與設施安全；環境、能源與醫療廢棄物","pdf","pdf_text_layer","ff5b5e3a51b92e09280c8e2f88f3485a9b77045ebb3f97a3990b322e7c1dbb7f","296567","2024-09-22T02:07:14.000Z","needs_review","0.35"
"dddc6467239a0a02","T_CHAS 20-4-11-3-2024 医疗机构药事管理与药学服务 药品不良事件管理","T_CHAS 20-4-11-3-2024 医疗机构药事管理与药学服务 药品不良事件管理.pdf","17_醫工設備與環境\90_其他後勤\2024\T_CHAS 20-4-11-3-2024 医疗机构药事管理与药学服务 药品不良事件管理.pdf","醫工設備與環境","其他後勤","UNKNOWN","2024","2024","國家或地方標準","醫療治理與依法執業","藥事與藥品管理；醫療器材與設備；後勤、建築與設施安全；環境、能源與醫療廢棄物","pdf","pdf_text_layer","d6103d18a4a5a7f9edff3a5f61145b91c4eadd3b1ebd77b13422b395e949e983","300297","2024-09-22T02:09:54.000Z","needs_review","0.35"
"213a97e231c1e7ee","T_CHAS 20-4-11-3-2024 医疗机构药事管理与药学服务","T_CHAS 20-4-11-3-2024 医疗机构药事管理与药学服务.pdf","17_醫工設備與環境\90_其他後勤\2024\T_CHAS 20-4-11-3-2024 医疗机构药事管理与药学服务.pdf","醫工設備與環境","其他後勤","UNKNOWN","2024","2024","國家或地方標準","醫療治理與依法執業","藥事與藥品管理；醫療器材與設備；後勤、建築與設施安全；環境、能源與醫療廢棄物","pdf","pdf_text_layer","d6103d18a4a5a7f9edff3a5f61145b91c4eadd3b1ebd77b13422b395e949e983","300297","2024-09-22T02:09:54.000Z","needs_review","0.35"
"dbb9a30ebb98a22a","T_CPASE G035-2024 医疗机构特种设备使用合规管理要求","T_CPASE G035-2024 医疗机构特种设备使用合规管理要求.pdf","17_醫工設備與環境\90_其他後勤\2024\T_CPASE G035-2024 医疗机构特种设备使用合规管理要求.pdf","醫工設備與環境","其他後勤","UNKNOWN","2024","2024","待確認或非規範文件","醫療治理與依法執業","醫療器材與設備；後勤、建築與設施安全；環境、能源與醫療廢棄物","pdf","pdf_text_layer","4a29d28726fcb4b71be341e4e388786d40d693c3efa86299b2519225443a5744","789686","2025-04-02T06:37:14.000Z","needs_review","0.35"
"11c0fec0d81c815f","T_CPASE G035-2024 医疗机构特种设备使用合规管理要求（2）","T_CPASE G035-2024 医疗机构特种设备使用合规管理要求（2）.pdf","17_醫工設備與環境\90_其他後勤\2024\T_CPASE G035-2024 医疗机构特种设备使用合规管理要求（2）.pdf","醫工設備與環境","其他後勤","UNKNOWN","2024","2024","待確認或非規範文件","醫療治理與依法執業","醫療器材與設備；後勤、建築與設施安全；環境、能源與醫療廢棄物","pdf","pdf_text_layer","4a29d28726fcb4b71be341e4e388786d40d693c3efa86299b2519225443a5744","789686","2025-04-02T06:37:14.000Z","needs_review","0.35"
"d881c7efcbf97053","T_SDAMDI 002-2024 湿度控制型医用冷藏箱专用要求","T_SDAMDI 002-2024 湿度控制型医用冷藏箱专用要求.pdf","17_醫工設備與環境\90_其他後勤\2024\T_SDAMDI 002-2024 湿度控制型医用冷藏箱专用要求.pdf","醫工設備與環境","其他後勤","UNKNOWN","2024","2024","待確認或非規範文件","醫療器材與設備","後勤、建築與設施安全；環境、能源與醫療廢棄物","pdf","pdf_text_layer","ea8e523c8518d383a8defbdbc310b752b17f482a2a29c2b65b39390a9ee5ce6c","775844","2025-09-08T05:59:26.000Z","needs_review","0.35"
"7d75f632dc188155","WS_T 841-2024 全国公立医疗卫生机构药品使用监测管理标准","WS_T 841-2024 全国公立医疗卫生机构药品使用监测管理标准.pdf","17_醫工設備與環境\90_其他後勤\2024\WS_T 841-2024 全国公立医疗卫生机构药品使用监测管理标准.pdf","醫工設備與環境","其他後勤","UNKNOWN","2024","2024","國家或地方標準","藥事與藥品管理","醫療器材與設備；後勤、建築與設施安全；環境、能源與醫療廢棄物","pdf","pdf_text_layer","8a3ca4ee18521f1039554b00b4f3d4ad722c54ef15ce324b20a57937d06b980b","746978","2024-09-22T02:11:44.000Z","needs_review","0.35"
"6a9f12f3f04a6650","成人心脏手术围手术期用药专家共识(2025版)","成人心脏手术围手术期用药专家共识(2025版).pdf","17_醫工設備與環境\90_其他後勤\2025\成人心脏手术围手术期用药专家共识(2025版).pdf","醫工設備與環境","其他後勤","UNKNOWN","2025","2025","專家共識","藥事與藥品管理","手術、麻醉與疼痛管理；醫療器材與設備；後勤、建築與設施安全；環境、能源與醫療廢棄物","pdf","pdf_needs_ocr","27f97ff52068eadb7a365121839464a84e0bbef80f173bc52825d36dbdb8262a","2368849","2025-12-21T09:13:46.000Z","needs_review","0.35"
"d4778f7a389879a2","临床用血技术规范（2025年版）","临床用血技术规范（2025年版）.pdf","17_醫工設備與環境\90_其他後勤\2025\临床用血技术规范（2025年版）.pdf","醫工設備與環境","其他後勤","UNKNOWN","2025","2025","技術規範／診療指南","臨床診療與醫療技術","醫療器材與設備；後勤、建築與設施安全；環境、能源與醫療廢棄物","pdf","pdf_text_layer","d7128f2756cfaade7c2804813c84d2f438d05f30ee1565ff47d43a2dc514827a","260262","2026-09-05T04:06:42.000Z","needs_review","0.35"
"33ad7cdf4d93b39e","临床用血技术规范（2025年版）（2）","临床用血技术规范（2025年版）（2）.pdf","17_醫工設備與環境\90_其他後勤\2025\临床用血技术规范（2025年版）（2）.pdf","醫工設備與環境","其他後勤","UNKNOWN","2025","2025","技術規範／診療指南","臨床診療與醫療技術","醫療器材與設備；後勤、建築與設施安全；環境、能源與醫療廢棄物","pdf","pdf_text_layer","d7128f2756cfaade7c2804813c84d2f438d05f30ee1565ff47d43a2dc514827a","260262","2026-02-01T12:01:02.000Z","needs_review","0.35"
"417697ca13d91ffe","DB31_T 1544-2025 麻醉医疗用特殊管理药品使用管理规范","DB31_T 1544-2025 麻醉医疗用特殊管理药品使用管理规范.pdf","17_醫工設備與環境\90_其他後勤\2025\DB31_T 1544-2025 麻醉医疗用特殊管理药品使用管理规范.pdf","醫工設備與環境","其他後勤","UNKNOWN","2025","2025","國家或地方標準","藥事與藥品管理","手術、麻醉與疼痛管理；醫療器材與設備；後勤、建築與設施安全；環境、能源與醫療廢棄物","pdf","pdf_needs_ocr","3e6b88232f5de446f40806297df2ffa0f467dffc476984c07044d0347c727c7e","3702339","2026-02-23T04:58:58.000Z","needs_review","0.35"
"6f552b669099ebdd","DB31_T 1544-2025 麻醉医疗用特殊管理药品使用管理规范（2）","DB31_T 1544-2025 麻醉医疗用特殊管理药品使用管理规范（2）.pdf","17_醫工設備與環境\90_其他後勤\2025\DB31_T 1544-2025 麻醉医疗用特殊管理药品使用管理规范（2）.pdf","醫工設備與環境","其他後勤","UNKNOWN","2025","2025","國家或地方標準","藥事與藥品管理","手術、麻醉與疼痛管理；醫療器材與設備；後勤、建築與設施安全；環境、能源與醫療廢棄物","pdf","pdf_needs_ocr","3e6b88232f5de446f40806297df2ffa0f467dffc476984c07044d0347c727c7e","3702339","2025-05-30T02:45:00.000Z","needs_review","0.35"
"068b68faaf266389","DB36_T 2146-2025 养老机构布局规划和功能区域设施设备配置","DB36_T 2146-2025 养老机构布局规划和功能区域设施设备配置.pdf","17_醫工設備與環境\90_其他後勤\2025\DB36_T 2146-2025 养老机构布局规划和功能区域设施设备配置.pdf","醫工設備與環境","其他後勤","UNKNOWN","2025","2025","國家或地方標準","醫療器材與設備","後勤、建築與設施安全；環境、能源與醫療廢棄物","pdf","pdf_text_layer","068c82a756e41b9faa350553ff8845870295ea1bf3b176fcceb716b6fc2db3a0","309063","2025-05-30T02:29:56.000Z","needs_review","0.35"
"13b44c638181c005","T_SDLPA 0001-2025 医疗机构住院药学诊查服务规范","T_SDLPA 0001-2025 医疗机构住院药学诊查服务规范.pdf","17_醫工設備與環境\90_其他後勤\2025\T_SDLPA 0001-2025 医疗机构住院药学诊查服务规范.pdf","醫工設備與環境","其他後勤","UNKNOWN","2025","2025","待確認或非規範文件","醫療治理與依法執業","藥事與藥品管理；醫療器材與設備；後勤、建築與設施安全；環境、能源與醫療廢棄物","pdf","pdf_text_layer","7d8c3ff1db95dd3344ada8add4a9715bec194b994f0ca387209e4dde106636a4","588653","2025-12-21T00:15:44.000Z","needs_review","0.35"
"91cbfb50b7a20b48","T_ZCHSP 009-2025 医疗机构可追溯中药饮片验收规范","T_ZCHSP 009-2025 医疗机构可追溯中药饮片验收规范.pdf","17_醫工設備與環境\90_其他後勤\2025\T_ZCHSP 009-2025 医疗机构可追溯中药饮片验收规范.pdf","醫工設備與環境","其他後勤","UNKNOWN","2025","2025","待確認或非規範文件","醫療治理與依法執業","醫療器材與設備；後勤、建築與設施安全；環境、能源與醫療廢棄物","pdf","pdf_text_layer","99f2c385f2cfc52f44b3f08d72da4c2018ce4316ff17c806596d40e46a59fc46","356453","2025-04-02T06:35:50.000Z","needs_review","0.35"
"8107e989169cc44c","T_ZJHIA 18-2025 医院智慧安防基本要求","T_ZJHIA 18-2025 医院智慧安防基本要求.pdf","17_醫工設備與環境\90_其他後勤\2025\T_ZJHIA 18-2025 医院智慧安防基本要求.pdf","醫工設備與環境","其他後勤","UNKNOWN","2025","2025","國家或地方標準","醫療器材與設備","後勤、建築與設施安全；環境、能源與醫療廢棄物","pdf","pdf_text_layer","4c9694dc2450a7607ccfe8a9f222f5e6810f0da1a7e5711b4a0689eb65dfb357","443449","2026-04-12T12:18:12.000Z","needs_review","0.35"
"71aed3597ddb1294","T_ZJHIA 18-2025 医院智慧安防基本要求（2）","T_ZJHIA 18-2025 医院智慧安防基本要求（2）.pdf","17_醫工設備與環境\90_其他後勤\2025\T_ZJHIA 18-2025 医院智慧安防基本要求（2）.pdf","醫工設備與環境","其他後勤","UNKNOWN","2025","2025","國家或地方標準","醫療器材與設備","後勤、建築與設施安全；環境、能源與醫療廢棄物","pdf","pdf_text_layer","4c9694dc2450a7607ccfe8a9f222f5e6810f0da1a7e5711b4a0689eb65dfb357","443449","2026-04-12T12:18:12.000Z","needs_review","0.35"
"821c3c49a8d5aeb3","TCNAS50─2025成人吞咽障碍患者口服给药护理","TCNAS50─2025成人吞咽障碍患者口服给药护理.pdf","17_醫工設備與環境\90_其他後勤\2025\TCNAS50─2025成人吞咽障碍患者口服给药护理.pdf","醫工設備與環境","其他後勤","UNKNOWN","2025","2025；2023","國家或地方標準","護理管理","醫療器材與設備；後勤、建築與設施安全；環境、能源與醫療廢棄物","pdf","pdf_text_layer","1d341086fff26fce78e00308a2ad0b86cea33a437e1af94f4f66eac7f9381f4f","435706","2025-10-15T01:03:10.000Z","needs_review","0.35"
"cb7812348479faa8","TCNAS53-2025抗肿瘤药物静脉给药技术","TCNAS53-2025抗肿瘤药物静脉给药技术.pdf","17_醫工設備與環境\90_其他後勤\2025\TCNAS53-2025抗肿瘤药物静脉给药技术.pdf","醫工設備與環境","其他後勤","UNKNOWN","2025","2025","國家或地方標準","醫療器材與設備","後勤、建築與設施安全；環境、能源與醫療廢棄物","pdf","pdf_text_layer","6f8ef40277bb262fdbb8998c7a1b7f12584ed23ff42e0a41caeca37c79b55d3b","418730","2025-10-15T01:03:10.000Z","needs_review","0.35"
"68ba576785e358cb","WST 508-2025医疗机构医用织物洗涤消毒技术标准","WST 508-2025医疗机构医用织物洗涤消毒技术标准.pdf","17_醫工設備與環境\90_其他後勤\2025\WST 508-2025医疗机构医用织物洗涤消毒技术标准.pdf","醫工設備與環境","其他後勤","UNKNOWN","2025","2025","國家或地方標準","醫療治理與依法執業","感染預防與控制；醫療器材與設備；後勤、建築與設施安全；環境、能源與醫療廢棄物","pdf","pdf_text_layer","d532b7e0f6404271ffd3d054b445d77d13b62a60c4f0291f5a401c0460a85c9b","441732","2025-08-26T04:49:26.000Z","needs_review","0.35"
"3cf5e694b7d496fa","WST 512-2025医疗机构环境表面清洁与消毒管理标准-20250819171849885","WST 512-2025医疗机构环境表面清洁与消毒管理标准-20250819171849885.pdf","17_醫工設備與環境\90_其他後勤\2025\WST 512-2025医疗机构环境表面清洁与消毒管理标准-20250819171849885.pdf","醫工設備與環境","其他後勤","UNKNOWN","2025","2025；1917","國家或地方標準","醫療治理與依法執業","感染預防與控制；醫療器材與設備；後勤、建築與設施安全；環境、能源與醫療廢棄物","pdf","pdf_text_layer","6234498656feaaacf3ddc923c066cbe1a85c849227b58481d6d1318f228e4b54","300354","2026-01-29T02:36:24.000Z","needs_review","0.35"
"d2e71dbc8d052826","WST 512-2025医疗机构环境表面清洁与消毒管理标准","WST 512-2025医疗机构环境表面清洁与消毒管理标准.pdf","17_醫工設備與環境\90_其他後勤\2025\WST 512-2025医疗机构环境表面清洁与消毒管理标准.pdf","醫工設備與環境","其他後勤","UNKNOWN","2025","2025","國家或地方標準","醫療治理與依法執業","感染預防與控制；醫療器材與設備；後勤、建築與設施安全；環境、能源與醫療廢棄物","pdf","pdf_text_layer","6234498656feaaacf3ddc923c066cbe1a85c849227b58481d6d1318f228e4b54","300354","2025-08-26T04:49:34.000Z","needs_review","0.35"
"260eb3cbe9679e96","WST 865—2025-20250721162518834","WST 865—2025-20250721162518834.pdf","17_醫工設備與環境\90_其他後勤\2025\WST 865—2025-20250721162518834.pdf","醫工設備與環境","其他後勤","UNKNOWN","2025","2025","國家或地方標準","醫療器材與設備","後勤、建築與設施安全；環境、能源與醫療廢棄物","pdf","pdf_text_layer","2f1e493d082dcaf65f241722c351801a42846cffca5bbe970f41e0db6e20a39e","307842","2026-01-29T02:46:38.000Z","needs_review","0.35"
"a14213fb8685e913","WST 866—2025-20250721162800289","WST 866—2025-20250721162800289.pdf","17_醫工設備與環境\90_其他後勤\2025\WST 866—2025-20250721162800289.pdf","醫工設備與環境","其他後勤","UNKNOWN","2025","2025","國家或地方標準","醫療器材與設備","後勤、建築與設施安全；環境、能源與醫療廢棄物","pdf","pdf_text_layer","439b5edec2a6062ab8f8a2e202f9eed4c185a4f844ffe031efd3c6fc08a4cd0a","360797","2026-01-29T02:46:28.000Z","needs_review","0.35"
"abe73072544eb58b","WST 867—2025-20250721162955578","WST 867—2025-20250721162955578.pdf","17_醫工設備與環境\90_其他後勤\2025\WST 867—2025-20250721162955578.pdf","醫工設備與環境","其他後勤","UNKNOWN","2025","2025","國家或地方標準","醫療器材與設備","後勤、建築與設施安全；環境、能源與醫療廢棄物","pdf","pdf_text_layer","0cf290717ef9f9301e28678e6a32d7b59a16fd92528673dc13019956c466088a","245086","2026-01-29T02:43:26.000Z","needs_review","0.35"
"882ceba2beb86a82","WST 869—2025一般血站设备配置基本标准","WST 869—2025一般血站设备配置基本标准.pdf","17_醫工設備與環境\90_其他後勤\2025\WST 869—2025一般血站设备配置基本标准.pdf","醫工設備與環境","其他後勤","UNKNOWN","2025","2025","國家或地方標準","醫療器材與設備","後勤、建築與設施安全；環境、能源與醫療廢棄物","pdf","pdf_text_layer","1f899cea9a97c50e6a710797f035836b659f5e6697b3ada8a80eba80b468c467","241087","2026-01-29T02:47:18.000Z","needs_review","0.35"
"752a293d0ca8ba27","T_NAHIEM 164-2026 医院介入中心（导管室）建设与设备配置","T_NAHIEM 164-2026 医院介入中心（导管室）建设与设备配置.pdf","17_醫工設備與環境\90_其他後勤\2026\T_NAHIEM 164-2026 医院介入中心（导管室）建设与设备配置.pdf","醫工設備與環境","其他後勤","UNKNOWN","2026","2026","待確認或非規範文件","醫療器材與設備","後勤、建築與設施安全；環境、能源與醫療廢棄物","pdf","pdf_text_layer","0ed441ece8272e90673a712f9a439a6f32e521e0767d05ecd6f44f31a67f371c","1148368","2026-02-05T04:36:52.000Z","needs_review","0.35"
"1a00303260330155","《关于推进医院安全秩序管理工作的指导意","《关于推进医院安全秩序管理工作的指导意.pdf","17_醫工設備與環境\90_其他後勤\未標示年份\《关于推进医院安全秩序管理工作的指导意.pdf","醫工設備與環境","其他後勤","UNKNOWN","未標示年份","","待確認或非規範文件","醫療器材與設備","後勤、建築與設施安全；環境、能源與醫療廢棄物","pdf","pdf_needs_ocr","5f1ea5d8d7cfe9cb0c2c0f782f4f02926217d760680c22d51d11d6bb54ba4966","2536638","2026-04-08T05:40:10.000Z","needs_review","0.35"
"dd959ee60999c1a5","《关于推进医院安全秩序管理工作的指导意（2）","《关于推进医院安全秩序管理工作的指导意（2）.pdf","17_醫工設備與環境\90_其他後勤\未標示年份\《关于推进医院安全秩序管理工作的指导意（2）.pdf","醫工設備與環境","其他後勤","UNKNOWN","未標示年份","","待確認或非規範文件","醫療器材與設備","後勤、建築與設施安全；環境、能源與醫療廢棄物","pdf","pdf_needs_ocr","5f1ea5d8d7cfe9cb0c2c0f782f4f02926217d760680c22d51d11d6bb54ba4966","2536638","2026-04-08T05:40:10.000Z","needs_review","0.35"
"951601ebc66b28bf","《关于推进医院安全秩序管理工作的指导意见","《关于推进医院安全秩序管理工作的指导意见.pdf","17_醫工設備與環境\90_其他後勤\未標示年份\《关于推进医院安全秩序管理工作的指导意见.pdf","醫工設備與環境","其他後勤","UNKNOWN","未標示年份","","待確認或非規範文件","醫療器材與設備","後勤、建築與設施安全；環境、能源與醫療廢棄物","pdf","pdf_needs_ocr","0e9367f74f157d274091e4cbf2a01e27e064ef11e3b58189f544011cf57b5c1c","2363148","2023-12-25T08:38:50.000Z","needs_review","0.35"
"97206a03423cce8f","《关于推进医院安全秩序管理工作的指导意见（2）","《关于推进医院安全秩序管理工作的指导意见（2）.pdf","17_醫工設備與環境\90_其他後勤\未標示年份\《关于推进医院安全秩序管理工作的指导意见（2）.pdf","醫工設備與環境","其他後勤","UNKNOWN","未標示年份","","待確認或非規範文件","醫療器材與設備","後勤、建築與設施安全；環境、能源與醫療廢棄物","pdf","pdf_needs_ocr","0e9367f74f157d274091e4cbf2a01e27e064ef11e3b58189f544011cf57b5c1c","2363148","2023-12-25T08:38:50.000Z","needs_review","0.35"
"573ac1c0c8b37ed5","3-中医药治疗标准","3-中医药治疗标准.pdf","17_醫工設備與環境\90_其他後勤\未標示年份\3-中医药治疗标准.pdf","醫工設備與環境","其他後勤","UNKNOWN","未標示年份","","國家或地方標準","臨床診療與醫療技術","醫療器材與設備；後勤、建築與設施安全；環境、能源與醫療廢棄物","pdf","pdf_text_layer","694c1e0b2eb44eec9a3791709d486fb1fd2b0eb6d2aad17d0f0a695501fcc359","851039","2022-06-20T04:00:48.000Z","needs_review","0.35"
"46802d4c0b1bcc3d","3058-患者服務臨床用血","3058-患者服務臨床用血.pdf","17_醫工設備與環境\90_其他後勤\未標示年份\3058-患者服務臨床用血.pdf","醫工設備與環境","其他後勤","UNKNOWN","未標示年份","","待確認或非規範文件","臨床診療與醫療技術","醫療器材與設備；後勤、建築與設施安全；環境、能源與醫療廢棄物","pdf","pdf_needs_ocr","d144808d44329b94bc754539ce161db39a1e8f475e8009116b38614261bc15ae","1222186","2022-07-19T02:56:10.000Z","needs_review","0.35"
"2c8f39092ef19c90","儿科输血指南","儿科输血指南.pdf","17_醫工設備與環境\90_其他後勤\未標示年份\儿科输血指南.pdf","醫工設備與環境","其他後勤","UNKNOWN","未標示年份","","技術規範／診療指南","輸血與器官移植","醫療器材與設備；後勤、建築與設施安全；環境、能源與醫療廢棄物","pdf","pdf_text_layer","578479578a7db87d457a3505790648a3b006de528c6c49f3da5b5b8948e5871a","415845","2022-08-26T08:31:52.000Z","needs_review","0.35"
"36bbe8634950f583","儿科输血指南（2）","儿科输血指南（2）.pdf","17_醫工設備與環境\90_其他後勤\未標示年份\儿科输血指南（2）.pdf","醫工設備與環境","其他後勤","UNKNOWN","未標示年份","","技術規範／診療指南","輸血與器官移植","醫療器材與設備；後勤、建築與設施安全；環境、能源與醫療廢棄物","pdf","pdf_text_layer","578479578a7db87d457a3505790648a3b006de528c6c49f3da5b5b8948e5871a","415845","2022-02-25T06:58:40.000Z","needs_review","0.35"
"977d6d8ff55bebf5","卫生部关于印发二、三级综合医院药学部门基本标准（试行）的通知","卫生部关于印发二、三级综合医院药学部门基本标准（试行）的通知.pdf","17_醫工設備與環境\90_其他後勤\未標示年份\卫生部关于印发二、三级综合医院药学部门基本标准（试行）的通知.pdf","醫工設備與環境","其他後勤","UNKNOWN","未標示年份","","國家或地方標準","藥事與藥品管理","醫療器材與設備；後勤、建築與設施安全；環境、能源與醫療廢棄物","pdf","pdf_text_layer","72bc1ab91b962d39ee8112f7f0e4943fc6fa30624892f3f8066ece75e4d797f5","366492","2022-09-04T13:25:08.000Z","needs_review","0.35"
"0ce6c2bfe2f61070","卫生部国家中医药管理局关于印发医疗机构中药煎药室管理规范的通知","卫生部国家中医药管理局关于印发医疗机构中药煎药室管理规范的通知.pdf","17_醫工設備與環境\90_其他後勤\未標示年份\卫生部国家中医药管理局关于印发医疗机构中药煎药室管理规范的通知.pdf","醫工設備與環境","其他後勤","UNKNOWN","未標示年份","","國家或地方標準","醫療治理與依法執業","醫療器材與設備；後勤、建築與設施安全；環境、能源與醫療廢棄物","pdf","pdf_text_layer","92a2c4c83a298bb7dbcec5ee43bc26f1b24325030427f30abfdaabbfda5186c3","395676","2022-08-17T01:35:36.000Z","needs_review","0.35"
"f6489b0b7925d23c","卫生部国家中医药管理局总后勤部卫生部关于印发《医疗机构药事管理规定》的通知","卫生部国家中医药管理局总后勤部卫生部关于印发《医疗机构药事管理规定》的通知.pdf","17_醫工設備與環境\90_其他後勤\未標示年份\卫生部国家中医药管理局总后勤部卫生部关于印发《医疗机构药事管理规定》的通知.pdf","醫工設備與環境","其他後勤","UNKNOWN","未標示年份","","國家或地方標準","醫療治理與依法執業","藥事與藥品管理；醫療器材與設備；後勤、建築與設施安全；環境、能源與醫療廢棄物","pdf","pdf_text_layer","4f9261612eed6d712bef2f7c525145c60be6d6c56b11ac7dabdd25af2f3e79a7","373671","2022-09-04T13:27:02.000Z","needs_review","0.35"
"fe2a84bd9b63475c","专科医院非结核分枝杆菌肺病患者超说明书用药情况的调查及其安全性分析","专科医院非结核分枝杆菌肺病患者超说明书用药情况的调查及其安全性分析 (1).pdf","17_醫工設備與環境\90_其他後勤\未標示年份\专科医院非结核分枝杆菌肺病患者超说明书用药情况的调查及其安全性分析 (1).pdf","醫工設備與環境","其他後勤","UNKNOWN","未標示年份","","研究論文／文獻","藥事與藥品管理","醫療器材與設備；後勤、建築與設施安全；環境、能源與醫療廢棄物","pdf","pdf_needs_ocr","395e0b18e4674e857430f2cb93c5f9592d03b2e60c5aa148e3f5042ea0d860d3","1706392","2026-03-24T10:54:58.000Z","needs_review","0.35"
"ae994770ce9e1e91","专科医院非结核分枝杆菌肺病患者超说明书用药情况的调查及其安全性分析","专科医院非结核分枝杆菌肺病患者超说明书用药情况的调查及其安全性分析.pdf","17_醫工設備與環境\90_其他後勤\未標示年份\专科医院非结核分枝杆菌肺病患者超说明书用药情况的调查及其安全性分析.pdf","醫工設備與環境","其他後勤","UNKNOWN","未標示年份","","研究論文／文獻","藥事與藥品管理","醫療器材與設備；後勤、建築與設施安全；環境、能源與醫療廢棄物","pdf","pdf_needs_ocr","395e0b18e4674e857430f2cb93c5f9592d03b2e60c5aa148e3f5042ea0d860d3","1706392","2026-03-24T10:49:32.000Z","needs_review","0.35"
"c0fa3f42166cd1f1","专科护理质量指标在血液内科静脉输血患者管理中的应用","专科护理质量指标在血液内科静脉输血患者管理中的应用.pdf","17_醫工設備與環境\90_其他後勤\未標示年份\专科护理质量指标在血液内科静脉输血患者管理中的应用.pdf","醫工設備與環境","其他後勤","UNKNOWN","未標示年份","","國家或地方標準","護理管理","輸血與器官移植；醫療器材與設備；後勤、建築與設施安全；環境、能源與醫療廢棄物","pdf","pdf_text_layer","b1440fd6d9ea1cfa00ede673d15c41594aedb38f3c6f0c06c2b4f758456b180d","1749619","2025-04-02T05:26:46.000Z","needs_review","0.35"
"e1b93d7779226bb3","中药饮片质量标准通则(试行)","中药饮片质量标准通则(试行).doc","17_醫工設備與環境\90_其他後勤\未標示年份\中药饮片质量标准通则(试行).doc","醫工設備與環境","其他後勤","UNKNOWN","未標示年份","","待確認或非規範文件","醫療器材與設備","後勤、建築與設施安全；環境、能源與醫療廢棄物","doc","filename_only","8f080c255e15eb53a6cab085a954afabcc258cd04283102868a20d1ff9d9bfa2","168448","2022-05-10T03:18:18.000Z","needs_review","0.35"
"b16db9ab0d85d2f1","中药标准管理专门规定","中药标准管理专门规定.doc","17_醫工設備與環境\90_其他後勤\未標示年份\中药标准管理专门规定.doc","醫工設備與環境","其他後勤","UNKNOWN","未標示年份","","行政法規／條例","醫療器材與設備","後勤、建築與設施安全；環境、能源與醫療廢棄物","doc","filename_only","715dc571d35a373f2a12a1b598b7631a1bde60eb7ebe66115f7879d8e84561df","38400","2025-03-10T04:25:52.000Z","needs_review","0.35"
"0892625b92a81487","化学物质环境健康风险评估技术指南","化学物质环境健康风险评估技术指南.pdf","17_醫工設備與環境\90_其他後勤\未標示年份\化学物质环境健康风险评估技术指南.pdf","醫工設備與環境","其他後勤","UNKNOWN","未標示年份","","技術規範／診療指南","醫療器材與設備","後勤、建築與設施安全；環境、能源與醫療廢棄物","pdf","pdf_text_layer","9f1ea0d1f96525191dcbb0ed0c3b5bc6c7fba9e84d4bc930c93711b8157dc45c","420930","2022-08-26T08:32:50.000Z","needs_review","0.35"
"fbd350435ee29506","计量设备监测管理制度","计量设备监测管理制度.doc","17_醫工設備與環境\90_其他後勤\未標示年份\计量设备监测管理制度.doc","醫工設備與環境","其他後勤","UNKNOWN","未標示年份","","院內制度／SOP","醫療器材與設備","後勤、建築與設施安全；環境、能源與醫療廢棄物","doc","filename_only","e5b4e207514826263fcc76d09065d9092531e9b68e9490cf5dca1bc8a4ebca4f","13312","2022-05-13T13:26:30.000Z","needs_review","0.35"
"80701ec059b5b40e","计量设备监测管理制度（2）","计量设备监测管理制度（2）.doc","17_醫工設備與環境\90_其他後勤\未標示年份\计量设备监测管理制度（2）.doc","醫工設備與環境","其他後勤","UNKNOWN","未標示年份","","院內制度／SOP","醫療器材與設備","後勤、建築與設施安全；環境、能源與醫療廢棄物","doc","filename_only","e5b4e207514826263fcc76d09065d9092531e9b68e9490cf5dca1bc8a4ebca4f","13312","2022-05-13T13:26:30.000Z","needs_review","0.35"
"94c4ca2fb3be8a87","东莞市城市绿化管理办法》的通知","东莞市城市绿化管理办法》的通知.pdf","17_醫工設備與環境\90_其他後勤\未標示年份\东莞市城市绿化管理办法》的通知.pdf","醫工設備與環境","其他後勤","UNKNOWN","未標示年份","","公告／通知／函釋","醫療器材與設備","後勤、建築與設施安全；環境、能源與醫療廢棄物","pdf","pdf_needs_ocr","63d113233a052b543abe6a1a6b0c170bc1b349710009fb7591246db6f1dfc989","1503564","2023-06-09T05:22:28.000Z","needs_review","0.35"
"9298b9a0bd6a627f","发渝北区“美丽医院”建设工作方案","发渝北区“美丽医院”建设工作方案.pdf","17_醫工設備與環境\90_其他後勤\未標示年份\发渝北区“美丽医院”建设工作方案.pdf","醫工設備與環境","其他後勤","UNKNOWN","未標示年份","","國家或地方標準","醫療器材與設備","後勤、建築與設施安全；環境、能源與醫療廢棄物","pdf","pdf_text_layer","30bd18c711311a6ff2640bbf7bb5e1c90b170c9df03d92b810ea7ff4b1d789f4","574821","2024-03-08T15:53:28.000Z","needs_review","0.35"
"57c3f6582ee38f67","市场监管总局关于发布餐饮服务食品安全操作规范的公告","市场监管总局关于发布餐饮服务食品安全操作规范的公告.docx","17_醫工設備與環境\90_其他後勤\未標示年份\市场监管总局关于发布餐饮服务食品安全操作规范的公告.docx","醫工設備與環境","其他後勤","UNKNOWN","2018","2018","國家或地方標準","醫療治理與依法執業","感染預防與控制；資訊安全與個人資料；醫技、檢驗與病理；醫療器材與設備；後勤、建築與設施安全；環境、能源與醫療廢棄物；財務、採購與內部稽核；圖書、教育與文件管理","docx","office_xml","68c6750143906a69f7692fb546e5ce00ebf7b94a54d596fd343671e22e45c7ef","219546","2022-06-30T08:41:00.000Z","needs_review","0.35"
"d5b624c266ef4e9e","全省卫生健康系统自建房安全专项整治","全省卫生健康系统自建房安全专项整治.docx","17_醫工設備與環境\90_其他後勤\未標示年份\全省卫生健康系统自建房安全专项整治.docx","醫工設備與環境","其他後勤","UNKNOWN","2024","2024；2022","技術規範／診療指南","醫療治理與依法執業","感染預防與控制；資訊安全與個人資料；醫技、檢驗與病理；臨床診療與醫療技術；急診與緊急醫療；生殖、婦幼與月子服務；臨床研究與人體試驗；醫療器材與設備；後勤、建築與設施安全；消防、治安與應急管理；環境、能源與醫療廢棄物；財務、採購與內部稽核","docx","office_xml","280c3ec8933a93354f31d2dae86f962abe3eca3b36caccc8b1337792aa1cb2cd","28139","2022-08-27T05:53:34.000Z","needs_review","0.35"
"ad56e7c806b5c78b","全省卫生健康系统城镇燃气安全整治","全省卫生健康系统城镇燃气安全整治.doc","17_醫工設備與環境\90_其他後勤\未標示年份\全省卫生健康系统城镇燃气安全整治.doc","醫工設備與環境","其他後勤","UNKNOWN","未標示年份","","待確認或非規範文件","醫療治理與依法執業","醫療器材與設備；後勤、建築與設施安全；環境、能源與醫療廢棄物","doc","filename_only","60b4a256271129aaad0e4d2f4291a16eb819630507a554a8318aead500da8bf5","91136","2022-08-27T05:49:44.000Z","needs_review","0.35"
"845df633847f004d","全面触发工具中药物不良事件触发器的优化与应用研究","全面触发工具中药物不良事件触发器的优化与应用研究.pdf","17_醫工設備與環境\90_其他後勤\未標示年份\全面触发工具中药物不良事件触发器的优化与应用研究.pdf","醫工設備與環境","其他後勤","UNKNOWN","未標示年份","","研究論文／文獻","臨床研究與人體試驗","醫療器材與設備；後勤、建築與設施安全；環境、能源與醫療廢棄物","pdf","pdf_needs_ocr","d547c4b5e5b1f818da8271fc4d048121dbeddab900ce861ba524d798e833de9e","580939","2026-03-17T11:27:50.000Z","needs_review","0.35"
"142a10b5844fea94","全球健康照護體系減碳行動藍圖","全球健康照護體系減碳行動藍圖.pdf","17_醫工設備與環境\90_其他後勤\未標示年份\全球健康照護體系減碳行動藍圖.pdf","醫工設備與環境","其他後勤","UNKNOWN","未標示年份","","國家或地方標準","醫療器材與設備","後勤、建築與設施安全；環境、能源與醫療廢棄物","pdf","pdf_text_layer","328c83ca4baefcde71ae4915df8b65864f7346af3bef62e49dabbae42028e9c2","7668275","2025-05-12T02:37:26.000Z","needs_review","0.35"
"15e8d31e05c7f3f5","关于加强多重耐药菌医院感染控制工作的通知","关于加强多重耐药菌医院感染控制工作的通知.doc","17_醫工設備與環境\90_其他後勤\未標示年份\关于加强多重耐药菌医院感染控制工作的通知.doc","醫工設備與環境","其他後勤","UNKNOWN","未標示年份","","公告／通知／函釋","感染預防與控制","醫療器材與設備；後勤、建築與設施安全；環境、能源與醫療廢棄物","doc","filename_only","187b1686a404dc2c64179176cf78bfb3db1df6be106fdd398d73817b2f33d7de","16896","2022-06-29T08:21:44.000Z","needs_review","0.35"
"d5e383dd02b0ce8c","关于印发《医院中药饮片管理规范》的通知","关于印发《医院中药饮片管理规范》的通知.pdf","17_醫工設備與環境\90_其他後勤\未標示年份\关于印发《医院中药饮片管理规范》的通知.pdf","醫工設備與環境","其他後勤","UNKNOWN","未標示年份","","國家或地方標準","醫療器材與設備","後勤、建築與設施安全；環境、能源與醫療廢棄物","pdf","pdf_text_layer","dfce5edab6a2ec20dd3b0ff725b3c33b6615e23b3d0e31d6a35f490783293464","276856","2022-09-04T13:48:34.000Z","needs_review","0.35"
"25a11c7b8affd803","关于印发《医院中药饮片管理规范》的通知（2）","关于印发《医院中药饮片管理规范》的通知（2）.pdf","17_醫工設備與環境\90_其他後勤\未標示年份\关于印发《医院中药饮片管理规范》的通知（2）.pdf","醫工設備與環境","其他後勤","UNKNOWN","未標示年份","","國家或地方標準","醫療器材與設備","後勤、建築與設施安全；環境、能源與醫療廢棄物","pdf","pdf_text_layer","6bfd5e8efde8063046ce7e4082ac0ad29e6749e2d747ddb101ee3c8056a31dc1","276857","2022-07-27T12:55:30.000Z","needs_review","0.35"
"70fd79f419d9dd20","关于印发长期处方管理规范（试行）的通知","关于印发长期处方管理规范（试行）的通知.pdf","17_醫工設備與環境\90_其他後勤\未標示年份\关于印发长期处方管理规范（试行）的通知.pdf","醫工設備與環境","其他後勤","UNKNOWN","未標示年份","","國家或地方標準","藥事與藥品管理","醫療器材與設備；後勤、建築與設施安全；環境、能源與醫療廢棄物","pdf","pdf_text_layer","598f52647f47c2fe8f490e38645245e49fb7caa0e74d614a7e5246a193dc25fd","259959","2022-07-15T02:17:52.000Z","needs_review","0.35"
"50672fe2b6f48865","关于印发血站新冠肺炎疫情常态化防控工作指引的通知","关于印发血站新冠肺炎疫情常态化防控工作指引的通知.pdf","17_醫工設備與環境\90_其他後勤\未標示年份\关于印发血站新冠肺炎疫情常态化防控工作指引的通知.pdf","醫工設備與環境","其他後勤","UNKNOWN","未標示年份","","國家或地方標準","醫療器材與設備","後勤、建築與設施安全；環境、能源與醫療廢棄物","pdf","pdf_text_layer","bfbf82f804a18d27b3666bbdeb296693bfacbbeee5da4ddb2b9b1cf56ade0162","628733","2022-09-04T13:30:16.000Z","needs_review","0.35"
"550e7d9d685d56f8","妇幼保健机构医用设备配备标准","妇幼保健机构医用设备配备标准.pdf","17_醫工設備與環境\90_其他後勤\未標示年份\妇幼保健机构医用设备配备标准.pdf","醫工設備與環境","其他後勤","UNKNOWN","未標示年份","","國家或地方標準","生殖、婦幼與月子服務","醫療器材與設備；後勤、建築與設施安全；環境、能源與醫療廢棄物","pdf","pdf_text_layer","dfa04fcd410d0274471622a32418274f68b407cdc70ae4419dde26fbb0926d0e","292701","2026-01-29T02:49:26.000Z","needs_review","0.35"
"40fd4dda66151442","妇幼保健机构医用设备配备标准（2）","妇幼保健机构医用设备配备标准（2）.pdf","17_醫工設備與環境\90_其他後勤\未標示年份\妇幼保健机构医用设备配备标准（2）.pdf","醫工設備與環境","其他後勤","UNKNOWN","未標示年份","","國家或地方標準","生殖、婦幼與月子服務","醫療器材與設備；後勤、建築與設施安全；環境、能源與醫療廢棄物","pdf","pdf_text_layer","d32a206d788f604697b4cad186ebae8ba5b052047751a5c1a33c696b62901058","310263","2022-08-26T08:30:48.000Z","needs_review","0.35"
"fa03874a925989de","安全工器具存放要求","安全工器具存放要求.pdf","17_醫工設備與環境\90_其他後勤\未標示年份\安全工器具存放要求.pdf","醫工設備與環境","其他後勤","UNKNOWN","未標示年份","","待確認或非規範文件","醫療器材與設備","後勤、建築與設施安全；環境、能源與醫療廢棄物","pdf","pdf_needs_ocr","d727539795b3fb97500ccced9caf71491c7f7152727e216ec06f91dbbde362e9","320801","2023-06-02T23:13:56.000Z","needs_review","0.35"
"f2264073fe53a319","安全标志及其使用导则","安全标志及其使用导则.pdf","17_醫工設備與環境\90_其他後勤\未標示年份\安全标志及其使用导则.pdf","醫工設備與環境","其他後勤","UNKNOWN","未標示年份","","待確認或非規範文件","醫療器材與設備","後勤、建築與設施安全；環境、能源與醫療廢棄物","pdf","pdf_text_layer","2b00b59b303dfed63178aa177f0990b44181e331756bb5281b193a182a1f611e","5286717","2023-04-07T13:57:18.000Z","needs_review","0.35"
"0bff7804ede8c9bb","血站管理办法","血站管理办法.doc","17_醫工設備與環境\90_其他後勤\未標示年份\血站管理办法.doc","醫工設備與環境","其他後勤","UNKNOWN","未標示年份","","院內制度／SOP","醫療器材與設備","後勤、建築與設施安全；環境、能源與醫療廢棄物","doc","filename_only","4a5835a616e6111732be458cd4f57dc7a9e1d5ab3526d621112bfee8df37cc93","87610","2022-09-04T13:16:32.000Z","needs_review","0.35"
"6009af5febc1a461","血液运输标准","血液运输标准.pdf","17_醫工設備與環境\90_其他後勤\未標示年份\血液运输标准.pdf","醫工設備與環境","其他後勤","UNKNOWN","未標示年份","","國家或地方標準","醫療器材與設備","後勤、建築與設施安全；環境、能源與醫療廢棄物","pdf","pdf_text_layer","4ace95837a2f96a20137f4a2ad5dfdc0c26a33121ac033c72aca7123a7cc59cb","218709","2026-01-29T02:48:04.000Z","needs_review","0.35"
"602c18991b39237c","血液储存标准","血液储存标准.pdf","17_醫工設備與環境\90_其他後勤\未標示年份\血液储存标准.pdf","醫工設備與環境","其他後勤","UNKNOWN","未標示年份","","國家或地方標準","醫療器材與設備","後勤、建築與設施安全；環境、能源與醫療廢棄物","pdf","pdf_text_layer","b7afa5cec4523b2662d9ce75c98f8ff5d04cf2496e23eefbfd91e5783a811a6a","234438","2025-08-19T10:09:14.000Z","needs_review","0.35"
"a900330cb5fcc7f0","医用 X 射线诊断设备质量控制检测规范","医用 X 射线诊断设备质量控制检测规范.pdf","17_醫工設備與環境\90_其他後勤\未標示年份\医用 X 射线诊断设备质量控制检测规范.pdf","醫工設備與環境","其他後勤","UNKNOWN","2017","2017；1999","國家或地方標準","醫療器材與設備","後勤、建築與設施安全；環境、能源與醫療廢棄物","pdf","pdf_text_layer","02d841de545eee89fa12c8e99aec7199d1126ec43c79fe9ca95be1c9f869376e","2306499","2022-08-24T07:23:48.000Z","needs_review","0.35"
"a367f4cb4977b2f5","医用 X 射线诊断设备质量控制检测规范（2）","医用 X 射线诊断设备质量控制检测规范（2）.pdf","17_醫工設備與環境\90_其他後勤\未標示年份\医用 X 射线诊断设备质量控制检测规范（2）.pdf","醫工設備與環境","其他後勤","UNKNOWN","2017","2017；1999","國家或地方標準","醫療器材與設備","後勤、建築與設施安全；環境、能源與醫療廢棄物","pdf","pdf_text_layer","02d841de545eee89fa12c8e99aec7199d1126ec43c79fe9ca95be1c9f869376e","2306499","2022-08-26T08:34:02.000Z","needs_review","0.35"
"c2e3f3e618e7b47b","医用输液泵和医用注射泵安全管理","医用输液泵和医用注射泵安全管理.pdf","17_醫工設備與環境\90_其他後勤\未標示年份\医用输液泵和医用注射泵安全管理.pdf","醫工設備與環境","其他後勤","UNKNOWN","未標示年份","","國家或地方標準","醫療器材與設備","後勤、建築與設施安全；環境、能源與醫療廢棄物","pdf","pdf_text_layer","b94bd183739530fb39ce9b24460e01119a4fc35fde73b93f8016f29ac57e9502","515519","2020-06-13T11:20:56.000Z","needs_review","0.35"
"bdd647b4c55579f6","医用X射线诊断设备质量控制检测规范","医用X射线诊断设备质量控制检测规范.pdf","17_醫工設備與環境\90_其他後勤\未標示年份\医用X射线诊断设备质量控制检测规范.pdf","醫工設備與環境","其他後勤","UNKNOWN","2017","2017；1999","國家或地方標準","醫療器材與設備","後勤、建築與設施安全；環境、能源與醫療廢棄物","pdf","pdf_text_layer","02d841de545eee89fa12c8e99aec7199d1126ec43c79fe9ca95be1c9f869376e","2306499","2022-06-20T08:45:36.000Z","needs_review","0.35"
"564e157bdec5f83e","医用X射线诊断设备质量控制检测规范（2）","医用X射线诊断设备质量控制检测规范（2）.pdf","17_醫工設備與環境\90_其他後勤\未標示年份\医用X射线诊断设备质量控制检测规范（2）.pdf","醫工設備與環境","其他後勤","UNKNOWN","2017","2017；1999","國家或地方標準","醫療器材與設備","後勤、建築與設施安全；環境、能源與醫療廢棄物","pdf","pdf_text_layer","02d841de545eee89fa12c8e99aec7199d1126ec43c79fe9ca95be1c9f869376e","2306499","2022-06-20T08:45:36.000Z","needs_review","0.35"
"b25eb89d48baaa5a","医疗卫生机构卫生间查检表整理0325","医疗卫生机构卫生间查检表整理0325.xlsx","17_醫工設備與環境\90_其他後勤\未標示年份\医疗卫生机构卫生间查检表整理0325.xlsx","醫工設備與環境","其他後勤","UNKNOWN","2019","2019","查檢表／稽核表","醫療治理與依法執業","感染預防與控制；資訊安全與個人資料；急診與緊急醫療；醫療器材與設備；後勤、建築與設施安全；消防、治安與應急管理；環境、能源與醫療廢棄物；圖書、教育與文件管理","xlsx","office_xml","e174fbd31459d47484771525382b0971cb3dcb482ff71109df84bd1db3509182","27394","2023-03-25T13:55:14.000Z","needs_review","0.35"
"cf767e9a9af6bea3","医疗机构中药煎药室管理规范","医疗机构中药煎药室管理规范.pdf","17_醫工設備與環境\90_其他後勤\未標示年份\医疗机构中药煎药室管理规范.pdf","醫工設備與環境","其他後勤","UNKNOWN","未標示年份","","待確認或非規範文件","醫療治理與依法執業","醫療器材與設備；後勤、建築與設施安全；環境、能源與醫療廢棄物","pdf","pdf_needs_ocr","099d8f14bd27e2aa9b024585680fc1a29e9690619e2c76470f71fb51b90da103","870295","2024-04-19T07:17:36.000Z","needs_review","0.35"
"ea2c241080327f6e","医疗机构水污染物排放标准","医疗机构水污染物排放标准.docx","17_醫工設備與環境\90_其他後勤\未標示年份\医疗机构水污染物排放标准.docx","醫工設備與環境","其他後勤","UNKNOWN","未標示年份","","待確認或非規範文件","醫療治理與依法執業","感染預防與控制；醫技、檢驗與病理；醫療器材與設備；後勤、建築與設施安全；環境、能源與醫療廢棄物","docx","office_xml","90147f414b983d75f6946d64d4ddb8e3423fd1b4503a1d04f2f619d3845f455b","117808","2022-08-05T06:59:30.000Z","needs_review","0.35"
"3d3977b67f3ebb9b","医疗机构水污染物排放标准","医疗机构水污染物排放标准.pdf","17_醫工設備與環境\90_其他後勤\未標示年份\医疗机构水污染物排放标准.pdf","醫工設備與環境","其他後勤","UNKNOWN","未標示年份","","國家或地方標準","醫療治理與依法執業","醫療器材與設備；後勤、建築與設施安全；環境、能源與醫療廢棄物","pdf","pdf_text_layer","763dc345c62907c3ab7d3555761a2e99a99f2b09a94fcbbaaf200f380599e36b","1124184","2022-08-05T06:36:20.000Z","needs_review","0.35"
"ee95fb89477326bf","医疗机构处方药品外配与使用管理专家共识","医疗机构处方药品外配与使用管理专家共识.pdf","17_醫工設備與環境\90_其他後勤\未標示年份\医疗机构处方药品外配与使用管理专家共识.pdf","醫工設備與環境","其他後勤","UNKNOWN","未標示年份","","專家共識","醫療治理與依法執業","藥事與藥品管理；醫療器材與設備；後勤、建築與設施安全；環境、能源與醫療廢棄物","pdf","pdf_needs_ocr","2c537da6b30a017512bde924019bce58d09e7389510f0a5c1dadbcfd7b002e3d","11894703","2025-04-02T05:39:30.000Z","needs_review","0.35"
"0e21e197c4746403","医疗机构临床用血管理办法","医疗机构临床用血管理办法.doc","17_醫工設備與環境\90_其他後勤\未標示年份\医疗机构临床用血管理办法.doc","醫工設備與環境","其他後勤","UNKNOWN","未標示年份","","院內制度／SOP","醫療治理與依法執業","臨床診療與醫療技術；醫療器材與設備；後勤、建築與設施安全；環境、能源與醫療廢棄物","doc","filename_only","72d89e1e6b5d8ddcea68da81b6b26b3f8ff625a88605a2b2860abda3cf63b2f8","59904","2022-06-01T05:05:28.000Z","needs_review","0.35"
"e3a92660e6faa127","医疗机构临床用血管理办法","医疗机构临床用血管理办法.pdf","17_醫工設備與環境\90_其他後勤\未標示年份\医疗机构临床用血管理办法.pdf","醫工設備與環境","其他後勤","UNKNOWN","未標示年份","","國家或地方標準","醫療治理與依法執業","臨床診療與醫療技術；醫療器材與設備；後勤、建築與設施安全；環境、能源與醫療廢棄物","pdf","pdf_text_layer","6f7f5673308b0af04f5925ce1d222efca3b5a55f82f09490cb791a6450475c1e","215037","2026-02-05T05:07:04.000Z","needs_review","0.35"
"d83348ef2d81ac92","医疗机构药事管理规定","医疗机构药事管理规定.doc","17_醫工設備與環境\90_其他後勤\未標示年份\医疗机构药事管理规定.doc","醫工設備與環境","其他後勤","UNKNOWN","未標示年份","","行政法規／條例","醫療治理與依法執業","藥事與藥品管理；醫療器材與設備；後勤、建築與設施安全；環境、能源與醫療廢棄物","doc","filename_only","4fadac43169d92dd70c2fd29d21551f53469a48b645a5101b0c0409fcb95a549","33792","2022-06-29T05:00:22.000Z","needs_review","0.35"
"75d1ba84197f0d88","医疗机构药品不良反应报告和监测工作规范","医疗机构药品不良反应报告和监测工作规范.pdf","17_醫工設備與環境\90_其他後勤\未標示年份\医疗机构药品不良反应报告和监测工作规范.pdf","醫工設備與環境","其他後勤","UNKNOWN","未標示年份","","待確認或非規範文件","醫療治理與依法執業","藥事與藥品管理；醫療器材與設備；後勤、建築與設施安全；環境、能源與醫療廢棄物","pdf","pdf_needs_ocr","e7464804310f3de58732f21eefb01e3c6936a642a5094f057365cf19952d4a93","659144","2023-07-13T03:39:28.000Z","needs_review","0.35"
"9d7d8451cf17b57f","医疗机构输血科(血库)基本标准","医疗机构输血科(血库)基本标准.doc","17_醫工設備與環境\90_其他後勤\未標示年份\医疗机构输血科(血库)基本标准.doc","醫工設備與環境","其他後勤","UNKNOWN","未標示年份","","待確認或非規範文件","醫療治理與依法執業","輸血與器官移植；醫療器材與設備；後勤、建築與設施安全；環境、能源與醫療廢棄物","doc","filename_only","b09d3d133c01d2f10623cbc0d8c4715dab7f34bf1f8b934a823038a5a25d7c0b","234496","2022-05-09T10:45:12.000Z","needs_review","0.35"
"a59bd11ec0869731","医疗机构输血科（血库）基本要求","医疗机构输血科（血库）基本要求.pdf","17_醫工設備與環境\90_其他後勤\未標示年份\医疗机构输血科（血库）基本要求.pdf","醫工設備與環境","其他後勤","UNKNOWN","未標示年份","","國家或地方標準","醫療治理與依法執業","輸血與器官移植；醫療器材與設備；後勤、建築與設施安全；環境、能源與醫療廢棄物","pdf","pdf_text_layer","8203b94ae949531b98d49280b118cc7eeb11b708eca97888b5f0221a96526deb","290827","2026-02-05T05:05:18.000Z","needs_review","0.35"
"67b672730f56bce1","医疗保障药品保障","医疗保障药品保障.pdf","17_醫工設備與環境\90_其他後勤\未標示年份\医疗保障药品保障.pdf","醫工設備與環境","其他後勤","UNKNOWN","未標示年份","","待確認或非規範文件","藥事與藥品管理","醫療器材與設備；後勤、建築與設施安全；環境、能源與醫療廢棄物","pdf","pdf_text_layer","30eec61c29bd205e4667393ca9ac0846e55efda2a730df2a0be9cc12121f6bd8","713593","2022-06-20T04:01:46.000Z","needs_review","0.35"
"cdf671ce548b7b8b","医疗管理用药安全管理","医疗管理用药安全管理.pdf","17_醫工設備與環境\90_其他後勤\未標示年份\医疗管理用药安全管理.pdf","醫工設備與環境","其他後勤","UNKNOWN","未標示年份","","國家或地方標準","藥事與藥品管理","醫療器材與設備；後勤、建築與設施安全；環境、能源與醫療廢棄物","pdf","pdf_text_layer","e9f3b5c66cc7cd9219161da26c1b53ac1191dd70e6613e41fed9e9a7cd908be9","947740","2022-06-20T04:02:02.000Z","needs_review","0.35"
"9d430a9b3af5c210","医学装备管理办法","医学装备管理办法.doc","17_醫工設備與環境\90_其他後勤\未標示年份\医学装备管理办法.doc","醫工設備與環境","其他後勤","UNKNOWN","未標示年份","","院內制度／SOP","醫療器材與設備","後勤、建築與設施安全；環境、能源與醫療廢棄物","doc","filename_only","b61b3492c5f6e139e30a7189055efe2b33ba7664fc0d725e29cc840fc941ab76","34304","2022-05-12T14:18:00.000Z","needs_review","0.35"
"26121b05c769dc1f","医院大型医用设备使用评估制度","医院大型医用设备使用评估制度.docx","17_醫工設備與環境\90_其他後勤\未標示年份\医院大型医用设备使用评估制度.docx","醫工設備與環境","其他後勤","UNKNOWN","未標示年份","","研究論文／文獻","資訊安全與個人資料","醫療器材與設備；後勤、建築與設施安全；環境、能源與醫療廢棄物；財務、採購與內部稽核","docx","office_xml","936b766896db1073a8138a63d0f870bb9a1dbb565843957848bc8b932768a7e1","12034","2022-05-12T15:14:24.000Z","needs_review","0.35"
"58a35cc40339d025","医院大型医用设备使用评估制度（2）","医院大型医用设备使用评估制度（2）.docx","17_醫工設備與環境\90_其他後勤\未標示年份\医院大型医用设备使用评估制度（2）.docx","醫工設備與環境","其他後勤","UNKNOWN","未標示年份","","研究論文／文獻","資訊安全與個人資料","醫療器材與設備；後勤、建築與設施安全；環境、能源與醫療廢棄物；財務、採購與內部稽核","docx","office_xml","936b766896db1073a8138a63d0f870bb9a1dbb565843957848bc8b932768a7e1","12034","2022-05-12T15:14:24.000Z","needs_review","0.35"
"34d3df0dff868bcb","医院处方评价规范","医院处方评价规范.pdf","17_醫工設備與環境\90_其他後勤\未標示年份\医院处方评价规范.pdf","醫工設備與環境","其他後勤","UNKNOWN","未標示年份","","國家或地方標準","藥事與藥品管理","醫療保險與支付；醫療器材與設備；後勤、建築與設施安全；環境、能源與醫療廢棄物","pdf","pdf_text_layer","780de537b9e37584fbf81e3493f9070b4d76ca177c0e699adf486b1b032f4b47","607423","2023-04-25T06:35:24.000Z","needs_review","0.35"
"bfe7602ec3edbfee","医院细菌耐药监测与预警管理制度","医院细菌耐药监测与预警管理制度.docx","17_醫工設備與環境\90_其他後勤\未標示年份\医院细菌耐药监测与预警管理制度.docx","醫工設備與環境","其他後勤","UNKNOWN","未標示年份","","研究論文／文獻","醫院評鑑與醫療品質","藥事與藥品管理；感染預防與控制；資訊安全與個人資料；醫技、檢驗與病理；臨床診療與醫療技術；手術、麻醉與疼痛管理；醫療器材與設備；後勤、建築與設施安全；環境、能源與醫療廢棄物","docx","office_xml","c2c286beb80438791ba67b1ac1f39f52d2f0052de978078d46f0e6dfd0ebc713","12230","2022-06-02T07:47:34.000Z","needs_review","0.35"
"c771511b7b8080ee","医院药品盘点管理规范","医院药品盘点管理规范.pdf","17_醫工設備與環境\90_其他後勤\未標示年份\医院药品盘点管理规范.pdf","醫工設備與環境","其他後勤","UNKNOWN","未標示年份","","待確認或非規範文件","藥事與藥品管理","醫療器材與設備；後勤、建築與設施安全；環境、能源與醫療廢棄物","pdf","pdf_text_layer","3746d607cfc5fe063f6a58c474994246bc76a3011e95ba93137d5da3f56a97a7","1652863","2023-04-25T06:34:32.000Z","needs_review","0.35"
"14018caf6046c38a","围手术期止血药物的选择与药学监护专家共识","围手术期止血药物的选择与药学监护专家共识.pdf","17_醫工設備與環境\90_其他後勤\未標示年份\围手术期止血药物的选择与药学监护专家共识.pdf","醫工設備與環境","其他後勤","UNKNOWN","未標示年份","","專家共識","藥事與藥品管理","手術、麻醉與疼痛管理；醫療器材與設備；後勤、建築與設施安全；環境、能源與醫療廢棄物","pdf","pdf_needs_ocr","f045b6e47c4f9648bd5c8673b9f4204da7f8133d18d2df45a1f0a867875e687e","26704408","2025-04-02T05:40:10.000Z","needs_review","0.35"
"240956087fd37e24","围手术期患者血液管理指南","围手术期患者血液管理指南.pdf","17_醫工設備與環境\90_其他後勤\未標示年份\围手术期患者血液管理指南.pdf","醫工設備與環境","其他後勤","UNKNOWN","未標示年份","","技術規範／診療指南","手術、麻醉與疼痛管理","醫療器材與設備；後勤、建築與設施安全；環境、能源與醫療廢棄物","pdf","pdf_text_layer","86cd8a01b4b081c4e90926e06edda76f2a2bb8a9bfbaae14c71f67c6fb714435","239314","2022-08-26T08:31:34.000Z","needs_review","0.35"
"67158eaf0ea4de8d","抗肿瘤药物临床应用管理办法（试行）","抗肿瘤药物临床应用管理办法（试行）.docx","17_醫工設備與環境\90_其他後勤\未標示年份\抗肿瘤药物临床应用管理办法（试行）.docx","醫工設備與環境","其他後勤","UNKNOWN","2021","2021；2020","醫院評鑑／認證標準","醫療治理與依法執業","醫院評鑑與醫療品質；醫療人員與執業管理；護理管理；藥事與藥品管理；資訊安全與個人資料；醫技、檢驗與病理；臨床診療與醫療技術；急診與緊急醫療；臨床研究與人體試驗；醫療保險與支付；醫療器材與設備；後勤、建築與設施安全；消防、治安與應急管理；環境、能源與醫療廢棄物；財務、採購與內部稽核；圖書、教育與文件管理","docx","office_xml","478a14e757c94ccc82273b3fb0759a1d845dd9fab3552177957b5e4838454a0d","26160","2023-03-01T09:25:06.000Z","needs_review","0.35"
"4e695dc56bc5c0a2","抗肿瘤药物相关间质性肺病诊治专家共识","抗肿瘤药物相关间质性肺病诊治专家共识.pdf","17_醫工設備與環境\90_其他後勤\未標示年份\抗肿瘤药物相关间质性肺病诊治专家共识.pdf","醫工設備與環境","其他後勤","UNKNOWN","未標示年份","","專家共識","醫療器材與設備","後勤、建築與設施安全；環境、能源與醫療廢棄物","pdf","pdf_needs_ocr","e9c7626deeeee3c5fa889aabbec06e54cd5fd4293af65f82cdc0c9e419080703","3852023","2025-06-03T04:02:38.000Z","needs_review","0.35"
"c7d9ee3052c1bdc3","抗菌药物临床应用管理办法","抗菌药物临床应用管理办法.pdf","17_醫工設備與環境\90_其他後勤\未標示年份\抗菌药物临床应用管理办法.pdf","醫工設備與環境","其他後勤","UNKNOWN","未標示年份","","國家或地方標準","臨床診療與醫療技術","醫療器材與設備；後勤、建築與設施安全；環境、能源與醫療廢棄物","pdf","pdf_text_layer","553d6eb648bffbd4b8136ff5318e115986477528d00c1959ab0e76ae1f974aac","238739","2023-09-14T03:29:50.000Z","needs_review","0.35"
"3fc9a80fd08c2cb1","抗菌药物临床应用管理评价指标及要求","抗菌药物临床应用管理评价指标及要求.pdf","17_醫工設備與環境\90_其他後勤\未標示年份\抗菌药物临床应用管理评价指标及要求.pdf","醫工設備與環境","其他後勤","UNKNOWN","未標示年份","","國家或地方標準","臨床診療與醫療技術","醫療器材與設備；後勤、建築與設施安全；環境、能源與醫療廢棄物","pdf","pdf_text_layer","ed4fe6dbc214c1251f0c68c227bad4a17f649c088e6949aced689cdb26e3345d","257360","2022-06-04T08:45:08.000Z","needs_review","0.35"
"5d8dafd3cb1c886a","抢救车的同质化管理","抢救车的同质化管理.pdf","17_醫工設備與環境\90_其他後勤\未標示年份\抢救车的同质化管理.pdf","醫工設備與環境","其他後勤","UNKNOWN","未標示年份","","待確認或非規範文件","醫療器材與設備","後勤、建築與設施安全；環境、能源與醫療廢棄物","pdf","pdf_needs_ocr","a9103d04cedf86e953586506b5f7b8ed5320343c7d5de406889f5ad33386db4a","2054944","2022-06-30T13:21:48.000Z","needs_review","0.35"
"6b04329d1198f904","乳腺癌靶向药物皮下注射护理专家共识","乳腺癌靶向药物皮下注射护理专家共识.pdf","17_醫工設備與環境\90_其他後勤\未標示年份\乳腺癌靶向药物皮下注射护理专家共识.pdf","醫工設備與環境","其他後勤","UNKNOWN","未標示年份","","專家共識","護理管理","醫療器材與設備；後勤、建築與設施安全；環境、能源與醫療廢棄物","pdf","pdf_needs_ocr","ea676b49e5d11ba375fbe71621f46a981dab13c12a5ab194920c3a3cdaf21984","6105074","2025-04-02T05:39:54.000Z","needs_review","0.35"
"eab8f3122a74413f","供熱系統運行管理","供熱系統運行管理.pdf","17_醫工設備與環境\90_其他後勤\未標示年份\供熱系統運行管理.pdf","醫工設備與環境","其他後勤","UNKNOWN","未標示年份","","待確認或非規範文件","醫療器材與設備","後勤、建築與設施安全；環境、能源與醫療廢棄物","pdf","pdf_needs_ocr","a5a31269e3f50108e0b036e1adefb3cd12f08b73f6d20cca59b75115479610a4","6076923","2022-08-17T06:44:44.000Z","needs_review","0.35"
"140ef91fe41b35bd","国公立医疗卫生机构药品使用监测管理标准","国公立医疗卫生机构药品使用监测管理标准.pdf","17_醫工設備與環境\90_其他後勤\未標示年份\国公立医疗卫生机构药品使用监测管理标准.pdf","醫工設備與環境","其他後勤","UNKNOWN","未標示年份","","待確認或非規範文件","藥事與藥品管理","醫療器材與設備；後勤、建築與設施安全；環境、能源與醫療廢棄物","pdf","pdf_text_layer","4a19d42054d34b0582d302a60c95482a2e941ffbb9884ab71aba80e6e73a51de","753616","2024-08-09T06:05:44.000Z","needs_review","0.35"
"c36cf8330da96444","国家卫生计生委办公厅关于加强医疗机构卫生间管理工作的通知","国家卫生计生委办公厅关于加强医疗机构卫生间管理工作的通知.pdf","17_醫工設備與環境\90_其他後勤\未標示年份\国家卫生计生委办公厅关于加强医疗机构卫生间管理工作的通知.pdf","醫工設備與環境","其他後勤","UNKNOWN","未標示年份","","國家或地方標準","醫療治理與依法執業","醫療器材與設備；後勤、建築與設施安全；環境、能源與醫療廢棄物","pdf","pdf_text_layer","2c328c67d6f7a2d8feb447c2af73f96fe319a593110f0cdf27d7582b4e89d547","259525","2022-09-03T08:42:44.000Z","needs_review","0.35"
"bdae1ebffcee7a30","国家卫生健康委办公厅关于印发静脉用药调配中心建设与管理指南（试行）的通知","国家卫生健康委办公厅关于印发静脉用药调配中心建设与管理指南（试行）的通知.pdf","17_醫工設備與環境\90_其他後勤\未標示年份\国家卫生健康委办公厅关于印发静脉用药调配中心建设与管理指南（试行）的通知.pdf","醫工設備與環境","其他後勤","UNKNOWN","未標示年份","","技術規範／診療指南","醫療治理與依法執業","藥事與藥品管理；醫療器材與設備；後勤、建築與設施安全；環境、能源與醫療廢棄物","pdf","pdf_text_layer","89c3f489d686b451ee09095acc768199aa5c10465731c6fa3f5ddc3e9f86abee","320425","2022-04-23T14:00:12.000Z","needs_review","0.35"
"0ce64f9e46e2ba8f","实施强制管理的计量器具目录","实施强制管理的计量器具目录.doc","17_醫工設備與環境\90_其他後勤\未標示年份\实施强制管理的计量器具目录.doc","醫工設備與環境","其他後勤","UNKNOWN","未標示年份","","待確認或非規範文件","醫療器材與設備","後勤、建築與設施安全；環境、能源與醫療廢棄物","doc","filename_only","a510ffbf4f907c2803d228ab6e9a7462fbf157cc3054ce37efaf8cfa418a4e7e","122368","2022-09-06T04:26:08.000Z","needs_review","0.35"
"2eabfc32590b5a9d","服药时足量饮水与用药风险防范","服药时足量饮水与用药风险防范.pdf","17_醫工設備與環境\90_其他後勤\未標示年份\服药时足量饮水与用药风险防范.pdf","醫工設備與環境","其他後勤","UNKNOWN","未標示年份","","待確認或非規範文件","藥事與藥品管理","醫療器材與設備；後勤、建築與設施安全；環境、能源與醫療廢棄物","pdf","pdf_needs_ocr","d77de6369157963cc7d698db0debef1d093823cd65cc2ad04c27f5fe8b248811","1574035","2024-08-24T08:50:28.000Z","needs_review","0.35"
"63b458ea1852e60a","社会生活环境噪声排放标准","社会生活环境噪声排放标准.pdf","17_醫工設備與環境\90_其他後勤\未標示年份\社会生活环境噪声排放标准.pdf","醫工設備與環境","其他後勤","UNKNOWN","未標示年份","","待確認或非規範文件","醫療器材與設備","後勤、建築與設施安全；環境、能源與醫療廢棄物","pdf","pdf_text_layer","333423e388ca3801c07afe65ee6ba4e4d0cefef3cb68b6d88d644a0e876ea076","477800","2023-05-31T09:28:54.000Z","needs_review","0.35"
"ddee0378e348d7de","長沙城市綠化條例","長沙城市綠化條例.pdf","17_醫工設備與環境\90_其他後勤\未標示年份\長沙城市綠化條例.pdf","醫工設備與環境","其他後勤","UNKNOWN","未標示年份","","行政法規／條例","醫療器材與設備","後勤、建築與設施安全；環境、能源與醫療廢棄物","pdf","pdf_needs_ocr","d8d61fcc0080256726a697b0b94b679ed537d8070573a5bddf19e5edf9d950eb","1090966","2023-02-24T07:14:06.000Z","needs_review","0.35"
"11ec0d0600e034ff","附件","附件.pdf","17_醫工設備與環境\90_其他後勤\未標示年份\附件.pdf","醫工設備與環境","其他後勤","UNKNOWN","未標示年份","","國家或地方標準","醫療器材與設備","後勤、建築與設施安全；環境、能源與醫療廢棄物","pdf","pdf_text_layer","5b2d54cb9594f3c950f0b9dce97a7c66054e7b0888d7f02e881b8d84d278c37e","441563","2026-03-27T00:47:46.000Z","needs_review","0.35"
"affa57bd2b901a82","附件4输液安全标准","附件4输液安全标准.pdf","17_醫工設備與環境\90_其他後勤\未標示年份\附件4输液安全标准.pdf","醫工設備與環境","其他後勤","UNKNOWN","未標示年份","","待確認或非規範文件","醫療器材與設備","後勤、建築與設施安全；環境、能源與醫療廢棄物","pdf","pdf_text_layer","7e9cb41639738d82fded61b36abc72ab56157d024b31172f0311bdf97e777772","1045102","2022-06-20T03:59:14.000Z","needs_review","0.35"
"8014e3cde0c0ee31","附件5环境设施保障标准","附件5环境设施保障标准 (1).pdf","17_醫工設備與環境\90_其他後勤\未標示年份\附件5环境设施保障标准 (1).pdf","醫工設備與環境","其他後勤","UNKNOWN","未標示年份","","國家或地方標準","醫療器材與設備","後勤、建築與設施安全；環境、能源與醫療廢棄物","pdf","pdf_text_layer","269586528bbfdc77f79fc1bbd2ec67e601af3bd2daf41302e660a84bccc9ec92","1418307","2022-07-19T02:48:18.000Z","needs_review","0.35"
"20e77b88bab04cde","附件5环境设施保障标准","附件5环境设施保障标准.pdf","17_醫工設備與環境\90_其他後勤\未標示年份\附件5环境设施保障标准.pdf","醫工設備與環境","其他後勤","UNKNOWN","未標示年份","","國家或地方標準","醫療器材與設備","後勤、建築與設施安全；環境、能源與醫療廢棄物","pdf","pdf_text_layer","5190a2dd3166b46363d1e59db078a3dcce5577b6542926e5349ad6cc47f605fb","812002","2022-06-20T06:45:56.000Z","needs_review","0.35"
"c4459cf113384a6c","临床药学服务 处方审核","临床药学服务 处方审核.pdf","17_醫工設備與環境\90_其他後勤\未標示年份\临床药学服务 处方审核.pdf","醫工設備與環境","其他後勤","UNKNOWN","未標示年份","","待確認或非規範文件","藥事與藥品管理","臨床診療與醫療技術；醫療器材與設備；後勤、建築與設施安全；環境、能源與醫療廢棄物","pdf","pdf_text_layer","15714473493384cbe82583bf13125582b9b286c5913c465330723101b5cbe12c","540767","2022-07-19T02:51:20.000Z","needs_review","0.35"
"399df40da3c2c2ce","临床药学服务 用药咨询","临床药学服务 用药咨询.pdf","17_醫工設備與環境\90_其他後勤\未標示年份\临床药学服务 用药咨询.pdf","醫工設備與環境","其他後勤","UNKNOWN","未標示年份","","國家或地方標準","藥事與藥品管理","臨床診療與醫療技術；醫療器材與設備；後勤、建築與設施安全；環境、能源與醫療廢棄物","pdf","pdf_text_layer","a5a6628e86f33a668c22792cd08c7995ebaf52b49588c3e9682435d3fa74d3a0","734637","2022-07-19T02:51:40.000Z","needs_review","0.35"
"bb4cbb4cbb9c2a7c","临床药学服务 用药教育","临床药学服务 用药教育.pdf","17_醫工設備與環境\90_其他後勤\未標示年份\临床药学服务 用药教育.pdf","醫工設備與環境","其他後勤","UNKNOWN","未標示年份","","國家或地方標準","藥事與藥品管理","臨床診療與醫療技術；醫療器材與設備；後勤、建築與設施安全；環境、能源與醫療廢棄物","pdf","pdf_text_layer","a86a1a72c193e1faad233c06c64bbd4dc48b9c3b87fbe1a3dbbcd79b17888797","796721","2022-07-19T02:51:50.000Z","needs_review","0.35"
"8aa6d8d281265813","临床药学服务 居家药学服务","临床药学服务 居家药学服务.pdf","17_醫工設備與環境\90_其他後勤\未標示年份\临床药学服务 居家药学服务.pdf","醫工設備與環境","其他後勤","UNKNOWN","2034","2034","國家或地方標準","藥事與藥品管理","臨床診療與醫療技術；醫療器材與設備；後勤、建築與設施安全；環境、能源與醫療廢棄物","pdf","pdf_text_layer","d3682ebef57c1f0e1fc81b0893496958a84dcf6e5df16c7efdff7766f26558b0","1130119","2022-07-19T02:52:14.000Z","needs_review","0.35"
"7b353d2de55b269d","临床药学服务 药学查房","临床药学服务 药学查房.pdf","17_醫工設備與環境\90_其他後勤\未標示年份\临床药学服务 药学查房.pdf","醫工設備與環境","其他後勤","UNKNOWN","2021","2021；2018；2016；2011；2006","國家或地方標準","藥事與藥品管理","臨床診療與醫療技術；醫療器材與設備；後勤、建築與設施安全；環境、能源與醫療廢棄物","pdf","pdf_text_layer","761f52eda5f59025abb5d460ba27e04716abf1966dfcce8c6552307ce847a580","574382","2022-07-19T02:51:58.000Z","needs_review","0.35"
"4db7137165886703","临床药学服务 药物重整","临床药学服务 药物重整.pdf","17_醫工設備與環境\90_其他後勤\未標示年份\临床药学服务 药物重整.pdf","醫工設備與環境","其他後勤","UNKNOWN","2021","2021；2019","國家或地方標準","藥事與藥品管理","臨床診療與醫療技術；醫療器材與設備；後勤、建築與設施安全；環境、能源與醫療廢棄物","pdf","pdf_text_layer","85e17797437cf4485526c59223aebf0d5c221742f0af8ee503bdf82207dcb12f","493052","2022-07-19T02:51:30.000Z","needs_review","0.35"
"12c1432bd414cc8f","带电作业用绝缘垫","带电作业用绝缘垫.pdf","17_醫工設備與環境\90_其他後勤\未標示年份\带电作业用绝缘垫.pdf","醫工設備與環境","其他後勤","UNKNOWN","未標示年份","","待確認或非規範文件","醫療器材與設備","後勤、建築與設施安全；環境、能源與醫療廢棄物","pdf","pdf_text_layer","a0125ea7a93ef0694aa8f550287a2329e44f454ec437418a8d878fe3448dc43e","1570063","2023-06-02T23:19:14.000Z","needs_review","0.35"
"f9b64d9198f682e2","某医院未取得《公共场所卫生许可证》从事候诊室","某医院未取得《公共场所卫生许可证》从事候诊室.pdf","17_醫工設備與環境\90_其他後勤\未標示年份\某医院未取得《公共场所卫生许可证》从事候诊室.pdf","醫工設備與環境","其他後勤","UNKNOWN","未標示年份","","待確認或非規範文件","醫療器材與設備","後勤、建築與設施安全；環境、能源與醫療廢棄物","pdf","pdf_needs_ocr","56202abe837eca40c12b4fd225824d8679375ad3644da087543d62390d703746","1242776","2023-05-31T09:23:54.000Z","needs_review","0.35"
"99d6bb08a90b7869","胃癌药物治疗专家共识","胃癌药物治疗专家共识.pdf","17_醫工設備與環境\90_其他後勤\未標示年份\胃癌药物治疗专家共识.pdf","醫工設備與環境","其他後勤","UNKNOWN","未標示年份","","專家共識","臨床診療與醫療技術","醫療器材與設備；後勤、建築與設施安全；環境、能源與醫療廢棄物","pdf","pdf_needs_ocr","b4b6087e7bee63751c8c2b1a05f05f891fc3d4091b12a0bf8c9d1f3fb133e882","20021374","2025-04-02T05:38:16.000Z","needs_review","0.35"
"9b5a49e80308a1fc","陕西加强医疗机构安全秩序管理","陕西加强医疗机构安全秩序管理.pdf","17_醫工設備與環境\90_其他後勤\未標示年份\陕西加强医疗机构安全秩序管理.pdf","醫工設備與環境","其他後勤","UNKNOWN","未標示年份","","待確認或非規範文件","醫療治理與依法執業","醫療器材與設備；後勤、建築與設施安全；環境、能源與醫療廢棄物","pdf","pdf_needs_ocr","775d56ced4e9b6f3f43190c33a84f733413d4205930b8ed32624969623a5fa26","407751","2026-04-08T07:30:38.000Z","needs_review","0.35"
"7b41cde6a4dada00","陕西加强医疗机构安全秩序管理（2）","陕西加强医疗机构安全秩序管理（2）.pdf","17_醫工設備與環境\90_其他後勤\未標示年份\陕西加强医疗机构安全秩序管理（2）.pdf","醫工設備與環境","其他後勤","UNKNOWN","未標示年份","","待確認或非規範文件","醫療治理與依法執業","醫療器材與設備；後勤、建築與設施安全；環境、能源與醫療廢棄物","pdf","pdf_needs_ocr","775d56ced4e9b6f3f43190c33a84f733413d4205930b8ed32624969623a5fa26","407751","2026-04-08T07:30:38.000Z","needs_review","0.35"
"723f5e2a5a538e1a","泰安市城市綠化條例","泰安市城市綠化條例.pdf","17_醫工設備與環境\90_其他後勤\未標示年份\泰安市城市綠化條例.pdf","醫工設備與環境","其他後勤","UNKNOWN","未標示年份","","行政法規／條例","醫療器材與設備","後勤、建築與設施安全；環境、能源與醫療廢棄物","pdf","pdf_needs_ocr","07044c1cd0b0ccbc2c7dec9bf12442711a972c19ccd3c48f2045ea3f6df585a5","1457557","2023-03-15T00:09:16.000Z","needs_review","0.35"
"cf15ed41f6ee572b","药物临床试验机构备案评估指南 及检查细则（试行","药物临床试验机构备案评估指南 及检查细则（试行.pdf","17_醫工設備與環境\90_其他後勤\未標示年份\药物临床试验机构备案评估指南 及检查细则（试行.pdf","醫工設備與環境","其他後勤","UNKNOWN","未標示年份","","技術規範／診療指南","臨床診療與醫療技術","醫療器材與設備；後勤、建築與設施安全；環境、能源與醫療廢棄物","pdf","pdf_text_layer","7c13b63552c48b8a10f001ecef7ab4294473884d5488b4ff9c19865150628a17","312139","2022-08-26T08:23:12.000Z","needs_review","0.35"
"91bad680bfa4a3f4","药物临床试验机构备案评估指南","药物临床试验机构备案评估指南.pdf","17_醫工設備與環境\90_其他後勤\未標示年份\药物临床试验机构备案评估指南.pdf","醫工設備與環境","其他後勤","UNKNOWN","未標示年份","","技術規範／診療指南","臨床診療與醫療技術","醫療器材與設備；後勤、建築與設施安全；環境、能源與醫療廢棄物","pdf","pdf_text_layer","7c13b63552c48b8a10f001ecef7ab4294473884d5488b4ff9c19865150628a17","312139","2022-08-26T08:23:20.000Z","needs_review","0.35"
"0db64247bcba99f1","药品的调剂制度与操作规程","药品的调剂制度与操作规程.doc","17_醫工設備與環境\90_其他後勤\未標示年份\药品的调剂制度与操作规程.doc","醫工設備與環境","其他後勤","UNKNOWN","未標示年份","","院內制度／SOP","藥事與藥品管理","醫療器材與設備；後勤、建築與設施安全；環境、能源與醫療廢棄物","doc","filename_only","8ed0cdf49281d509666a4bd30505ecfd71238990b9c9795ddd8b48fc765b7504","23080","2023-11-25T12:10:02.000Z","needs_review","0.35"
"379c190fc60d26cf","药品经营质量管理规范","药品经营质量管理规范.pdf","17_醫工設備與環境\90_其他後勤\未標示年份\药品经营质量管理规范.pdf","醫工設備與環境","其他後勤","UNKNOWN","未標示年份","","待確認或非規範文件","醫院評鑑與醫療品質","藥事與藥品管理；醫療器材與設備；後勤、建築與設施安全；環境、能源與醫療廢棄物","pdf","pdf_needs_ocr","8340238e4d4ab390ccd8e5e0c99fb80e2a2f1d5bc7f0c33362e8436af46b9788","6894453","2023-12-03T06:41:54.000Z","needs_review","0.35"
"ad44de6feaca3254","药品经营质量管理规范(卫生部令第90号)","药品经营质量管理规范(卫生部令第90号).pdf","17_醫工設備與環境\90_其他後勤\未標示年份\药品经营质量管理规范(卫生部令第90号).pdf","醫工設備與環境","其他後勤","UNKNOWN","未標示年份","","國家或地方標準","醫院評鑑與醫療品質","藥事與藥品管理；醫療器材與設備；後勤、建築與設施安全；環境、能源與醫療廢棄物","pdf","pdf_text_layer","b4374bc02c757ddeb3db98ec7252e8c5c362e0f93c4435293de9875aca71b8eb","748700","2022-09-04T13:44:12.000Z","needs_review","0.35"
"cc729f66c4dee67a","探究 PDCA 循环法在静脉用药调配中心护理管理中的应用","探究 PDCA 循环法在静脉用药调配中心护理管理中的应用.pdf","17_醫工設備與環境\90_其他後勤\未標示年份\探究 PDCA 循环法在静脉用药调配中心护理管理中的应用.pdf","醫工設備與環境","其他後勤","UNKNOWN","未標示年份","","國家或地方標準","護理管理","藥事與藥品管理；醫療器材與設備；後勤、建築與設施安全；環境、能源與醫療廢棄物","pdf","pdf_text_layer","7fb87b8bf472b63641e67ac3c83e85b312a06ace797d65860af2e4b281e10666","1232034","2025-04-02T05:26:28.000Z","needs_review","0.35"
"e0d00be4c7def9d1","深圳市医疗机构输血科设置规范","深圳市医疗机构输血科设置规范.pdf","17_醫工設備與環境\90_其他後勤\未標示年份\深圳市医疗机构输血科设置规范.pdf","醫工設備與環境","其他後勤","UNKNOWN","未標示年份","","待確認或非規範文件","醫療治理與依法執業","輸血與器官移植；醫療器材與設備；後勤、建築與設施安全；環境、能源與醫療廢棄物","pdf","pdf_needs_ocr","2e1ba7971e222572c5c0b50106fa9a96acb307531f08ec3fcda8631d34c77b22","407774","2023-04-02T08:15:28.000Z","needs_review","0.35"
"b6ebe847b24e8149","深圳市医疗机构输血科免疫学检测技术规范","深圳市医疗机构输血科免疫学检测技术规范.pdf","17_醫工設備與環境\90_其他後勤\未標示年份\深圳市医疗机构输血科免疫学检测技术规范.pdf","醫工設備與環境","其他後勤","UNKNOWN","未標示年份","","技術規範／診療指南","醫療治理與依法執業","輸血與器官移植；醫療器材與設備；後勤、建築與設施安全；環境、能源與醫療廢棄物","pdf","pdf_needs_ocr","a8a8a6b08d81900dc74977e72532740f74c714423504571b3de351acb1652c1c","449331","2023-04-02T08:15:58.000Z","needs_review","0.35"
"87f103bdd7bb8936","深圳綠化條例","深圳綠化條例.pdf","17_醫工設備與環境\90_其他後勤\未標示年份\深圳綠化條例.pdf","醫工設備與環境","其他後勤","UNKNOWN","未標示年份","","行政法規／條例","醫療器材與設備","後勤、建築與設施安全；環境、能源與醫療廢棄物","pdf","pdf_needs_ocr","29a2caaad7e3e0ac2a91d895313b3e307ad89a923ff88458adbb482793ce0a7f","2371492","2023-03-01T12:21:18.000Z","needs_review","0.35"
"b6fd77257badc561","第 3-2 部分：医疗保障 药品保障","第 3-2 部分：医疗保障 药品保障.pdf","17_醫工設備與環境\90_其他後勤\未標示年份\第 3-2 部分：医疗保障 药品保障.pdf","醫工設備與環境","其他後勤","UNKNOWN","未標示年份","","待確認或非規範文件","藥事與藥品管理","醫療器材與設備；後勤、建築與設施安全；環境、能源與醫療廢棄物","pdf","pdf_text_layer","12d46a261b7aa14f9a7e386cdc68b3199c29f8673813c281e165cb094356b275","723954","2022-06-29T05:01:38.000Z","needs_review","0.35"
"37e48e1b75d8821d","第 4-5 部分：医疗管理 用药安全管理","第 4-5 部分：医疗管理 用药安全管理.pdf","17_醫工設備與環境\90_其他後勤\未標示年份\第 4-5 部分：医疗管理 用药安全管理.pdf","醫工設備與環境","其他後勤","UNKNOWN","未標示年份","","國家或地方標準","藥事與藥品管理","醫療器材與設備；後勤、建築與設施安全；環境、能源與醫療廢棄物","pdf","pdf_text_layer","be9b18a42d2e558961f0bc74dd1f39a6da67378f2e64e9a2c9e28fb7444e970d","975968","2022-06-29T05:00:46.000Z","needs_review","0.35"
"9408cdaf3368d519","黃岡市醫療費務暫存間衛生管理規範","黃岡市醫療費務暫存間衛生管理規範.pdf","17_醫工設備與環境\90_其他後勤\未標示年份\黃岡市醫療費務暫存間衛生管理規範.pdf","醫工設備與環境","其他後勤","UNKNOWN","未標示年份","","待確認或非規範文件","醫療器材與設備","後勤、建築與設施安全；環境、能源與醫療廢棄物","pdf","pdf_needs_ocr","7796c10e2bad135fa62497d805f75439ff2e7c0824a43444fe242d829aa9be53","1198913","2023-03-30T03:39:10.000Z","needs_review","0.35"
"2b81ca764b7499df","新式带锁抢救车的设计与临床应用","新式带锁抢救车的设计与临床应用.pdf","17_醫工設備與環境\90_其他後勤\未標示年份\新式带锁抢救车的设计与临床应用.pdf","醫工設備與環境","其他後勤","UNKNOWN","未標示年份","","待確認或非規範文件","臨床診療與醫療技術","醫療器材與設備；後勤、建築與設施安全；環境、能源與醫療廢棄物","pdf","pdf_needs_ocr","60d838b9bbfc8335f7518ab5c7fdb2d7241a608f5c751e5a62bca995418c3587","2119878","2022-06-30T13:22:04.000Z","needs_review","0.35"
"6d1506cacbb49d12","新型抗肿瘤药物临床应用指导原则","新型抗肿瘤药物临床应用指导原则.pdf","17_醫工設備與環境\90_其他後勤\未標示年份\新型抗肿瘤药物临床应用指导原则.pdf","醫工設備與環境","其他後勤","UNKNOWN","未標示年份","","待確認或非規範文件","臨床診療與醫療技術","醫療器材與設備；後勤、建築與設施安全；環境、能源與醫療廢棄物","pdf","pdf_text_layer","5edf2dfd1d52cfa71f1fcacac9bc5629c955a1100a8829a86d04def895fadcf1","1860310","2025-03-03T01:42:54.000Z","needs_review","0.35"
"d1ea94581bf264e2","献血场所配置标准","献血场所配置标准.pdf","17_醫工設備與環境\90_其他後勤\未標示年份\献血场所配置标准.pdf","醫工設備與環境","其他後勤","UNKNOWN","未標示年份","","國家或地方標準","輸血與器官移植","醫療器材與設備；後勤、建築與設施安全；環境、能源與醫療廢棄物","pdf","pdf_text_layer","5185ff484c9d1d0d4022cb0a9bbd82f12834e426fe8dd869c14eb7a88cd1d102","233465","2026-01-29T02:47:42.000Z","needs_review","0.35"
"1a190cc4b95b6466","输血反应分类","输血反应分类.pdf","17_醫工設備與環境\90_其他後勤\未標示年份\输血反应分类.pdf","醫工設備與環境","其他後勤","UNKNOWN","2018","2018","國家或地方標準","輸血與器官移植","醫療器材與設備；後勤、建築與設施安全；環境、能源與醫療廢棄物","pdf","pdf_text_layer","6a3fd6310d86b2d6d82b18995cc965b1821041f7ac2b9e847a29bbc645c1dc94","365408","2022-08-26T08:38:58.000Z","needs_review","0.35"
"050dd4c03d142d86","静脉用药调配中心建设基本要求","静脉用药调配中心建设基本要求.docx","17_醫工設備與環境\90_其他後勤\未標示年份\静脉用药调配中心建设基本要求.docx","醫工設備與環境","其他後勤","UNKNOWN","2001","2001；2000","技術規範／診療指南","醫療治理與依法執業","藥事與藥品管理；感染預防與控制；資訊安全與個人資料；急診與緊急醫療；醫療器材與設備；後勤、建築與設施安全；消防、治安與應急管理；環境、能源與醫療廢棄物；圖書、教育與文件管理","docx","office_xml","fda1a02149fdb1843891a88894ca40e6b14461f12c709e582d7c98db8a086ec9","22261","2022-04-23T14:01:42.000Z","needs_review","0.35"
"9f9a32a286009868","静脉用药调配中心洁净环境检测指标及标准","静脉用药调配中心洁净环境检测指标及标准.docx","17_醫工設備與環境\90_其他後勤\未標示年份\静脉用药调配中心洁净环境检测指标及标准.docx","醫工設備與環境","其他後勤","UNKNOWN","2000","2000","行政法規／條例","藥事與藥品管理","醫療器材與設備；後勤、建築與設施安全；環境、能源與醫療廢棄物","docx","office_xml","327827177ac056d6cf4ce1834b3806eab55542de401cefabdea48cb8dc6f4ba0","23608","2022-04-23T14:01:46.000Z","needs_review","0.35"
"606772fefadb2249","德州市綠化條例","德州市綠化條例.pdf","17_醫工設備與環境\90_其他後勤\未標示年份\德州市綠化條例.pdf","醫工設備與環境","其他後勤","UNKNOWN","未標示年份","","行政法規／條例","醫療器材與設備","後勤、建築與設施安全；環境、能源與醫療廢棄物","pdf","pdf_needs_ocr","c31354beb73249fda23900ab4e3f071fecfbc0bc45a626284fcc622ca20af501","682705","2023-02-20T12:27:08.000Z","needs_review","0.35"
"347d2cb0f0fded37","鄭州園林綠化","鄭州園林綠化.pdf","17_醫工設備與環境\90_其他後勤\未標示年份\鄭州園林綠化.pdf","醫工設備與環境","其他後勤","UNKNOWN","未標示年份","","待確認或非規範文件","醫療器材與設備","後勤、建築與設施安全；環境、能源與醫療廢棄物","pdf","pdf_needs_ocr","0efa794e747ae39b37aa4cf1ee437a4d0aa3e0004a1b0b44ac90546d206c7b6d","2639271","2023-10-31T12:00:52.000Z","needs_review","0.35"
"8a5590ab68f2351a","整合性根本原因分析在给药近似错误分析中的应用","整合性根本原因分析在给药近似错误分析中的应用.pdf","17_醫工設備與環境\90_其他後勤\未標示年份\整合性根本原因分析在给药近似错误分析中的应用.pdf","醫工設備與環境","其他後勤","UNKNOWN","未標示年份","","研究論文／文獻","醫療器材與設備","後勤、建築與設施安全；環境、能源與醫療廢棄物","pdf","pdf_needs_ocr","3fa1ab7fba43b8d06267f8176378a96c84a271484c3c377a496031c7ce6511c1","2092965","2025-09-12T00:59:04.000Z","needs_review","0.35"
"9ac000c61d9c02ab","糖皮质激素","糖皮质激素.pdf","17_醫工設備與環境\90_其他後勤\未標示年份\糖皮质激素.pdf","醫工設備與環境","其他後勤","UNKNOWN","未標示年份","","待確認或非規範文件","醫療器材與設備","後勤、建築與設施安全；環境、能源與醫療廢棄物","pdf","pdf_needs_ocr","d51d90a010cf50ebb690d070abae3e3abb1e4190c30310fb59d3a2d6f0bedc9c","1626711","2023-10-26T03:43:28.000Z","needs_review","0.35"
"d3713b42e0ca3135","糖皮质激素临床使用指南","糖皮质激素临床使用指南.doc","17_醫工設備與環境\90_其他後勤\未標示年份\糖皮质激素临床使用指南.doc","醫工設備與環境","其他後勤","UNKNOWN","未標示年份","","技術規範／診療指南","臨床診療與醫療技術","醫療器材與設備；後勤、建築與設施安全；環境、能源與醫療廢棄物","doc","filename_only","c254e193159369a7c5f1b7330c4297de8bc35bde5df905402bf94740dd6252f9","213544","2023-10-26T04:27:24.000Z","needs_review","0.35"
"22fd8074438bf64f","糖皮质激素类药物使用管理办法","糖皮质激素类药物使用管理办法.doc","17_醫工設備與環境\90_其他後勤\未標示年份\糖皮质激素类药物使用管理办法.doc","醫工設備與環境","其他後勤","UNKNOWN","未標示年份","","院內制度／SOP","醫療器材與設備","後勤、建築與設施安全；環境、能源與醫療廢棄物","doc","filename_only","f02b13d35aa3201ef0462fce897ddef3b7556aa0bc696763cf6541153b73f1df","31272","2023-11-25T12:10:26.000Z","needs_review","0.35"
"4c24cf2a663eead9","嬰兒培養箱電器設備","嬰兒培養箱電器設備.pdf","17_醫工設備與環境\90_其他後勤\未標示年份\嬰兒培養箱電器設備.pdf","醫工設備與環境","其他後勤","UNKNOWN","未標示年份","","待確認或非規範文件","醫療器材與設備","後勤、建築與設施安全；環境、能源與醫療廢棄物","pdf","pdf_needs_ocr","c4064c74d7195153a60096e98a24be834bded93126f3d9f17b2b4f92f35c3280","6696013","2022-08-15T09:24:06.000Z","needs_review","0.35"
"d41d17bb69a4c923","醫院汙水處理工程技術規範","醫院汙水處理工程技術規範.pdf","17_醫工設備與環境\90_其他後勤\未標示年份\醫院汙水處理工程技術規範.pdf","醫工設備與環境","其他後勤","UNKNOWN","未標示年份","","技術規範／診療指南","醫療器材與設備","後勤、建築與設施安全；環境、能源與醫療廢棄物","pdf","pdf_needs_ocr","07b46451f70a6e188b4050571c91231174feaff11a2d66c0a974bc52a78efa39","260912","2022-08-05T06:37:56.000Z","needs_review","0.35"
"ab4e481bd39c8edb","雙和醫院永續醫療聯盟","雙和醫院永續醫療聯盟.pdf","17_醫工設備與環境\90_其他後勤\未標示年份\雙和醫院永續醫療聯盟.pdf","醫工設備與環境","其他後勤","UNKNOWN","未標示年份","","待確認或非規範文件","醫療器材與設備","後勤、建築與設施安全；環境、能源與醫療廢棄物","pdf","pdf_needs_ocr","106a3465689e1109c441a158a8a93c80885734bd2e83ae30315b80c502a7290e","1617029","2026-03-27T06:01:30.000Z","needs_review","0.35"
"de12427288022229","F_1768461971520e","F_1768461971520e.pdf","17_醫工設備與環境\90_其他後勤\未標示年份\F_1768461971520e.pdf","醫工設備與環境","其他後勤","UNKNOWN","1971","1971","待確認或非規範文件","醫療器材與設備","後勤、建築與設施安全；環境、能源與醫療廢棄物","pdf","pdf_needs_ocr","74b3c8ab25d0e02e38645a70da96c0cb919bcefdb193b0cb864624f0adce540c","3285120","2026-03-27T05:59:22.000Z","needs_review","0.35"
"1d497dbae8e0f4f8","F_1768461981520e","F_1768461981520e.pdf","17_醫工設備與環境\90_其他後勤\未標示年份\F_1768461981520e.pdf","醫工設備與環境","其他後勤","UNKNOWN","1981","1981","待確認或非規範文件","醫療器材與設備","後勤、建築與設施安全；環境、能源與醫療廢棄物","pdf","pdf_needs_ocr","1a4a0a27a0c747e4c224fca50b4ea9533a13f66636bd6c549e2dfd60e5252910","3361108","2026-03-27T05:59:30.000Z","needs_review","0.35"
"dcf8280415043032","涉及人的生物医学研究伦理审查办法（2016年国家卫计委令第11号）","涉及人的生物医学研究伦理审查办法（2016年国家卫计委令第11号）.docx","18_研究教育\2016\涉及人的生物医学研究伦理审查办法（2016年国家卫计委令第11号）.docx","研究教育","（無）","UNKNOWN","2016","2016","研究論文／文獻","醫療治理與依法執業","醫療人員與執業管理；藥事與藥品管理；資訊安全與個人資料；醫技、檢驗與病理；臨床診療與醫療技術；臨床研究與人體試驗；醫療器材與設備；圖書、教育與文件管理","docx","office_xml","90876545e3d21bfbd3bd33d09f13b8bb4a2ebddb3b85cba6a293908dd5f5fa14","26858","2022-11-29T02:27:48.000Z","needs_review","0.35"
"e41bec28ded264f6","DB37T 3953-2020 医疗卫生机构安全风险分级管控体系实施指南","DB37T 3953-2020 医疗卫生机构安全风险分级管控体系实施指南.pdf","18_研究教育\2020\DB37T 3953-2020 医疗卫生机构安全风险分级管控体系实施指南.pdf","研究教育","（無）","UNKNOWN","2020","2020","研究論文／文獻","臨床研究與人體試驗","圖書、教育與文件管理","pdf","pdf_text_layer","d1a277bf612f3c54b7d00f750b000047757b771535c194fe312e2d1986fdd70f","960526","2022-08-27T13:20:00.000Z","needs_review","0.35"
"f9752e9d575a4c52","DB14T 2389-2021 住院精神障碍患者健康教育服务规范","DB14T 2389-2021 住院精神障碍患者健康教育服务规范.pdf","18_研究教育\2021\DB14T 2389-2021 住院精神障碍患者健康教育服务规范.pdf","研究教育","（無）","UNKNOWN","2021","2021","研究論文／文獻","臨床研究與人體試驗","圖書、教育與文件管理","pdf","pdf_text_layer","6096f28e8fac13bc796ed8fc64fec6adb92e6bdb7f300aeb4f4d34b6e098041c","190050","2024-11-07T06:38:50.000Z","needs_review","0.35"
"98d800a80408318a","DB4403T 182-2021 医疗卫生机构卫生间建设与管理指南","DB4403T 182-2021 医疗卫生机构卫生间建设与管理指南.pdf","18_研究教育\2021\DB4403T 182-2021 医疗卫生机构卫生间建设与管理指南.pdf","研究教育","（無）","UNKNOWN","2021","2021","研究論文／文獻","臨床研究與人體試驗","後勤、建築與設施安全；圖書、教育與文件管理","pdf","pdf_text_layer","3f7434f7a01a311f67d9287285a819ce77ccdb595fd69b0d060ef82e2471fce2","4190491","2022-09-03T08:49:36.000Z","needs_review","0.35"
"96c2f3b60d08c3a6","GA_T 1971-2021 法医精神病学精神检查指南","GA_T 1971-2021 法医精神病学精神检查指南.pdf","18_研究教育\2021\GA_T 1971-2021 法医精神病学精神检查指南.pdf","研究教育","（無）","UNKNOWN","2021","2021；1971","研究論文／文獻","臨床研究與人體試驗","圖書、教育與文件管理","pdf","pdf_text_layer","363d1dd46789d26e095377381be0f04607955b742ac778f66c99024bbb0c2e31","748972","2023-08-11T09:05:26.000Z","needs_review","0.35"
"cea02da815245dd8","2002—2022年我国多重慢病领域研究热点及演进趋势分析","2002—2022年我国多重慢病领域研究热点及演进趋势分析.pdf","18_研究教育\2022\2002—2022年我国多重慢病领域研究热点及演进趋势分析.pdf","研究教育","（無）","UNKNOWN","2022","2022；2002","研究論文／文獻","臨床研究與人體試驗","圖書、教育與文件管理","pdf","pdf_needs_ocr","64a35c701c6ec9a66b46e643f240f0d4be0532bb1afc1c586da8c68a081b515a","1633063","2024-08-24T08:37:04.000Z","needs_review","0.35"
"5ad2128870ab4879","国卫办医函〔2022〕临床营养科建设与管理指南（试行）的通知","国卫办医函〔2022〕临床营养科建设与管理指南（试行）的通知.pdf","18_研究教育\2022\国卫办医函〔2022〕临床营养科建设与管理指南（试行）的通知.pdf","研究教育","（無）","UNKNOWN","2022","2022","研究論文／文獻","臨床診療與醫療技術","臨床研究與人體試驗；圖書、教育與文件管理","pdf","pdf_text_layer","2ebe2c5fe43811d0bef04aace0a0b665030de5cd479634840059054a4c5e50a8","207329","2022-06-01T05:02:20.000Z","needs_review","0.35"
"006edd5f65c6c807","清双随机办〔2022〕14号清河县2022年度培训机构、托幼机构、燃气公司部门联合抽查计划","清双随机办〔2022〕14号清河县2022年度培训机构、托幼机构、燃气公司部门联合抽查计划.doc","18_研究教育\2022\清双随机办〔2022〕14号清河县2022年度培训机构、托幼机构、燃气公司部门联合抽查计划.doc","研究教育","（無）","UNKNOWN","2022","2022","研究論文／文獻","臨床研究與人體試驗","圖書、教育與文件管理","doc","filename_only","8eddf315e3220c0509dc8112a666bd9b9201987a79e26212cf16d1869866b051","27136","2022-09-18T11:21:18.000Z","needs_review","0.35"
"f3ff8eb9169a03f0","医疗机构死亡病例质控与管理指南（2023）","医疗机构死亡病例质控与管理指南（2023）.pdf","18_研究教育\2023\医疗机构死亡病例质控与管理指南（2023）.pdf","研究教育","（無）","UNKNOWN","2023","2023","研究論文／文獻","醫療治理與依法執業","醫院評鑑與醫療品質；臨床研究與人體試驗；圖書、教育與文件管理","pdf","pdf_needs_ocr","b58814e2166874e4d027ce64e3d74814b3be99d63dcfc5c1706fc936f594947d","2063434","2024-08-24T08:41:54.000Z","needs_review","0.35"
"c1b3824fef1b392e","静脉输液港植入与管理多学科专家共识（2023版）","静脉输液港植入与管理多学科专家共识（2023版）.pdf","18_研究教育\2023\静脉输液港植入与管理多学科专家共识（2023版）.pdf","研究教育","（無）","UNKNOWN","2023","2023","研究論文／文獻","臨床研究與人體試驗","圖書、教育與文件管理","pdf","pdf_text_layer","767b584d316e5931b147df6cdaa77a87c3b807ca5e862b540f970dcc8abbb7df","1471237","2024-08-19T01:19:24.000Z","needs_review","0.35"
"a951f36c1704f0be","DB13_T 5724-2023 公共场所从业人员卫生知识培训规范","DB13_T 5724-2023 公共场所从业人员卫生知识培训规范.pdf","18_研究教育\2023\DB13_T 5724-2023 公共场所从业人员卫生知识培训规范.pdf","研究教育","（無）","UNKNOWN","2023","2023","研究論文／文獻","臨床研究與人體試驗","圖書、教育與文件管理","pdf","pdf_text_layer","454b47edf55d222b6d40f4792433a9a8cc17d60ed6ec43adce343313a508ad8c","601357","2025-04-03T02:40:14.000Z","needs_review","0.35"
"88e7fe188ad40063","T_GDWJ 016-2023 公立医院全面预算管理工作指南","T_GDWJ 016-2023 公立医院全面预算管理工作指南.pdf","18_研究教育\2023\T_GDWJ 016-2023 公立医院全面预算管理工作指南.pdf","研究教育","（無）","UNKNOWN","2023","2023","研究論文／文獻","臨床研究與人體試驗","圖書、教育與文件管理","pdf","pdf_text_layer","ab5477109b6adb3d3876526ed31dafe2c00b4f69bb7b431ca1558a83c46ce71c","1735268","2023-09-24T06:26:54.000Z","needs_review","0.35"
"db6aaff56774519d","肥胖症诊疗指南（2024年版）","肥胖症诊疗指南（2024年版）.pdf","18_研究教育\2024\肥胖症诊疗指南（2024年版）.pdf","研究教育","（無）","UNKNOWN","2024","2024","研究論文／文獻","臨床診療與醫療技術","臨床研究與人體試驗；圖書、教育與文件管理","pdf","pdf_text_layer","8d7c5c87f8e58f56231e251b1aa588b9d640e74d32dbec2a45e68dcf141274c3","1057558","2025-03-03T01:48:40.000Z","needs_review","0.35"
"7681e19a803a22bd","复杂剖宫产手术专家共识（2024）","复杂剖宫产手术专家共识（2024）.pdf","18_研究教育\2024\复杂剖宫产手术专家共识（2024）.pdf","研究教育","（無）","UNKNOWN","2024","2024","研究論文／文獻","手術、麻醉與疼痛管理","臨床研究與人體試驗；圖書、教育與文件管理","pdf","pdf_needs_ocr","62073cf75f5102a3d7e3806b02a975cc68e7eb33ac02df1f45ce0ec9f10bdc93","1434506","2025-06-03T03:48:24.000Z","needs_review","0.35"
"8b9fb7b861baf589","脑血管病防治指南(2024年版)","脑血管病防治指南(2024年版).pdf","18_研究教育\2024\脑血管病防治指南(2024年版).pdf","研究教育","（無）","UNKNOWN","2024","2024","研究論文／文獻","臨床研究與人體試驗","圖書、教育與文件管理","pdf","pdf_text_layer","5e0a5802ac7a4eb8a570284439ae2d68a3926f7db0b66eff12f40561bd090351","1076636","2025-04-02T05:33:00.000Z","needs_review","0.35"
"5fdf91669237b371","DB3202_T 1074-2024 医疗卫生机构禁控烟管理指南","DB3202_T 1074-2024 医疗卫生机构禁控烟管理指南.pdf","18_研究教育\2024\DB3202_T 1074-2024 医疗卫生机构禁控烟管理指南.pdf","研究教育","（無）","UNKNOWN","2024","2024","研究論文／文獻","臨床研究與人體試驗","圖書、教育與文件管理","pdf","pdf_text_layer","72881611a086ba80243deab965a2eb3e637f165148490c4e2f40c6e1a7e63cbf","286167","2024-07-19T08:41:24.000Z","needs_review","0.35"
"b569fbfea4c55345","DB34_T 4659-2024 医院智慧安防建设指南","DB34_T 4659-2024 医院智慧安防建设指南.pdf","18_研究教育\2024\DB34_T 4659-2024 医院智慧安防建设指南.pdf","研究教育","（無）","UNKNOWN","2024","2024；2021；2018","研究論文／文獻","臨床研究與人體試驗","圖書、教育與文件管理","pdf","pdf_text_layer","b9d5c7188e519111ce677241eea263b98cb1d1420a4983193274286709f500dc","413211","2026-04-12T12:18:32.000Z","needs_review","0.35"
"dc244ab681db245a","DB34_T 4659-2024 医院智慧安防建设指南（2）","DB34_T 4659-2024 医院智慧安防建设指南（2）.pdf","18_研究教育\2024\DB34_T 4659-2024 医院智慧安防建设指南（2）.pdf","研究教育","（無）","UNKNOWN","2024","2024；2021；2018","研究論文／文獻","臨床研究與人體試驗","圖書、教育與文件管理","pdf","pdf_text_layer","b9d5c7188e519111ce677241eea263b98cb1d1420a4983193274286709f500dc","413211","2026-04-12T12:18:32.000Z","needs_review","0.35"
"bbb0a6b9b0275e7a","T_SZCHA 001-2024 医院不间断电源系统建设和运维管理指南","T_SZCHA 001-2024 医院不间断电源系统建设和运维管理指南.pdf","18_研究教育\2024\T_SZCHA 001-2024 医院不间断电源系统建设和运维管理指南.pdf","研究教育","（無）","UNKNOWN","2024","2024","研究論文／文獻","臨床研究與人體試驗","圖書、教育與文件管理","pdf","pdf_text_layer","70eff84c833c57b9e34472dc284428106249011874e5b7f09ff8ce035d3fd0d6","2443606","2026-05-12T22:19:08.000Z","needs_review","0.35"
"5a4700c9756c38da","T_SZCHA 001-2024 医院不间断电源系统建设和运维管理指南（2）","T_SZCHA 001-2024 医院不间断电源系统建设和运维管理指南（2）.pdf","18_研究教育\2024\T_SZCHA 001-2024 医院不间断电源系统建设和运维管理指南（2）.pdf","研究教育","（無）","UNKNOWN","2024","2024","研究論文／文獻","臨床研究與人體試驗","圖書、教育與文件管理","pdf","pdf_text_layer","fe7ae6df3edf8437c31974675d42db9eb24561ce35d55f9038c8207a93f7d81d","2427329","2025-02-28T01:36:50.000Z","needs_review","0.35"
"375032d990a1f55d","T_WSJD 55-2024 医疗机构放射卫生监督指南","T_WSJD 55-2024 医疗机构放射卫生监督指南 (1).pdf","18_研究教育\2024\T_WSJD 55-2024 医疗机构放射卫生监督指南 (1).pdf","研究教育","（無）","UNKNOWN","2024","2024","研究論文／文獻","醫療治理與依法執業","臨床研究與人體試驗；圖書、教育與文件管理","pdf","pdf_text_layer","0a9c8f63dbc8dde599598328da6248dd47330c8f48c9d40a76d95dd9fb0902e8","873891","2024-10-15T06:47:48.000Z","needs_review","0.35"
"7a05f5ef9ba62417","86个罕见病病种诊疗指南（2025年版）-20250709181724664","86个罕见病病种诊疗指南（2025年版）-20250709181724664.pdf","18_研究教育\2025\86个罕见病病种诊疗指南（2025年版）-20250709181724664.pdf","研究教育","（無）","UNKNOWN","2025","2025","研究論文／文獻","臨床診療與醫療技術","臨床研究與人體試驗；圖書、教育與文件管理","pdf","pdf_text_layer","d03fe69585320fea7938bf85bea9ec346a3d5d7671c7d8627fff8393679bbfef","15611195","2025-07-16T02:32:22.000Z","needs_review","0.35"
"ab30a0db8c230b75","老视临床个性化诊疗专家共识（2025）","老视临床个性化诊疗专家共识（2025）.pdf","18_研究教育\2025\老视临床个性化诊疗专家共识（2025）.pdf","研究教育","（無）","UNKNOWN","2025","2025","研究論文／文獻","臨床診療與醫療技術","臨床研究與人體試驗；圖書、教育與文件管理","pdf","pdf_needs_ocr","330b564b46d0e135d1265fe177302a63c48008825aaa4cc243d92ee4a72ed002","1848344","2025-06-03T03:49:00.000Z","needs_review","0.35"
"e9f7b6f3eaa8b31f","肠菌移植治疗炎症性肠病专家共识（2025版）","肠菌移植治疗炎症性肠病专家共识（2025版）.pdf","18_研究教育\2025\肠菌移植治疗炎症性肠病专家共识（2025版）.pdf","研究教育","（無）","UNKNOWN","2025","2025","研究論文／文獻","臨床診療與醫療技術","臨床研究與人體試驗；圖書、教育與文件管理","pdf","pdf_needs_ocr","4bdb1cd3210ff2136a171b3a109b3429936cede0a3e5470021db200c1e98ee5a","1880496","2025-04-02T05:53:42.000Z","needs_review","0.35"
"bd416ad95ec0f2ae","肠菌移植治疗炎症性肠病专家共识（2025版）培训课件","肠菌移植治疗炎症性肠病专家共识（2025版）培训课件.pptx","18_研究教育\2025\肠菌移植治疗炎症性肠病专家共识（2025版）培训课件.pptx","研究教育","（無）","UNKNOWN","2025","2025","研究論文／文獻","感染預防與控制","資訊安全與個人資料；臨床診療與醫療技術；急診與緊急醫療；臨床研究與人體試驗；消防、治安與應急管理；圖書、教育與文件管理","pptx","office_xml","5dc69d9cf5933dfe5b11e31e98a191e64f2346aa31fd830909f6a4c3efbb31f9","23443303","2025-06-15T06:10:38.000Z","needs_review","0.35"
"ad516311bde6dece","食管癌全程管理专家共识（2025版）","食管癌全程管理专家共识（2025版）.pdf","18_研究教育\2025\食管癌全程管理专家共识（2025版）.pdf","研究教育","（無）","UNKNOWN","2025","2025","研究論文／文獻","臨床研究與人體試驗","圖書、教育與文件管理","pdf","pdf_needs_ocr","48b0e7b9fcc8cde96f20b0a0937afd10858d791d8521254094aa5bae56e34cb1","2304319","2025-06-03T04:01:34.000Z","needs_review","0.35"
"6bf2ea84bd4b2380","食管癌寡转移放射治疗专家共识(2025年版)","食管癌寡转移放射治疗专家共识(2025年版).pdf","18_研究教育\2025\食管癌寡转移放射治疗专家共识(2025年版).pdf","研究教育","（無）","UNKNOWN","2025","2025","研究論文／文獻","臨床診療與醫療技術","臨床研究與人體試驗；圖書、教育與文件管理","pdf","pdf_needs_ocr","eae8db25bee1a0bf1dc78817c09e7b159a75fbb816b8f7245fe26933d9bfa8d9","3137105","2025-06-03T03:50:20.000Z","needs_review","0.35"
"1959b7f38f769da7","DB14_T 3263-2025 综合医院门诊服务指南","DB14_T 3263-2025 综合医院门诊服务指南.pdf","18_研究教育\2025\DB14_T 3263-2025 综合医院门诊服务指南.pdf","研究教育","（無）","UNKNOWN","2025","2025；2023；2022；2021；2017；2016","研究論文／文獻","臨床研究與人體試驗","圖書、教育與文件管理","pdf","pdf_text_layer","589135075f0df2ddf7d9d2af37cd2c967591853101a385323a26e6797fa68274","436674","2025-05-30T02:25:56.000Z","needs_review","0.35"
"147e6fa2bded918c","DB41_T 2805-2025 医疗机构放射诊疗场所建设指南","DB41_T 2805-2025 医疗机构放射诊疗场所建设指南.pdf","18_研究教育\2025\DB41_T 2805-2025 医疗机构放射诊疗场所建设指南.pdf","研究教育","（無）","UNKNOWN","2025","2025","研究論文／文獻","醫療治理與依法執業","臨床診療與醫療技術；臨床研究與人體試驗；圖書、教育與文件管理","pdf","pdf_text_layer","b2ffdc73b22efbe5c1ec81c18bc05cf18385321fbeb05f76f07094656126a255","725899","2025-04-02T06:37:34.000Z","needs_review","0.35"
"b61db91edecfaaf3","T_CQAEPI 002-2025 医院绿色低碳建设与运营技术指南","T_CQAEPI 002-2025 医院绿色低碳建设与运营技术指南.pdf","18_研究教育\2025\T_CQAEPI 002-2025 医院绿色低碳建设与运营技术指南.pdf","研究教育","（無）","UNKNOWN","2025","2025","研究論文／文獻","臨床研究與人體試驗","圖書、教育與文件管理","pdf","pdf_text_layer","5863469bb8f198dfee3fc1c3bb14811019efbbbb77f7c111867cb53a96799e46","263602","2025-11-11T06:57:40.000Z","needs_review","0.35"
"bb0e095c88975cea","WS T 868-2025体重管理标准","WS T 868-2025体重管理标准.pdf","18_研究教育\2025\WS T 868-2025体重管理标准.pdf","研究教育","（無）","UNKNOWN","2025","2025","研究論文／文獻","臨床研究與人體試驗","圖書、教育與文件管理","pdf","pdf_text_layer","632e81d0d776cd73fdaa90607f9aa2949683a3659aa831d6067bcddcd943df8c","259511","2025-07-20T12:37:46.000Z","needs_review","0.35"
"1d254c41b12f475e","WS T 872—2025-基层医疗卫生机构高血压防治管理标准","WS T 872—2025-基层医疗卫生机构高血压防治管理标准.pdf","18_研究教育\2025\WS T 872—2025-基层医疗卫生机构高血压防治管理标准.pdf","研究教育","（無）","UNKNOWN","2025","2025","研究論文／文獻","臨床研究與人體試驗","圖書、教育與文件管理","pdf","pdf_text_layer","4c099a4a656b72d6524c7acd05359da10b4dd861def402b80acd94a307d410d6","364853","2025-10-08T02:25:20.000Z","needs_review","0.35"
"0ed7fbfdf0ffde20","WST 848-2025末梢血标本采集指南-20250819171016881","WST 848-2025末梢血标本采集指南-20250819171016881.pdf","18_研究教育\2025\WST 848-2025末梢血标本采集指南-20250819171016881.pdf","研究教育","（無）","UNKNOWN","2025","2025；1917","研究論文／文獻","臨床研究與人體試驗","圖書、教育與文件管理","pdf","pdf_text_layer","a93d0a135c414d98969d833420ac8717bcf0181a0254af6efbbd64125ccd4c85","440285","2026-01-29T02:38:40.000Z","needs_review","0.35"
"4b5e3f2a090efd39","WST 877—2026-20260318094835107医养结合健康教育服务标准","WST 877—2026-20260318094835107医养结合健康教育服务标准.pdf","18_研究教育\2026\WST 877—2026-20260318094835107医养结合健康教育服务标准.pdf","研究教育","（無）","UNKNOWN","2026","2026","研究論文／文獻","臨床研究與人體試驗","圖書、教育與文件管理","pdf","pdf_text_layer","b2123a20296ca8cebcca2b32896cca0d69ef316e10a420f9c1ce3ace4963226d","331517","2026-05-25T04:20:42.000Z","needs_review","0.35"
"25b87bbfe3768700","WST 877—2026-20260318094835107医养结合健康教育服务标准（2）","WST 877—2026-20260318094835107医养结合健康教育服务标准（2）.pdf","18_研究教育\2026\WST 877—2026-20260318094835107医养结合健康教育服务标准（2）.pdf","研究教育","（無）","UNKNOWN","2026","2026","研究論文／文獻","臨床研究與人體試驗","圖書、教育與文件管理","pdf","pdf_text_layer","b2123a20296ca8cebcca2b32896cca0d69ef316e10a420f9c1ce3ace4963226d","331517","2026-05-25T04:20:42.000Z","needs_review","0.35"
"2e35052d2697420a","“千县工程”县医院医疗服务能力","“千县工程”县医院医疗服务能力.pdf","18_研究教育\未標示年份\“千县工程”县医院医疗服务能力.pdf","研究教育","（無）","UNKNOWN","未標示年份","","研究論文／文獻","臨床研究與人體試驗","圖書、教育與文件管理","pdf","pdf_text_layer","9873b4bd7c4dd8f06d9d15d016f4073f588ff541f0ac4fa2a5d2ace50f3e58e0","108853","2024-07-30T11:04:18.000Z","needs_review","0.35"
"9f7c417d41c986d8","03-112年度教學醫院評鑑基準及評量項目、委員共識(醫學中心適用)","03-112年度教學醫院評鑑基準及評量項目、委員共識(醫學中心適用).pdf","18_研究教育\未標示年份\03-112年度教學醫院評鑑基準及評量項目、委員共識(醫學中心適用).pdf","研究教育","（無）","UNKNOWN","未標示年份","","醫院評鑑／認證標準","醫院評鑑與醫療品質","臨床研究與人體試驗；圖書、教育與文件管理","pdf","pdf_text_layer","f4a53627bf0627431a163566730fb53605c30a28c248f6ddc310e2fbe30b6eeb","712462","2023-07-27T12:29:04.000Z","needs_review","0.35"
"4bf6e43a408e14b3","03-114年度教學醫院評鑑基準及評量項目(區域醫院、地區醫院適用)","03-114年度教學醫院評鑑基準及評量項目(區域醫院、地區醫院適用).pdf","18_研究教育\未標示年份\03-114年度教學醫院評鑑基準及評量項目(區域醫院、地區醫院適用).pdf","研究教育","（無）","UNKNOWN","未標示年份","","醫院評鑑／認證標準","醫院評鑑與醫療品質","臨床研究與人體試驗；圖書、教育與文件管理","pdf","pdf_text_layer","c91c64fcacd231c71cd6e0b1fec84228c1acf7126c060ea06c2407a45834287c","1336548","2026-03-27T00:43:16.000Z","needs_review","0.35"
"99cc9fa10c36557e","04-112年度教學醫院評鑑基準及評量項目、委員共識(區域醫院及地區醫院適用)","04-112年度教學醫院評鑑基準及評量項目、委員共識(區域醫院及地區醫院適用).pdf","18_研究教育\未標示年份\04-112年度教學醫院評鑑基準及評量項目、委員共識(區域醫院及地區醫院適用).pdf","研究教育","（無）","UNKNOWN","未標示年份","","醫院評鑑／認證標準","醫院評鑑與醫療品質","臨床研究與人體試驗；圖書、教育與文件管理","pdf","pdf_text_layer","303268904601abd10159ca13fc4e21c942209f57129fdfc82e37778bdf81c6c4","618430","2024-06-08T11:47:18.000Z","needs_review","0.35"
"c89aaccbbdc74a35","1-人體研究倫理審查委員會查核作業申請書","1-人體研究倫理審查委員會查核作業申請書.pdf","18_研究教育\未標示年份\1-人體研究倫理審查委員會查核作業申請書.pdf","研究教育","（無）","UNKNOWN","未標示年份","","研究論文／文獻","臨床研究與人體試驗","圖書、教育與文件管理","pdf","pdf_text_layer","99aef03303f5dde444622032f88fc71689f003ad8aeff41a441d3d0b041ce20f","64363","2024-02-05T01:20:58.000Z","needs_review","0.35"
"046c48a0125553ef","1.《临床静脉导管维护操作专家共识》解读","1.《临床静脉导管维护操作专家共识》解读.pdf","18_研究教育\未標示年份\1.《临床静脉导管维护操作专家共识》解读.pdf","研究教育","（無）","UNKNOWN","未標示年份","","研究論文／文獻","臨床診療與醫療技術","臨床研究與人體試驗；圖書、教育與文件管理","pdf","pdf_text_layer","8bcd258951c9c22e14e10a51e4c75bb7697b7ee336439718689af638fa58dd69","617871","2024-08-19T01:20:20.000Z","needs_review","0.35"
"01df01b176a95dbd","1.紧密型县域医共体医学影像中心建设与服务指南（试行）","1.紧密型县域医共体医学影像中心建设与服务指南（试行）.pdf","18_研究教育\未標示年份\1.紧密型县域医共体医学影像中心建设与服务指南（试行）.pdf","研究教育","（無）","UNKNOWN","未標示年份","","研究論文／文獻","臨床研究與人體試驗","圖書、教育與文件管理","pdf","pdf_text_layer","5afe837d32c97c9d02733d324e010c1d0869b0f1886e2cc7b9edbb7cfe522d09","805267","2026-06-01T01:12:38.000Z","needs_review","0.35"
"32f50b05178940b9","111年度人體研究倫理審查委員會暨受試者保護查核基準與評分說明","111年度人體研究倫理審查委員會暨受試者保護查核基準與評分說明.pdf","18_研究教育\未標示年份\111年度人體研究倫理審查委員會暨受試者保護查核基準與評分說明.pdf","研究教育","（無）","UNKNOWN","未標示年份","","研究論文／文獻","臨床研究與人體試驗","圖書、教育與文件管理","pdf","pdf_text_layer","8ba5f20026b40c06134514f379fe6b59212bb8f4de6a3a66efd9450bc19e1718","709035","2024-02-05T01:19:44.000Z","needs_review","0.35"
"bcf2c533ab0782d2","113年度醫院評鑑基準及評量項目、委員共識(區域醫院、地區醫院適用)","113年度醫院評鑑基準及評量項目、委員共識(區域醫院、地區醫院適用).docx","18_研究教育\未標示年份\113年度醫院評鑑基準及評量項目、委員共識(區域醫院、地區醫院適用).docx","研究教育","（無）","UNKNOWN","未標示年份","","查檢表／稽核表","醫療治理與依法執業","醫院評鑑與醫療品質；醫療人員與執業管理；感染預防與控制；病歷、電子病歷與醫療資料；資訊安全與個人資料；醫技、檢驗與病理；臨床診療與醫療技術；手術、麻醉與疼痛管理；急診與緊急醫療；臨床研究與人體試驗；職業安全與員工健康；醫療器材與設備；消防、治安與應急管理；環境、能源與醫療廢棄物；財務、採購與內部稽核；圖書、教育與文件管理","docx","office_xml","8cffe5c91da1f6165abb3943f3f28d6d21aea8b1396a1072db9824970c57551b","458637","2024-07-15T00:47:34.000Z","needs_review","0.35"
"545e953d3148c59b","114年「綠色醫療永續規劃暨教育訓練補助計畫」公告","114年「綠色醫療永續規劃暨教育訓練補助計畫」公告.pdf","18_研究教育\未標示年份\114年「綠色醫療永續規劃暨教育訓練補助計畫」公告.pdf","研究教育","（無）","UNKNOWN","未標示年份","","研究論文／文獻","臨床研究與人體試驗","圖書、教育與文件管理","pdf","pdf_needs_ocr","2a2e27357b62f77d4cb79a31ac8438f184977259219b4ce3f6b5035cf849a416","570777","2026-03-27T05:34:12.000Z","needs_review","0.35"
"482bf1ebba6e807d","114年度教學醫院評鑑基準及評量項目(區域醫院、地區醫院適用)(含委員共識)","114年度教學醫院評鑑基準及評量項目(區域醫院、地區醫院適用)(含委員共識).pdf","18_研究教育\未標示年份\114年度教學醫院評鑑基準及評量項目(區域醫院、地區醫院適用)(含委員共識).pdf","研究教育","（無）","UNKNOWN","未標示年份","","醫院評鑑／認證標準","醫院評鑑與醫療品質","臨床研究與人體試驗；圖書、教育與文件管理","pdf","pdf_text_layer","59f2467ad073782d547de15754b708b36f51c13e50221d26e90c243128037c0c","1411407","2026-03-27T00:43:22.000Z","needs_review","0.35"
"5538718711b13da0","114年綠色醫療永續規劃暨教育訓練補助計畫","114年綠色醫療永續規劃暨教育訓練補助計畫 (3).pdf","18_研究教育\未標示年份\114年綠色醫療永續規劃暨教育訓練補助計畫 (3).pdf","研究教育","（無）","UNKNOWN","2025","2025","研究論文／文獻","臨床研究與人體試驗","圖書、教育與文件管理","pdf","pdf_text_layer","a4a87227d790a8653c26d96975acbd751c18d4323565c27eec81969d4992471f","729093","2026-03-27T05:42:34.000Z","needs_review","0.35"
"c8901fe13ef07e6a","114年綠色醫療永續規劃暨教育訓練補助計畫","114年綠色醫療永續規劃暨教育訓練補助計畫.pdf","18_研究教育\未標示年份\114年綠色醫療永續規劃暨教育訓練補助計畫.pdf","研究教育","（無）","UNKNOWN","2025","2025","研究論文／文獻","臨床研究與人體試驗","圖書、教育與文件管理","pdf","pdf_text_layer","a4a87227d790a8653c26d96975acbd751c18d4323565c27eec81969d4992471f","729093","2026-03-27T00:47:24.000Z","needs_review","0.35"
"8be57b8134ccb2c1","2-人體研究倫理審查委員會必要標準作業程序確認書","2-人體研究倫理審查委員會必要標準作業程序確認書.pdf","18_研究教育\未標示年份\2-人體研究倫理審查委員會必要標準作業程序確認書.pdf","研究教育","（無）","UNKNOWN","未標示年份","","研究論文／文獻","臨床研究與人體試驗","圖書、教育與文件管理","pdf","pdf_text_layer","beed2d4b59e3a7bc89bdd1fcfca2712579df0534338750a3adc0ebb04995aa23","84006","2024-02-05T01:21:00.000Z","needs_review","0.35"
"e4a01038da0850f0","21精神科保护性约束实施及解除专家共识","21精神科保护性约束实施及解除专家共识.pdf","18_研究教育\未標示年份\21精神科保护性约束实施及解除专家共识.pdf","研究教育","（無）","UNKNOWN","2022","2022","研究論文／文獻","臨床研究與人體試驗","圖書、教育與文件管理","pdf","pdf_text_layer","5967eff4f6c90ecd4d9f164560a7bf57f5333f7e101343d0d1446378eab0e837","759307","2024-08-19T01:19:38.000Z","needs_review","0.35"
"70e46f705b599def","24血液透析安全注射临床实践专家共识","24血液透析安全注射临床实践专家共识.pdf","18_研究教育\未標示年份\24血液透析安全注射临床实践专家共识.pdf","研究教育","（無）","UNKNOWN","2022","2022","研究論文／文獻","臨床診療與醫療技術","臨床研究與人體試驗；圖書、教育與文件管理","pdf","pdf_text_layer","95367193f78e7585a518a57dfcb1643bb41dfa53b8e9580c4dd25de79b08fee9","1143687","2024-08-19T01:19:40.000Z","needs_review","0.35"
"16f975314904822b","26肠外营养安全输注专家共识","26肠外营养安全输注专家共识.pdf","18_研究教育\未標示年份\26肠外营养安全输注专家共识.pdf","研究教育","（無）","UNKNOWN","2022","2022","研究論文／文獻","臨床研究與人體試驗","圖書、教育與文件管理","pdf","pdf_text_layer","766238a452dfe3a4fa1f42c8e4b7d545ae8b242c97809660b30480fa45333375","992214","2024-08-19T01:19:40.000Z","needs_review","0.35"
"c3c769624f654658","3-112年經濟部-人體研究倫理審查委員會查核基準及評分說明","3-112年經濟部-人體研究倫理審查委員會查核基準及評分說明.pdf","18_研究教育\未標示年份\3-112年經濟部-人體研究倫理審查委員會查核基準及評分說明.pdf","研究教育","（無）","UNKNOWN","未標示年份","","研究論文／文獻","臨床研究與人體試驗","圖書、教育與文件管理","pdf","pdf_text_layer","8073164722679053be211fd082231a0f0776ac8af9a8c8672a99ae2015003a60","407703","2024-02-05T01:21:02.000Z","needs_review","0.35"
"3fb9b3272fc7751c","3.紧密型县域医共体心电诊断中心建设与服务指南（试行）","3.紧密型县域医共体心电诊断中心建设与服务指南（试行）.pdf","18_研究教育\未標示年份\3.紧密型县域医共体心电诊断中心建设与服务指南（试行）.pdf","研究教育","（無）","UNKNOWN","未標示年份","","研究論文／文獻","臨床研究與人體試驗","圖書、教育與文件管理","pdf","pdf_text_layer","bb88095bbec3fde5df11b36047c592d723fc7a3752093e0d9d20002aa2aa3db0","1068944","2026-06-01T01:12:54.000Z","needs_review","0.35"
"a9bf02c1b61dc2ab","30重复使用医疗器械包装技术专家共识","30重复使用医疗器械包装技术专家共识.pdf","18_研究教育\未標示年份\30重复使用医疗器械包装技术专家共识.pdf","研究教育","（無）","UNKNOWN","2023","2023","研究論文／文獻","臨床研究與人體試驗","醫療器材與設備；圖書、教育與文件管理","pdf","pdf_text_layer","d9845ffdbddce4e1a5a76ef8c23df3ca46df2623a3f102c9be8824a61a447172","1437824","2024-08-19T01:19:42.000Z","needs_review","0.35"
"074af8919ae4f472","4-112年經濟部-人體研究倫理審查委員會查核作業自評資料表(範本)","4-112年經濟部-人體研究倫理審查委員會查核作業自評資料表(範本).docx","18_研究教育\未標示年份\4-112年經濟部-人體研究倫理審查委員會查核作業自評資料表(範本).docx","研究教育","（無）","UNKNOWN","未標示年份","","查檢表／稽核表","醫院評鑑與醫療品質","醫療人員與執業管理；資訊安全與個人資料；臨床診療與醫療技術；臨床研究與人體試驗；醫療器材與設備；財務、採購與內部稽核；圖書、教育與文件管理","docx","office_xml","4ef2abb13a2c4ab91f51c3577fce1e4e20b6c58086106e720ed44be373f1475f","85857","2024-02-05T01:21:04.000Z","needs_review","0.35"
"e8d99e32bbf3e839","4-112年經濟部-人體研究倫理審查委員會查核作業自評資料表(範本)","4-112年經濟部-人體研究倫理審查委員會查核作業自評資料表(範本).pdf","18_研究教育\未標示年份\4-112年經濟部-人體研究倫理審查委員會查核作業自評資料表(範本).pdf","研究教育","（無）","UNKNOWN","未標示年份","","研究論文／文獻","資訊安全與個人資料","臨床研究與人體試驗；圖書、教育與文件管理","pdf","pdf_text_layer","cf035de3f1f47bd0b8a786c230222fa0317e1a3aab51e817928a183573846d18","884345","2024-02-05T01:21:06.000Z","needs_review","0.35"
"b18656780ac90f18","4.紧密型县域医共体消毒供应中心建设与服务指南（试行）","4.紧密型县域医共体消毒供应中心建设与服务指南（试行）.pdf","18_研究教育\未標示年份\4.紧密型县域医共体消毒供应中心建设与服务指南（试行）.pdf","研究教育","（無）","UNKNOWN","未標示年份","","研究論文／文獻","感染預防與控制","臨床研究與人體試驗；圖書、教育與文件管理","pdf","pdf_text_layer","21e10a5c0531e31e0345b41393b1c7eb645356c04fe36cb2ba978646dc644121","847746","2026-06-01T01:13:00.000Z","needs_review","0.35"
"65670eb298bd5646","4临床静脉导管维护操作专家共识","4临床静脉导管维护操作专家共识.pdf","18_研究教育\未標示年份\4临床静脉导管维护操作专家共识.pdf","研究教育","（無）","UNKNOWN","2019","2019","研究論文／文獻","臨床診療與醫療技術","臨床研究與人體試驗；圖書、教育與文件管理","pdf","pdf_text_layer","b831391496e0f38319b6f103bfcc272484897cf5b28ebcf300c401d6e74f8e5e","1175174","2024-08-19T01:19:42.000Z","needs_review","0.35"
"4e27a6076ad935d5","个案管理师在鼻咽癌患者全病程个案管理中的临床实践效果","个案管理师在鼻咽癌患者全病程个案管理中的临床实践效果.pdf","18_研究教育\未標示年份\个案管理师在鼻咽癌患者全病程个案管理中的临床实践效果.pdf","研究教育","（無）","UNKNOWN","未標示年份","","研究論文／文獻","臨床診療與醫療技術","臨床研究與人體試驗；圖書、教育與文件管理","pdf","pdf_needs_ocr","1bc52a7bb326f4e53ff8b0303b0cade2ed0a826a2bd26bcb505551739e01e0f3","1244074","2025-06-03T04:40:34.000Z","needs_review","0.35"
"a5fdf280162f5e0f","个案管理师国内外发展现状及展望","个案管理师国内外发展现状及展望.pdf","18_研究教育\未標示年份\个案管理师国内外发展现状及展望.pdf","研究教育","（無）","UNKNOWN","未標示年份","","研究論文／文獻","臨床研究與人體試驗","圖書、教育與文件管理","pdf","pdf_needs_ocr","b4016503957ba1d502742f82725ab0ed14ad728e0d488c9d27312c74d1be28ce","1648718","2025-06-03T04:39:12.000Z","needs_review","0.35"
"8a2f796bbfa187b7","大阴唇丰隆术专家共识","大阴唇丰隆术专家共识.pdf","18_研究教育\未標示年份\大阴唇丰隆术专家共识.pdf","研究教育","（無）","UNKNOWN","未標示年份","","研究論文／文獻","臨床研究與人體試驗","圖書、教育與文件管理","pdf","pdf_needs_ocr","916f58de525f66df5427cc0ca28c0d814847cbe44ba580c47e00b5444caeabfc","5383285","2025-04-02T05:38:08.000Z","needs_review","0.35"
"ad61a50f629c0592","公立医院内部安全秩序管理模式探索","公立医院内部安全秩序管理模式探索.pdf","18_研究教育\未標示年份\公立医院内部安全秩序管理模式探索.pdf","研究教育","（無）","UNKNOWN","2025","2025；2023；2022；2021","研究論文／文獻","臨床研究與人體試驗","圖書、教育與文件管理","pdf","pdf_text_layer","da6a6408c3c8267ba382c80883edd265a2acdfd65af30ae2c694f65bc25acc7a","1682685","2026-04-08T07:47:50.000Z","needs_review","0.35"
"aa2d305d7955b733","公立医院内部安全秩序管理模式探索（2）","公立医院内部安全秩序管理模式探索（2）.pdf","18_研究教育\未標示年份\公立医院内部安全秩序管理模式探索（2）.pdf","研究教育","（無）","UNKNOWN","2025","2025；2023；2022；2021","研究論文／文獻","臨床研究與人體試驗","圖書、教育與文件管理","pdf","pdf_text_layer","da6a6408c3c8267ba382c80883edd265a2acdfd65af30ae2c694f65bc25acc7a","1682685","2026-04-08T07:47:50.000Z","needs_review","0.35"
"42b48c433318a020","对口帮扶县医院医疗服务能力","对口帮扶县医院医疗服务能力.pdf","18_研究教育\未標示年份\对口帮扶县医院医疗服务能力.pdf","研究教育","（無）","UNKNOWN","未標示年份","","研究論文／文獻","臨床研究與人體試驗","圖書、教育與文件管理","pdf","pdf_text_layer","ea366ac98975d04fb6a60b2af484e9910d5129a02858597073abce632bcfa13a","113536","2024-07-30T11:04:32.000Z","needs_review","0.35"
"b8e13bb5fbbfb3a5","左西孟旦治疗急性心衰临床应用专家共识","左西孟旦治疗急性心衰临床应用专家共识.pdf","18_研究教育\未標示年份\左西孟旦治疗急性心衰临床应用专家共识.pdf","研究教育","（無）","UNKNOWN","未標示年份","","研究論文／文獻","臨床診療與醫療技術","臨床研究與人體試驗；圖書、教育與文件管理","pdf","pdf_text_layer","08e17b4919341b85631290d73e165103ecfd17722d2ea546b24a351b6d614078","965728","2025-04-02T05:40:50.000Z","needs_review","0.35"
"736b410096f105f5","市场监管总局国家卫生健康委《医疗广告认定指南》 - 副本","市场监管总局国家卫生健康委《医疗广告认定指南》 - 副本.pdf","18_研究教育\未標示年份\市场监管总局国家卫生健康委《医疗广告认定指南》 - 副本.pdf","研究教育","（無）","UNKNOWN","未標示年份","","研究論文／文獻","醫療治理與依法執業","臨床研究與人體試驗；圖書、教育與文件管理","pdf","pdf_needs_ocr","0ae696a441ad1bf2dd037c522a3b8accddc1c7e2ab508edc30e1e8da8c35b0e0","868288","2025-11-02T12:01:04.000Z","needs_review","0.35"
"87bf3a9150f1018f","市场监管总局国家卫生健康委《医疗广告认定指南》","市场监管总局国家卫生健康委《医疗广告认定指南》.pdf","18_研究教育\未標示年份\市场监管总局国家卫生健康委《医疗广告认定指南》.pdf","研究教育","（無）","UNKNOWN","未標示年份","","研究論文／文獻","醫療治理與依法執業","臨床研究與人體試驗；圖書、教育與文件管理","pdf","pdf_needs_ocr","0ae696a441ad1bf2dd037c522a3b8accddc1c7e2ab508edc30e1e8da8c35b0e0","868288","2025-11-02T12:01:04.000Z","needs_review","0.35"
"59e77a5f2ec4be6a","生產安全事故演練指南","生產安全事故演練指南.pdf","18_研究教育\未標示年份\生產安全事故演練指南.pdf","研究教育","（無）","UNKNOWN","未標示年份","","研究論文／文獻","臨床研究與人體試驗","圖書、教育與文件管理","pdf","pdf_text_layer","59d59ed57c16c2860da724c49d24804767953c936e98cb1f1bc6bfd8d8e9211c","806445","2022-08-15T08:31:32.000Z","needs_review","0.35"
"00aca9f6aef87d9a","全面腹部超声检查对急腹症诊断的漏诊误诊发生率影响分析","全面腹部超声检查对急腹症诊断的漏诊误诊发生率影响分析.pdf","18_研究教育\未標示年份\全面腹部超声检查对急腹症诊断的漏诊误诊发生率影响分析.pdf","研究教育","（無）","UNKNOWN","未標示年份","","研究論文／文獻","臨床研究與人體試驗","圖書、教育與文件管理","pdf","pdf_text_layer","d28112213cc95928b78b6f29abe796f0c7836ff513b72e939cbdb45d9b55fd4e","2050214","2022-07-06T10:39:52.000Z","needs_review","0.35"
"7745986dc587a97a","关于印发医养结合机构管理指南（试行）的通知","关于印发医养结合机构管理指南（试行）的通知.pdf","18_研究教育\未標示年份\关于印发医养结合机构管理指南（试行）的通知.pdf","研究教育","（無）","UNKNOWN","未標示年份","","研究論文／文獻","臨床研究與人體試驗","圖書、教育與文件管理","pdf","pdf_text_layer","b07e163d39e38006ae237404301384f77ac446fe6d58b312f56bdac83c29e86c","2034269","2022-06-04T07:30:06.000Z","needs_review","0.35"
"a9982a8fe8b8a1e3","医疗卫生机构开展研究者发起的临床研究管理办法","医疗卫生机构开展研究者发起的临床研究管理办法.pdf","18_研究教育\未標示年份\医疗卫生机构开展研究者发起的临床研究管理办法.pdf","研究教育","（無）","UNKNOWN","未標示年份","","研究論文／文獻","臨床診療與醫療技術","臨床研究與人體試驗；圖書、教育與文件管理","pdf","pdf_text_layer","9ae38ee04c25e950599c59a414e559d173564995f26766bd1844d816cc0960ae","247080","2023-03-01T09:12:34.000Z","needs_review","0.35"
"7b2b95efcf097d11","医院安防视频监控系统建设研究","医院安防视频监控系统建设研究.pdf","18_研究教育\未標示年份\医院安防视频监控系统建设研究.pdf","研究教育","（無）","UNKNOWN","未標示年份","","研究論文／文獻","臨床研究與人體試驗","圖書、教育與文件管理","pdf","pdf_text_layer","b6c0b0ebf21eafa18939193e108dd9f704f6e53112eaba3c20fd3d26ff2032a6","2122577","2026-04-08T07:47:54.000Z","needs_review","0.35"
"1f2670518dbdc0e6","医院安防视频监控系统建设研究（2）","医院安防视频监控系统建设研究（2）.pdf","18_研究教育\未標示年份\医院安防视频监控系统建设研究（2）.pdf","研究教育","（無）","UNKNOWN","未標示年份","","研究論文／文獻","臨床研究與人體試驗","圖書、教育與文件管理","pdf","pdf_text_layer","b6c0b0ebf21eafa18939193e108dd9f704f6e53112eaba3c20fd3d26ff2032a6","2122577","2026-04-08T07:47:54.000Z","needs_review","0.35"
"5754c97b5a9aca70","医院安保人力资源配置研究与实践","医院安保人力资源配置研究与实践 (1).pdf","18_研究教育\未標示年份\医院安保人力资源配置研究与实践 (1).pdf","研究教育","（無）","UNKNOWN","未標示年份","","研究論文／文獻","臨床研究與人體試驗","圖書、教育與文件管理","pdf","pdf_needs_ocr","39efb9f1c0168af5d422c0af2898b64ba68f01564e5ac5b157e7fd2d55e1615b","1280234","2026-04-08T03:43:32.000Z","needs_review","0.35"
"be2ae9234a3ffc05","医院安保人力资源配置研究与实践 (1)（2）","医院安保人力资源配置研究与实践 (1)（2）.pdf","18_研究教育\未標示年份\医院安保人力资源配置研究与实践 (1)（2）.pdf","研究教育","（無）","UNKNOWN","未標示年份","","研究論文／文獻","臨床研究與人體試驗","圖書、教育與文件管理","pdf","pdf_needs_ocr","39efb9f1c0168af5d422c0af2898b64ba68f01564e5ac5b157e7fd2d55e1615b","1280234","2026-04-08T03:43:32.000Z","needs_review","0.35"
"b4487142fe6537d7","医院安保人力资源配置研究与实践","医院安保人力资源配置研究与实践.pdf","18_研究教育\未標示年份\医院安保人力资源配置研究与实践.pdf","研究教育","（無）","UNKNOWN","未標示年份","","研究論文／文獻","臨床研究與人體試驗","圖書、教育與文件管理","pdf","pdf_needs_ocr","39efb9f1c0168af5d422c0af2898b64ba68f01564e5ac5b157e7fd2d55e1615b","1280234","2026-04-08T01:54:46.000Z","needs_review","0.35"
"c231d8692a126f49","医院安保人力资源配置研究与实践（2）","医院安保人力资源配置研究与实践（2）.pdf","18_研究教育\未標示年份\医院安保人力资源配置研究与实践（2）.pdf","研究教育","（無）","UNKNOWN","未標示年份","","研究論文／文獻","臨床研究與人體試驗","圖書、教育與文件管理","pdf","pdf_needs_ocr","39efb9f1c0168af5d422c0af2898b64ba68f01564e5ac5b157e7fd2d55e1615b","1280234","2026-04-08T01:54:46.000Z","needs_review","0.35"
"6f16212a568d42b0","县医院各科室设置情况","县医院各科室设置情况.pdf","18_研究教育\未標示年份\县医院各科室设置情况.pdf","研究教育","（無）","UNKNOWN","未標示年份","","研究論文／文獻","臨床研究與人體試驗","圖書、教育與文件管理","pdf","pdf_text_layer","4c1349867e07c8b089167e3a49aea385212458114a1edada237f310cb7a7ddd7","99399","2024-07-30T11:05:10.000Z","needs_review","0.35"
"c588d03a3e5b7716","县医院各科室服务能力符合情况","县医院各科室服务能力符合情况.pdf","18_研究教育\未標示年份\县医院各科室服务能力符合情况.pdf","研究教育","（無）","UNKNOWN","未標示年份","","研究論文／文獻","臨床研究與人體試驗","圖書、教育與文件管理","pdf","pdf_text_layer","9006e454f7ed51dd443d25a1494a1fe0475f01abe963b5fa8c75a16766a9b552","112475","2024-07-30T11:04:48.000Z","needs_review","0.35"
"d9c249907981d29e","县医院医疗服务能力基本标准符合情况","县医院医疗服务能力基本标准符合情况.pdf","18_研究教育\未標示年份\县医院医疗服务能力基本标准符合情况.pdf","研究教育","（無）","UNKNOWN","未標示年份","","研究論文／文獻","臨床研究與人體試驗","圖書、教育與文件管理","pdf","pdf_text_layer","e1c03b291dbda579846e76ca9c596bcb735190c89127e12d1140083f1c4d3e0d","87700","2024-07-30T11:03:48.000Z","needs_review","0.35"
"c458b7c442d9a84a","县医院医疗服务能力推荐标准符合情况","县医院医疗服务能力推荐标准符合情况.pdf","18_研究教育\未標示年份\县医院医疗服务能力推荐标准符合情况.pdf","研究教育","（無）","UNKNOWN","未標示年份","","研究論文／文獻","臨床研究與人體試驗","圖書、教育與文件管理","pdf","pdf_text_layer","0a921ac1bbdf1de255eefc780f2a0e9d730f1a9a586a27a0eed373c999d9f914","87989","2024-07-30T11:04:02.000Z","needs_review","0.35"
"c10262f07af19c5e","抗凝剂皮下注射技术临床实践指南","抗凝剂皮下注射技术临床实践指南.pdf","18_研究教育\未標示年份\抗凝剂皮下注射技术临床实践指南.pdf","研究教育","（無）","UNKNOWN","未標示年份","","研究論文／文獻","臨床診療與醫療技術","臨床研究與人體試驗；圖書、教育與文件管理","pdf","pdf_needs_ocr","8f9164535a63ba355ac52f03c76e0661b89e97a05ac6c78cff54b153414f3e91","2498168","2025-09-12T11:10:14.000Z","needs_review","0.35"
"d7040f1ccfe24f8e","炎症性肠病营养治疗专家共识（第三版）","炎症性肠病营养治疗专家共识（第三版）.pdf","18_研究教育\未標示年份\炎症性肠病营养治疗专家共识（第三版）.pdf","研究教育","（無）","UNKNOWN","未標示年份","","研究論文／文獻","臨床診療與醫療技術","臨床研究與人體試驗；圖書、教育與文件管理","pdf","pdf_needs_ocr","8000f3ec9a8e9b2d7b4ecf929108cce00c55adbe40ef8cb42dfd97ea6e4dcd60","2930878","2025-06-03T03:57:02.000Z","needs_review","0.35"
"c205641e110cd601","附件1临床研究标准","附件1临床研究标准.pdf","18_研究教育\未標示年份\附件1临床研究标准.pdf","研究教育","（無）","UNKNOWN","未標示年份","","研究論文／文獻","臨床診療與醫療技術","臨床研究與人體試驗；圖書、教育與文件管理","pdf","pdf_text_layer","bc98beb131ed7b28b87198fb75897a1b9d699ad0540c035d7348f0fa793db0b6","893033","2022-06-20T03:59:40.000Z","needs_review","0.35"
"b32b7c6eea030ee2","附件6住院患者健康教育标准","附件6住院患者健康教育标准 (1).pdf","18_研究教育\未標示年份\附件6住院患者健康教育标准 (1).pdf","研究教育","（無）","UNKNOWN","未標示年份","","研究論文／文獻","臨床研究與人體試驗","圖書、教育與文件管理","pdf","pdf_text_layer","6f0224d1889cc51e537b1e2376db95fb0298b68c6242f6be9e5ebe5bdbecdaee","669535","2022-07-19T02:48:28.000Z","needs_review","0.35"
"e8a607221d913d6c","附件6住院患者健康教育标准","附件6住院患者健康教育标准.pdf","18_研究教育\未標示年份\附件6住院患者健康教育标准.pdf","研究教育","（無）","UNKNOWN","未標示年份","","研究論文／文獻","臨床研究與人體試驗","圖書、教育與文件管理","pdf","pdf_text_layer","6f0224d1889cc51e537b1e2376db95fb0298b68c6242f6be9e5ebe5bdbecdaee","669535","2022-06-20T03:58:56.000Z","needs_review","0.35"
"3b94c3602513a7b1","附件八、112年度人體研究倫理審查委員會暨受試者保護查核作業自評資料表-未經定期查核通過之審查會適用版","附件八、112年度人體研究倫理審查委員會暨受試者保護查核作業自評資料表-未經定期查核通過之審查會適用版.pdf","18_研究教育\未標示年份\附件八、112年度人體研究倫理審查委員會暨受試者保護查核作業自評資料表-未經定期查核通過之審查會適用版.pdf","研究教育","（無）","UNKNOWN","未標示年份","","研究論文／文獻","資訊安全與個人資料","臨床研究與人體試驗；圖書、教育與文件管理","pdf","pdf_text_layer","d70371997b53862041157b67f387e778c468395c11ba32b919502b25934cf26f","1040474","2024-02-05T01:19:38.000Z","needs_review","0.35"
"e34c2001df90ae81","附件六、112年度人體研究倫理審查委員會暨受試者保護查核作業自評資料表-經定期查核通過之審查會適用版","附件六、112年度人體研究倫理審查委員會暨受試者保護查核作業自評資料表-經定期查核通過之審查會適用版.pdf","18_研究教育\未標示年份\附件六、112年度人體研究倫理審查委員會暨受試者保護查核作業自評資料表-經定期查核通過之審查會適用版.pdf","研究教育","（無）","UNKNOWN","未標示年份","","研究論文／文獻","資訊安全與個人資料","臨床研究與人體試驗；圖書、教育與文件管理","pdf","pdf_text_layer","4d9f100f0997a00b22e6a4fb722a57b8bd91192fff8bc24c60719bb03d5fd6de","1168881","2024-02-05T01:19:38.000Z","needs_review","0.35"
"6bef7fffb38614b6","附件四、112年度人體研究倫理審查委員會暨受試者保護查核基準與評分說明","附件四、112年度人體研究倫理審查委員會暨受試者保護查核基準與評分說明.pdf","18_研究教育\未標示年份\附件四、112年度人體研究倫理審查委員會暨受試者保護查核基準與評分說明.pdf","研究教育","（無）","UNKNOWN","未標示年份","","研究論文／文獻","臨床研究與人體試驗","圖書、教育與文件管理","pdf","pdf_text_layer","ba5b1fcd59fb86d1cfd76fae367cfd9686ae36e4cbb364e914eb6bef62db8bee","710057","2024-02-05T01:19:40.000Z","needs_review","0.35"
"27439529aa95e8d8","临床脑电图技术操作指南","临床脑电图技术操作指南.pdf","18_研究教育\未標示年份\临床脑电图技术操作指南.pdf","研究教育","（無）","UNKNOWN","未標示年份","","研究論文／文獻","臨床診療與醫療技術","臨床研究與人體試驗；圖書、教育與文件管理","pdf","pdf_text_layer","68a9d87e194b6d17bd7d8685469194ad16e5cd06d268b35321818394af1e55a2","3682008","2022-07-19T09:40:12.000Z","needs_review","0.35"
"95789216abbbc6a2","复杂剖宫产手术规范化诊疗培训","复杂剖宫产手术规范化诊疗培训.pptx","18_研究教育\未標示年份\复杂剖宫产手术规范化诊疗培训.pptx","研究教育","（無）","UNKNOWN","2024","2024","研究論文／文獻","感染預防與控制","資訊安全與個人資料；臨床診療與醫療技術；手術、麻醉與疼痛管理；輸血與器官移植；生殖、婦幼與月子服務；臨床研究與人體試驗；圖書、教育與文件管理","pptx","office_xml","554bda2e1f6f1ea7495748e02f82821f4255ee03a8fa5248c3ca4b52ceb7e451","21518949","2025-06-30T12:45:06.000Z","needs_review","0.35"
"128d563f7cf1818c","复杂剖宫产手术规范化培训","复杂剖宫产手术规范化培训.pptx","18_研究教育\未標示年份\复杂剖宫产手术规范化培训.pptx","研究教育","（無）","UNKNOWN","未標示年份","","研究論文／文獻","醫療人員與執業管理","感染預防與控制；臨床診療與醫療技術；手術、麻醉與疼痛管理；急診與緊急醫療；輸血與器官移植；生殖、婦幼與月子服務；臨床研究與人體試驗；醫療器材與設備；消防、治安與應急管理；圖書、教育與文件管理","pptx","office_xml","56b9b17a090d636ce2a98684105f59205a198d91eb1dad0beb9c069553406cc8","33096316","2025-06-30T02:18:14.000Z","needs_review","0.35"
"3c7ce6ae8b3b9c1d","视频安防监控系统工程设计规范（GB50395","视频安防监控系统工程设计规范（GB50395.pdf","18_研究教育\未標示年份\视频安防监控系统工程设计规范（GB50395.pdf","研究教育","（無）","UNKNOWN","未標示年份","","研究論文／文獻","臨床研究與人體試驗","圖書、教育與文件管理","pdf","pdf_text_layer","826e65b97744fba681cdd063351d0543a6885c090de94fab64f83a55b16f182f","592280","2022-07-06T14:37:16.000Z","needs_review","0.35"
"2f8757014205b0fe","视频安防监控系统工程设计规范（GB50395（2）","视频安防监控系统工程设计规范（GB50395（2）.pdf","18_研究教育\未標示年份\视频安防监控系统工程设计规范（GB50395（2）.pdf","研究教育","（無）","UNKNOWN","未標示年份","","研究論文／文獻","臨床研究與人體試驗","圖書、教育與文件管理","pdf","pdf_text_layer","826e65b97744fba681cdd063351d0543a6885c090de94fab64f83a55b16f182f","592280","2022-07-06T14:37:16.000Z","needs_review","0.35"
"5bc47f93b463fcc9","胎儿脐带绕颈的超声诊断准确率探讨及其误漏诊原因分析","胎儿脐带绕颈的超声诊断准确率探讨及其误漏诊原因分析.pdf","18_研究教育\未標示年份\胎儿脐带绕颈的超声诊断准确率探讨及其误漏诊原因分析.pdf","研究教育","（無）","UNKNOWN","未標示年份","","研究論文／文獻","臨床研究與人體試驗","圖書、教育與文件管理","pdf","pdf_text_layer","115c5b49fddad1ae4f3f45399dc760947f3e2ec37a4a1996e0437d708e797dbe","127582","2022-07-06T10:39:54.000Z","needs_review","0.35"
"e1aa678fe992555a","胚胎植入前遗传学诊断筛查技术专家共识","胚胎植入前遗传学诊断筛查技术专家共识.doc","18_研究教育\未標示年份\胚胎植入前遗传学诊断筛查技术专家共识.doc","研究教育","（無）","UNKNOWN","未標示年份","","研究論文／文獻","臨床研究與人體試驗","圖書、教育與文件管理","doc","filename_only","e63243ae28189a64e1abcf0d2627a9662a98686032d12def8a838cc9dd776b1d","46632","2023-10-09T05:56:34.000Z","needs_review","0.35"
"c4f5649f41a01002","家庭病床服务指南（试行）","家庭病床服务指南（试行）.pdf","18_研究教育\未標示年份\家庭病床服务指南（试行）.pdf","研究教育","（無）","UNKNOWN","未標示年份","","研究論文／文獻","臨床研究與人體試驗","圖書、教育與文件管理","pdf","pdf_needs_ocr","49e15baa8e5dea10cabf872443a6888d10bdcab84044535228b152541e6f33fd","2130850","2026-05-25T04:25:00.000Z","needs_review","0.35"
"a62ca5aecb668344","家庭病床服务指南（试行）（2）","家庭病床服务指南（试行）（2）.pdf","18_研究教育\未標示年份\家庭病床服务指南（试行）（2）.pdf","研究教育","（無）","UNKNOWN","未標示年份","","研究論文／文獻","臨床研究與人體試驗","圖書、教育與文件管理","pdf","pdf_needs_ocr","49e15baa8e5dea10cabf872443a6888d10bdcab84044535228b152541e6f33fd","2130850","2026-05-25T04:25:00.000Z","needs_review","0.35"
"ca23d5d6819298b3","健康促進研究與實務","健康促進研究與實務.pdf","18_研究教育\未標示年份\健康促進研究與實務.pdf","研究教育","（無）","UNKNOWN","2024","2024；2012","研究論文／文獻","臨床研究與人體試驗","圖書、教育與文件管理","pdf","pdf_text_layer","8ae7f06f32df9e2e3db4a71008827a92570c84b5410eb58cfd314718a99052ce","13884140","2026-03-27T06:04:22.000Z","needs_review","0.35"
"f6837781dd8eecb8","基于临床实践能力提升的可视化远程查房与质控管理专家共识","基于临床实践能力提升的可视化远程查房与质控管理专家共识.pdf","18_研究教育\未標示年份\基于临床实践能力提升的可视化远程查房与质控管理专家共识.pdf","研究教育","（無）","UNKNOWN","未標示年份","","研究論文／文獻","醫院評鑑與醫療品質","臨床診療與醫療技術；臨床研究與人體試驗；圖書、教育與文件管理","pdf","pdf_needs_ocr","07535c9f7c53d17c9cf073b38814a1bf44cdf6ab5766b04e542440cb7f3bbf90","1703030","2026-04-05T14:25:02.000Z","needs_review","0.35"
"2a882acf00a4bbb1","基于临床实践能力提升的可视化远程查房与质控管理专家共识（2）","基于临床实践能力提升的可视化远程查房与质控管理专家共识（2）.pdf","18_研究教育\未標示年份\基于临床实践能力提升的可视化远程查房与质控管理专家共识（2）.pdf","研究教育","（無）","UNKNOWN","未標示年份","","研究論文／文獻","醫院評鑑與醫療品質","臨床診療與醫療技術；臨床研究與人體試驗；圖書、教育與文件管理","pdf","pdf_needs_ocr","07535c9f7c53d17c9cf073b38814a1bf44cdf6ab5766b04e542440cb7f3bbf90","1703030","2026-04-05T14:25:02.000Z","needs_review","0.35"
"eedc7c982ee068f2","基于循证证据谈我国产科的现状与发展","基于循证证据谈我国产科的现状与发展.pdf","18_研究教育\未標示年份\基于循证证据谈我国产科的现状与发展.pdf","研究教育","（無）","UNKNOWN","未標示年份","","研究論文／文獻","生殖、婦幼與月子服務","臨床研究與人體試驗；圖書、教育與文件管理","pdf","pdf_needs_ocr","4c75c98f65bf2794e743354b4ea3e0d93e66841932c6ea9e791def2935dfb00f","1219090","2024-08-24T06:30:22.000Z","needs_review","0.35"
"604e0c7527690d4c","基层血液透析室（中心）建设与服务指南（试行）-20260520173355165","基层血液透析室（中心）建设与服务指南（试行）-20260520173355165.pdf","18_研究教育\未標示年份\基层血液透析室（中心）建设与服务指南（试行）-20260520173355165.pdf","研究教育","（無）","UNKNOWN","2026","2026；2017","研究論文／文獻","臨床研究與人體試驗","圖書、教育與文件管理","pdf","pdf_text_layer","4b9c42ce8ffdbc271236ab1072db715a17e3468c4a7d34ad60c6c679fb04c5c8","7401934","2026-05-25T04:23:40.000Z","needs_review","0.35"
"ae2647df10b1889e","基层医院超声科医师误诊漏诊原因分析","基层医院超声科医师误诊漏诊原因分析.pdf","18_研究教育\未標示年份\基层医院超声科医师误诊漏诊原因分析.pdf","研究教育","（無）","UNKNOWN","未標示年份","","研究論文／文獻","醫療人員與執業管理","臨床研究與人體試驗；圖書、教育與文件管理","pdf","pdf_text_layer","cee0d153bb3c5f2d628e8deb99c6c4c3e387a034ac3d79acc975f51094592d03","79314","2022-07-06T11:00:06.000Z","needs_review","0.35"
"85928a6786d54d6a","基层医院超声科医师误诊漏诊原因分析及对策探讨","基层医院超声科医师误诊漏诊原因分析及对策探讨.pdf","18_研究教育\未標示年份\基层医院超声科医师误诊漏诊原因分析及对策探讨.pdf","研究教育","（無）","UNKNOWN","未標示年份","","研究論文／文獻","醫療人員與執業管理","臨床研究與人體試驗；圖書、教育與文件管理","pdf","pdf_needs_ocr","d052108c84a7697f1e5065437006159e6e7cd38862439394ca6403cdc00ed5f5","1743495","2022-07-06T11:00:54.000Z","needs_review","0.35"
"24f5a8123afaedbf","超声检查诊断子宫内膜病变的符合率与漏诊率分析","超声检查诊断子宫内膜病变的符合率与漏诊率分析.pdf","18_研究教育\未標示年份\超声检查诊断子宫内膜病变的符合率与漏诊率分析.pdf","研究教育","（無）","UNKNOWN","未標示年份","","研究論文／文獻","臨床研究與人體試驗","圖書、教育與文件管理","pdf","pdf_needs_ocr","53ad356520d6786210f05bfd9111827f3458ae11c8acaa151659e75fdbe69eaa","1188360","2022-07-06T10:45:04.000Z","needs_review","0.35"
"dd7e867da8425bfb","新形势下社会共治保障医院安全秩序的思考","新形势下社会共治保障医院安全秩序的思考.pdf","18_研究教育\未標示年份\新形势下社会共治保障医院安全秩序的思考.pdf","研究教育","（無）","UNKNOWN","未標示年份","","研究論文／文獻","臨床研究與人體試驗","圖書、教育與文件管理","pdf","pdf_needs_ocr","0fb6a17e473d9b41b634a9b85bb6966c630ab78fb68900dc9fc88695aeaf8a6e","1357180","2026-04-08T01:53:02.000Z","needs_review","0.35"
"f678ecbb824a0e02","新形势下社会共治保障医院安全秩序的思考（2）","新形势下社会共治保障医院安全秩序的思考（2）.pdf","18_研究教育\未標示年份\新形势下社会共治保障医院安全秩序的思考（2）.pdf","研究教育","（無）","UNKNOWN","未標示年份","","研究論文／文獻","臨床研究與人體試驗","圖書、教育與文件管理","pdf","pdf_needs_ocr","0fb6a17e473d9b41b634a9b85bb6966c630ab78fb68900dc9fc88695aeaf8a6e","1357180","2026-04-08T01:53:02.000Z","needs_review","0.35"
"e5dafe93031bbd10","新职工三级安全教育卡(完整版)","新职工三级安全教育卡(完整版).docx","18_研究教育\未標示年份\新职工三级安全教育卡(完整版).docx","研究教育","（無）","UNKNOWN","未標示年份","","研究論文／文獻","急診與緊急醫療","臨床研究與人體試驗；醫療器材與設備；消防、治安與應急管理；環境、能源與醫療廢棄物；圖書、教育與文件管理","docx","office_xml","623f62c3f2e18341823ef71233d4ca52eada3e72487998d24c032698db63d17f","18138","2022-09-02T13:38:14.000Z","needs_review","0.35"
"9267f26c8b5b980a","精神科保护性约束实施及解除专家共识","精神科保护性约束实施及解除专家共识.pdf","18_研究教育\未標示年份\精神科保护性约束实施及解除专家共识.pdf","研究教育","（無）","UNKNOWN","2022","2022","研究論文／文獻","臨床研究與人體試驗","圖書、教育與文件管理","pdf","pdf_text_layer","5967eff4f6c90ecd4d9f164560a7bf57f5333f7e101343d0d1446378eab0e837","759307","2025-07-21T03:35:24.000Z","needs_review","0.35"
"5466b2fcad5ca6f8","静脉血液标本采集指南","静脉血液标本采集指南.pdf","18_研究教育\未標示年份\静脉血液标本采集指南.pdf","研究教育","（無）","UNKNOWN","未標示年份","","研究論文／文獻","臨床研究與人體試驗","圖書、教育與文件管理","pdf","pdf_text_layer","906c42b3560122b37e199089532eba36d96145c4a902abb8ac15edaad57f3c11","362825","2022-08-26T08:36:44.000Z","needs_review","0.35"
"b05b69041ed8f464","鼻咽癌放疗患者个案管理的研究进展","鼻咽癌放疗患者个案管理的研究进展.pdf","18_研究教育\未標示年份\鼻咽癌放疗患者个案管理的研究进展.pdf","研究教育","（無）","UNKNOWN","未標示年份","","研究論文／文獻","臨床研究與人體試驗","圖書、教育與文件管理","pdf","pdf_needs_ocr","4d93c6917d810d2ae30e23da45cd91d8b42ba75059baa9c5b1f43a7b24aa4cfc","1350766","2025-06-03T04:39:36.000Z","needs_review","0.35"
"22fb41f8b26ca688","PDCA循环提高脓毒症患者集束化治疗完成率的效果研究","PDCA循环提高脓毒症患者集束化治疗完成率的效果研究.pdf","18_研究教育\未標示年份\PDCA循环提高脓毒症患者集束化治疗完成率的效果研究.pdf","研究教育","（無）","UNKNOWN","未標示年份","","研究論文／文獻","臨床診療與醫療技術","臨床研究與人體試驗；圖書、教育與文件管理","pdf","pdf_needs_ocr","b88759e915b0c9b0eee621105ef9d81950336f8445c3142948a0feba120061cb","1558515","2024-08-24T05:55:58.000Z","needs_review","0.35"
"146b1786f1c06361","POCT報告共識","POCT報告共識.pdf","18_研究教育\未標示年份\POCT報告共識.pdf","研究教育","（無）","UNKNOWN","未標示年份","","研究論文／文獻","臨床研究與人體試驗","圖書、教育與文件管理","pdf","pdf_needs_ocr","070aaacadff2103b11ac470ac8e996e0b979af484a602fca167e0102bb1937bb","1095990","2024-04-18T05:39:58.000Z","needs_review","0.35"
"a6b32ddfa22fbace","SPEC-01-醫療文件科別年份分層","SPEC-01-醫療文件科別年份分層.md","SPEC-01-醫療文件科別年份分層.md","待人工確認","（無）","UNKNOWN","未標示年份","","待確認或非規範文件","其他／待確認","","md","filename_only","8ca82cd639ecf7afe3c827a01dbc8eb2b79f46086d5d0f21b305f38bb9bf8f15","6668","2026-09-15T07:59:41.073Z","needs_review","0.35"